Check logs below to see if args are correct:
Name: rgb-5000-1
Iterations: 5000
RGB: true
Depth: false
RGD: false
Split Cashe: false
Path: ../../
Running tests...
Skipping tests as SKIP_TEST=true
Running training script...
Init Dataset
--DEBUGGING SPLIT_CASHE----
SPLIT_CASHE is False
Created 411 annotations for images in folder: /projects/PUCHALLA/LLP2024/tumor-segmentation/data/processed_data/rgb/train/masks
Created 88 annotations for images in folder: /projects/PUCHALLA/LLP2024/tumor-segmentation/data/processed_data/rgb/val/masks
Created 89 annotations for images in folder: /projects/PUCHALLA/LLP2024/tumor-segmentation/data/processed_data/rgb/test/masks
Created 411 annotations for images in folder: /projects/PUCHALLA/LLP2024/tumor-segmentation/data/processed_data/depth/train/masks
Created 88 annotations for images in folder: /projects/PUCHALLA/LLP2024/tumor-segmentation/data/processed_data/depth/val/masks
Created 89 annotations for images in folder: /projects/PUCHALLA/LLP2024/tumor-segmentation/data/processed_data/depth/test/masks
Created 411 annotations for images in folder: /projects/PUCHALLA/LLP2024/tumor-segmentation/data/processed_data/rgd/train/masks
Created 88 annotations for images in folder: /projects/PUCHALLA/LLP2024/tumor-segmentation/data/processed_data/rgd/val/masks
Created 89 annotations for images in folder: /projects/PUCHALLA/LLP2024/tumor-segmentation/data/processed_data/rgd/test/masks
[08/15 07:10:43 d2.data.datasets.coco]: Loaded 411 images in COCO format from /projects/PUCHALLA/LLP2024/tumor-segmentation/data/processed_data/rgb/train/images/train.json
[08/15 07:10:43 d2.data.datasets.coco]: Loaded 88 images in COCO format from /projects/PUCHALLA/LLP2024/tumor-segmentation/data/processed_data/rgb/val/images/val.json
[08/15 07:10:43 d2.data.datasets.coco]: Loaded 89 images in COCO format from /projects/PUCHALLA/LLP2024/tumor-segmentation/data/processed_data/rgb/test/images/test.json
[08/15 07:10:43 d2.engine.defaults]: Model:
GeneralizedRCNN(
  (backbone): FPN(
    (fpn_lateral2): Conv2d(256, 256, kernel_size=(1, 1), stride=(1, 1))
    (fpn_output2): Conv2d(256, 256, kernel_size=(3, 3), stride=(1, 1), padding=(1, 1))
    (fpn_lateral3): Conv2d(512, 256, kernel_size=(1, 1), stride=(1, 1))
    (fpn_output3): Conv2d(256, 256, kernel_size=(3, 3), stride=(1, 1), padding=(1, 1))
    (fpn_lateral4): Conv2d(1024, 256, kernel_size=(1, 1), stride=(1, 1))
    (fpn_output4): Conv2d(256, 256, kernel_size=(3, 3), stride=(1, 1), padding=(1, 1))
    (fpn_lateral5): Conv2d(2048, 256, kernel_size=(1, 1), stride=(1, 1))
    (fpn_output5): Conv2d(256, 256, kernel_size=(3, 3), stride=(1, 1), padding=(1, 1))
    (top_block): LastLevelMaxPool()
    (bottom_up): ResNet(
      (stem): BasicStem(
        (conv1): Conv2d(
          3, 64, kernel_size=(7, 7), stride=(2, 2), padding=(3, 3), bias=False
          (norm): FrozenBatchNorm2d(num_features=64, eps=1e-05)
        )
      )
      (res2): Sequential(
        (0): BottleneckBlock(
          (shortcut): Conv2d(
            64, 256, kernel_size=(1, 1), stride=(1, 1), bias=False
            (norm): FrozenBatchNorm2d(num_features=256, eps=1e-05)
          )
          (conv1): Conv2d(
            64, 64, kernel_size=(1, 1), stride=(1, 1), bias=False
            (norm): FrozenBatchNorm2d(num_features=64, eps=1e-05)
          )
          (conv2): Conv2d(
            64, 64, kernel_size=(3, 3), stride=(1, 1), padding=(1, 1), bias=False
            (norm): FrozenBatchNorm2d(num_features=64, eps=1e-05)
          )
          (conv3): Conv2d(
            64, 256, kernel_size=(1, 1), stride=(1, 1), bias=False
            (norm): FrozenBatchNorm2d(num_features=256, eps=1e-05)
          )
        )
        (1): BottleneckBlock(
          (conv1): Conv2d(
            256, 64, kernel_size=(1, 1), stride=(1, 1), bias=False
            (norm): FrozenBatchNorm2d(num_features=64, eps=1e-05)
          )
          (conv2): Conv2d(
            64, 64, kernel_size=(3, 3), stride=(1, 1), padding=(1, 1), bias=False
            (norm): FrozenBatchNorm2d(num_features=64, eps=1e-05)
          )
          (conv3): Conv2d(
            64, 256, kernel_size=(1, 1), stride=(1, 1), bias=False
            (norm): FrozenBatchNorm2d(num_features=256, eps=1e-05)
          )
        )
        (2): BottleneckBlock(
          (conv1): Conv2d(
            256, 64, kernel_size=(1, 1), stride=(1, 1), bias=False
            (norm): FrozenBatchNorm2d(num_features=64, eps=1e-05)
          )
          (conv2): Conv2d(
            64, 64, kernel_size=(3, 3), stride=(1, 1), padding=(1, 1), bias=False
            (norm): FrozenBatchNorm2d(num_features=64, eps=1e-05)
          )
          (conv3): Conv2d(
            64, 256, kernel_size=(1, 1), stride=(1, 1), bias=False
            (norm): FrozenBatchNorm2d(num_features=256, eps=1e-05)
          )
        )
      )
      (res3): Sequential(
        (0): BottleneckBlock(
          (shortcut): Conv2d(
            256, 512, kernel_size=(1, 1), stride=(2, 2), bias=False
            (norm): FrozenBatchNorm2d(num_features=512, eps=1e-05)
          )
          (conv1): Conv2d(
            256, 128, kernel_size=(1, 1), stride=(2, 2), bias=False
            (norm): FrozenBatchNorm2d(num_features=128, eps=1e-05)
          )
          (conv2): Conv2d(
            128, 128, kernel_size=(3, 3), stride=(1, 1), padding=(1, 1), bias=False
            (norm): FrozenBatchNorm2d(num_features=128, eps=1e-05)
          )
          (conv3): Conv2d(
            128, 512, kernel_size=(1, 1), stride=(1, 1), bias=False
            (norm): FrozenBatchNorm2d(num_features=512, eps=1e-05)
          )
        )
        (1): BottleneckBlock(
          (conv1): Conv2d(
            512, 128, kernel_size=(1, 1), stride=(1, 1), bias=False
            (norm): FrozenBatchNorm2d(num_features=128, eps=1e-05)
          )
          (conv2): Conv2d(
            128, 128, kernel_size=(3, 3), stride=(1, 1), padding=(1, 1), bias=False
            (norm): FrozenBatchNorm2d(num_features=128, eps=1e-05)
          )
          (conv3): Conv2d(
            128, 512, kernel_size=(1, 1), stride=(1, 1), bias=False
            (norm): FrozenBatchNorm2d(num_features=512, eps=1e-05)
          )
        )
        (2): BottleneckBlock(
          (conv1): Conv2d(
            512, 128, kernel_size=(1, 1), stride=(1, 1), bias=False
            (norm): FrozenBatchNorm2d(num_features=128, eps=1e-05)
          )
          (conv2): Conv2d(
            128, 128, kernel_size=(3, 3), stride=(1, 1), padding=(1, 1), bias=False
            (norm): FrozenBatchNorm2d(num_features=128, eps=1e-05)
          )
          (conv3): Conv2d(
            128, 512, kernel_size=(1, 1), stride=(1, 1), bias=False
            (norm): FrozenBatchNorm2d(num_features=512, eps=1e-05)
          )
        )
        (3): BottleneckBlock(
          (conv1): Conv2d(
            512, 128, kernel_size=(1, 1), stride=(1, 1), bias=False
            (norm): FrozenBatchNorm2d(num_features=128, eps=1e-05)
          )
          (conv2): Conv2d(
            128, 128, kernel_size=(3, 3), stride=(1, 1), padding=(1, 1), bias=False
            (norm): FrozenBatchNorm2d(num_features=128, eps=1e-05)
          )
          (conv3): Conv2d(
            128, 512, kernel_size=(1, 1), stride=(1, 1), bias=False
            (norm): FrozenBatchNorm2d(num_features=512, eps=1e-05)
          )
        )
      )
      (res4): Sequential(
        (0): BottleneckBlock(
          (shortcut): Conv2d(
            512, 1024, kernel_size=(1, 1), stride=(2, 2), bias=False
            (norm): FrozenBatchNorm2d(num_features=1024, eps=1e-05)
          )
          (conv1): Conv2d(
            512, 256, kernel_size=(1, 1), stride=(2, 2), bias=False
            (norm): FrozenBatchNorm2d(num_features=256, eps=1e-05)
          )
          (conv2): Conv2d(
            256, 256, kernel_size=(3, 3), stride=(1, 1), padding=(1, 1), bias=False
            (norm): FrozenBatchNorm2d(num_features=256, eps=1e-05)
          )
          (conv3): Conv2d(
            256, 1024, kernel_size=(1, 1), stride=(1, 1), bias=False
            (norm): FrozenBatchNorm2d(num_features=1024, eps=1e-05)
          )
        )
        (1): BottleneckBlock(
          (conv1): Conv2d(
            1024, 256, kernel_size=(1, 1), stride=(1, 1), bias=False
            (norm): FrozenBatchNorm2d(num_features=256, eps=1e-05)
          )
          (conv2): Conv2d(
            256, 256, kernel_size=(3, 3), stride=(1, 1), padding=(1, 1), bias=False
            (norm): FrozenBatchNorm2d(num_features=256, eps=1e-05)
          )
          (conv3): Conv2d(
            256, 1024, kernel_size=(1, 1), stride=(1, 1), bias=False
            (norm): FrozenBatchNorm2d(num_features=1024, eps=1e-05)
          )
        )
        (2): BottleneckBlock(
          (conv1): Conv2d(
            1024, 256, kernel_size=(1, 1), stride=(1, 1), bias=False
            (norm): FrozenBatchNorm2d(num_features=256, eps=1e-05)
          )
          (conv2): Conv2d(
            256, 256, kernel_size=(3, 3), stride=(1, 1), padding=(1, 1), bias=False
            (norm): FrozenBatchNorm2d(num_features=256, eps=1e-05)
          )
          (conv3): Conv2d(
            256, 1024, kernel_size=(1, 1), stride=(1, 1), bias=False
            (norm): FrozenBatchNorm2d(num_features=1024, eps=1e-05)
          )
        )
        (3): BottleneckBlock(
          (conv1): Conv2d(
            1024, 256, kernel_size=(1, 1), stride=(1, 1), bias=False
            (norm): FrozenBatchNorm2d(num_features=256, eps=1e-05)
          )
          (conv2): Conv2d(
            256, 256, kernel_size=(3, 3), stride=(1, 1), padding=(1, 1), bias=False
            (norm): FrozenBatchNorm2d(num_features=256, eps=1e-05)
          )
          (conv3): Conv2d(
            256, 1024, kernel_size=(1, 1), stride=(1, 1), bias=False
            (norm): FrozenBatchNorm2d(num_features=1024, eps=1e-05)
          )
        )
        (4): BottleneckBlock(
          (conv1): Conv2d(
            1024, 256, kernel_size=(1, 1), stride=(1, 1), bias=False
            (norm): FrozenBatchNorm2d(num_features=256, eps=1e-05)
          )
          (conv2): Conv2d(
            256, 256, kernel_size=(3, 3), stride=(1, 1), padding=(1, 1), bias=False
            (norm): FrozenBatchNorm2d(num_features=256, eps=1e-05)
          )
          (conv3): Conv2d(
            256, 1024, kernel_size=(1, 1), stride=(1, 1), bias=False
            (norm): FrozenBatchNorm2d(num_features=1024, eps=1e-05)
          )
        )
        (5): BottleneckBlock(
          (conv1): Conv2d(
            1024, 256, kernel_size=(1, 1), stride=(1, 1), bias=False
            (norm): FrozenBatchNorm2d(num_features=256, eps=1e-05)
          )
          (conv2): Conv2d(
            256, 256, kernel_size=(3, 3), stride=(1, 1), padding=(1, 1), bias=False
            (norm): FrozenBatchNorm2d(num_features=256, eps=1e-05)
          )
          (conv3): Conv2d(
            256, 1024, kernel_size=(1, 1), stride=(1, 1), bias=False
            (norm): FrozenBatchNorm2d(num_features=1024, eps=1e-05)
          )
        )
      )
      (res5): Sequential(
        (0): BottleneckBlock(
          (shortcut): Conv2d(
            1024, 2048, kernel_size=(1, 1), stride=(2, 2), bias=False
            (norm): FrozenBatchNorm2d(num_features=2048, eps=1e-05)
          )
          (conv1): Conv2d(
            1024, 512, kernel_size=(1, 1), stride=(2, 2), bias=False
            (norm): FrozenBatchNorm2d(num_features=512, eps=1e-05)
          )
          (conv2): Conv2d(
            512, 512, kernel_size=(3, 3), stride=(1, 1), padding=(1, 1), bias=False
            (norm): FrozenBatchNorm2d(num_features=512, eps=1e-05)
          )
          (conv3): Conv2d(
            512, 2048, kernel_size=(1, 1), stride=(1, 1), bias=False
            (norm): FrozenBatchNorm2d(num_features=2048, eps=1e-05)
          )
        )
        (1): BottleneckBlock(
          (conv1): Conv2d(
            2048, 512, kernel_size=(1, 1), stride=(1, 1), bias=False
            (norm): FrozenBatchNorm2d(num_features=512, eps=1e-05)
          )
          (conv2): Conv2d(
            512, 512, kernel_size=(3, 3), stride=(1, 1), padding=(1, 1), bias=False
            (norm): FrozenBatchNorm2d(num_features=512, eps=1e-05)
          )
          (conv3): Conv2d(
            512, 2048, kernel_size=(1, 1), stride=(1, 1), bias=False
            (norm): FrozenBatchNorm2d(num_features=2048, eps=1e-05)
          )
        )
        (2): BottleneckBlock(
          (conv1): Conv2d(
            2048, 512, kernel_size=(1, 1), stride=(1, 1), bias=False
            (norm): FrozenBatchNorm2d(num_features=512, eps=1e-05)
          )
          (conv2): Conv2d(
            512, 512, kernel_size=(3, 3), stride=(1, 1), padding=(1, 1), bias=False
            (norm): FrozenBatchNorm2d(num_features=512, eps=1e-05)
          )
          (conv3): Conv2d(
            512, 2048, kernel_size=(1, 1), stride=(1, 1), bias=False
            (norm): FrozenBatchNorm2d(num_features=2048, eps=1e-05)
          )
        )
      )
    )
  )
  (proposal_generator): RPN(
    (rpn_head): StandardRPNHead(
      (conv): Conv2d(
        256, 256, kernel_size=(3, 3), stride=(1, 1), padding=(1, 1)
        (activation): ReLU()
      )
      (objectness_logits): Conv2d(256, 3, kernel_size=(1, 1), stride=(1, 1))
      (anchor_deltas): Conv2d(256, 12, kernel_size=(1, 1), stride=(1, 1))
    )
    (anchor_generator): DefaultAnchorGenerator(
      (cell_anchors): BufferList()
    )
  )
  (roi_heads): StandardROIHeads(
    (box_pooler): ROIPooler(
      (level_poolers): ModuleList(
        (0): ROIAlign(output_size=(7, 7), spatial_scale=0.25, sampling_ratio=0, aligned=True)
        (1): ROIAlign(output_size=(7, 7), spatial_scale=0.125, sampling_ratio=0, aligned=True)
        (2): ROIAlign(output_size=(7, 7), spatial_scale=0.0625, sampling_ratio=0, aligned=True)
        (3): ROIAlign(output_size=(7, 7), spatial_scale=0.03125, sampling_ratio=0, aligned=True)
      )
    )
    (box_head): FastRCNNConvFCHead(
      (flatten): Flatten(start_dim=1, end_dim=-1)
      (fc1): Linear(in_features=12544, out_features=1024, bias=True)
      (fc_relu1): ReLU()
      (fc2): Linear(in_features=1024, out_features=1024, bias=True)
      (fc_relu2): ReLU()
    )
    (box_predictor): FastRCNNOutputLayers(
      (cls_score): Linear(in_features=1024, out_features=2, bias=True)
      (bbox_pred): Linear(in_features=1024, out_features=4, bias=True)
    )
    (mask_pooler): ROIPooler(
      (level_poolers): ModuleList(
        (0): ROIAlign(output_size=(14, 14), spatial_scale=0.25, sampling_ratio=0, aligned=True)
        (1): ROIAlign(output_size=(14, 14), spatial_scale=0.125, sampling_ratio=0, aligned=True)
        (2): ROIAlign(output_size=(14, 14), spatial_scale=0.0625, sampling_ratio=0, aligned=True)
        (3): ROIAlign(output_size=(14, 14), spatial_scale=0.03125, sampling_ratio=0, aligned=True)
      )
    )
    (mask_head): MaskRCNNConvUpsampleHead(
      (mask_fcn1): Conv2d(
        256, 256, kernel_size=(3, 3), stride=(1, 1), padding=(1, 1)
        (activation): ReLU()
      )
      (mask_fcn2): Conv2d(
        256, 256, kernel_size=(3, 3), stride=(1, 1), padding=(1, 1)
        (activation): ReLU()
      )
      (mask_fcn3): Conv2d(
        256, 256, kernel_size=(3, 3), stride=(1, 1), padding=(1, 1)
        (activation): ReLU()
      )
      (mask_fcn4): Conv2d(
        256, 256, kernel_size=(3, 3), stride=(1, 1), padding=(1, 1)
        (activation): ReLU()
      )
      (deconv): ConvTranspose2d(256, 256, kernel_size=(2, 2), stride=(2, 2))
      (deconv_relu): ReLU()
      (predictor): Conv2d(256, 1, kernel_size=(1, 1), stride=(1, 1))
    )
  )
)
[08/15 07:10:43 d2.data.dataset_mapper]: [DatasetMapper] Augmentations used in training: [ResizeShortestEdge(short_edge_length=(640, 672, 704, 736, 768, 800), max_size=1333, sample_style='choice'), RandomFlip()]
[08/15 07:10:43 d2.data.datasets.coco]: Loaded 411 images in COCO format from /projects/PUCHALLA/LLP2024/tumor-segmentation/data/processed_data/rgb/train/images/train.json
[08/15 07:10:43 d2.data.datasets.coco]: Loaded 88 images in COCO format from /projects/PUCHALLA/LLP2024/tumor-segmentation/data/processed_data/rgb/val/images/val.json
[08/15 07:10:43 d2.data.build]: Distribution of instances among all 1 categories:
|  category  | #instances   |
|:----------:|:-------------|
|   Tumor    | 499          |
|            |              |
[08/15 07:10:43 d2.data.build]: Using training sampler TrainingSampler
[08/15 07:10:43 d2.data.common]: Serializing the dataset using: <class 'detectron2.data.common._TorchSerializedList'>
[08/15 07:10:43 d2.data.common]: Serializing 499 elements to byte tensors and concatenating them all ...
[08/15 07:10:43 d2.data.common]: Serialized dataset takes 0.36 MiB
[08/15 07:10:43 d2.data.build]: Making batched data loader with batch_size=2
[08/15 07:10:43 d2.data.dataset_mapper]: [DatasetMapper] Augmentations used in inference: [ResizeShortestEdge(short_edge_length=(800, 800), max_size=1333, sample_style='choice')]
[08/15 07:10:43 d2.data.datasets.coco]: Loaded 89 images in COCO format from /projects/PUCHALLA/LLP2024/tumor-segmentation/data/processed_data/rgb/test/images/test.json
[08/15 07:10:43 d2.data.build]: Distribution of instances among all 1 categories:
|  category  | #instances   |
|:----------:|:-------------|
|   Tumor    | 89           |
|            |              |
[08/15 07:10:43 d2.data.common]: Serializing the dataset using: <class 'detectron2.data.common._TorchSerializedList'>
[08/15 07:10:43 d2.data.common]: Serializing 89 elements to byte tensors and concatenating them all ...
[08/15 07:10:43 d2.data.common]: Serialized dataset takes 0.07 MiB
[08/15 07:10:43 d2.checkpoint.detection_checkpoint]: [DetectionCheckpointer] Loading from https://dl.fbaipublicfiles.com/detectron2/COCO-InstanceSegmentation/mask_rcnn_R_50_FPN_3x/137849600/model_final_f10217.pkl ...
[08/15 07:10:45 d2.engine.train_loop]: Starting training from iteration 0
[08/15 07:10:48 d2.utils.events]:  eta: 0:06:16  iter: 19  total_loss: 1.293  loss_cls: 0.4106  loss_box_reg: 0.1701  loss_mask: 0.6809  loss_rpn_cls: 0.006771  loss_rpn_loc: 0.009447    time: 0.0865  last_time: 0.1235  data_time: 0.0132  last_data_time: 0.0018   lr: 6.0688e-05  max_mem: 1598M
[08/15 07:10:51 d2.utils.events]:  eta: 0:06:11  iter: 39  total_loss: 0.9439  loss_cls: 0.1693  loss_box_reg: 0.1473  loss_mask: 0.5995  loss_rpn_cls: 0.00428  loss_rpn_loc: 0.008049    time: 0.0801  last_time: 0.0704  data_time: 0.0019  last_data_time: 0.0019   lr: 7.1938e-05  max_mem: 1604M
[08/15 07:10:52 d2.utils.events]:  eta: 0:06:09  iter: 59  total_loss: 0.8387  loss_cls: 0.1329  loss_box_reg: 0.1568  loss_mask: 0.5588  loss_rpn_cls: 0.005602  loss_rpn_loc: 0.008275    time: 0.0777  last_time: 0.0798  data_time: 0.0019  last_data_time: 0.0019   lr: 8.3187e-05  max_mem: 1604M
[08/15 07:10:54 d2.utils.events]:  eta: 0:06:05  iter: 79  total_loss: 0.7042  loss_cls: 0.1124  loss_box_reg: 0.1786  loss_mask: 0.428  loss_rpn_cls: 0.001125  loss_rpn_loc: 0.005565    time: 0.0764  last_time: 0.0756  data_time: 0.0019  last_data_time: 0.0018   lr: 9.4438e-05  max_mem: 1604M
[08/15 07:10:55 d2.utils.events]:  eta: 0:06:02  iter: 99  total_loss: 0.6476  loss_cls: 0.09518  loss_box_reg: 0.1598  loss_mask: 0.391  loss_rpn_cls: 0.001154  loss_rpn_loc: 0.003356    time: 0.0754  last_time: 0.0750  data_time: 0.0019  last_data_time: 0.0019   lr: 0.00010569  max_mem: 1604M
[08/15 07:10:55 d2.evaluation.coco_evaluation]: Fast COCO eval is not built. Falling back to official COCO eval.
[08/15 07:10:55 d2.data.datasets.coco]: Loaded 89 images in COCO format from /projects/PUCHALLA/LLP2024/tumor-segmentation/data/processed_data/rgb/test/images/test.json
[08/15 07:10:55 d2.data.dataset_mapper]: [DatasetMapper] Augmentations used in inference: [ResizeShortestEdge(short_edge_length=(800, 800), max_size=1333, sample_style='choice')]
[08/15 07:10:55 d2.data.common]: Serializing the dataset using: <class 'detectron2.data.common._TorchSerializedList'>
[08/15 07:10:55 d2.data.common]: Serializing 89 elements to byte tensors and concatenating them all ...
[08/15 07:10:55 d2.data.common]: Serialized dataset takes 0.07 MiB
[08/15 07:10:55 d2.evaluation.evaluator]: Start inference on 89 batches
[08/15 07:10:56 d2.evaluation.evaluator]: Inference done 11/89. Dataloading: 0.0016 s/iter. Inference: 0.0183 s/iter. Eval: 0.0001 s/iter. Total: 0.0200 s/iter. ETA=0:00:01
[08/15 07:10:57 d2.evaluation.evaluator]: Total inference time: 0:00:01.752787 (0.020867 s / iter per device, on 1 devices)
[08/15 07:10:57 d2.evaluation.evaluator]: Total inference pure compute time: 0:00:01 (0.019543 s / iter per device, on 1 devices)
[08/15 07:10:57 d2.evaluation.coco_evaluation]: Preparing results for COCO format ...
[08/15 07:10:57 d2.evaluation.coco_evaluation]: Saving results to ../../../../../models/rgb-testing/rgb-5000-1/coco_instances_results.json
[08/15 07:10:57 d2.evaluation.coco_evaluation]: Evaluating predictions with official COCO API...
Loading and preparing results...
DONE (t=0.00s)
creating index...
index created!
Running per image evaluation...
Evaluate annotation type *bbox*
DONE (t=0.01s).
Accumulating evaluation results...
DONE (t=0.00s).
 Average Precision  (AP) @[ IoU=0.50:0.95 | area=   all | maxDets=100 ] = 0.096
 Average Precision  (AP) @[ IoU=0.50      | area=   all | maxDets=100 ] = 0.304
 Average Precision  (AP) @[ IoU=0.75      | area=   all | maxDets=100 ] = 0.012
 Average Precision  (AP) @[ IoU=0.50:0.95 | area= small | maxDets=100 ] = -1.000
 Average Precision  (AP) @[ IoU=0.50:0.95 | area=medium | maxDets=100 ] = 0.078
 Average Precision  (AP) @[ IoU=0.50:0.95 | area= large | maxDets=100 ] = 0.106
 Average Recall     (AR) @[ IoU=0.50:0.95 | area=   all | maxDets=  1 ] = 0.134
 Average Recall     (AR) @[ IoU=0.50:0.95 | area=   all | maxDets= 10 ] = 0.142
 Average Recall     (AR) @[ IoU=0.50:0.95 | area=   all | maxDets=100 ] = 0.142
 Average Recall     (AR) @[ IoU=0.50:0.95 | area= small | maxDets=100 ] = -1.000
 Average Recall     (AR) @[ IoU=0.50:0.95 | area=medium | maxDets=100 ] = 0.120
 Average Recall     (AR) @[ IoU=0.50:0.95 | area= large | maxDets=100 ] = 0.144
[08/15 07:10:57 d2.evaluation.coco_evaluation]: Evaluation results for bbox: 
|  AP   |  AP50  |  AP75  |  APs  |  APm  |  APl   |
|:-----:|:------:|:------:|:-----:|:-----:|:------:|
| 9.593 | 30.434 | 1.203  |  nan  | 7.845 | 10.553 |
[08/15 07:10:57 d2.evaluation.coco_evaluation]: Some metrics cannot be computed and is shown as NaN.
Loading and preparing results...
DONE (t=0.00s)
creating index...
index created!
Running per image evaluation...
Evaluate annotation type *segm*
DONE (t=0.02s).
Accumulating evaluation results...
DONE (t=0.00s).
 Average Precision  (AP) @[ IoU=0.50:0.95 | area=   all | maxDets=100 ] = 0.158
 Average Precision  (AP) @[ IoU=0.50      | area=   all | maxDets=100 ] = 0.329
 Average Precision  (AP) @[ IoU=0.75      | area=   all | maxDets=100 ] = 0.125
 Average Precision  (AP) @[ IoU=0.50:0.95 | area= small | maxDets=100 ] = -1.000
 Average Precision  (AP) @[ IoU=0.50:0.95 | area=medium | maxDets=100 ] = 0.105
 Average Precision  (AP) @[ IoU=0.50:0.95 | area= large | maxDets=100 ] = 0.180
 Average Recall     (AR) @[ IoU=0.50:0.95 | area=   all | maxDets=  1 ] = 0.192
 Average Recall     (AR) @[ IoU=0.50:0.95 | area=   all | maxDets= 10 ] = 0.203
 Average Recall     (AR) @[ IoU=0.50:0.95 | area=   all | maxDets=100 ] = 0.203
 Average Recall     (AR) @[ IoU=0.50:0.95 | area= small | maxDets=100 ] = -1.000
 Average Recall     (AR) @[ IoU=0.50:0.95 | area=medium | maxDets=100 ] = 0.160
 Average Recall     (AR) @[ IoU=0.50:0.95 | area= large | maxDets=100 ] = 0.209
[08/15 07:10:57 d2.evaluation.coco_evaluation]: Evaluation results for segm: 
|   AP   |  AP50  |  AP75  |  APs  |  APm   |  APl   |
|:------:|:------:|:------:|:-----:|:------:|:------:|
| 15.785 | 32.917 | 12.465 |  nan  | 10.478 | 17.982 |
[08/15 07:10:57 d2.evaluation.coco_evaluation]: Some metrics cannot be computed and is shown as NaN.
[Iter 2 AP] → mAP@[.5:.95] = 15.785
[08/15 07:10:57 d2.data.datasets.coco]: Loaded 89 images in COCO format from /projects/PUCHALLA/LLP2024/tumor-segmentation/data/processed_data/rgb/test/images/test.json
[08/15 07:10:57 d2.data.datasets.coco]: Loaded 89 images in COCO format from /projects/PUCHALLA/LLP2024/tumor-segmentation/data/processed_data/rgb/test/images/test.json
[08/15 07:10:57 d2.data.dataset_mapper]: [DatasetMapper] Augmentations used in inference: [ResizeShortestEdge(short_edge_length=(800, 800), max_size=1333, sample_style='choice')]
[08/15 07:10:57 d2.data.common]: Serializing the dataset using: <class 'detectron2.data.common._TorchSerializedList'>
[08/15 07:10:57 d2.data.common]: Serializing 89 elements to byte tensors and concatenating them all ...
[08/15 07:10:57 d2.data.common]: Serialized dataset takes 0.07 MiB
[08/15 07:10:57 d2.evaluation.evaluator]: Start inference on 89 batches
[08/15 07:11:00 d2.evaluation.evaluator]: Total inference time: 0:00:02.109450 (0.025113 s / iter per device, on 1 devices)
[08/15 07:11:00 d2.evaluation.evaluator]: Total inference pure compute time: 0:00:02 (0.024136 s / iter per device, on 1 devices)
[08/15 07:11:01 d2.utils.events]:  eta: 0:06:00  iter: 119  total_loss: 0.5545  loss_cls: 0.08609  loss_box_reg: 0.163  loss_mask: 0.2985  loss_rpn_cls: 0.001039  loss_rpn_loc: 0.003007    time: 0.0751  last_time: 0.0712  data_time: 0.0019  last_data_time: 0.0019   lr: 0.00011694  max_mem: 1604M
[08/15 07:11:03 d2.utils.events]:  eta: 0:05:57  iter: 139  total_loss: 0.4839  loss_cls: 0.07472  loss_box_reg: 0.1595  loss_mask: 0.238  loss_rpn_cls: 0.00105  loss_rpn_loc: 0.003524    time: 0.0759  last_time: 0.0715  data_time: 0.0019  last_data_time: 0.0018   lr: 0.00012819  max_mem: 1621M
[08/15 07:11:04 d2.utils.events]:  eta: 0:05:58  iter: 159  total_loss: 0.4865  loss_cls: 0.07018  loss_box_reg: 0.1655  loss_mask: 0.2166  loss_rpn_cls: 0.0002055  loss_rpn_loc: 0.00467    time: 0.0758  last_time: 0.0815  data_time: 0.0019  last_data_time: 0.0019   lr: 0.00013944  max_mem: 1626M
[08/15 07:11:06 d2.utils.events]:  eta: 0:05:57  iter: 179  total_loss: 0.4239  loss_cls: 0.06009  loss_box_reg: 0.1579  loss_mask: 0.1955  loss_rpn_cls: 0.0001464  loss_rpn_loc: 0.003555    time: 0.0758  last_time: 0.0767  data_time: 0.0020  last_data_time: 0.0019   lr: 0.00015069  max_mem: 1632M
[08/15 07:11:07 d2.utils.events]:  eta: 0:05:58  iter: 199  total_loss: 0.3987  loss_cls: 0.0514  loss_box_reg: 0.1277  loss_mask: 0.1933  loss_rpn_cls: 0.0001221  loss_rpn_loc: 0.003493    time: 0.0758  last_time: 0.0743  data_time: 0.0020  last_data_time: 0.0020   lr: 0.00016194  max_mem: 1632M
[08/15 07:11:07 d2.evaluation.coco_evaluation]: Fast COCO eval is not built. Falling back to official COCO eval.
[08/15 07:11:07 d2.data.datasets.coco]: Loaded 89 images in COCO format from /projects/PUCHALLA/LLP2024/tumor-segmentation/data/processed_data/rgb/test/images/test.json
[08/15 07:11:07 d2.data.dataset_mapper]: [DatasetMapper] Augmentations used in inference: [ResizeShortestEdge(short_edge_length=(800, 800), max_size=1333, sample_style='choice')]
[08/15 07:11:07 d2.data.common]: Serializing the dataset using: <class 'detectron2.data.common._TorchSerializedList'>
[08/15 07:11:07 d2.data.common]: Serializing 89 elements to byte tensors and concatenating them all ...
[08/15 07:11:07 d2.data.common]: Serialized dataset takes 0.07 MiB
[08/15 07:11:07 d2.evaluation.evaluator]: Start inference on 89 batches
[08/15 07:11:08 d2.evaluation.evaluator]: Inference done 11/89. Dataloading: 0.0004 s/iter. Inference: 0.0235 s/iter. Eval: 0.0004 s/iter. Total: 0.0243 s/iter. ETA=0:00:01
[08/15 07:11:10 d2.evaluation.evaluator]: Total inference time: 0:00:02.088302 (0.024861 s / iter per device, on 1 devices)
[08/15 07:11:10 d2.evaluation.evaluator]: Total inference pure compute time: 0:00:01 (0.023693 s / iter per device, on 1 devices)
[08/15 07:11:10 d2.evaluation.coco_evaluation]: Preparing results for COCO format ...
[08/15 07:11:10 d2.evaluation.coco_evaluation]: Saving results to ../../../../../models/rgb-testing/rgb-5000-1/coco_instances_results.json
[08/15 07:11:10 d2.evaluation.coco_evaluation]: Evaluating predictions with official COCO API...
Loading and preparing results...
DONE (t=0.00s)
creating index...
index created!
Running per image evaluation...
Evaluate annotation type *bbox*
DONE (t=0.02s).
Accumulating evaluation results...
DONE (t=0.01s).
 Average Precision  (AP) @[ IoU=0.50:0.95 | area=   all | maxDets=100 ] = 0.434
 Average Precision  (AP) @[ IoU=0.50      | area=   all | maxDets=100 ] = 0.830
 Average Precision  (AP) @[ IoU=0.75      | area=   all | maxDets=100 ] = 0.380
 Average Precision  (AP) @[ IoU=0.50:0.95 | area= small | maxDets=100 ] = -1.000
 Average Precision  (AP) @[ IoU=0.50:0.95 | area=medium | maxDets=100 ] = 0.330
 Average Precision  (AP) @[ IoU=0.50:0.95 | area= large | maxDets=100 ] = 0.454
 Average Recall     (AR) @[ IoU=0.50:0.95 | area=   all | maxDets=  1 ] = 0.527
 Average Recall     (AR) @[ IoU=0.50:0.95 | area=   all | maxDets= 10 ] = 0.562
 Average Recall     (AR) @[ IoU=0.50:0.95 | area=   all | maxDets=100 ] = 0.562
 Average Recall     (AR) @[ IoU=0.50:0.95 | area= small | maxDets=100 ] = -1.000
 Average Recall     (AR) @[ IoU=0.50:0.95 | area=medium | maxDets=100 ] = 0.400
 Average Recall     (AR) @[ IoU=0.50:0.95 | area= large | maxDets=100 ] = 0.582
[08/15 07:11:10 d2.evaluation.coco_evaluation]: Evaluation results for bbox: 
|   AP   |  AP50  |  AP75  |  APs  |  APm   |  APl   |
|:------:|:------:|:------:|:-----:|:------:|:------:|
| 43.418 | 82.999 | 38.045 |  nan  | 33.046 | 45.427 |
[08/15 07:11:10 d2.evaluation.coco_evaluation]: Some metrics cannot be computed and is shown as NaN.
Loading and preparing results...
DONE (t=0.00s)
creating index...
index created!
Running per image evaluation...
Evaluate annotation type *segm*
DONE (t=0.02s).
Accumulating evaluation results...
DONE (t=0.01s).
 Average Precision  (AP) @[ IoU=0.50:0.95 | area=   all | maxDets=100 ] = 0.511
 Average Precision  (AP) @[ IoU=0.50      | area=   all | maxDets=100 ] = 0.819
 Average Precision  (AP) @[ IoU=0.75      | area=   all | maxDets=100 ] = 0.620
 Average Precision  (AP) @[ IoU=0.50:0.95 | area= small | maxDets=100 ] = -1.000
 Average Precision  (AP) @[ IoU=0.50:0.95 | area=medium | maxDets=100 ] = 0.313
 Average Precision  (AP) @[ IoU=0.50:0.95 | area= large | maxDets=100 ] = 0.560
 Average Recall     (AR) @[ IoU=0.50:0.95 | area=   all | maxDets=  1 ] = 0.601
 Average Recall     (AR) @[ IoU=0.50:0.95 | area=   all | maxDets= 10 ] = 0.640
 Average Recall     (AR) @[ IoU=0.50:0.95 | area=   all | maxDets=100 ] = 0.640
 Average Recall     (AR) @[ IoU=0.50:0.95 | area= small | maxDets=100 ] = -1.000
 Average Recall     (AR) @[ IoU=0.50:0.95 | area=medium | maxDets=100 ] = 0.490
 Average Recall     (AR) @[ IoU=0.50:0.95 | area= large | maxDets=100 ] = 0.659
[08/15 07:11:10 d2.evaluation.coco_evaluation]: Evaluation results for segm: 
|   AP   |  AP50  |  AP75  |  APs  |  APm   |  APl   |
|:------:|:------:|:------:|:-----:|:------:|:------:|
| 51.091 | 81.928 | 61.964 |  nan  | 31.332 | 56.008 |
[08/15 07:11:10 d2.evaluation.coco_evaluation]: Some metrics cannot be computed and is shown as NaN.
[Iter 2 AP] → mAP@[.5:.95] = 51.091
[08/15 07:11:10 d2.data.datasets.coco]: Loaded 89 images in COCO format from /projects/PUCHALLA/LLP2024/tumor-segmentation/data/processed_data/rgb/test/images/test.json
[08/15 07:11:10 d2.data.datasets.coco]: Loaded 89 images in COCO format from /projects/PUCHALLA/LLP2024/tumor-segmentation/data/processed_data/rgb/test/images/test.json
[08/15 07:11:10 d2.data.dataset_mapper]: [DatasetMapper] Augmentations used in inference: [ResizeShortestEdge(short_edge_length=(800, 800), max_size=1333, sample_style='choice')]
[08/15 07:11:10 d2.data.common]: Serializing the dataset using: <class 'detectron2.data.common._TorchSerializedList'>
[08/15 07:11:10 d2.data.common]: Serializing 89 elements to byte tensors and concatenating them all ...
[08/15 07:11:10 d2.data.common]: Serialized dataset takes 0.07 MiB
[08/15 07:11:10 d2.evaluation.evaluator]: Start inference on 89 batches
[08/15 07:11:12 d2.evaluation.evaluator]: Total inference time: 0:00:02.076552 (0.024721 s / iter per device, on 1 devices)
[08/15 07:11:12 d2.evaluation.evaluator]: Total inference pure compute time: 0:00:01 (0.023574 s / iter per device, on 1 devices)
[08/15 07:11:13 d2.utils.events]:  eta: 0:05:57  iter: 219  total_loss: 0.4121  loss_cls: 0.0495  loss_box_reg: 0.1538  loss_mask: 0.1843  loss_rpn_cls: 8.26e-05  loss_rpn_loc: 0.003746    time: 0.0757  last_time: 0.0713  data_time: 0.0020  last_data_time: 0.0018   lr: 0.00017319  max_mem: 1632M
[08/15 07:11:15 d2.utils.events]:  eta: 0:05:54  iter: 239  total_loss: 0.335  loss_cls: 0.04197  loss_box_reg: 0.1257  loss_mask: 0.1564  loss_rpn_cls: 8.379e-05  loss_rpn_loc: 0.003258    time: 0.0756  last_time: 0.0741  data_time: 0.0019  last_data_time: 0.0019   lr: 0.00018444  max_mem: 1632M
[08/15 07:11:16 d2.utils.events]:  eta: 0:05:52  iter: 259  total_loss: 0.3271  loss_cls: 0.04013  loss_box_reg: 0.1213  loss_mask: 0.1519  loss_rpn_cls: 7.06e-05  loss_rpn_loc: 0.00397    time: 0.0755  last_time: 0.0787  data_time: 0.0020  last_data_time: 0.0019   lr: 0.00019569  max_mem: 1637M
[08/15 07:11:18 d2.utils.events]:  eta: 0:05:52  iter: 279  total_loss: 0.3331  loss_cls: 0.03507  loss_box_reg: 0.1127  loss_mask: 0.1743  loss_rpn_cls: 0.000415  loss_rpn_loc: 0.004796    time: 0.0755  last_time: 0.0755  data_time: 0.0021  last_data_time: 0.0021   lr: 0.00020694  max_mem: 1637M
[08/15 07:11:19 d2.utils.events]:  eta: 0:05:51  iter: 299  total_loss: 0.3023  loss_cls: 0.03481  loss_box_reg: 0.09059  loss_mask: 0.1545  loss_rpn_cls: 3.551e-05  loss_rpn_loc: 0.004101    time: 0.0755  last_time: 0.0804  data_time: 0.0020  last_data_time: 0.0020   lr: 0.00021819  max_mem: 1642M
[08/15 07:11:19 d2.evaluation.coco_evaluation]: Fast COCO eval is not built. Falling back to official COCO eval.
[08/15 07:11:19 d2.data.datasets.coco]: Loaded 89 images in COCO format from /projects/PUCHALLA/LLP2024/tumor-segmentation/data/processed_data/rgb/test/images/test.json
[08/15 07:11:19 d2.data.dataset_mapper]: [DatasetMapper] Augmentations used in inference: [ResizeShortestEdge(short_edge_length=(800, 800), max_size=1333, sample_style='choice')]
[08/15 07:11:19 d2.data.common]: Serializing the dataset using: <class 'detectron2.data.common._TorchSerializedList'>
[08/15 07:11:19 d2.data.common]: Serializing 89 elements to byte tensors and concatenating them all ...
[08/15 07:11:19 d2.data.common]: Serialized dataset takes 0.07 MiB
[08/15 07:11:19 d2.evaluation.evaluator]: Start inference on 89 batches
[08/15 07:11:20 d2.evaluation.evaluator]: Inference done 11/89. Dataloading: 0.0005 s/iter. Inference: 0.0255 s/iter. Eval: 0.0004 s/iter. Total: 0.0264 s/iter. ETA=0:00:02
[08/15 07:11:22 d2.evaluation.evaluator]: Total inference time: 0:00:02.120984 (0.025250 s / iter per device, on 1 devices)
[08/15 07:11:22 d2.evaluation.evaluator]: Total inference pure compute time: 0:00:02 (0.024101 s / iter per device, on 1 devices)
[08/15 07:11:22 d2.evaluation.coco_evaluation]: Preparing results for COCO format ...
[08/15 07:11:22 d2.evaluation.coco_evaluation]: Saving results to ../../../../../models/rgb-testing/rgb-5000-1/coco_instances_results.json
[08/15 07:11:22 d2.evaluation.coco_evaluation]: Evaluating predictions with official COCO API...
Loading and preparing results...
DONE (t=0.00s)
creating index...
index created!
Running per image evaluation...
Evaluate annotation type *bbox*
DONE (t=0.02s).
Accumulating evaluation results...
DONE (t=0.01s).
 Average Precision  (AP) @[ IoU=0.50:0.95 | area=   all | maxDets=100 ] = 0.630
 Average Precision  (AP) @[ IoU=0.50      | area=   all | maxDets=100 ] = 0.889
 Average Precision  (AP) @[ IoU=0.75      | area=   all | maxDets=100 ] = 0.793
 Average Precision  (AP) @[ IoU=0.50:0.95 | area= small | maxDets=100 ] = -1.000
 Average Precision  (AP) @[ IoU=0.50:0.95 | area=medium | maxDets=100 ] = 0.525
 Average Precision  (AP) @[ IoU=0.50:0.95 | area= large | maxDets=100 ] = 0.641
 Average Recall     (AR) @[ IoU=0.50:0.95 | area=   all | maxDets=  1 ] = 0.694
 Average Recall     (AR) @[ IoU=0.50:0.95 | area=   all | maxDets= 10 ] = 0.721
 Average Recall     (AR) @[ IoU=0.50:0.95 | area=   all | maxDets=100 ] = 0.721
 Average Recall     (AR) @[ IoU=0.50:0.95 | area= small | maxDets=100 ] = -1.000
 Average Recall     (AR) @[ IoU=0.50:0.95 | area=medium | maxDets=100 ] = 0.540
 Average Recall     (AR) @[ IoU=0.50:0.95 | area= large | maxDets=100 ] = 0.744
[08/15 07:11:22 d2.evaluation.coco_evaluation]: Evaluation results for bbox: 
|   AP   |  AP50  |  AP75  |  APs  |  APm   |  APl   |
|:------:|:------:|:------:|:-----:|:------:|:------:|
| 63.037 | 88.946 | 79.297 |  nan  | 52.475 | 64.117 |
[08/15 07:11:22 d2.evaluation.coco_evaluation]: Some metrics cannot be computed and is shown as NaN.
Loading and preparing results...
DONE (t=0.00s)
creating index...
index created!
Running per image evaluation...
Evaluate annotation type *segm*
DONE (t=0.02s).
Accumulating evaluation results...
DONE (t=0.01s).
 Average Precision  (AP) @[ IoU=0.50:0.95 | area=   all | maxDets=100 ] = 0.639
 Average Precision  (AP) @[ IoU=0.50      | area=   all | maxDets=100 ] = 0.889
 Average Precision  (AP) @[ IoU=0.75      | area=   all | maxDets=100 ] = 0.781
 Average Precision  (AP) @[ IoU=0.50:0.95 | area= small | maxDets=100 ] = -1.000
 Average Precision  (AP) @[ IoU=0.50:0.95 | area=medium | maxDets=100 ] = 0.469
 Average Precision  (AP) @[ IoU=0.50:0.95 | area= large | maxDets=100 ] = 0.671
 Average Recall     (AR) @[ IoU=0.50:0.95 | area=   all | maxDets=  1 ] = 0.697
 Average Recall     (AR) @[ IoU=0.50:0.95 | area=   all | maxDets= 10 ] = 0.727
 Average Recall     (AR) @[ IoU=0.50:0.95 | area=   all | maxDets=100 ] = 0.727
 Average Recall     (AR) @[ IoU=0.50:0.95 | area= small | maxDets=100 ] = -1.000
 Average Recall     (AR) @[ IoU=0.50:0.95 | area=medium | maxDets=100 ] = 0.540
 Average Recall     (AR) @[ IoU=0.50:0.95 | area= large | maxDets=100 ] = 0.751
[08/15 07:11:22 d2.evaluation.coco_evaluation]: Evaluation results for segm: 
|   AP   |  AP50  |  AP75  |  APs  |  APm   |  APl   |
|:------:|:------:|:------:|:-----:|:------:|:------:|
| 63.882 | 88.946 | 78.092 |  nan  | 46.906 | 67.130 |
[08/15 07:11:22 d2.evaluation.coco_evaluation]: Some metrics cannot be computed and is shown as NaN.
[Iter 2 AP] → mAP@[.5:.95] = 63.882
[08/15 07:11:22 d2.data.datasets.coco]: Loaded 89 images in COCO format from /projects/PUCHALLA/LLP2024/tumor-segmentation/data/processed_data/rgb/test/images/test.json
[08/15 07:11:22 d2.data.datasets.coco]: Loaded 89 images in COCO format from /projects/PUCHALLA/LLP2024/tumor-segmentation/data/processed_data/rgb/test/images/test.json
[08/15 07:11:22 d2.data.dataset_mapper]: [DatasetMapper] Augmentations used in inference: [ResizeShortestEdge(short_edge_length=(800, 800), max_size=1333, sample_style='choice')]
[08/15 07:11:22 d2.data.common]: Serializing the dataset using: <class 'detectron2.data.common._TorchSerializedList'>
[08/15 07:11:22 d2.data.common]: Serializing 89 elements to byte tensors and concatenating them all ...
[08/15 07:11:22 d2.data.common]: Serialized dataset takes 0.07 MiB
[08/15 07:11:22 d2.evaluation.evaluator]: Start inference on 89 batches
[08/15 07:11:24 d2.evaluation.evaluator]: Total inference time: 0:00:02.105606 (0.025067 s / iter per device, on 1 devices)
[08/15 07:11:24 d2.evaluation.evaluator]: Total inference pure compute time: 0:00:02 (0.023929 s / iter per device, on 1 devices)
[08/15 07:11:26 d2.utils.events]:  eta: 0:05:50  iter: 319  total_loss: 0.2627  loss_cls: 0.03125  loss_box_reg: 0.07275  loss_mask: 0.151  loss_rpn_cls: 3.117e-05  loss_rpn_loc: 0.00341    time: 0.0756  last_time: 0.0756  data_time: 0.0021  last_data_time: 0.0020   lr: 0.00022944  max_mem: 1642M
[08/15 07:11:27 d2.utils.events]:  eta: 0:05:49  iter: 339  total_loss: 0.2633  loss_cls: 0.02929  loss_box_reg: 0.07143  loss_mask: 0.1684  loss_rpn_cls: 3.505e-05  loss_rpn_loc: 0.003557    time: 0.0756  last_time: 0.0806  data_time: 0.0021  last_data_time: 0.0020   lr: 0.00024069  max_mem: 1657M
[08/15 07:11:29 d2.utils.events]:  eta: 0:05:48  iter: 359  total_loss: 0.2571  loss_cls: 0.02768  loss_box_reg: 0.06282  loss_mask: 0.161  loss_rpn_cls: 1.37e-05  loss_rpn_loc: 0.003633    time: 0.0757  last_time: 0.0720  data_time: 0.0020  last_data_time: 0.0019   lr: 0.00025194  max_mem: 1657M
[08/15 07:11:30 d2.utils.events]:  eta: 0:05:48  iter: 379  total_loss: 0.3078  loss_cls: 0.03605  loss_box_reg: 0.07946  loss_mask: 0.1765  loss_rpn_cls: 0.000226  loss_rpn_loc: 0.003676    time: 0.0758  last_time: 0.0766  data_time: 0.0021  last_data_time: 0.0029   lr: 0.00026319  max_mem: 1657M
[08/15 07:11:32 d2.utils.events]:  eta: 0:05:47  iter: 399  total_loss: 0.2543  loss_cls: 0.02788  loss_box_reg: 0.06308  loss_mask: 0.1492  loss_rpn_cls: 4.133e-05  loss_rpn_loc: 0.003128    time: 0.0759  last_time: 0.0780  data_time: 0.0021  last_data_time: 0.0021   lr: 0.00027444  max_mem: 1657M
[08/15 07:11:32 d2.evaluation.coco_evaluation]: Fast COCO eval is not built. Falling back to official COCO eval.
[08/15 07:11:32 d2.data.datasets.coco]: Loaded 89 images in COCO format from /projects/PUCHALLA/LLP2024/tumor-segmentation/data/processed_data/rgb/test/images/test.json
[08/15 07:11:32 d2.data.dataset_mapper]: [DatasetMapper] Augmentations used in inference: [ResizeShortestEdge(short_edge_length=(800, 800), max_size=1333, sample_style='choice')]
[08/15 07:11:32 d2.data.common]: Serializing the dataset using: <class 'detectron2.data.common._TorchSerializedList'>
[08/15 07:11:32 d2.data.common]: Serializing 89 elements to byte tensors and concatenating them all ...
[08/15 07:11:32 d2.data.common]: Serialized dataset takes 0.07 MiB
[08/15 07:11:32 d2.evaluation.evaluator]: Start inference on 89 batches
[08/15 07:11:32 d2.evaluation.evaluator]: Inference done 11/89. Dataloading: 0.0004 s/iter. Inference: 0.0233 s/iter. Eval: 0.0003 s/iter. Total: 0.0241 s/iter. ETA=0:00:01
[08/15 07:11:34 d2.evaluation.evaluator]: Total inference time: 0:00:02.042428 (0.024315 s / iter per device, on 1 devices)
[08/15 07:11:34 d2.evaluation.evaluator]: Total inference pure compute time: 0:00:01 (0.023162 s / iter per device, on 1 devices)
[08/15 07:11:34 d2.evaluation.coco_evaluation]: Preparing results for COCO format ...
[08/15 07:11:34 d2.evaluation.coco_evaluation]: Saving results to ../../../../../models/rgb-testing/rgb-5000-1/coco_instances_results.json
[08/15 07:11:34 d2.evaluation.coco_evaluation]: Evaluating predictions with official COCO API...
Loading and preparing results...
DONE (t=0.00s)
creating index...
index created!
Running per image evaluation...
Evaluate annotation type *bbox*
DONE (t=0.02s).
Accumulating evaluation results...
DONE (t=0.01s).
 Average Precision  (AP) @[ IoU=0.50:0.95 | area=   all | maxDets=100 ] = 0.636
 Average Precision  (AP) @[ IoU=0.50      | area=   all | maxDets=100 ] = 0.909
 Average Precision  (AP) @[ IoU=0.75      | area=   all | maxDets=100 ] = 0.830
 Average Precision  (AP) @[ IoU=0.50:0.95 | area= small | maxDets=100 ] = -1.000
 Average Precision  (AP) @[ IoU=0.50:0.95 | area=medium | maxDets=100 ] = 0.560
 Average Precision  (AP) @[ IoU=0.50:0.95 | area= large | maxDets=100 ] = 0.650
 Average Recall     (AR) @[ IoU=0.50:0.95 | area=   all | maxDets=  1 ] = 0.698
 Average Recall     (AR) @[ IoU=0.50:0.95 | area=   all | maxDets= 10 ] = 0.710
 Average Recall     (AR) @[ IoU=0.50:0.95 | area=   all | maxDets=100 ] = 0.710
 Average Recall     (AR) @[ IoU=0.50:0.95 | area= small | maxDets=100 ] = -1.000
 Average Recall     (AR) @[ IoU=0.50:0.95 | area=medium | maxDets=100 ] = 0.560
 Average Recall     (AR) @[ IoU=0.50:0.95 | area= large | maxDets=100 ] = 0.729
[08/15 07:11:34 d2.evaluation.coco_evaluation]: Evaluation results for bbox: 
|   AP   |  AP50  |  AP75  |  APs  |  APm   |  APl   |
|:------:|:------:|:------:|:-----:|:------:|:------:|
| 63.623 | 90.884 | 83.025 |  nan  | 56.040 | 64.971 |
[08/15 07:11:34 d2.evaluation.coco_evaluation]: Some metrics cannot be computed and is shown as NaN.
Loading and preparing results...
DONE (t=0.00s)
creating index...
index created!
Running per image evaluation...
Evaluate annotation type *segm*
DONE (t=0.02s).
Accumulating evaluation results...
DONE (t=0.01s).
 Average Precision  (AP) @[ IoU=0.50:0.95 | area=   all | maxDets=100 ] = 0.656
 Average Precision  (AP) @[ IoU=0.50      | area=   all | maxDets=100 ] = 0.899
 Average Precision  (AP) @[ IoU=0.75      | area=   all | maxDets=100 ] = 0.801
 Average Precision  (AP) @[ IoU=0.50:0.95 | area= small | maxDets=100 ] = -1.000
 Average Precision  (AP) @[ IoU=0.50:0.95 | area=medium | maxDets=100 ] = 0.463
 Average Precision  (AP) @[ IoU=0.50:0.95 | area= large | maxDets=100 ] = 0.683
 Average Recall     (AR) @[ IoU=0.50:0.95 | area=   all | maxDets=  1 ] = 0.715
 Average Recall     (AR) @[ IoU=0.50:0.95 | area=   all | maxDets= 10 ] = 0.725
 Average Recall     (AR) @[ IoU=0.50:0.95 | area=   all | maxDets=100 ] = 0.725
 Average Recall     (AR) @[ IoU=0.50:0.95 | area= small | maxDets=100 ] = -1.000
 Average Recall     (AR) @[ IoU=0.50:0.95 | area=medium | maxDets=100 ] = 0.550
 Average Recall     (AR) @[ IoU=0.50:0.95 | area= large | maxDets=100 ] = 0.747
[08/15 07:11:34 d2.evaluation.coco_evaluation]: Evaluation results for segm: 
|   AP   |  AP50  |  AP75  |  APs  |  APm   |  APl   |
|:------:|:------:|:------:|:-----:|:------:|:------:|
| 65.577 | 89.867 | 80.106 |  nan  | 46.321 | 68.328 |
[08/15 07:11:34 d2.evaluation.coco_evaluation]: Some metrics cannot be computed and is shown as NaN.
[Iter 2 AP] → mAP@[.5:.95] = 65.577
[08/15 07:11:34 d2.data.datasets.coco]: Loaded 89 images in COCO format from /projects/PUCHALLA/LLP2024/tumor-segmentation/data/processed_data/rgb/test/images/test.json
[08/15 07:11:34 d2.data.datasets.coco]: Loaded 89 images in COCO format from /projects/PUCHALLA/LLP2024/tumor-segmentation/data/processed_data/rgb/test/images/test.json
[08/15 07:11:34 d2.data.dataset_mapper]: [DatasetMapper] Augmentations used in inference: [ResizeShortestEdge(short_edge_length=(800, 800), max_size=1333, sample_style='choice')]
[08/15 07:11:34 d2.data.common]: Serializing the dataset using: <class 'detectron2.data.common._TorchSerializedList'>
[08/15 07:11:34 d2.data.common]: Serializing 89 elements to byte tensors and concatenating them all ...
[08/15 07:11:34 d2.data.common]: Serialized dataset takes 0.07 MiB
[08/15 07:11:34 d2.evaluation.evaluator]: Start inference on 89 batches
[08/15 07:11:36 d2.evaluation.evaluator]: Total inference time: 0:00:02.042086 (0.024311 s / iter per device, on 1 devices)
[08/15 07:11:36 d2.evaluation.evaluator]: Total inference pure compute time: 0:00:01 (0.023169 s / iter per device, on 1 devices)
[08/15 07:11:38 d2.utils.events]:  eta: 0:05:45  iter: 419  total_loss: 0.243  loss_cls: 0.02191  loss_box_reg: 0.05963  loss_mask: 0.1491  loss_rpn_cls: 1.755e-05  loss_rpn_loc: 0.003466    time: 0.0759  last_time: 0.0802  data_time: 0.0020  last_data_time: 0.0022   lr: 0.00028569  max_mem: 1657M
[08/15 07:11:39 d2.utils.events]:  eta: 0:05:44  iter: 439  total_loss: 0.2241  loss_cls: 0.02857  loss_box_reg: 0.06332  loss_mask: 0.1285  loss_rpn_cls: 3.429e-06  loss_rpn_loc: 0.002732    time: 0.0759  last_time: 0.0706  data_time: 0.0020  last_data_time: 0.0019   lr: 0.00029694  max_mem: 1657M
[08/15 07:11:41 d2.utils.events]:  eta: 0:05:43  iter: 459  total_loss: 0.2435  loss_cls: 0.02446  loss_box_reg: 0.05331  loss_mask: 0.1535  loss_rpn_cls: 7.144e-06  loss_rpn_loc: 0.003179    time: 0.0760  last_time: 0.0793  data_time: 0.0021  last_data_time: 0.0020   lr: 0.00030819  max_mem: 1657M
[08/15 07:11:43 d2.utils.events]:  eta: 0:05:42  iter: 479  total_loss: 0.2352  loss_cls: 0.0285  loss_box_reg: 0.06711  loss_mask: 0.1372  loss_rpn_cls: 7.67e-06  loss_rpn_loc: 0.003085    time: 0.0760  last_time: 0.0811  data_time: 0.0020  last_data_time: 0.0019   lr: 0.00031944  max_mem: 1657M
[08/15 07:11:44 d2.utils.events]:  eta: 0:05:40  iter: 499  total_loss: 0.276  loss_cls: 0.0208  loss_box_reg: 0.06421  loss_mask: 0.1819  loss_rpn_cls: 2.167e-05  loss_rpn_loc: 0.004292    time: 0.0760  last_time: 0.0734  data_time: 0.0023  last_data_time: 0.0018   lr: 0.00033069  max_mem: 1657M
[08/15 07:11:44 d2.evaluation.coco_evaluation]: Fast COCO eval is not built. Falling back to official COCO eval.
[08/15 07:11:44 d2.data.datasets.coco]: Loaded 89 images in COCO format from /projects/PUCHALLA/LLP2024/tumor-segmentation/data/processed_data/rgb/test/images/test.json
[08/15 07:11:44 d2.data.dataset_mapper]: [DatasetMapper] Augmentations used in inference: [ResizeShortestEdge(short_edge_length=(800, 800), max_size=1333, sample_style='choice')]
[08/15 07:11:44 d2.data.common]: Serializing the dataset using: <class 'detectron2.data.common._TorchSerializedList'>
[08/15 07:11:44 d2.data.common]: Serializing 89 elements to byte tensors and concatenating them all ...
[08/15 07:11:44 d2.data.common]: Serialized dataset takes 0.07 MiB
[08/15 07:11:44 d2.evaluation.evaluator]: Start inference on 89 batches
[08/15 07:11:44 d2.evaluation.evaluator]: Inference done 11/89. Dataloading: 0.0004 s/iter. Inference: 0.0235 s/iter. Eval: 0.0004 s/iter. Total: 0.0243 s/iter. ETA=0:00:01
[08/15 07:11:46 d2.evaluation.evaluator]: Total inference time: 0:00:02.072555 (0.024673 s / iter per device, on 1 devices)
[08/15 07:11:46 d2.evaluation.evaluator]: Total inference pure compute time: 0:00:01 (0.023510 s / iter per device, on 1 devices)
[08/15 07:11:46 d2.evaluation.coco_evaluation]: Preparing results for COCO format ...
[08/15 07:11:46 d2.evaluation.coco_evaluation]: Saving results to ../../../../../models/rgb-testing/rgb-5000-1/coco_instances_results.json
[08/15 07:11:46 d2.evaluation.coco_evaluation]: Evaluating predictions with official COCO API...
Loading and preparing results...
DONE (t=0.00s)
creating index...
index created!
Running per image evaluation...
Evaluate annotation type *bbox*
DONE (t=0.01s).
Accumulating evaluation results...
DONE (t=0.01s).
 Average Precision  (AP) @[ IoU=0.50:0.95 | area=   all | maxDets=100 ] = 0.718
 Average Precision  (AP) @[ IoU=0.50      | area=   all | maxDets=100 ] = 0.930
 Average Precision  (AP) @[ IoU=0.75      | area=   all | maxDets=100 ] = 0.886
 Average Precision  (AP) @[ IoU=0.50:0.95 | area= small | maxDets=100 ] = -1.000
 Average Precision  (AP) @[ IoU=0.50:0.95 | area=medium | maxDets=100 ] = 0.579
 Average Precision  (AP) @[ IoU=0.50:0.95 | area= large | maxDets=100 ] = 0.737
 Average Recall     (AR) @[ IoU=0.50:0.95 | area=   all | maxDets=  1 ] = 0.771
 Average Recall     (AR) @[ IoU=0.50:0.95 | area=   all | maxDets= 10 ] = 0.773
 Average Recall     (AR) @[ IoU=0.50:0.95 | area=   all | maxDets=100 ] = 0.773
 Average Recall     (AR) @[ IoU=0.50:0.95 | area= small | maxDets=100 ] = -1.000
 Average Recall     (AR) @[ IoU=0.50:0.95 | area=medium | maxDets=100 ] = 0.580
 Average Recall     (AR) @[ IoU=0.50:0.95 | area= large | maxDets=100 ] = 0.797
[08/15 07:11:46 d2.evaluation.coco_evaluation]: Evaluation results for bbox: 
|   AP   |  AP50  |  AP75  |  APs  |  APm   |  APl   |
|:------:|:------:|:------:|:-----:|:------:|:------:|
| 71.762 | 92.988 | 88.612 |  nan  | 57.921 | 73.694 |
[08/15 07:11:46 d2.evaluation.coco_evaluation]: Some metrics cannot be computed and is shown as NaN.
Loading and preparing results...
DONE (t=0.00s)
creating index...
index created!
Running per image evaluation...
Evaluate annotation type *segm*
DONE (t=0.02s).
Accumulating evaluation results...
DONE (t=0.01s).
 Average Precision  (AP) @[ IoU=0.50:0.95 | area=   all | maxDets=100 ] = 0.708
 Average Precision  (AP) @[ IoU=0.50      | area=   all | maxDets=100 ] = 0.930
 Average Precision  (AP) @[ IoU=0.75      | area=   all | maxDets=100 ] = 0.886
 Average Precision  (AP) @[ IoU=0.50:0.95 | area= small | maxDets=100 ] = -1.000
 Average Precision  (AP) @[ IoU=0.50:0.95 | area=medium | maxDets=100 ] = 0.558
 Average Precision  (AP) @[ IoU=0.50:0.95 | area= large | maxDets=100 ] = 0.728
 Average Recall     (AR) @[ IoU=0.50:0.95 | area=   all | maxDets=  1 ] = 0.757
 Average Recall     (AR) @[ IoU=0.50:0.95 | area=   all | maxDets= 10 ] = 0.758
 Average Recall     (AR) @[ IoU=0.50:0.95 | area=   all | maxDets=100 ] = 0.758
 Average Recall     (AR) @[ IoU=0.50:0.95 | area= small | maxDets=100 ] = -1.000
 Average Recall     (AR) @[ IoU=0.50:0.95 | area=medium | maxDets=100 ] = 0.570
 Average Recall     (AR) @[ IoU=0.50:0.95 | area= large | maxDets=100 ] = 0.782
[08/15 07:11:46 d2.evaluation.coco_evaluation]: Evaluation results for segm: 
|   AP   |  AP50  |  AP75  |  APs  |  APm   |  APl   |
|:------:|:------:|:------:|:-----:|:------:|:------:|
| 70.785 | 92.988 | 88.612 |  nan  | 55.794 | 72.799 |
[08/15 07:11:46 d2.evaluation.coco_evaluation]: Some metrics cannot be computed and is shown as NaN.
[Iter 2 AP] → mAP@[.5:.95] = 70.785
[08/15 07:11:46 d2.data.datasets.coco]: Loaded 89 images in COCO format from /projects/PUCHALLA/LLP2024/tumor-segmentation/data/processed_data/rgb/test/images/test.json
[08/15 07:11:46 d2.data.datasets.coco]: Loaded 89 images in COCO format from /projects/PUCHALLA/LLP2024/tumor-segmentation/data/processed_data/rgb/test/images/test.json
[08/15 07:11:46 d2.data.dataset_mapper]: [DatasetMapper] Augmentations used in inference: [ResizeShortestEdge(short_edge_length=(800, 800), max_size=1333, sample_style='choice')]
[08/15 07:11:46 d2.data.common]: Serializing the dataset using: <class 'detectron2.data.common._TorchSerializedList'>
[08/15 07:11:46 d2.data.common]: Serializing 89 elements to byte tensors and concatenating them all ...
[08/15 07:11:46 d2.data.common]: Serialized dataset takes 0.07 MiB
[08/15 07:11:46 d2.evaluation.evaluator]: Start inference on 89 batches
[08/15 07:11:49 d2.evaluation.evaluator]: Total inference time: 0:00:02.081514 (0.024780 s / iter per device, on 1 devices)
[08/15 07:11:49 d2.evaluation.evaluator]: Total inference pure compute time: 0:00:01 (0.023671 s / iter per device, on 1 devices)
[08/15 07:11:50 d2.utils.events]:  eta: 0:05:39  iter: 519  total_loss: 0.2539  loss_cls: 0.0246  loss_box_reg: 0.06224  loss_mask: 0.1582  loss_rpn_cls: 5.271e-05  loss_rpn_loc: 0.002924    time: 0.0761  last_time: 0.0721  data_time: 0.0021  last_data_time: 0.0019   lr: 0.00034194  max_mem: 1657M
[08/15 07:11:52 d2.utils.events]:  eta: 0:05:38  iter: 539  total_loss: 0.2304  loss_cls: 0.02548  loss_box_reg: 0.05592  loss_mask: 0.1495  loss_rpn_cls: 4.34e-06  loss_rpn_loc: 0.002165    time: 0.0761  last_time: 0.0767  data_time: 0.0023  last_data_time: 0.0019   lr: 0.00035319  max_mem: 1657M
[08/15 07:11:53 d2.utils.events]:  eta: 0:05:36  iter: 559  total_loss: 0.264  loss_cls: 0.02389  loss_box_reg: 0.07009  loss_mask: 0.1678  loss_rpn_cls: 9.636e-06  loss_rpn_loc: 0.002885    time: 0.0760  last_time: 0.0765  data_time: 0.0020  last_data_time: 0.0020   lr: 0.00036444  max_mem: 1657M
[08/15 07:11:55 d2.utils.events]:  eta: 0:05:35  iter: 579  total_loss: 0.2518  loss_cls: 0.02657  loss_box_reg: 0.05827  loss_mask: 0.1655  loss_rpn_cls: 4.705e-06  loss_rpn_loc: 0.002791    time: 0.0762  last_time: 0.0732  data_time: 0.0022  last_data_time: 0.0020   lr: 0.00037569  max_mem: 1657M
[08/15 07:11:56 d2.utils.events]:  eta: 0:05:33  iter: 599  total_loss: 0.2401  loss_cls: 0.02497  loss_box_reg: 0.05638  loss_mask: 0.1434  loss_rpn_cls: 1.203e-05  loss_rpn_loc: 0.00322    time: 0.0762  last_time: 0.0678  data_time: 0.0021  last_data_time: 0.0029   lr: 0.00038694  max_mem: 1657M
[08/15 07:11:56 d2.evaluation.coco_evaluation]: Fast COCO eval is not built. Falling back to official COCO eval.
[08/15 07:11:56 d2.data.datasets.coco]: Loaded 89 images in COCO format from /projects/PUCHALLA/LLP2024/tumor-segmentation/data/processed_data/rgb/test/images/test.json
[08/15 07:11:56 d2.data.dataset_mapper]: [DatasetMapper] Augmentations used in inference: [ResizeShortestEdge(short_edge_length=(800, 800), max_size=1333, sample_style='choice')]
[08/15 07:11:56 d2.data.common]: Serializing the dataset using: <class 'detectron2.data.common._TorchSerializedList'>
[08/15 07:11:56 d2.data.common]: Serializing 89 elements to byte tensors and concatenating them all ...
[08/15 07:11:57 d2.data.common]: Serialized dataset takes 0.07 MiB
[08/15 07:11:57 d2.evaluation.evaluator]: Start inference on 89 batches
[08/15 07:11:57 d2.evaluation.evaluator]: Inference done 11/89. Dataloading: 0.0004 s/iter. Inference: 0.0237 s/iter. Eval: 0.0003 s/iter. Total: 0.0245 s/iter. ETA=0:00:01
[08/15 07:11:59 d2.evaluation.evaluator]: Total inference time: 0:00:02.085601 (0.024829 s / iter per device, on 1 devices)
[08/15 07:11:59 d2.evaluation.evaluator]: Total inference pure compute time: 0:00:01 (0.023668 s / iter per device, on 1 devices)
[08/15 07:11:59 d2.evaluation.coco_evaluation]: Preparing results for COCO format ...
[08/15 07:11:59 d2.evaluation.coco_evaluation]: Saving results to ../../../../../models/rgb-testing/rgb-5000-1/coco_instances_results.json
[08/15 07:11:59 d2.evaluation.coco_evaluation]: Evaluating predictions with official COCO API...
Loading and preparing results...
DONE (t=0.00s)
creating index...
index created!
Running per image evaluation...
Evaluate annotation type *bbox*
DONE (t=0.02s).
Accumulating evaluation results...
DONE (t=0.01s).
 Average Precision  (AP) @[ IoU=0.50:0.95 | area=   all | maxDets=100 ] = 0.669
 Average Precision  (AP) @[ IoU=0.50      | area=   all | maxDets=100 ] = 0.927
 Average Precision  (AP) @[ IoU=0.75      | area=   all | maxDets=100 ] = 0.830
 Average Precision  (AP) @[ IoU=0.50:0.95 | area= small | maxDets=100 ] = -1.000
 Average Precision  (AP) @[ IoU=0.50:0.95 | area=medium | maxDets=100 ] = 0.557
 Average Precision  (AP) @[ IoU=0.50:0.95 | area= large | maxDets=100 ] = 0.688
 Average Recall     (AR) @[ IoU=0.50:0.95 | area=   all | maxDets=  1 ] = 0.711
 Average Recall     (AR) @[ IoU=0.50:0.95 | area=   all | maxDets= 10 ] = 0.724
 Average Recall     (AR) @[ IoU=0.50:0.95 | area=   all | maxDets=100 ] = 0.724
 Average Recall     (AR) @[ IoU=0.50:0.95 | area= small | maxDets=100 ] = -1.000
 Average Recall     (AR) @[ IoU=0.50:0.95 | area=medium | maxDets=100 ] = 0.570
 Average Recall     (AR) @[ IoU=0.50:0.95 | area= large | maxDets=100 ] = 0.743
[08/15 07:11:59 d2.evaluation.coco_evaluation]: Evaluation results for bbox: 
|   AP   |  AP50  |  AP75  |  APs  |  APm   |  APl   |
|:------:|:------:|:------:|:-----:|:------:|:------:|
| 66.860 | 92.727 | 83.026 |  nan  | 55.722 | 68.763 |
[08/15 07:11:59 d2.evaluation.coco_evaluation]: Some metrics cannot be computed and is shown as NaN.
Loading and preparing results...
DONE (t=0.00s)
creating index...
index created!
Running per image evaluation...
Evaluate annotation type *segm*
DONE (t=0.02s).
Accumulating evaluation results...
DONE (t=0.01s).
 Average Precision  (AP) @[ IoU=0.50:0.95 | area=   all | maxDets=100 ] = 0.666
 Average Precision  (AP) @[ IoU=0.50      | area=   all | maxDets=100 ] = 0.907
 Average Precision  (AP) @[ IoU=0.75      | area=   all | maxDets=100 ] = 0.818
 Average Precision  (AP) @[ IoU=0.50:0.95 | area= small | maxDets=100 ] = -1.000
 Average Precision  (AP) @[ IoU=0.50:0.95 | area=medium | maxDets=100 ] = 0.507
 Average Precision  (AP) @[ IoU=0.50:0.95 | area= large | maxDets=100 ] = 0.686
 Average Recall     (AR) @[ IoU=0.50:0.95 | area=   all | maxDets=  1 ] = 0.698
 Average Recall     (AR) @[ IoU=0.50:0.95 | area=   all | maxDets= 10 ] = 0.708
 Average Recall     (AR) @[ IoU=0.50:0.95 | area=   all | maxDets=100 ] = 0.708
 Average Recall     (AR) @[ IoU=0.50:0.95 | area= small | maxDets=100 ] = -1.000
 Average Recall     (AR) @[ IoU=0.50:0.95 | area=medium | maxDets=100 ] = 0.540
 Average Recall     (AR) @[ IoU=0.50:0.95 | area= large | maxDets=100 ] = 0.729
[08/15 07:11:59 d2.evaluation.coco_evaluation]: Evaluation results for segm: 
|   AP   |  AP50  |  AP75  |  APs  |  APm   |  APl   |
|:------:|:------:|:------:|:-----:|:------:|:------:|
| 66.567 | 90.733 | 81.848 |  nan  | 50.656 | 68.608 |
[08/15 07:11:59 d2.evaluation.coco_evaluation]: Some metrics cannot be computed and is shown as NaN.
[Iter 2 AP] → mAP@[.5:.95] = 66.567
[08/15 07:11:59 d2.data.datasets.coco]: Loaded 89 images in COCO format from /projects/PUCHALLA/LLP2024/tumor-segmentation/data/processed_data/rgb/test/images/test.json
[08/15 07:11:59 d2.data.datasets.coco]: Loaded 89 images in COCO format from /projects/PUCHALLA/LLP2024/tumor-segmentation/data/processed_data/rgb/test/images/test.json
[08/15 07:11:59 d2.data.dataset_mapper]: [DatasetMapper] Augmentations used in inference: [ResizeShortestEdge(short_edge_length=(800, 800), max_size=1333, sample_style='choice')]
[08/15 07:11:59 d2.data.common]: Serializing the dataset using: <class 'detectron2.data.common._TorchSerializedList'>
[08/15 07:11:59 d2.data.common]: Serializing 89 elements to byte tensors and concatenating them all ...
[08/15 07:11:59 d2.data.common]: Serialized dataset takes 0.07 MiB
[08/15 07:11:59 d2.evaluation.evaluator]: Start inference on 89 batches
[08/15 07:12:01 d2.evaluation.evaluator]: Total inference time: 0:00:02.096652 (0.024960 s / iter per device, on 1 devices)
[08/15 07:12:01 d2.evaluation.evaluator]: Total inference pure compute time: 0:00:02 (0.023828 s / iter per device, on 1 devices)
[08/15 07:12:03 d2.utils.events]:  eta: 0:05:32  iter: 619  total_loss: 0.2376  loss_cls: 0.02214  loss_box_reg: 0.05802  loss_mask: 0.1412  loss_rpn_cls: 2.749e-05  loss_rpn_loc: 0.003182    time: 0.0762  last_time: 0.0750  data_time: 0.0021  last_data_time: 0.0020   lr: 0.00039819  max_mem: 1657M
[08/15 07:12:04 d2.utils.events]:  eta: 0:05:30  iter: 639  total_loss: 0.239  loss_cls: 0.0254  loss_box_reg: 0.06155  loss_mask: 0.1424  loss_rpn_cls: 9.659e-06  loss_rpn_loc: 0.003121    time: 0.0762  last_time: 0.0755  data_time: 0.0021  last_data_time: 0.0020   lr: 0.00040944  max_mem: 1657M
[08/15 07:12:06 d2.utils.events]:  eta: 0:05:29  iter: 659  total_loss: 0.2112  loss_cls: 0.02248  loss_box_reg: 0.05204  loss_mask: 0.1335  loss_rpn_cls: 2.144e-06  loss_rpn_loc: 0.003004    time: 0.0762  last_time: 0.0747  data_time: 0.0024  last_data_time: 0.0030   lr: 0.00042069  max_mem: 1657M
[08/15 07:12:07 d2.utils.events]:  eta: 0:05:27  iter: 679  total_loss: 0.2325  loss_cls: 0.02224  loss_box_reg: 0.06068  loss_mask: 0.1436  loss_rpn_cls: 2.247e-05  loss_rpn_loc: 0.004035    time: 0.0762  last_time: 0.0803  data_time: 0.0025  last_data_time: 0.0020   lr: 0.00043194  max_mem: 1657M
[08/15 07:12:09 d2.utils.events]:  eta: 0:05:26  iter: 699  total_loss: 0.2398  loss_cls: 0.02396  loss_box_reg: 0.0543  loss_mask: 0.1445  loss_rpn_cls: 1.288e-05  loss_rpn_loc: 0.002497    time: 0.0762  last_time: 0.0766  data_time: 0.0021  last_data_time: 0.0021   lr: 0.00044319  max_mem: 1657M
[08/15 07:12:09 d2.evaluation.coco_evaluation]: Fast COCO eval is not built. Falling back to official COCO eval.
[08/15 07:12:09 d2.data.datasets.coco]: Loaded 89 images in COCO format from /projects/PUCHALLA/LLP2024/tumor-segmentation/data/processed_data/rgb/test/images/test.json
[08/15 07:12:09 d2.data.dataset_mapper]: [DatasetMapper] Augmentations used in inference: [ResizeShortestEdge(short_edge_length=(800, 800), max_size=1333, sample_style='choice')]
[08/15 07:12:09 d2.data.common]: Serializing the dataset using: <class 'detectron2.data.common._TorchSerializedList'>
[08/15 07:12:09 d2.data.common]: Serializing 89 elements to byte tensors and concatenating them all ...
[08/15 07:12:09 d2.data.common]: Serialized dataset takes 0.07 MiB
[08/15 07:12:09 d2.evaluation.evaluator]: Start inference on 89 batches
[08/15 07:12:09 d2.evaluation.evaluator]: Inference done 11/89. Dataloading: 0.0004 s/iter. Inference: 0.0235 s/iter. Eval: 0.0003 s/iter. Total: 0.0242 s/iter. ETA=0:00:01
[08/15 07:12:11 d2.evaluation.evaluator]: Total inference time: 0:00:02.057951 (0.024499 s / iter per device, on 1 devices)
[08/15 07:12:11 d2.evaluation.evaluator]: Total inference pure compute time: 0:00:01 (0.023358 s / iter per device, on 1 devices)
[08/15 07:12:11 d2.evaluation.coco_evaluation]: Preparing results for COCO format ...
[08/15 07:12:11 d2.evaluation.coco_evaluation]: Saving results to ../../../../../models/rgb-testing/rgb-5000-1/coco_instances_results.json
[08/15 07:12:11 d2.evaluation.coco_evaluation]: Evaluating predictions with official COCO API...
Loading and preparing results...
DONE (t=0.00s)
creating index...
index created!
Running per image evaluation...
Evaluate annotation type *bbox*
DONE (t=0.01s).
Accumulating evaluation results...
DONE (t=0.01s).
 Average Precision  (AP) @[ IoU=0.50:0.95 | area=   all | maxDets=100 ] = 0.709
 Average Precision  (AP) @[ IoU=0.50      | area=   all | maxDets=100 ] = 0.940
 Average Precision  (AP) @[ IoU=0.75      | area=   all | maxDets=100 ] = 0.889
 Average Precision  (AP) @[ IoU=0.50:0.95 | area= small | maxDets=100 ] = -1.000
 Average Precision  (AP) @[ IoU=0.50:0.95 | area=medium | maxDets=100 ] = 0.543
 Average Precision  (AP) @[ IoU=0.50:0.95 | area= large | maxDets=100 ] = 0.731
 Average Recall     (AR) @[ IoU=0.50:0.95 | area=   all | maxDets=  1 ] = 0.746
 Average Recall     (AR) @[ IoU=0.50:0.95 | area=   all | maxDets= 10 ] = 0.752
 Average Recall     (AR) @[ IoU=0.50:0.95 | area=   all | maxDets=100 ] = 0.752
 Average Recall     (AR) @[ IoU=0.50:0.95 | area= small | maxDets=100 ] = -1.000
 Average Recall     (AR) @[ IoU=0.50:0.95 | area=medium | maxDets=100 ] = 0.560
 Average Recall     (AR) @[ IoU=0.50:0.95 | area= large | maxDets=100 ] = 0.776
[08/15 07:12:11 d2.evaluation.coco_evaluation]: Evaluation results for bbox: 
|   AP   |  AP50  |  AP75  |  APs  |  APm   |  APl   |
|:------:|:------:|:------:|:-----:|:------:|:------:|
| 70.872 | 94.039 | 88.897 |  nan  | 54.263 | 73.114 |
[08/15 07:12:11 d2.evaluation.coco_evaluation]: Some metrics cannot be computed and is shown as NaN.
Loading and preparing results...
DONE (t=0.00s)
creating index...
index created!
Running per image evaluation...
Evaluate annotation type *segm*
DONE (t=0.02s).
Accumulating evaluation results...
DONE (t=0.01s).
 Average Precision  (AP) @[ IoU=0.50:0.95 | area=   all | maxDets=100 ] = 0.727
 Average Precision  (AP) @[ IoU=0.50      | area=   all | maxDets=100 ] = 0.940
 Average Precision  (AP) @[ IoU=0.75      | area=   all | maxDets=100 ] = 0.910
 Average Precision  (AP) @[ IoU=0.50:0.95 | area= small | maxDets=100 ] = -1.000
 Average Precision  (AP) @[ IoU=0.50:0.95 | area=medium | maxDets=100 ] = 0.531
 Average Precision  (AP) @[ IoU=0.50:0.95 | area= large | maxDets=100 ] = 0.751
 Average Recall     (AR) @[ IoU=0.50:0.95 | area=   all | maxDets=  1 ] = 0.756
 Average Recall     (AR) @[ IoU=0.50:0.95 | area=   all | maxDets= 10 ] = 0.763
 Average Recall     (AR) @[ IoU=0.50:0.95 | area=   all | maxDets=100 ] = 0.763
 Average Recall     (AR) @[ IoU=0.50:0.95 | area= small | maxDets=100 ] = -1.000
 Average Recall     (AR) @[ IoU=0.50:0.95 | area=medium | maxDets=100 ] = 0.550
 Average Recall     (AR) @[ IoU=0.50:0.95 | area= large | maxDets=100 ] = 0.790
[08/15 07:12:11 d2.evaluation.coco_evaluation]: Evaluation results for segm: 
|   AP   |  AP50  |  AP75  |  APs  |  APm   |  APl   |
|:------:|:------:|:------:|:-----:|:------:|:------:|
| 72.661 | 94.039 | 91.008 |  nan  | 53.057 | 75.115 |
[08/15 07:12:11 d2.evaluation.coco_evaluation]: Some metrics cannot be computed and is shown as NaN.
[Iter 2 AP] → mAP@[.5:.95] = 72.661
[08/15 07:12:11 d2.data.datasets.coco]: Loaded 89 images in COCO format from /projects/PUCHALLA/LLP2024/tumor-segmentation/data/processed_data/rgb/test/images/test.json
[08/15 07:12:11 d2.data.datasets.coco]: Loaded 89 images in COCO format from /projects/PUCHALLA/LLP2024/tumor-segmentation/data/processed_data/rgb/test/images/test.json
[08/15 07:12:11 d2.data.dataset_mapper]: [DatasetMapper] Augmentations used in inference: [ResizeShortestEdge(short_edge_length=(800, 800), max_size=1333, sample_style='choice')]
[08/15 07:12:11 d2.data.common]: Serializing the dataset using: <class 'detectron2.data.common._TorchSerializedList'>
[08/15 07:12:11 d2.data.common]: Serializing 89 elements to byte tensors and concatenating them all ...
[08/15 07:12:11 d2.data.common]: Serialized dataset takes 0.07 MiB
[08/15 07:12:11 d2.evaluation.evaluator]: Start inference on 89 batches
[08/15 07:12:13 d2.evaluation.evaluator]: Total inference time: 0:00:02.058670 (0.024508 s / iter per device, on 1 devices)
[08/15 07:12:13 d2.evaluation.evaluator]: Total inference pure compute time: 0:00:01 (0.023371 s / iter per device, on 1 devices)
[08/15 07:12:15 d2.utils.events]:  eta: 0:05:25  iter: 719  total_loss: 0.1948  loss_cls: 0.02126  loss_box_reg: 0.04919  loss_mask: 0.1176  loss_rpn_cls: 8.168e-06  loss_rpn_loc: 0.002457    time: 0.0763  last_time: 0.0716  data_time: 0.0021  last_data_time: 0.0020   lr: 0.00045444  max_mem: 1657M
[08/15 07:12:16 d2.utils.events]:  eta: 0:05:23  iter: 739  total_loss: 0.251  loss_cls: 0.02769  loss_box_reg: 0.06549  loss_mask: 0.1528  loss_rpn_cls: 2.138e-05  loss_rpn_loc: 0.003159    time: 0.0763  last_time: 0.0753  data_time: 0.0021  last_data_time: 0.0021   lr: 0.00046569  max_mem: 1657M
[08/15 07:12:18 d2.utils.events]:  eta: 0:05:22  iter: 759  total_loss: 0.1908  loss_cls: 0.02115  loss_box_reg: 0.05531  loss_mask: 0.1295  loss_rpn_cls: 1.634e-05  loss_rpn_loc: 0.002518    time: 0.0763  last_time: 0.0754  data_time: 0.0020  last_data_time: 0.0020   lr: 0.00047694  max_mem: 1665M
[08/15 07:12:20 d2.utils.events]:  eta: 0:05:20  iter: 779  total_loss: 0.235  loss_cls: 0.02357  loss_box_reg: 0.05502  loss_mask: 0.1432  loss_rpn_cls: 1.822e-05  loss_rpn_loc: 0.00268    time: 0.0763  last_time: 0.0797  data_time: 0.0021  last_data_time: 0.0020   lr: 0.00048819  max_mem: 1665M
[08/15 07:12:21 d2.utils.events]:  eta: 0:05:19  iter: 799  total_loss: 0.235  loss_cls: 0.02457  loss_box_reg: 0.05636  loss_mask: 0.1533  loss_rpn_cls: 1.145e-05  loss_rpn_loc: 0.00231    time: 0.0763  last_time: 0.0754  data_time: 0.0021  last_data_time: 0.0019   lr: 0.00049944  max_mem: 1665M
[08/15 07:12:21 d2.evaluation.coco_evaluation]: Fast COCO eval is not built. Falling back to official COCO eval.
[08/15 07:12:21 d2.data.datasets.coco]: Loaded 89 images in COCO format from /projects/PUCHALLA/LLP2024/tumor-segmentation/data/processed_data/rgb/test/images/test.json
[08/15 07:12:21 d2.data.dataset_mapper]: [DatasetMapper] Augmentations used in inference: [ResizeShortestEdge(short_edge_length=(800, 800), max_size=1333, sample_style='choice')]
[08/15 07:12:21 d2.data.common]: Serializing the dataset using: <class 'detectron2.data.common._TorchSerializedList'>
[08/15 07:12:21 d2.data.common]: Serializing 89 elements to byte tensors and concatenating them all ...
[08/15 07:12:21 d2.data.common]: Serialized dataset takes 0.07 MiB
[08/15 07:12:21 d2.evaluation.evaluator]: Start inference on 89 batches
[08/15 07:12:21 d2.evaluation.evaluator]: Inference done 11/89. Dataloading: 0.0004 s/iter. Inference: 0.0247 s/iter. Eval: 0.0003 s/iter. Total: 0.0255 s/iter. ETA=0:00:01
[08/15 07:12:23 d2.evaluation.evaluator]: Total inference time: 0:00:02.083067 (0.024798 s / iter per device, on 1 devices)
[08/15 07:12:23 d2.evaluation.evaluator]: Total inference pure compute time: 0:00:01 (0.023660 s / iter per device, on 1 devices)
[08/15 07:12:23 d2.evaluation.coco_evaluation]: Preparing results for COCO format ...
[08/15 07:12:23 d2.evaluation.coco_evaluation]: Saving results to ../../../../../models/rgb-testing/rgb-5000-1/coco_instances_results.json
[08/15 07:12:23 d2.evaluation.coco_evaluation]: Evaluating predictions with official COCO API...
Loading and preparing results...
DONE (t=0.00s)
creating index...
index created!
Running per image evaluation...
Evaluate annotation type *bbox*
DONE (t=0.01s).
Accumulating evaluation results...
DONE (t=0.01s).
 Average Precision  (AP) @[ IoU=0.50:0.95 | area=   all | maxDets=100 ] = 0.704
 Average Precision  (AP) @[ IoU=0.50      | area=   all | maxDets=100 ] = 0.942
 Average Precision  (AP) @[ IoU=0.75      | area=   all | maxDets=100 ] = 0.896
 Average Precision  (AP) @[ IoU=0.50:0.95 | area= small | maxDets=100 ] = -1.000
 Average Precision  (AP) @[ IoU=0.50:0.95 | area=medium | maxDets=100 ] = 0.540
 Average Precision  (AP) @[ IoU=0.50:0.95 | area= large | maxDets=100 ] = 0.723
 Average Recall     (AR) @[ IoU=0.50:0.95 | area=   all | maxDets=  1 ] = 0.756
 Average Recall     (AR) @[ IoU=0.50:0.95 | area=   all | maxDets= 10 ] = 0.758
 Average Recall     (AR) @[ IoU=0.50:0.95 | area=   all | maxDets=100 ] = 0.758
 Average Recall     (AR) @[ IoU=0.50:0.95 | area= small | maxDets=100 ] = -1.000
 Average Recall     (AR) @[ IoU=0.50:0.95 | area=medium | maxDets=100 ] = 0.580
 Average Recall     (AR) @[ IoU=0.50:0.95 | area= large | maxDets=100 ] = 0.781
[08/15 07:12:23 d2.evaluation.coco_evaluation]: Evaluation results for bbox: 
|   AP   |  AP50  |  AP75  |  APs  |  APm   |  APl   |
|:------:|:------:|:------:|:-----:|:------:|:------:|
| 70.413 | 94.190 | 89.645 |  nan  | 53.964 | 72.291 |
[08/15 07:12:23 d2.evaluation.coco_evaluation]: Some metrics cannot be computed and is shown as NaN.
Loading and preparing results...
DONE (t=0.00s)
creating index...
index created!
Running per image evaluation...
Evaluate annotation type *segm*
DONE (t=0.02s).
Accumulating evaluation results...
DONE (t=0.01s).
 Average Precision  (AP) @[ IoU=0.50:0.95 | area=   all | maxDets=100 ] = 0.723
 Average Precision  (AP) @[ IoU=0.50      | area=   all | maxDets=100 ] = 0.942
 Average Precision  (AP) @[ IoU=0.75      | area=   all | maxDets=100 ] = 0.877
 Average Precision  (AP) @[ IoU=0.50:0.95 | area= small | maxDets=100 ] = -1.000
 Average Precision  (AP) @[ IoU=0.50:0.95 | area=medium | maxDets=100 ] = 0.509
 Average Precision  (AP) @[ IoU=0.50:0.95 | area= large | maxDets=100 ] = 0.747
 Average Recall     (AR) @[ IoU=0.50:0.95 | area=   all | maxDets=  1 ] = 0.764
 Average Recall     (AR) @[ IoU=0.50:0.95 | area=   all | maxDets= 10 ] = 0.765
 Average Recall     (AR) @[ IoU=0.50:0.95 | area=   all | maxDets=100 ] = 0.765
 Average Recall     (AR) @[ IoU=0.50:0.95 | area= small | maxDets=100 ] = -1.000
 Average Recall     (AR) @[ IoU=0.50:0.95 | area=medium | maxDets=100 ] = 0.580
 Average Recall     (AR) @[ IoU=0.50:0.95 | area= large | maxDets=100 ] = 0.789
[08/15 07:12:23 d2.evaluation.coco_evaluation]: Evaluation results for segm: 
|   AP   |  AP50  |  AP75  |  APs  |  APm   |  APl   |
|:------:|:------:|:------:|:-----:|:------:|:------:|
| 72.317 | 94.190 | 87.664 |  nan  | 50.942 | 74.705 |
[08/15 07:12:23 d2.evaluation.coco_evaluation]: Some metrics cannot be computed and is shown as NaN.
[Iter 2 AP] → mAP@[.5:.95] = 72.317
[08/15 07:12:23 d2.data.datasets.coco]: Loaded 89 images in COCO format from /projects/PUCHALLA/LLP2024/tumor-segmentation/data/processed_data/rgb/test/images/test.json
[08/15 07:12:23 d2.data.datasets.coco]: Loaded 89 images in COCO format from /projects/PUCHALLA/LLP2024/tumor-segmentation/data/processed_data/rgb/test/images/test.json
[08/15 07:12:23 d2.data.dataset_mapper]: [DatasetMapper] Augmentations used in inference: [ResizeShortestEdge(short_edge_length=(800, 800), max_size=1333, sample_style='choice')]
[08/15 07:12:23 d2.data.common]: Serializing the dataset using: <class 'detectron2.data.common._TorchSerializedList'>
[08/15 07:12:23 d2.data.common]: Serializing 89 elements to byte tensors and concatenating them all ...
[08/15 07:12:23 d2.data.common]: Serialized dataset takes 0.07 MiB
[08/15 07:12:23 d2.evaluation.evaluator]: Start inference on 89 batches
[08/15 07:12:26 d2.evaluation.evaluator]: Total inference time: 0:00:02.127180 (0.025324 s / iter per device, on 1 devices)
[08/15 07:12:26 d2.evaluation.evaluator]: Total inference pure compute time: 0:00:02 (0.024205 s / iter per device, on 1 devices)
[08/15 07:12:27 d2.utils.events]:  eta: 0:05:17  iter: 819  total_loss: 0.2153  loss_cls: 0.02317  loss_box_reg: 0.05912  loss_mask: 0.1313  loss_rpn_cls: 6.943e-06  loss_rpn_loc: 0.002356    time: 0.0763  last_time: 0.0729  data_time: 0.0021  last_data_time: 0.0020   lr: 0.0005  max_mem: 1665M
[08/15 07:12:29 d2.utils.events]:  eta: 0:05:16  iter: 839  total_loss: 0.2112  loss_cls: 0.02366  loss_box_reg: 0.05989  loss_mask: 0.1276  loss_rpn_cls: 6.702e-06  loss_rpn_loc: 0.002461    time: 0.0763  last_time: 0.0710  data_time: 0.0021  last_data_time: 0.0020   lr: 0.0005  max_mem: 1665M
[08/15 07:12:30 d2.utils.events]:  eta: 0:05:14  iter: 859  total_loss: 0.22  loss_cls: 0.02383  loss_box_reg: 0.05559  loss_mask: 0.1362  loss_rpn_cls: 1.298e-05  loss_rpn_loc: 0.002274    time: 0.0763  last_time: 0.0704  data_time: 0.0022  last_data_time: 0.0020   lr: 0.0005  max_mem: 1665M
[08/15 07:12:32 d2.utils.events]:  eta: 0:05:13  iter: 879  total_loss: 0.2029  loss_cls: 0.02214  loss_box_reg: 0.05269  loss_mask: 0.1251  loss_rpn_cls: 1.068e-05  loss_rpn_loc: 0.002643    time: 0.0763  last_time: 0.0749  data_time: 0.0021  last_data_time: 0.0020   lr: 0.0005  max_mem: 1665M
[08/15 07:12:33 d2.utils.events]:  eta: 0:05:11  iter: 899  total_loss: 0.2085  loss_cls: 0.01775  loss_box_reg: 0.05588  loss_mask: 0.1292  loss_rpn_cls: 1.495e-05  loss_rpn_loc: 0.002457    time: 0.0764  last_time: 0.0803  data_time: 0.0021  last_data_time: 0.0021   lr: 0.0005  max_mem: 1665M
[08/15 07:12:34 d2.evaluation.coco_evaluation]: Fast COCO eval is not built. Falling back to official COCO eval.
[08/15 07:12:34 d2.data.datasets.coco]: Loaded 89 images in COCO format from /projects/PUCHALLA/LLP2024/tumor-segmentation/data/processed_data/rgb/test/images/test.json
[08/15 07:12:34 d2.data.dataset_mapper]: [DatasetMapper] Augmentations used in inference: [ResizeShortestEdge(short_edge_length=(800, 800), max_size=1333, sample_style='choice')]
[08/15 07:12:34 d2.data.common]: Serializing the dataset using: <class 'detectron2.data.common._TorchSerializedList'>
[08/15 07:12:34 d2.data.common]: Serializing 89 elements to byte tensors and concatenating them all ...
[08/15 07:12:34 d2.data.common]: Serialized dataset takes 0.07 MiB
[08/15 07:12:34 d2.evaluation.evaluator]: Start inference on 89 batches
[08/15 07:12:34 d2.evaluation.evaluator]: Inference done 11/89. Dataloading: 0.0004 s/iter. Inference: 0.0235 s/iter. Eval: 0.0003 s/iter. Total: 0.0242 s/iter. ETA=0:00:01
[08/15 07:12:36 d2.evaluation.evaluator]: Total inference time: 0:00:02.082452 (0.024791 s / iter per device, on 1 devices)
[08/15 07:12:36 d2.evaluation.evaluator]: Total inference pure compute time: 0:00:01 (0.023649 s / iter per device, on 1 devices)
[08/15 07:12:36 d2.evaluation.coco_evaluation]: Preparing results for COCO format ...
[08/15 07:12:36 d2.evaluation.coco_evaluation]: Saving results to ../../../../../models/rgb-testing/rgb-5000-1/coco_instances_results.json
[08/15 07:12:36 d2.evaluation.coco_evaluation]: Evaluating predictions with official COCO API...
Loading and preparing results...
DONE (t=0.00s)
creating index...
index created!
Running per image evaluation...
Evaluate annotation type *bbox*
DONE (t=0.01s).
Accumulating evaluation results...
DONE (t=0.01s).
 Average Precision  (AP) @[ IoU=0.50:0.95 | area=   all | maxDets=100 ] = 0.716
 Average Precision  (AP) @[ IoU=0.50      | area=   all | maxDets=100 ] = 0.937
 Average Precision  (AP) @[ IoU=0.75      | area=   all | maxDets=100 ] = 0.905
 Average Precision  (AP) @[ IoU=0.50:0.95 | area= small | maxDets=100 ] = -1.000
 Average Precision  (AP) @[ IoU=0.50:0.95 | area=medium | maxDets=100 ] = 0.577
 Average Precision  (AP) @[ IoU=0.50:0.95 | area= large | maxDets=100 ] = 0.735
 Average Recall     (AR) @[ IoU=0.50:0.95 | area=   all | maxDets=  1 ] = 0.764
 Average Recall     (AR) @[ IoU=0.50:0.95 | area=   all | maxDets= 10 ] = 0.770
 Average Recall     (AR) @[ IoU=0.50:0.95 | area=   all | maxDets=100 ] = 0.770
 Average Recall     (AR) @[ IoU=0.50:0.95 | area= small | maxDets=100 ] = -1.000
 Average Recall     (AR) @[ IoU=0.50:0.95 | area=medium | maxDets=100 ] = 0.580
 Average Recall     (AR) @[ IoU=0.50:0.95 | area= large | maxDets=100 ] = 0.794
[08/15 07:12:36 d2.evaluation.coco_evaluation]: Evaluation results for bbox: 
|   AP   |  AP50  |  AP75  |  APs  |  APm   |  APl   |
|:------:|:------:|:------:|:-----:|:------:|:------:|
| 71.608 | 93.720 | 90.476 |  nan  | 57.673 | 73.518 |
[08/15 07:12:36 d2.evaluation.coco_evaluation]: Some metrics cannot be computed and is shown as NaN.
Loading and preparing results...
DONE (t=0.00s)
creating index...
index created!
Running per image evaluation...
Evaluate annotation type *segm*
DONE (t=0.02s).
Accumulating evaluation results...
DONE (t=0.01s).
 Average Precision  (AP) @[ IoU=0.50:0.95 | area=   all | maxDets=100 ] = 0.726
 Average Precision  (AP) @[ IoU=0.50      | area=   all | maxDets=100 ] = 0.937
 Average Precision  (AP) @[ IoU=0.75      | area=   all | maxDets=100 ] = 0.905
 Average Precision  (AP) @[ IoU=0.50:0.95 | area= small | maxDets=100 ] = -1.000
 Average Precision  (AP) @[ IoU=0.50:0.95 | area=medium | maxDets=100 ] = 0.539
 Average Precision  (AP) @[ IoU=0.50:0.95 | area= large | maxDets=100 ] = 0.749
 Average Recall     (AR) @[ IoU=0.50:0.95 | area=   all | maxDets=  1 ] = 0.766
 Average Recall     (AR) @[ IoU=0.50:0.95 | area=   all | maxDets= 10 ] = 0.772
 Average Recall     (AR) @[ IoU=0.50:0.95 | area=   all | maxDets=100 ] = 0.772
 Average Recall     (AR) @[ IoU=0.50:0.95 | area= small | maxDets=100 ] = -1.000
 Average Recall     (AR) @[ IoU=0.50:0.95 | area=medium | maxDets=100 ] = 0.560
 Average Recall     (AR) @[ IoU=0.50:0.95 | area= large | maxDets=100 ] = 0.799
[08/15 07:12:36 d2.evaluation.coco_evaluation]: Evaluation results for segm: 
|   AP   |  AP50  |  AP75  |  APs  |  APm   |  APl   |
|:------:|:------:|:------:|:-----:|:------:|:------:|
| 72.553 | 93.720 | 90.476 |  nan  | 53.937 | 74.888 |
[08/15 07:12:36 d2.evaluation.coco_evaluation]: Some metrics cannot be computed and is shown as NaN.
[Iter 2 AP] → mAP@[.5:.95] = 72.553
[08/15 07:12:36 d2.data.datasets.coco]: Loaded 89 images in COCO format from /projects/PUCHALLA/LLP2024/tumor-segmentation/data/processed_data/rgb/test/images/test.json
[08/15 07:12:36 d2.data.datasets.coco]: Loaded 89 images in COCO format from /projects/PUCHALLA/LLP2024/tumor-segmentation/data/processed_data/rgb/test/images/test.json
[08/15 07:12:36 d2.data.dataset_mapper]: [DatasetMapper] Augmentations used in inference: [ResizeShortestEdge(short_edge_length=(800, 800), max_size=1333, sample_style='choice')]
[08/15 07:12:36 d2.data.common]: Serializing the dataset using: <class 'detectron2.data.common._TorchSerializedList'>
[08/15 07:12:36 d2.data.common]: Serializing 89 elements to byte tensors and concatenating them all ...
[08/15 07:12:36 d2.data.common]: Serialized dataset takes 0.07 MiB
[08/15 07:12:36 d2.evaluation.evaluator]: Start inference on 89 batches
[08/15 07:12:38 d2.evaluation.evaluator]: Total inference time: 0:00:02.129984 (0.025357 s / iter per device, on 1 devices)
[08/15 07:12:38 d2.evaluation.evaluator]: Total inference pure compute time: 0:00:02 (0.024228 s / iter per device, on 1 devices)
[08/15 07:12:40 d2.utils.events]:  eta: 0:05:10  iter: 919  total_loss: 0.2104  loss_cls: 0.02309  loss_box_reg: 0.05045  loss_mask: 0.1306  loss_rpn_cls: 1.607e-05  loss_rpn_loc: 0.002578    time: 0.0764  last_time: 0.0725  data_time: 0.0021  last_data_time: 0.0021   lr: 0.0005  max_mem: 1665M
[08/15 07:12:41 d2.utils.events]:  eta: 0:05:09  iter: 939  total_loss: 0.2084  loss_cls: 0.02105  loss_box_reg: 0.05408  loss_mask: 0.1351  loss_rpn_cls: 2.184e-05  loss_rpn_loc: 0.003332    time: 0.0764  last_time: 0.0769  data_time: 0.0022  last_data_time: 0.0029   lr: 0.0005  max_mem: 1665M
[08/15 07:12:43 d2.utils.events]:  eta: 0:05:07  iter: 959  total_loss: 0.2317  loss_cls: 0.02088  loss_box_reg: 0.05373  loss_mask: 0.141  loss_rpn_cls: 7.664e-06  loss_rpn_loc: 0.00316    time: 0.0764  last_time: 0.0753  data_time: 0.0021  last_data_time: 0.0020   lr: 0.0005  max_mem: 1665M
[08/15 07:12:44 d2.utils.events]:  eta: 0:05:06  iter: 979  total_loss: 0.2569  loss_cls: 0.02111  loss_box_reg: 0.06259  loss_mask: 0.1725  loss_rpn_cls: 1.707e-05  loss_rpn_loc: 0.002916    time: 0.0765  last_time: 0.0733  data_time: 0.0020  last_data_time: 0.0020   lr: 0.0005  max_mem: 1665M
[08/15 07:12:46 d2.utils.events]:  eta: 0:05:04  iter: 999  total_loss: 0.2183  loss_cls: 0.01994  loss_box_reg: 0.0549  loss_mask: 0.1416  loss_rpn_cls: 2.091e-06  loss_rpn_loc: 0.002658    time: 0.0765  last_time: 0.0758  data_time: 0.0021  last_data_time: 0.0020   lr: 0.0005  max_mem: 1665M
[08/15 07:12:46 d2.evaluation.coco_evaluation]: Fast COCO eval is not built. Falling back to official COCO eval.
[08/15 07:12:46 d2.data.datasets.coco]: Loaded 89 images in COCO format from /projects/PUCHALLA/LLP2024/tumor-segmentation/data/processed_data/rgb/test/images/test.json
[08/15 07:12:46 d2.data.dataset_mapper]: [DatasetMapper] Augmentations used in inference: [ResizeShortestEdge(short_edge_length=(800, 800), max_size=1333, sample_style='choice')]
[08/15 07:12:46 d2.data.common]: Serializing the dataset using: <class 'detectron2.data.common._TorchSerializedList'>
[08/15 07:12:46 d2.data.common]: Serializing 89 elements to byte tensors and concatenating them all ...
[08/15 07:12:46 d2.data.common]: Serialized dataset takes 0.07 MiB
[08/15 07:12:46 d2.evaluation.evaluator]: Start inference on 89 batches
[08/15 07:12:46 d2.evaluation.evaluator]: Inference done 11/89. Dataloading: 0.0004 s/iter. Inference: 0.0234 s/iter. Eval: 0.0003 s/iter. Total: 0.0241 s/iter. ETA=0:00:01
[08/15 07:12:48 d2.evaluation.evaluator]: Total inference time: 0:00:02.052837 (0.024439 s / iter per device, on 1 devices)
[08/15 07:12:48 d2.evaluation.evaluator]: Total inference pure compute time: 0:00:01 (0.023297 s / iter per device, on 1 devices)
[08/15 07:12:48 d2.evaluation.coco_evaluation]: Preparing results for COCO format ...
[08/15 07:12:48 d2.evaluation.coco_evaluation]: Saving results to ../../../../../models/rgb-testing/rgb-5000-1/coco_instances_results.json
[08/15 07:12:48 d2.evaluation.coco_evaluation]: Evaluating predictions with official COCO API...
Loading and preparing results...
DONE (t=0.00s)
creating index...
index created!
Running per image evaluation...
Evaluate annotation type *bbox*
DONE (t=0.02s).
Accumulating evaluation results...
DONE (t=0.01s).
 Average Precision  (AP) @[ IoU=0.50:0.95 | area=   all | maxDets=100 ] = 0.715
 Average Precision  (AP) @[ IoU=0.50      | area=   all | maxDets=100 ] = 0.942
 Average Precision  (AP) @[ IoU=0.75      | area=   all | maxDets=100 ] = 0.883
 Average Precision  (AP) @[ IoU=0.50:0.95 | area= small | maxDets=100 ] = -1.000
 Average Precision  (AP) @[ IoU=0.50:0.95 | area=medium | maxDets=100 ] = 0.554
 Average Precision  (AP) @[ IoU=0.50:0.95 | area= large | maxDets=100 ] = 0.737
 Average Recall     (AR) @[ IoU=0.50:0.95 | area=   all | maxDets=  1 ] = 0.763
 Average Recall     (AR) @[ IoU=0.50:0.95 | area=   all | maxDets= 10 ] = 0.766
 Average Recall     (AR) @[ IoU=0.50:0.95 | area=   all | maxDets=100 ] = 0.766
 Average Recall     (AR) @[ IoU=0.50:0.95 | area= small | maxDets=100 ] = -1.000
 Average Recall     (AR) @[ IoU=0.50:0.95 | area=medium | maxDets=100 ] = 0.560
 Average Recall     (AR) @[ IoU=0.50:0.95 | area= large | maxDets=100 ] = 0.792
[08/15 07:12:48 d2.evaluation.coco_evaluation]: Evaluation results for bbox: 
|   AP   |  AP50  |  AP75  |  APs  |  APm   |  APl   |
|:------:|:------:|:------:|:-----:|:------:|:------:|
| 71.464 | 94.209 | 88.323 |  nan  | 55.385 | 73.743 |
[08/15 07:12:48 d2.evaluation.coco_evaluation]: Some metrics cannot be computed and is shown as NaN.
Loading and preparing results...
DONE (t=0.00s)
creating index...
index created!
Running per image evaluation...
Evaluate annotation type *segm*
DONE (t=0.02s).
Accumulating evaluation results...
DONE (t=0.01s).
 Average Precision  (AP) @[ IoU=0.50:0.95 | area=   all | maxDets=100 ] = 0.716
 Average Precision  (AP) @[ IoU=0.50      | area=   all | maxDets=100 ] = 0.942
 Average Precision  (AP) @[ IoU=0.75      | area=   all | maxDets=100 ] = 0.874
 Average Precision  (AP) @[ IoU=0.50:0.95 | area= small | maxDets=100 ] = -1.000
 Average Precision  (AP) @[ IoU=0.50:0.95 | area=medium | maxDets=100 ] = 0.568
 Average Precision  (AP) @[ IoU=0.50:0.95 | area= large | maxDets=100 ] = 0.734
 Average Recall     (AR) @[ IoU=0.50:0.95 | area=   all | maxDets=  1 ] = 0.756
 Average Recall     (AR) @[ IoU=0.50:0.95 | area=   all | maxDets= 10 ] = 0.757
 Average Recall     (AR) @[ IoU=0.50:0.95 | area=   all | maxDets=100 ] = 0.757
 Average Recall     (AR) @[ IoU=0.50:0.95 | area= small | maxDets=100 ] = -1.000
 Average Recall     (AR) @[ IoU=0.50:0.95 | area=medium | maxDets=100 ] = 0.580
 Average Recall     (AR) @[ IoU=0.50:0.95 | area= large | maxDets=100 ] = 0.780
[08/15 07:12:48 d2.evaluation.coco_evaluation]: Evaluation results for segm: 
|   AP   |  AP50  |  AP75  |  APs  |  APm   |  APl   |
|:------:|:------:|:------:|:-----:|:------:|:------:|
| 71.575 | 94.209 | 87.358 |  nan  | 56.828 | 73.442 |
[08/15 07:12:48 d2.evaluation.coco_evaluation]: Some metrics cannot be computed and is shown as NaN.
[Iter 2 AP] → mAP@[.5:.95] = 71.575
[08/15 07:12:48 d2.data.datasets.coco]: Loaded 89 images in COCO format from /projects/PUCHALLA/LLP2024/tumor-segmentation/data/processed_data/rgb/test/images/test.json
[08/15 07:12:48 d2.data.datasets.coco]: Loaded 89 images in COCO format from /projects/PUCHALLA/LLP2024/tumor-segmentation/data/processed_data/rgb/test/images/test.json
[08/15 07:12:48 d2.data.dataset_mapper]: [DatasetMapper] Augmentations used in inference: [ResizeShortestEdge(short_edge_length=(800, 800), max_size=1333, sample_style='choice')]
[08/15 07:12:48 d2.data.common]: Serializing the dataset using: <class 'detectron2.data.common._TorchSerializedList'>
[08/15 07:12:48 d2.data.common]: Serializing 89 elements to byte tensors and concatenating them all ...
[08/15 07:12:48 d2.data.common]: Serialized dataset takes 0.07 MiB
[08/15 07:12:48 d2.evaluation.evaluator]: Start inference on 89 batches
[08/15 07:12:51 d2.evaluation.evaluator]: Total inference time: 0:00:02.063925 (0.024571 s / iter per device, on 1 devices)
[08/15 07:12:51 d2.evaluation.evaluator]: Total inference pure compute time: 0:00:01 (0.023456 s / iter per device, on 1 devices)
[08/15 07:12:52 d2.utils.events]:  eta: 0:05:03  iter: 1019  total_loss: 0.2055  loss_cls: 0.02163  loss_box_reg: 0.05259  loss_mask: 0.1347  loss_rpn_cls: 6.459e-06  loss_rpn_loc: 0.002283    time: 0.0765  last_time: 0.0711  data_time: 0.0021  last_data_time: 0.0020   lr: 0.0005  max_mem: 1665M
[08/15 07:12:54 d2.utils.events]:  eta: 0:05:01  iter: 1039  total_loss: 0.2113  loss_cls: 0.02571  loss_box_reg: 0.05945  loss_mask: 0.1217  loss_rpn_cls: 1.492e-06  loss_rpn_loc: 0.002318    time: 0.0765  last_time: 0.0792  data_time: 0.0020  last_data_time: 0.0020   lr: 0.0005  max_mem: 1665M
[08/15 07:12:55 d2.utils.events]:  eta: 0:05:00  iter: 1059  total_loss: 0.1986  loss_cls: 0.02004  loss_box_reg: 0.05267  loss_mask: 0.1246  loss_rpn_cls: 1.271e-05  loss_rpn_loc: 0.002233    time: 0.0765  last_time: 0.0799  data_time: 0.0020  last_data_time: 0.0020   lr: 0.0005  max_mem: 1665M
[08/15 07:12:57 d2.utils.events]:  eta: 0:04:59  iter: 1079  total_loss: 0.1991  loss_cls: 0.02099  loss_box_reg: 0.04872  loss_mask: 0.1217  loss_rpn_cls: 1.026e-05  loss_rpn_loc: 0.002895    time: 0.0765  last_time: 0.0783  data_time: 0.0021  last_data_time: 0.0021   lr: 0.0005  max_mem: 1665M
[08/15 07:12:58 d2.utils.events]:  eta: 0:04:57  iter: 1099  total_loss: 0.2004  loss_cls: 0.02112  loss_box_reg: 0.05169  loss_mask: 0.1209  loss_rpn_cls: 6.464e-06  loss_rpn_loc: 0.002415    time: 0.0765  last_time: 0.0749  data_time: 0.0021  last_data_time: 0.0020   lr: 0.0005  max_mem: 1665M
[08/15 07:12:58 d2.evaluation.coco_evaluation]: Fast COCO eval is not built. Falling back to official COCO eval.
[08/15 07:12:58 d2.data.datasets.coco]: Loaded 89 images in COCO format from /projects/PUCHALLA/LLP2024/tumor-segmentation/data/processed_data/rgb/test/images/test.json
[08/15 07:12:58 d2.data.dataset_mapper]: [DatasetMapper] Augmentations used in inference: [ResizeShortestEdge(short_edge_length=(800, 800), max_size=1333, sample_style='choice')]
[08/15 07:12:58 d2.data.common]: Serializing the dataset using: <class 'detectron2.data.common._TorchSerializedList'>
[08/15 07:12:58 d2.data.common]: Serializing 89 elements to byte tensors and concatenating them all ...
[08/15 07:12:58 d2.data.common]: Serialized dataset takes 0.07 MiB
[08/15 07:12:58 d2.evaluation.evaluator]: Start inference on 89 batches
[08/15 07:12:59 d2.evaluation.evaluator]: Inference done 11/89. Dataloading: 0.0004 s/iter. Inference: 0.0236 s/iter. Eval: 0.0003 s/iter. Total: 0.0244 s/iter. ETA=0:00:01
[08/15 07:13:01 d2.evaluation.evaluator]: Total inference time: 0:00:02.073319 (0.024682 s / iter per device, on 1 devices)
[08/15 07:13:01 d2.evaluation.evaluator]: Total inference pure compute time: 0:00:01 (0.023550 s / iter per device, on 1 devices)
[08/15 07:13:01 d2.evaluation.coco_evaluation]: Preparing results for COCO format ...
[08/15 07:13:01 d2.evaluation.coco_evaluation]: Saving results to ../../../../../models/rgb-testing/rgb-5000-1/coco_instances_results.json
[08/15 07:13:01 d2.evaluation.coco_evaluation]: Evaluating predictions with official COCO API...
Loading and preparing results...
DONE (t=0.00s)
creating index...
index created!
Running per image evaluation...
Evaluate annotation type *bbox*
DONE (t=0.02s).
Accumulating evaluation results...
DONE (t=0.01s).
 Average Precision  (AP) @[ IoU=0.50:0.95 | area=   all | maxDets=100 ] = 0.716
 Average Precision  (AP) @[ IoU=0.50      | area=   all | maxDets=100 ] = 0.953
 Average Precision  (AP) @[ IoU=0.75      | area=   all | maxDets=100 ] = 0.894
 Average Precision  (AP) @[ IoU=0.50:0.95 | area= small | maxDets=100 ] = -1.000
 Average Precision  (AP) @[ IoU=0.50:0.95 | area=medium | maxDets=100 ] = 0.617
 Average Precision  (AP) @[ IoU=0.50:0.95 | area= large | maxDets=100 ] = 0.731
 Average Recall     (AR) @[ IoU=0.50:0.95 | area=   all | maxDets=  1 ] = 0.767
 Average Recall     (AR) @[ IoU=0.50:0.95 | area=   all | maxDets= 10 ] = 0.767
 Average Recall     (AR) @[ IoU=0.50:0.95 | area=   all | maxDets=100 ] = 0.767
 Average Recall     (AR) @[ IoU=0.50:0.95 | area= small | maxDets=100 ] = -1.000
 Average Recall     (AR) @[ IoU=0.50:0.95 | area=medium | maxDets=100 ] = 0.620
 Average Recall     (AR) @[ IoU=0.50:0.95 | area= large | maxDets=100 ] = 0.786
[08/15 07:13:01 d2.evaluation.coco_evaluation]: Evaluation results for bbox: 
|   AP   |  AP50  |  AP75  |  APs  |  APm   |  APl   |
|:------:|:------:|:------:|:-----:|:------:|:------:|
| 71.618 | 95.271 | 89.416 |  nan  | 61.749 | 73.054 |
[08/15 07:13:01 d2.evaluation.coco_evaluation]: Some metrics cannot be computed and is shown as NaN.
Loading and preparing results...
DONE (t=0.00s)
creating index...
index created!
Running per image evaluation...
Evaluate annotation type *segm*
DONE (t=0.02s).
Accumulating evaluation results...
DONE (t=0.01s).
 Average Precision  (AP) @[ IoU=0.50:0.95 | area=   all | maxDets=100 ] = 0.727
 Average Precision  (AP) @[ IoU=0.50      | area=   all | maxDets=100 ] = 0.953
 Average Precision  (AP) @[ IoU=0.75      | area=   all | maxDets=100 ] = 0.902
 Average Precision  (AP) @[ IoU=0.50:0.95 | area= small | maxDets=100 ] = -1.000
 Average Precision  (AP) @[ IoU=0.50:0.95 | area=medium | maxDets=100 ] = 0.600
 Average Precision  (AP) @[ IoU=0.50:0.95 | area= large | maxDets=100 ] = 0.742
 Average Recall     (AR) @[ IoU=0.50:0.95 | area=   all | maxDets=  1 ] = 0.769
 Average Recall     (AR) @[ IoU=0.50:0.95 | area=   all | maxDets= 10 ] = 0.769
 Average Recall     (AR) @[ IoU=0.50:0.95 | area=   all | maxDets=100 ] = 0.769
 Average Recall     (AR) @[ IoU=0.50:0.95 | area= small | maxDets=100 ] = -1.000
 Average Recall     (AR) @[ IoU=0.50:0.95 | area=medium | maxDets=100 ] = 0.630
 Average Recall     (AR) @[ IoU=0.50:0.95 | area= large | maxDets=100 ] = 0.786
[08/15 07:13:01 d2.evaluation.coco_evaluation]: Evaluation results for segm: 
|   AP   |  AP50  |  AP75  |  APs  |  APm   |  APl   |
|:------:|:------:|:------:|:-----:|:------:|:------:|
| 72.746 | 95.271 | 90.222 |  nan  | 59.996 | 74.155 |
[08/15 07:13:01 d2.evaluation.coco_evaluation]: Some metrics cannot be computed and is shown as NaN.
[Iter 2 AP] → mAP@[.5:.95] = 72.746
[08/15 07:13:01 d2.data.datasets.coco]: Loaded 89 images in COCO format from /projects/PUCHALLA/LLP2024/tumor-segmentation/data/processed_data/rgb/test/images/test.json
[08/15 07:13:01 d2.data.datasets.coco]: Loaded 89 images in COCO format from /projects/PUCHALLA/LLP2024/tumor-segmentation/data/processed_data/rgb/test/images/test.json
[08/15 07:13:01 d2.data.dataset_mapper]: [DatasetMapper] Augmentations used in inference: [ResizeShortestEdge(short_edge_length=(800, 800), max_size=1333, sample_style='choice')]
[08/15 07:13:01 d2.data.common]: Serializing the dataset using: <class 'detectron2.data.common._TorchSerializedList'>
[08/15 07:13:01 d2.data.common]: Serializing 89 elements to byte tensors and concatenating them all ...
[08/15 07:13:01 d2.data.common]: Serialized dataset takes 0.07 MiB
[08/15 07:13:01 d2.evaluation.evaluator]: Start inference on 89 batches
[08/15 07:13:03 d2.evaluation.evaluator]: Total inference time: 0:00:02.071369 (0.024659 s / iter per device, on 1 devices)
[08/15 07:13:03 d2.evaluation.evaluator]: Total inference pure compute time: 0:00:01 (0.023520 s / iter per device, on 1 devices)
[08/15 07:13:04 d2.utils.events]:  eta: 0:04:56  iter: 1119  total_loss: 0.21  loss_cls: 0.0187  loss_box_reg: 0.05312  loss_mask: 0.1336  loss_rpn_cls: 8.523e-06  loss_rpn_loc: 0.002092    time: 0.0765  last_time: 0.0835  data_time: 0.0023  last_data_time: 0.0021   lr: 0.0005  max_mem: 1665M
[08/15 07:13:06 d2.utils.events]:  eta: 0:04:55  iter: 1139  total_loss: 0.1912  loss_cls: 0.01963  loss_box_reg: 0.04731  loss_mask: 0.1191  loss_rpn_cls: 4.053e-06  loss_rpn_loc: 0.002616    time: 0.0765  last_time: 0.0766  data_time: 0.0021  last_data_time: 0.0020   lr: 0.0005  max_mem: 1665M
[08/15 07:13:07 d2.utils.events]:  eta: 0:04:53  iter: 1159  total_loss: 0.2433  loss_cls: 0.02271  loss_box_reg: 0.0533  loss_mask: 0.1489  loss_rpn_cls: 8.2e-06  loss_rpn_loc: 0.00242    time: 0.0765  last_time: 0.0756  data_time: 0.0021  last_data_time: 0.0020   lr: 0.0005  max_mem: 1665M
[08/15 07:13:09 d2.utils.events]:  eta: 0:04:51  iter: 1179  total_loss: 0.2192  loss_cls: 0.02153  loss_box_reg: 0.05514  loss_mask: 0.1279  loss_rpn_cls: 1.635e-06  loss_rpn_loc: 0.002651    time: 0.0765  last_time: 0.0775  data_time: 0.0021  last_data_time: 0.0021   lr: 0.0005  max_mem: 1665M
[08/15 07:13:11 d2.utils.events]:  eta: 0:04:50  iter: 1199  total_loss: 0.2069  loss_cls: 0.01963  loss_box_reg: 0.0556  loss_mask: 0.1313  loss_rpn_cls: 1.041e-05  loss_rpn_loc: 0.002961    time: 0.0765  last_time: 0.0711  data_time: 0.0021  last_data_time: 0.0020   lr: 0.0005  max_mem: 1665M
[08/15 07:13:11 d2.evaluation.coco_evaluation]: Fast COCO eval is not built. Falling back to official COCO eval.
[08/15 07:13:11 d2.data.datasets.coco]: Loaded 89 images in COCO format from /projects/PUCHALLA/LLP2024/tumor-segmentation/data/processed_data/rgb/test/images/test.json
[08/15 07:13:11 d2.data.dataset_mapper]: [DatasetMapper] Augmentations used in inference: [ResizeShortestEdge(short_edge_length=(800, 800), max_size=1333, sample_style='choice')]
[08/15 07:13:11 d2.data.common]: Serializing the dataset using: <class 'detectron2.data.common._TorchSerializedList'>
[08/15 07:13:11 d2.data.common]: Serializing 89 elements to byte tensors and concatenating them all ...
[08/15 07:13:11 d2.data.common]: Serialized dataset takes 0.07 MiB
[08/15 07:13:11 d2.evaluation.evaluator]: Start inference on 89 batches
[08/15 07:13:11 d2.evaluation.evaluator]: Inference done 11/89. Dataloading: 0.0004 s/iter. Inference: 0.0234 s/iter. Eval: 0.0003 s/iter. Total: 0.0241 s/iter. ETA=0:00:01
[08/15 07:13:13 d2.evaluation.evaluator]: Total inference time: 0:00:02.052481 (0.024434 s / iter per device, on 1 devices)
[08/15 07:13:13 d2.evaluation.evaluator]: Total inference pure compute time: 0:00:01 (0.023299 s / iter per device, on 1 devices)
[08/15 07:13:13 d2.evaluation.coco_evaluation]: Preparing results for COCO format ...
[08/15 07:13:13 d2.evaluation.coco_evaluation]: Saving results to ../../../../../models/rgb-testing/rgb-5000-1/coco_instances_results.json
[08/15 07:13:13 d2.evaluation.coco_evaluation]: Evaluating predictions with official COCO API...
Loading and preparing results...
DONE (t=0.00s)
creating index...
index created!
Running per image evaluation...
Evaluate annotation type *bbox*
DONE (t=0.01s).
Accumulating evaluation results...
DONE (t=0.01s).
 Average Precision  (AP) @[ IoU=0.50:0.95 | area=   all | maxDets=100 ] = 0.732
 Average Precision  (AP) @[ IoU=0.50      | area=   all | maxDets=100 ] = 0.952
 Average Precision  (AP) @[ IoU=0.75      | area=   all | maxDets=100 ] = 0.883
 Average Precision  (AP) @[ IoU=0.50:0.95 | area= small | maxDets=100 ] = -1.000
 Average Precision  (AP) @[ IoU=0.50:0.95 | area=medium | maxDets=100 ] = 0.573
 Average Precision  (AP) @[ IoU=0.50:0.95 | area= large | maxDets=100 ] = 0.755
 Average Recall     (AR) @[ IoU=0.50:0.95 | area=   all | maxDets=  1 ] = 0.773
 Average Recall     (AR) @[ IoU=0.50:0.95 | area=   all | maxDets= 10 ] = 0.776
 Average Recall     (AR) @[ IoU=0.50:0.95 | area=   all | maxDets=100 ] = 0.776
 Average Recall     (AR) @[ IoU=0.50:0.95 | area= small | maxDets=100 ] = -1.000
 Average Recall     (AR) @[ IoU=0.50:0.95 | area=medium | maxDets=100 ] = 0.570
 Average Recall     (AR) @[ IoU=0.50:0.95 | area= large | maxDets=100 ] = 0.803
[08/15 07:13:13 d2.evaluation.coco_evaluation]: Evaluation results for bbox: 
|   AP   |  AP50  |  AP75  |  APs  |  APm   |  APl   |
|:------:|:------:|:------:|:-----:|:------:|:------:|
| 73.178 | 95.153 | 88.264 |  nan  | 57.327 | 75.534 |
[08/15 07:13:13 d2.evaluation.coco_evaluation]: Some metrics cannot be computed and is shown as NaN.
Loading and preparing results...
DONE (t=0.00s)
creating index...
index created!
Running per image evaluation...
Evaluate annotation type *segm*
DONE (t=0.02s).
Accumulating evaluation results...
DONE (t=0.01s).
 Average Precision  (AP) @[ IoU=0.50:0.95 | area=   all | maxDets=100 ] = 0.736
 Average Precision  (AP) @[ IoU=0.50      | area=   all | maxDets=100 ] = 0.941
 Average Precision  (AP) @[ IoU=0.75      | area=   all | maxDets=100 ] = 0.883
 Average Precision  (AP) @[ IoU=0.50:0.95 | area= small | maxDets=100 ] = -1.000
 Average Precision  (AP) @[ IoU=0.50:0.95 | area=medium | maxDets=100 ] = 0.573
 Average Precision  (AP) @[ IoU=0.50:0.95 | area= large | maxDets=100 ] = 0.759
 Average Recall     (AR) @[ IoU=0.50:0.95 | area=   all | maxDets=  1 ] = 0.770
 Average Recall     (AR) @[ IoU=0.50:0.95 | area=   all | maxDets= 10 ] = 0.772
 Average Recall     (AR) @[ IoU=0.50:0.95 | area=   all | maxDets=100 ] = 0.772
 Average Recall     (AR) @[ IoU=0.50:0.95 | area= small | maxDets=100 ] = -1.000
 Average Recall     (AR) @[ IoU=0.50:0.95 | area=medium | maxDets=100 ] = 0.570
 Average Recall     (AR) @[ IoU=0.50:0.95 | area= large | maxDets=100 ] = 0.797
[08/15 07:13:13 d2.evaluation.coco_evaluation]: Evaluation results for segm: 
|   AP   |  AP50  |  AP75  |  APs  |  APm   |  APl   |
|:------:|:------:|:------:|:-----:|:------:|:------:|
| 73.561 | 94.142 | 88.264 |  nan  | 57.327 | 75.918 |
[08/15 07:13:13 d2.evaluation.coco_evaluation]: Some metrics cannot be computed and is shown as NaN.
[Iter 2 AP] → mAP@[.5:.95] = 73.561
[08/15 07:13:13 d2.data.datasets.coco]: Loaded 89 images in COCO format from /projects/PUCHALLA/LLP2024/tumor-segmentation/data/processed_data/rgb/test/images/test.json
[08/15 07:13:13 d2.data.datasets.coco]: Loaded 89 images in COCO format from /projects/PUCHALLA/LLP2024/tumor-segmentation/data/processed_data/rgb/test/images/test.json
[08/15 07:13:13 d2.data.dataset_mapper]: [DatasetMapper] Augmentations used in inference: [ResizeShortestEdge(short_edge_length=(800, 800), max_size=1333, sample_style='choice')]
[08/15 07:13:13 d2.data.common]: Serializing the dataset using: <class 'detectron2.data.common._TorchSerializedList'>
[08/15 07:13:13 d2.data.common]: Serializing 89 elements to byte tensors and concatenating them all ...
[08/15 07:13:13 d2.data.common]: Serialized dataset takes 0.07 MiB
[08/15 07:13:13 d2.evaluation.evaluator]: Start inference on 89 batches
[08/15 07:13:15 d2.evaluation.evaluator]: Total inference time: 0:00:02.049736 (0.024402 s / iter per device, on 1 devices)
[08/15 07:13:15 d2.evaluation.evaluator]: Total inference pure compute time: 0:00:01 (0.023276 s / iter per device, on 1 devices)
[08/15 07:13:17 d2.utils.events]:  eta: 0:04:49  iter: 1219  total_loss: 0.199  loss_cls: 0.02158  loss_box_reg: 0.05473  loss_mask: 0.1269  loss_rpn_cls: 1.034e-05  loss_rpn_loc: 0.002449    time: 0.0765  last_time: 0.0775  data_time: 0.0021  last_data_time: 0.0019   lr: 0.0005  max_mem: 1665M
[08/15 07:13:18 d2.utils.events]:  eta: 0:04:47  iter: 1239  total_loss: 0.2028  loss_cls: 0.01928  loss_box_reg: 0.05366  loss_mask: 0.1249  loss_rpn_cls: 7.587e-06  loss_rpn_loc: 0.002773    time: 0.0765  last_time: 0.0805  data_time: 0.0022  last_data_time: 0.0019   lr: 0.0005  max_mem: 1665M
[08/15 07:13:20 d2.utils.events]:  eta: 0:04:46  iter: 1259  total_loss: 0.2076  loss_cls: 0.01749  loss_box_reg: 0.05097  loss_mask: 0.1287  loss_rpn_cls: 6.939e-06  loss_rpn_loc: 0.002476    time: 0.0765  last_time: 0.0730  data_time: 0.0021  last_data_time: 0.0019   lr: 0.0005  max_mem: 1665M
[08/15 07:13:21 d2.utils.events]:  eta: 0:04:44  iter: 1279  total_loss: 0.2318  loss_cls: 0.01771  loss_box_reg: 0.04961  loss_mask: 0.1638  loss_rpn_cls: 1.171e-05  loss_rpn_loc: 0.002842    time: 0.0765  last_time: 0.0767  data_time: 0.0020  last_data_time: 0.0020   lr: 0.0005  max_mem: 1665M
[08/15 07:13:23 d2.utils.events]:  eta: 0:04:43  iter: 1299  total_loss: 0.2024  loss_cls: 0.02227  loss_box_reg: 0.05564  loss_mask: 0.1271  loss_rpn_cls: 6.054e-06  loss_rpn_loc: 0.002389    time: 0.0765  last_time: 0.0725  data_time: 0.0021  last_data_time: 0.0020   lr: 0.0005  max_mem: 1665M
[08/15 07:13:23 d2.evaluation.coco_evaluation]: Fast COCO eval is not built. Falling back to official COCO eval.
[08/15 07:13:23 d2.data.datasets.coco]: Loaded 89 images in COCO format from /projects/PUCHALLA/LLP2024/tumor-segmentation/data/processed_data/rgb/test/images/test.json
[08/15 07:13:23 d2.data.dataset_mapper]: [DatasetMapper] Augmentations used in inference: [ResizeShortestEdge(short_edge_length=(800, 800), max_size=1333, sample_style='choice')]
[08/15 07:13:23 d2.data.common]: Serializing the dataset using: <class 'detectron2.data.common._TorchSerializedList'>
[08/15 07:13:23 d2.data.common]: Serializing 89 elements to byte tensors and concatenating them all ...
[08/15 07:13:23 d2.data.common]: Serialized dataset takes 0.07 MiB
[08/15 07:13:23 d2.evaluation.evaluator]: Start inference on 89 batches
[08/15 07:13:23 d2.evaluation.evaluator]: Inference done 11/89. Dataloading: 0.0004 s/iter. Inference: 0.0235 s/iter. Eval: 0.0003 s/iter. Total: 0.0242 s/iter. ETA=0:00:01
[08/15 07:13:25 d2.evaluation.evaluator]: Total inference time: 0:00:02.066505 (0.024601 s / iter per device, on 1 devices)
[08/15 07:13:25 d2.evaluation.evaluator]: Total inference pure compute time: 0:00:01 (0.023456 s / iter per device, on 1 devices)
[08/15 07:13:25 d2.evaluation.coco_evaluation]: Preparing results for COCO format ...
[08/15 07:13:25 d2.evaluation.coco_evaluation]: Saving results to ../../../../../models/rgb-testing/rgb-5000-1/coco_instances_results.json
[08/15 07:13:25 d2.evaluation.coco_evaluation]: Evaluating predictions with official COCO API...
Loading and preparing results...
DONE (t=0.00s)
creating index...
index created!
Running per image evaluation...
Evaluate annotation type *bbox*
DONE (t=0.01s).
Accumulating evaluation results...
DONE (t=0.01s).
 Average Precision  (AP) @[ IoU=0.50:0.95 | area=   all | maxDets=100 ] = 0.731
 Average Precision  (AP) @[ IoU=0.50      | area=   all | maxDets=100 ] = 0.943
 Average Precision  (AP) @[ IoU=0.75      | area=   all | maxDets=100 ] = 0.913
 Average Precision  (AP) @[ IoU=0.50:0.95 | area= small | maxDets=100 ] = -1.000
 Average Precision  (AP) @[ IoU=0.50:0.95 | area=medium | maxDets=100 ] = 0.579
 Average Precision  (AP) @[ IoU=0.50:0.95 | area= large | maxDets=100 ] = 0.752
 Average Recall     (AR) @[ IoU=0.50:0.95 | area=   all | maxDets=  1 ] = 0.772
 Average Recall     (AR) @[ IoU=0.50:0.95 | area=   all | maxDets= 10 ] = 0.774
 Average Recall     (AR) @[ IoU=0.50:0.95 | area=   all | maxDets=100 ] = 0.774
 Average Recall     (AR) @[ IoU=0.50:0.95 | area= small | maxDets=100 ] = -1.000
 Average Recall     (AR) @[ IoU=0.50:0.95 | area=medium | maxDets=100 ] = 0.580
 Average Recall     (AR) @[ IoU=0.50:0.95 | area= large | maxDets=100 ] = 0.799
[08/15 07:13:25 d2.evaluation.coco_evaluation]: Evaluation results for bbox: 
|   AP   |  AP50  |  AP75  |  APs  |  APm   |  APl   |
|:------:|:------:|:------:|:-----:|:------:|:------:|
| 73.103 | 94.299 | 91.304 |  nan  | 57.896 | 75.179 |
[08/15 07:13:25 d2.evaluation.coco_evaluation]: Some metrics cannot be computed and is shown as NaN.
Loading and preparing results...
DONE (t=0.00s)
creating index...
index created!
Running per image evaluation...
Evaluate annotation type *segm*
DONE (t=0.02s).
Accumulating evaluation results...
DONE (t=0.01s).
 Average Precision  (AP) @[ IoU=0.50:0.95 | area=   all | maxDets=100 ] = 0.736
 Average Precision  (AP) @[ IoU=0.50      | area=   all | maxDets=100 ] = 0.943
 Average Precision  (AP) @[ IoU=0.75      | area=   all | maxDets=100 ] = 0.913
 Average Precision  (AP) @[ IoU=0.50:0.95 | area= small | maxDets=100 ] = -1.000
 Average Precision  (AP) @[ IoU=0.50:0.95 | area=medium | maxDets=100 ] = 0.596
 Average Precision  (AP) @[ IoU=0.50:0.95 | area= large | maxDets=100 ] = 0.758
 Average Recall     (AR) @[ IoU=0.50:0.95 | area=   all | maxDets=  1 ] = 0.773
 Average Recall     (AR) @[ IoU=0.50:0.95 | area=   all | maxDets= 10 ] = 0.774
 Average Recall     (AR) @[ IoU=0.50:0.95 | area=   all | maxDets=100 ] = 0.774
 Average Recall     (AR) @[ IoU=0.50:0.95 | area= small | maxDets=100 ] = -1.000
 Average Recall     (AR) @[ IoU=0.50:0.95 | area=medium | maxDets=100 ] = 0.600
 Average Recall     (AR) @[ IoU=0.50:0.95 | area= large | maxDets=100 ] = 0.796
[08/15 07:13:25 d2.evaluation.coco_evaluation]: Evaluation results for segm: 
|   AP   |  AP50  |  AP75  |  APs  |  APm   |  APl   |
|:------:|:------:|:------:|:-----:|:------:|:------:|
| 73.628 | 94.299 | 91.304 |  nan  | 59.645 | 75.785 |
[08/15 07:13:25 d2.evaluation.coco_evaluation]: Some metrics cannot be computed and is shown as NaN.
[Iter 2 AP] → mAP@[.5:.95] = 73.628
[08/15 07:13:25 d2.data.datasets.coco]: Loaded 89 images in COCO format from /projects/PUCHALLA/LLP2024/tumor-segmentation/data/processed_data/rgb/test/images/test.json
[08/15 07:13:25 d2.data.datasets.coco]: Loaded 89 images in COCO format from /projects/PUCHALLA/LLP2024/tumor-segmentation/data/processed_data/rgb/test/images/test.json
[08/15 07:13:25 d2.data.dataset_mapper]: [DatasetMapper] Augmentations used in inference: [ResizeShortestEdge(short_edge_length=(800, 800), max_size=1333, sample_style='choice')]
[08/15 07:13:25 d2.data.common]: Serializing the dataset using: <class 'detectron2.data.common._TorchSerializedList'>
[08/15 07:13:25 d2.data.common]: Serializing 89 elements to byte tensors and concatenating them all ...
[08/15 07:13:25 d2.data.common]: Serialized dataset takes 0.07 MiB
[08/15 07:13:25 d2.evaluation.evaluator]: Start inference on 89 batches
[08/15 07:13:27 d2.evaluation.evaluator]: Total inference time: 0:00:02.074930 (0.024702 s / iter per device, on 1 devices)
[08/15 07:13:27 d2.evaluation.evaluator]: Total inference pure compute time: 0:00:01 (0.023568 s / iter per device, on 1 devices)
[08/15 07:13:29 d2.utils.events]:  eta: 0:04:41  iter: 1319  total_loss: 0.1984  loss_cls: 0.01777  loss_box_reg: 0.04548  loss_mask: 0.1269  loss_rpn_cls: 3.019e-06  loss_rpn_loc: 0.002399    time: 0.0765  last_time: 0.0719  data_time: 0.0021  last_data_time: 0.0020   lr: 0.0005  max_mem: 1665M
[08/15 07:13:30 d2.utils.events]:  eta: 0:04:39  iter: 1339  total_loss: 0.2106  loss_cls: 0.02146  loss_box_reg: 0.04626  loss_mask: 0.1214  loss_rpn_cls: 6.941e-06  loss_rpn_loc: 0.002465    time: 0.0765  last_time: 0.0764  data_time: 0.0021  last_data_time: 0.0021   lr: 0.0005  max_mem: 1665M
[08/15 07:13:32 d2.utils.events]:  eta: 0:04:38  iter: 1359  total_loss: 0.185  loss_cls: 0.02025  loss_box_reg: 0.04119  loss_mask: 0.1288  loss_rpn_cls: 1.398e-06  loss_rpn_loc: 0.002313    time: 0.0765  last_time: 0.0747  data_time: 0.0021  last_data_time: 0.0020   lr: 0.0005  max_mem: 1665M
[08/15 07:13:34 d2.utils.events]:  eta: 0:04:36  iter: 1379  total_loss: 0.1845  loss_cls: 0.01737  loss_box_reg: 0.04362  loss_mask: 0.1138  loss_rpn_cls: 6.415e-05  loss_rpn_loc: 0.002326    time: 0.0765  last_time: 0.0811  data_time: 0.0021  last_data_time: 0.0022   lr: 0.0005  max_mem: 1665M
[08/15 07:13:35 d2.utils.events]:  eta: 0:04:35  iter: 1399  total_loss: 0.2096  loss_cls: 0.01821  loss_box_reg: 0.05225  loss_mask: 0.144  loss_rpn_cls: 4.042e-06  loss_rpn_loc: 0.00255    time: 0.0766  last_time: 0.0753  data_time: 0.0021  last_data_time: 0.0020   lr: 0.0005  max_mem: 1665M
[08/15 07:13:35 d2.evaluation.coco_evaluation]: Fast COCO eval is not built. Falling back to official COCO eval.
[08/15 07:13:35 d2.data.datasets.coco]: Loaded 89 images in COCO format from /projects/PUCHALLA/LLP2024/tumor-segmentation/data/processed_data/rgb/test/images/test.json
[08/15 07:13:35 d2.data.dataset_mapper]: [DatasetMapper] Augmentations used in inference: [ResizeShortestEdge(short_edge_length=(800, 800), max_size=1333, sample_style='choice')]
[08/15 07:13:35 d2.data.common]: Serializing the dataset using: <class 'detectron2.data.common._TorchSerializedList'>
[08/15 07:13:35 d2.data.common]: Serializing 89 elements to byte tensors and concatenating them all ...
[08/15 07:13:35 d2.data.common]: Serialized dataset takes 0.07 MiB
[08/15 07:13:35 d2.evaluation.evaluator]: Start inference on 89 batches
[08/15 07:13:36 d2.evaluation.evaluator]: Inference done 11/89. Dataloading: 0.0005 s/iter. Inference: 0.0239 s/iter. Eval: 0.0003 s/iter. Total: 0.0247 s/iter. ETA=0:00:01
[08/15 07:13:37 d2.evaluation.evaluator]: Total inference time: 0:00:02.086365 (0.024838 s / iter per device, on 1 devices)
[08/15 07:13:37 d2.evaluation.evaluator]: Total inference pure compute time: 0:00:01 (0.023691 s / iter per device, on 1 devices)
[08/15 07:13:37 d2.evaluation.coco_evaluation]: Preparing results for COCO format ...
[08/15 07:13:37 d2.evaluation.coco_evaluation]: Saving results to ../../../../../models/rgb-testing/rgb-5000-1/coco_instances_results.json
[08/15 07:13:37 d2.evaluation.coco_evaluation]: Evaluating predictions with official COCO API...
Loading and preparing results...
DONE (t=0.00s)
creating index...
index created!
Running per image evaluation...
Evaluate annotation type *bbox*
DONE (t=0.02s).
Accumulating evaluation results...
DONE (t=0.01s).
 Average Precision  (AP) @[ IoU=0.50:0.95 | area=   all | maxDets=100 ] = 0.730
 Average Precision  (AP) @[ IoU=0.50      | area=   all | maxDets=100 ] = 0.945
 Average Precision  (AP) @[ IoU=0.75      | area=   all | maxDets=100 ] = 0.877
 Average Precision  (AP) @[ IoU=0.50:0.95 | area= small | maxDets=100 ] = -1.000
 Average Precision  (AP) @[ IoU=0.50:0.95 | area=medium | maxDets=100 ] = 0.594
 Average Precision  (AP) @[ IoU=0.50:0.95 | area= large | maxDets=100 ] = 0.750
 Average Recall     (AR) @[ IoU=0.50:0.95 | area=   all | maxDets=  1 ] = 0.769
 Average Recall     (AR) @[ IoU=0.50:0.95 | area=   all | maxDets= 10 ] = 0.771
 Average Recall     (AR) @[ IoU=0.50:0.95 | area=   all | maxDets=100 ] = 0.771
 Average Recall     (AR) @[ IoU=0.50:0.95 | area= small | maxDets=100 ] = -1.000
 Average Recall     (AR) @[ IoU=0.50:0.95 | area=medium | maxDets=100 ] = 0.600
 Average Recall     (AR) @[ IoU=0.50:0.95 | area= large | maxDets=100 ] = 0.792
[08/15 07:13:38 d2.evaluation.coco_evaluation]: Evaluation results for bbox: 
|   AP   |  AP50  |  AP75  |  APs  |  APm   |  APl   |
|:------:|:------:|:------:|:-----:|:------:|:------:|
| 73.028 | 94.491 | 87.727 |  nan  | 59.394 | 74.993 |
[08/15 07:13:38 d2.evaluation.coco_evaluation]: Some metrics cannot be computed and is shown as NaN.
Loading and preparing results...
DONE (t=0.00s)
creating index...
index created!
Running per image evaluation...
Evaluate annotation type *segm*
DONE (t=0.02s).
Accumulating evaluation results...
DONE (t=0.01s).
 Average Precision  (AP) @[ IoU=0.50:0.95 | area=   all | maxDets=100 ] = 0.730
 Average Precision  (AP) @[ IoU=0.50      | area=   all | maxDets=100 ] = 0.945
 Average Precision  (AP) @[ IoU=0.75      | area=   all | maxDets=100 ] = 0.905
 Average Precision  (AP) @[ IoU=0.50:0.95 | area= small | maxDets=100 ] = -1.000
 Average Precision  (AP) @[ IoU=0.50:0.95 | area=medium | maxDets=100 ] = 0.565
 Average Precision  (AP) @[ IoU=0.50:0.95 | area= large | maxDets=100 ] = 0.749
 Average Recall     (AR) @[ IoU=0.50:0.95 | area=   all | maxDets=  1 ] = 0.764
 Average Recall     (AR) @[ IoU=0.50:0.95 | area=   all | maxDets= 10 ] = 0.765
 Average Recall     (AR) @[ IoU=0.50:0.95 | area=   all | maxDets=100 ] = 0.765
 Average Recall     (AR) @[ IoU=0.50:0.95 | area= small | maxDets=100 ] = -1.000
 Average Recall     (AR) @[ IoU=0.50:0.95 | area=medium | maxDets=100 ] = 0.570
 Average Recall     (AR) @[ IoU=0.50:0.95 | area= large | maxDets=100 ] = 0.790
[08/15 07:13:38 d2.evaluation.coco_evaluation]: Evaluation results for segm: 
|   AP   |  AP50  |  AP75  |  APs  |  APm   |  APl   |
|:------:|:------:|:------:|:-----:|:------:|:------:|
| 72.964 | 94.491 | 90.505 |  nan  | 56.517 | 74.873 |
[08/15 07:13:38 d2.evaluation.coco_evaluation]: Some metrics cannot be computed and is shown as NaN.
[Iter 2 AP] → mAP@[.5:.95] = 72.964
[08/15 07:13:38 d2.data.datasets.coco]: Loaded 89 images in COCO format from /projects/PUCHALLA/LLP2024/tumor-segmentation/data/processed_data/rgb/test/images/test.json
[08/15 07:13:38 d2.data.datasets.coco]: Loaded 89 images in COCO format from /projects/PUCHALLA/LLP2024/tumor-segmentation/data/processed_data/rgb/test/images/test.json
[08/15 07:13:38 d2.data.dataset_mapper]: [DatasetMapper] Augmentations used in inference: [ResizeShortestEdge(short_edge_length=(800, 800), max_size=1333, sample_style='choice')]
[08/15 07:13:38 d2.data.common]: Serializing the dataset using: <class 'detectron2.data.common._TorchSerializedList'>
[08/15 07:13:38 d2.data.common]: Serializing 89 elements to byte tensors and concatenating them all ...
[08/15 07:13:38 d2.data.common]: Serialized dataset takes 0.07 MiB
[08/15 07:13:38 d2.evaluation.evaluator]: Start inference on 89 batches
[08/15 07:13:40 d2.evaluation.evaluator]: Total inference time: 0:00:02.060890 (0.024534 s / iter per device, on 1 devices)
[08/15 07:13:40 d2.evaluation.evaluator]: Total inference pure compute time: 0:00:01 (0.023409 s / iter per device, on 1 devices)
[08/15 07:13:41 d2.utils.events]:  eta: 0:04:33  iter: 1419  total_loss: 0.2055  loss_cls: 0.02007  loss_box_reg: 0.05117  loss_mask: 0.1261  loss_rpn_cls: 1.086e-05  loss_rpn_loc: 0.002171    time: 0.0766  last_time: 0.0783  data_time: 0.0020  last_data_time: 0.0020   lr: 0.0005  max_mem: 1665M
[08/15 07:13:43 d2.utils.events]:  eta: 0:04:31  iter: 1439  total_loss: 0.1893  loss_cls: 0.01915  loss_box_reg: 0.05104  loss_mask: 0.1148  loss_rpn_cls: 5.432e-06  loss_rpn_loc: 0.002243    time: 0.0766  last_time: 0.0710  data_time: 0.0020  last_data_time: 0.0020   lr: 0.0005  max_mem: 1665M
[08/15 07:13:44 d2.utils.events]:  eta: 0:04:30  iter: 1459  total_loss: 0.1822  loss_cls: 0.01835  loss_box_reg: 0.0531  loss_mask: 0.1201  loss_rpn_cls: 3.944e-06  loss_rpn_loc: 0.002351    time: 0.0766  last_time: 0.0762  data_time: 0.0022  last_data_time: 0.0021   lr: 0.0005  max_mem: 1665M
[08/15 07:13:46 d2.utils.events]:  eta: 0:04:28  iter: 1479  total_loss: 0.1963  loss_cls: 0.01646  loss_box_reg: 0.0457  loss_mask: 0.1213  loss_rpn_cls: 3.745e-06  loss_rpn_loc: 0.002824    time: 0.0765  last_time: 0.0795  data_time: 0.0021  last_data_time: 0.0021   lr: 0.0005  max_mem: 1665M
[08/15 07:13:47 d2.utils.events]:  eta: 0:04:27  iter: 1499  total_loss: 0.1971  loss_cls: 0.01793  loss_box_reg: 0.04787  loss_mask: 0.1214  loss_rpn_cls: 2.342e-06  loss_rpn_loc: 0.002258    time: 0.0765  last_time: 0.0733  data_time: 0.0020  last_data_time: 0.0020   lr: 0.0005  max_mem: 1665M
[08/15 07:13:47 d2.evaluation.coco_evaluation]: Fast COCO eval is not built. Falling back to official COCO eval.
[08/15 07:13:47 d2.data.datasets.coco]: Loaded 89 images in COCO format from /projects/PUCHALLA/LLP2024/tumor-segmentation/data/processed_data/rgb/test/images/test.json
[08/15 07:13:47 d2.data.dataset_mapper]: [DatasetMapper] Augmentations used in inference: [ResizeShortestEdge(short_edge_length=(800, 800), max_size=1333, sample_style='choice')]
[08/15 07:13:47 d2.data.common]: Serializing the dataset using: <class 'detectron2.data.common._TorchSerializedList'>
[08/15 07:13:47 d2.data.common]: Serializing 89 elements to byte tensors and concatenating them all ...
[08/15 07:13:47 d2.data.common]: Serialized dataset takes 0.07 MiB
[08/15 07:13:47 d2.evaluation.evaluator]: Start inference on 89 batches
[08/15 07:13:48 d2.evaluation.evaluator]: Inference done 11/89. Dataloading: 0.0004 s/iter. Inference: 0.0234 s/iter. Eval: 0.0003 s/iter. Total: 0.0242 s/iter. ETA=0:00:01
[08/15 07:13:50 d2.evaluation.evaluator]: Total inference time: 0:00:02.073418 (0.024684 s / iter per device, on 1 devices)
[08/15 07:13:50 d2.evaluation.evaluator]: Total inference pure compute time: 0:00:01 (0.023557 s / iter per device, on 1 devices)
[08/15 07:13:50 d2.evaluation.coco_evaluation]: Preparing results for COCO format ...
[08/15 07:13:50 d2.evaluation.coco_evaluation]: Saving results to ../../../../../models/rgb-testing/rgb-5000-1/coco_instances_results.json
[08/15 07:13:50 d2.evaluation.coco_evaluation]: Evaluating predictions with official COCO API...
Loading and preparing results...
DONE (t=0.00s)
creating index...
index created!
Running per image evaluation...
Evaluate annotation type *bbox*
DONE (t=0.01s).
Accumulating evaluation results...
DONE (t=0.01s).
 Average Precision  (AP) @[ IoU=0.50:0.95 | area=   all | maxDets=100 ] = 0.723
 Average Precision  (AP) @[ IoU=0.50      | area=   all | maxDets=100 ] = 0.943
 Average Precision  (AP) @[ IoU=0.75      | area=   all | maxDets=100 ] = 0.882
 Average Precision  (AP) @[ IoU=0.50:0.95 | area= small | maxDets=100 ] = -1.000
 Average Precision  (AP) @[ IoU=0.50:0.95 | area=medium | maxDets=100 ] = 0.538
 Average Precision  (AP) @[ IoU=0.50:0.95 | area= large | maxDets=100 ] = 0.744
 Average Recall     (AR) @[ IoU=0.50:0.95 | area=   all | maxDets=  1 ] = 0.767
 Average Recall     (AR) @[ IoU=0.50:0.95 | area=   all | maxDets= 10 ] = 0.770
 Average Recall     (AR) @[ IoU=0.50:0.95 | area=   all | maxDets=100 ] = 0.770
 Average Recall     (AR) @[ IoU=0.50:0.95 | area= small | maxDets=100 ] = -1.000
 Average Recall     (AR) @[ IoU=0.50:0.95 | area=medium | maxDets=100 ] = 0.560
 Average Recall     (AR) @[ IoU=0.50:0.95 | area= large | maxDets=100 ] = 0.796
[08/15 07:13:50 d2.evaluation.coco_evaluation]: Evaluation results for bbox: 
|   AP   |  AP50  |  AP75  |  APs  |  APm   |  APl   |
|:------:|:------:|:------:|:-----:|:------:|:------:|
| 72.264 | 94.253 | 88.216 |  nan  | 53.771 | 74.376 |
[08/15 07:13:50 d2.evaluation.coco_evaluation]: Some metrics cannot be computed and is shown as NaN.
Loading and preparing results...
DONE (t=0.00s)
creating index...
index created!
Running per image evaluation...
Evaluate annotation type *segm*
DONE (t=0.02s).
Accumulating evaluation results...
DONE (t=0.01s).
 Average Precision  (AP) @[ IoU=0.50:0.95 | area=   all | maxDets=100 ] = 0.729
 Average Precision  (AP) @[ IoU=0.50      | area=   all | maxDets=100 ] = 0.943
 Average Precision  (AP) @[ IoU=0.75      | area=   all | maxDets=100 ] = 0.873
 Average Precision  (AP) @[ IoU=0.50:0.95 | area= small | maxDets=100 ] = -1.000
 Average Precision  (AP) @[ IoU=0.50:0.95 | area=medium | maxDets=100 ] = 0.566
 Average Precision  (AP) @[ IoU=0.50:0.95 | area= large | maxDets=100 ] = 0.750
 Average Recall     (AR) @[ IoU=0.50:0.95 | area=   all | maxDets=  1 ] = 0.765
 Average Recall     (AR) @[ IoU=0.50:0.95 | area=   all | maxDets= 10 ] = 0.766
 Average Recall     (AR) @[ IoU=0.50:0.95 | area=   all | maxDets=100 ] = 0.766
 Average Recall     (AR) @[ IoU=0.50:0.95 | area= small | maxDets=100 ] = -1.000
 Average Recall     (AR) @[ IoU=0.50:0.95 | area=medium | maxDets=100 ] = 0.580
 Average Recall     (AR) @[ IoU=0.50:0.95 | area= large | maxDets=100 ] = 0.790
[08/15 07:13:50 d2.evaluation.coco_evaluation]: Evaluation results for segm: 
|   AP   |  AP50  |  AP75  |  APs  |  APm   |  APl   |
|:------:|:------:|:------:|:-----:|:------:|:------:|
| 72.874 | 94.253 | 87.261 |  nan  | 56.556 | 74.984 |
[08/15 07:13:50 d2.evaluation.coco_evaluation]: Some metrics cannot be computed and is shown as NaN.
[Iter 2 AP] → mAP@[.5:.95] = 72.874
[08/15 07:13:50 d2.data.datasets.coco]: Loaded 89 images in COCO format from /projects/PUCHALLA/LLP2024/tumor-segmentation/data/processed_data/rgb/test/images/test.json
[08/15 07:13:50 d2.data.datasets.coco]: Loaded 89 images in COCO format from /projects/PUCHALLA/LLP2024/tumor-segmentation/data/processed_data/rgb/test/images/test.json
[08/15 07:13:50 d2.data.dataset_mapper]: [DatasetMapper] Augmentations used in inference: [ResizeShortestEdge(short_edge_length=(800, 800), max_size=1333, sample_style='choice')]
[08/15 07:13:50 d2.data.common]: Serializing the dataset using: <class 'detectron2.data.common._TorchSerializedList'>
[08/15 07:13:50 d2.data.common]: Serializing 89 elements to byte tensors and concatenating them all ...
[08/15 07:13:50 d2.data.common]: Serialized dataset takes 0.07 MiB
[08/15 07:13:50 d2.evaluation.evaluator]: Start inference on 89 batches
[08/15 07:13:52 d2.evaluation.evaluator]: Total inference time: 0:00:02.051982 (0.024428 s / iter per device, on 1 devices)
[08/15 07:13:52 d2.evaluation.evaluator]: Total inference pure compute time: 0:00:01 (0.023317 s / iter per device, on 1 devices)
[08/15 07:13:53 d2.utils.events]:  eta: 0:04:25  iter: 1519  total_loss: 0.1823  loss_cls: 0.01951  loss_box_reg: 0.04684  loss_mask: 0.1086  loss_rpn_cls: 1.137e-05  loss_rpn_loc: 0.00194    time: 0.0765  last_time: 0.0795  data_time: 0.0020  last_data_time: 0.0021   lr: 0.0005  max_mem: 1665M
[08/15 07:13:55 d2.utils.events]:  eta: 0:04:24  iter: 1539  total_loss: 0.1814  loss_cls: 0.01871  loss_box_reg: 0.0509  loss_mask: 0.112  loss_rpn_cls: 1.9e-06  loss_rpn_loc: 0.002037    time: 0.0765  last_time: 0.0717  data_time: 0.0021  last_data_time: 0.0022   lr: 0.0005  max_mem: 1665M
[08/15 07:13:57 d2.utils.events]:  eta: 0:04:22  iter: 1559  total_loss: 0.2028  loss_cls: 0.02012  loss_box_reg: 0.05411  loss_mask: 0.1259  loss_rpn_cls: 1.093e-05  loss_rpn_loc: 0.002291    time: 0.0765  last_time: 0.0681  data_time: 0.0021  last_data_time: 0.0020   lr: 0.0005  max_mem: 1665M
[08/15 07:13:58 d2.utils.events]:  eta: 0:04:20  iter: 1579  total_loss: 0.2057  loss_cls: 0.01933  loss_box_reg: 0.04722  loss_mask: 0.1233  loss_rpn_cls: 5.989e-06  loss_rpn_loc: 0.002436    time: 0.0765  last_time: 0.0759  data_time: 0.0022  last_data_time: 0.0021   lr: 0.0005  max_mem: 1665M
[08/15 07:14:00 d2.utils.events]:  eta: 0:04:19  iter: 1599  total_loss: 0.2039  loss_cls: 0.01816  loss_box_reg: 0.05212  loss_mask: 0.1319  loss_rpn_cls: 1.971e-05  loss_rpn_loc: 0.002575    time: 0.0765  last_time: 0.0792  data_time: 0.0021  last_data_time: 0.0022   lr: 0.0005  max_mem: 1665M
[08/15 07:14:00 d2.evaluation.coco_evaluation]: Fast COCO eval is not built. Falling back to official COCO eval.
[08/15 07:14:00 d2.data.datasets.coco]: Loaded 89 images in COCO format from /projects/PUCHALLA/LLP2024/tumor-segmentation/data/processed_data/rgb/test/images/test.json
[08/15 07:14:00 d2.data.dataset_mapper]: [DatasetMapper] Augmentations used in inference: [ResizeShortestEdge(short_edge_length=(800, 800), max_size=1333, sample_style='choice')]
[08/15 07:14:00 d2.data.common]: Serializing the dataset using: <class 'detectron2.data.common._TorchSerializedList'>
[08/15 07:14:00 d2.data.common]: Serializing 89 elements to byte tensors and concatenating them all ...
[08/15 07:14:00 d2.data.common]: Serialized dataset takes 0.07 MiB
[08/15 07:14:00 d2.evaluation.evaluator]: Start inference on 89 batches
[08/15 07:14:00 d2.evaluation.evaluator]: Inference done 11/89. Dataloading: 0.0004 s/iter. Inference: 0.0235 s/iter. Eval: 0.0003 s/iter. Total: 0.0242 s/iter. ETA=0:00:01
[08/15 07:14:02 d2.evaluation.evaluator]: Total inference time: 0:00:02.070517 (0.024649 s / iter per device, on 1 devices)
[08/15 07:14:02 d2.evaluation.evaluator]: Total inference pure compute time: 0:00:01 (0.023508 s / iter per device, on 1 devices)
[08/15 07:14:02 d2.evaluation.coco_evaluation]: Preparing results for COCO format ...
[08/15 07:14:02 d2.evaluation.coco_evaluation]: Saving results to ../../../../../models/rgb-testing/rgb-5000-1/coco_instances_results.json
[08/15 07:14:02 d2.evaluation.coco_evaluation]: Evaluating predictions with official COCO API...
Loading and preparing results...
DONE (t=0.00s)
creating index...
index created!
Running per image evaluation...
Evaluate annotation type *bbox*
DONE (t=0.01s).
Accumulating evaluation results...
DONE (t=0.01s).
 Average Precision  (AP) @[ IoU=0.50:0.95 | area=   all | maxDets=100 ] = 0.716
 Average Precision  (AP) @[ IoU=0.50      | area=   all | maxDets=100 ] = 0.940
 Average Precision  (AP) @[ IoU=0.75      | area=   all | maxDets=100 ] = 0.895
 Average Precision  (AP) @[ IoU=0.50:0.95 | area= small | maxDets=100 ] = -1.000
 Average Precision  (AP) @[ IoU=0.50:0.95 | area=medium | maxDets=100 ] = 0.563
 Average Precision  (AP) @[ IoU=0.50:0.95 | area= large | maxDets=100 ] = 0.736
 Average Recall     (AR) @[ IoU=0.50:0.95 | area=   all | maxDets=  1 ] = 0.761
 Average Recall     (AR) @[ IoU=0.50:0.95 | area=   all | maxDets= 10 ] = 0.764
 Average Recall     (AR) @[ IoU=0.50:0.95 | area=   all | maxDets=100 ] = 0.764
 Average Recall     (AR) @[ IoU=0.50:0.95 | area= small | maxDets=100 ] = -1.000
 Average Recall     (AR) @[ IoU=0.50:0.95 | area=medium | maxDets=100 ] = 0.580
 Average Recall     (AR) @[ IoU=0.50:0.95 | area= large | maxDets=100 ] = 0.787
[08/15 07:14:02 d2.evaluation.coco_evaluation]: Evaluation results for bbox: 
|   AP   |  AP50  |  AP75  |  APs  |  APm   |  APl   |
|:------:|:------:|:------:|:-----:|:------:|:------:|
| 71.565 | 94.031 | 89.480 |  nan  | 56.330 | 73.595 |
[08/15 07:14:02 d2.evaluation.coco_evaluation]: Some metrics cannot be computed and is shown as NaN.
Loading and preparing results...
DONE (t=0.00s)
creating index...
index created!
Running per image evaluation...
Evaluate annotation type *segm*
DONE (t=0.02s).
Accumulating evaluation results...
DONE (t=0.01s).
 Average Precision  (AP) @[ IoU=0.50:0.95 | area=   all | maxDets=100 ] = 0.735
 Average Precision  (AP) @[ IoU=0.50      | area=   all | maxDets=100 ] = 0.940
 Average Precision  (AP) @[ IoU=0.75      | area=   all | maxDets=100 ] = 0.909
 Average Precision  (AP) @[ IoU=0.50:0.95 | area= small | maxDets=100 ] = -1.000
 Average Precision  (AP) @[ IoU=0.50:0.95 | area=medium | maxDets=100 ] = 0.562
 Average Precision  (AP) @[ IoU=0.50:0.95 | area= large | maxDets=100 ] = 0.757
 Average Recall     (AR) @[ IoU=0.50:0.95 | area=   all | maxDets=  1 ] = 0.774
 Average Recall     (AR) @[ IoU=0.50:0.95 | area=   all | maxDets= 10 ] = 0.776
 Average Recall     (AR) @[ IoU=0.50:0.95 | area=   all | maxDets=100 ] = 0.776
 Average Recall     (AR) @[ IoU=0.50:0.95 | area= small | maxDets=100 ] = -1.000
 Average Recall     (AR) @[ IoU=0.50:0.95 | area=medium | maxDets=100 ] = 0.580
 Average Recall     (AR) @[ IoU=0.50:0.95 | area= large | maxDets=100 ] = 0.801
[08/15 07:14:02 d2.evaluation.coco_evaluation]: Evaluation results for segm: 
|   AP   |  AP50  |  AP75  |  APs  |  APm   |  APl   |
|:------:|:------:|:------:|:-----:|:------:|:------:|
| 73.471 | 94.031 | 90.945 |  nan  | 56.165 | 75.687 |
[08/15 07:14:02 d2.evaluation.coco_evaluation]: Some metrics cannot be computed and is shown as NaN.
[Iter 2 AP] → mAP@[.5:.95] = 73.471
[08/15 07:14:02 d2.data.datasets.coco]: Loaded 89 images in COCO format from /projects/PUCHALLA/LLP2024/tumor-segmentation/data/processed_data/rgb/test/images/test.json
[08/15 07:14:02 d2.data.datasets.coco]: Loaded 89 images in COCO format from /projects/PUCHALLA/LLP2024/tumor-segmentation/data/processed_data/rgb/test/images/test.json
[08/15 07:14:02 d2.data.dataset_mapper]: [DatasetMapper] Augmentations used in inference: [ResizeShortestEdge(short_edge_length=(800, 800), max_size=1333, sample_style='choice')]
[08/15 07:14:02 d2.data.common]: Serializing the dataset using: <class 'detectron2.data.common._TorchSerializedList'>
[08/15 07:14:02 d2.data.common]: Serializing 89 elements to byte tensors and concatenating them all ...
[08/15 07:14:02 d2.data.common]: Serialized dataset takes 0.07 MiB
[08/15 07:14:02 d2.evaluation.evaluator]: Start inference on 89 batches
[08/15 07:14:04 d2.evaluation.evaluator]: Total inference time: 0:00:02.069953 (0.024642 s / iter per device, on 1 devices)
[08/15 07:14:04 d2.evaluation.evaluator]: Total inference pure compute time: 0:00:01 (0.023501 s / iter per device, on 1 devices)
[08/15 07:14:06 d2.utils.events]:  eta: 0:04:17  iter: 1619  total_loss: 0.2069  loss_cls: 0.02075  loss_box_reg: 0.05134  loss_mask: 0.1305  loss_rpn_cls: 1.111e-05  loss_rpn_loc: 0.002571    time: 0.0765  last_time: 0.0752  data_time: 0.0021  last_data_time: 0.0019   lr: 0.0005  max_mem: 1665M
[08/15 07:14:07 d2.utils.events]:  eta: 0:04:16  iter: 1639  total_loss: 0.1804  loss_cls: 0.01841  loss_box_reg: 0.041  loss_mask: 0.1156  loss_rpn_cls: 5.573e-06  loss_rpn_loc: 0.002134    time: 0.0765  last_time: 0.0810  data_time: 0.0021  last_data_time: 0.0020   lr: 0.0005  max_mem: 1665M
[08/15 07:14:09 d2.utils.events]:  eta: 0:04:14  iter: 1659  total_loss: 0.1861  loss_cls: 0.01702  loss_box_reg: 0.04782  loss_mask: 0.1197  loss_rpn_cls: 4.273e-06  loss_rpn_loc: 0.002369    time: 0.0765  last_time: 0.0799  data_time: 0.0021  last_data_time: 0.0020   lr: 0.0005  max_mem: 1665M
[08/15 07:14:10 d2.utils.events]:  eta: 0:04:13  iter: 1679  total_loss: 0.1975  loss_cls: 0.02065  loss_box_reg: 0.05458  loss_mask: 0.1172  loss_rpn_cls: 1.052e-05  loss_rpn_loc: 0.002436    time: 0.0765  last_time: 0.0752  data_time: 0.0021  last_data_time: 0.0021   lr: 0.0005  max_mem: 1665M
[08/15 07:14:12 d2.utils.events]:  eta: 0:04:11  iter: 1699  total_loss: 0.1643  loss_cls: 0.0158  loss_box_reg: 0.04141  loss_mask: 0.1057  loss_rpn_cls: 3.091e-06  loss_rpn_loc: 0.002029    time: 0.0765  last_time: 0.0719  data_time: 0.0020  last_data_time: 0.0019   lr: 0.0005  max_mem: 1665M
[08/15 07:14:12 d2.evaluation.coco_evaluation]: Fast COCO eval is not built. Falling back to official COCO eval.
[08/15 07:14:12 d2.data.datasets.coco]: Loaded 89 images in COCO format from /projects/PUCHALLA/LLP2024/tumor-segmentation/data/processed_data/rgb/test/images/test.json
[08/15 07:14:12 d2.data.dataset_mapper]: [DatasetMapper] Augmentations used in inference: [ResizeShortestEdge(short_edge_length=(800, 800), max_size=1333, sample_style='choice')]
[08/15 07:14:12 d2.data.common]: Serializing the dataset using: <class 'detectron2.data.common._TorchSerializedList'>
[08/15 07:14:12 d2.data.common]: Serializing 89 elements to byte tensors and concatenating them all ...
[08/15 07:14:12 d2.data.common]: Serialized dataset takes 0.07 MiB
[08/15 07:14:12 d2.evaluation.evaluator]: Start inference on 89 batches
[08/15 07:14:12 d2.evaluation.evaluator]: Inference done 11/89. Dataloading: 0.0004 s/iter. Inference: 0.0236 s/iter. Eval: 0.0003 s/iter. Total: 0.0244 s/iter. ETA=0:00:01
[08/15 07:14:14 d2.evaluation.evaluator]: Total inference time: 0:00:02.059873 (0.024522 s / iter per device, on 1 devices)
[08/15 07:14:14 d2.evaluation.evaluator]: Total inference pure compute time: 0:00:01 (0.023374 s / iter per device, on 1 devices)
[08/15 07:14:14 d2.evaluation.coco_evaluation]: Preparing results for COCO format ...
[08/15 07:14:14 d2.evaluation.coco_evaluation]: Saving results to ../../../../../models/rgb-testing/rgb-5000-1/coco_instances_results.json
[08/15 07:14:14 d2.evaluation.coco_evaluation]: Evaluating predictions with official COCO API...
Loading and preparing results...
DONE (t=0.00s)
creating index...
index created!
Running per image evaluation...
Evaluate annotation type *bbox*
DONE (t=0.01s).
Accumulating evaluation results...
DONE (t=0.01s).
 Average Precision  (AP) @[ IoU=0.50:0.95 | area=   all | maxDets=100 ] = 0.686
 Average Precision  (AP) @[ IoU=0.50      | area=   all | maxDets=100 ] = 0.934
 Average Precision  (AP) @[ IoU=0.75      | area=   all | maxDets=100 ] = 0.873
 Average Precision  (AP) @[ IoU=0.50:0.95 | area= small | maxDets=100 ] = -1.000
 Average Precision  (AP) @[ IoU=0.50:0.95 | area=medium | maxDets=100 ] = 0.548
 Average Precision  (AP) @[ IoU=0.50:0.95 | area= large | maxDets=100 ] = 0.705
 Average Recall     (AR) @[ IoU=0.50:0.95 | area=   all | maxDets=  1 ] = 0.737
 Average Recall     (AR) @[ IoU=0.50:0.95 | area=   all | maxDets= 10 ] = 0.739
 Average Recall     (AR) @[ IoU=0.50:0.95 | area=   all | maxDets=100 ] = 0.739
 Average Recall     (AR) @[ IoU=0.50:0.95 | area= small | maxDets=100 ] = -1.000
 Average Recall     (AR) @[ IoU=0.50:0.95 | area=medium | maxDets=100 ] = 0.570
 Average Recall     (AR) @[ IoU=0.50:0.95 | area= large | maxDets=100 ] = 0.761
[08/15 07:14:14 d2.evaluation.coco_evaluation]: Evaluation results for bbox: 
|   AP   |  AP50  |  AP75  |  APs  |  APm   |  APl   |
|:------:|:------:|:------:|:-----:|:------:|:------:|
| 68.629 | 93.405 | 87.327 |  nan  | 54.823 | 70.533 |
[08/15 07:14:14 d2.evaluation.coco_evaluation]: Some metrics cannot be computed and is shown as NaN.
Loading and preparing results...
DONE (t=0.00s)
creating index...
index created!
Running per image evaluation...
Evaluate annotation type *segm*
DONE (t=0.02s).
Accumulating evaluation results...
DONE (t=0.01s).
 Average Precision  (AP) @[ IoU=0.50:0.95 | area=   all | maxDets=100 ] = 0.716
 Average Precision  (AP) @[ IoU=0.50      | area=   all | maxDets=100 ] = 0.934
 Average Precision  (AP) @[ IoU=0.75      | area=   all | maxDets=100 ] = 0.873
 Average Precision  (AP) @[ IoU=0.50:0.95 | area= small | maxDets=100 ] = -1.000
 Average Precision  (AP) @[ IoU=0.50:0.95 | area=medium | maxDets=100 ] = 0.546
 Average Precision  (AP) @[ IoU=0.50:0.95 | area= large | maxDets=100 ] = 0.736
 Average Recall     (AR) @[ IoU=0.50:0.95 | area=   all | maxDets=  1 ] = 0.753
 Average Recall     (AR) @[ IoU=0.50:0.95 | area=   all | maxDets= 10 ] = 0.754
 Average Recall     (AR) @[ IoU=0.50:0.95 | area=   all | maxDets=100 ] = 0.754
 Average Recall     (AR) @[ IoU=0.50:0.95 | area= small | maxDets=100 ] = -1.000
 Average Recall     (AR) @[ IoU=0.50:0.95 | area=medium | maxDets=100 ] = 0.580
 Average Recall     (AR) @[ IoU=0.50:0.95 | area= large | maxDets=100 ] = 0.776
[08/15 07:14:14 d2.evaluation.coco_evaluation]: Evaluation results for segm: 
|   AP   |  AP50  |  AP75  |  APs  |  APm   |  APl   |
|:------:|:------:|:------:|:-----:|:------:|:------:|
| 71.601 | 93.405 | 87.327 |  nan  | 54.645 | 73.627 |
[08/15 07:14:14 d2.evaluation.coco_evaluation]: Some metrics cannot be computed and is shown as NaN.
[Iter 2 AP] → mAP@[.5:.95] = 71.601
[08/15 07:14:14 d2.data.datasets.coco]: Loaded 89 images in COCO format from /projects/PUCHALLA/LLP2024/tumor-segmentation/data/processed_data/rgb/test/images/test.json
[08/15 07:14:14 d2.data.datasets.coco]: Loaded 89 images in COCO format from /projects/PUCHALLA/LLP2024/tumor-segmentation/data/processed_data/rgb/test/images/test.json
[08/15 07:14:14 d2.data.dataset_mapper]: [DatasetMapper] Augmentations used in inference: [ResizeShortestEdge(short_edge_length=(800, 800), max_size=1333, sample_style='choice')]
[08/15 07:14:14 d2.data.common]: Serializing the dataset using: <class 'detectron2.data.common._TorchSerializedList'>
[08/15 07:14:14 d2.data.common]: Serializing 89 elements to byte tensors and concatenating them all ...
[08/15 07:14:14 d2.data.common]: Serialized dataset takes 0.07 MiB
[08/15 07:14:14 d2.evaluation.evaluator]: Start inference on 89 batches
[08/15 07:14:17 d2.evaluation.evaluator]: Total inference time: 0:00:02.061616 (0.024543 s / iter per device, on 1 devices)
[08/15 07:14:17 d2.evaluation.evaluator]: Total inference pure compute time: 0:00:01 (0.023401 s / iter per device, on 1 devices)
[08/15 07:14:18 d2.utils.events]:  eta: 0:04:10  iter: 1719  total_loss: 0.2023  loss_cls: 0.01868  loss_box_reg: 0.04776  loss_mask: 0.1224  loss_rpn_cls: 1.261e-05  loss_rpn_loc: 0.002506    time: 0.0765  last_time: 0.0811  data_time: 0.0021  last_data_time: 0.0020   lr: 0.0005  max_mem: 1665M
[08/15 07:14:19 d2.utils.events]:  eta: 0:04:08  iter: 1739  total_loss: 0.2072  loss_cls: 0.02179  loss_box_reg: 0.05214  loss_mask: 0.138  loss_rpn_cls: 5.461e-06  loss_rpn_loc: 0.003079    time: 0.0765  last_time: 0.0738  data_time: 0.0021  last_data_time: 0.0020   lr: 0.0005  max_mem: 1665M
[08/15 07:14:21 d2.utils.events]:  eta: 0:04:07  iter: 1759  total_loss: 0.1825  loss_cls: 0.02059  loss_box_reg: 0.04852  loss_mask: 0.104  loss_rpn_cls: 1.08e-05  loss_rpn_loc: 0.002111    time: 0.0765  last_time: 0.0778  data_time: 0.0020  last_data_time: 0.0020   lr: 0.0005  max_mem: 1665M
[08/15 07:14:23 d2.utils.events]:  eta: 0:04:05  iter: 1779  total_loss: 0.1879  loss_cls: 0.01696  loss_box_reg: 0.04374  loss_mask: 0.125  loss_rpn_cls: 3.25e-06  loss_rpn_loc: 0.002326    time: 0.0765  last_time: 0.0752  data_time: 0.0020  last_data_time: 0.0019   lr: 0.0005  max_mem: 1665M
[08/15 07:14:24 d2.utils.events]:  eta: 0:04:03  iter: 1799  total_loss: 0.175  loss_cls: 0.01732  loss_box_reg: 0.044  loss_mask: 0.1055  loss_rpn_cls: 9.655e-06  loss_rpn_loc: 0.002165    time: 0.0764  last_time: 0.0811  data_time: 0.0020  last_data_time: 0.0019   lr: 0.0005  max_mem: 1665M
[08/15 07:14:24 d2.evaluation.coco_evaluation]: Fast COCO eval is not built. Falling back to official COCO eval.
[08/15 07:14:24 d2.data.datasets.coco]: Loaded 89 images in COCO format from /projects/PUCHALLA/LLP2024/tumor-segmentation/data/processed_data/rgb/test/images/test.json
[08/15 07:14:24 d2.data.dataset_mapper]: [DatasetMapper] Augmentations used in inference: [ResizeShortestEdge(short_edge_length=(800, 800), max_size=1333, sample_style='choice')]
[08/15 07:14:24 d2.data.common]: Serializing the dataset using: <class 'detectron2.data.common._TorchSerializedList'>
[08/15 07:14:24 d2.data.common]: Serializing 89 elements to byte tensors and concatenating them all ...
[08/15 07:14:24 d2.data.common]: Serialized dataset takes 0.07 MiB
[08/15 07:14:24 d2.evaluation.evaluator]: Start inference on 89 batches
[08/15 07:14:24 d2.evaluation.evaluator]: Inference done 11/89. Dataloading: 0.0004 s/iter. Inference: 0.0229 s/iter. Eval: 0.0003 s/iter. Total: 0.0237 s/iter. ETA=0:00:01
[08/15 07:14:26 d2.evaluation.evaluator]: Total inference time: 0:00:02.065539 (0.024590 s / iter per device, on 1 devices)
[08/15 07:14:26 d2.evaluation.evaluator]: Total inference pure compute time: 0:00:01 (0.023469 s / iter per device, on 1 devices)
[08/15 07:14:26 d2.evaluation.coco_evaluation]: Preparing results for COCO format ...
[08/15 07:14:26 d2.evaluation.coco_evaluation]: Saving results to ../../../../../models/rgb-testing/rgb-5000-1/coco_instances_results.json
[08/15 07:14:26 d2.evaluation.coco_evaluation]: Evaluating predictions with official COCO API...
Loading and preparing results...
DONE (t=0.00s)
creating index...
index created!
Running per image evaluation...
Evaluate annotation type *bbox*
DONE (t=0.12s).
Accumulating evaluation results...
DONE (t=0.01s).
 Average Precision  (AP) @[ IoU=0.50:0.95 | area=   all | maxDets=100 ] = 0.733
 Average Precision  (AP) @[ IoU=0.50      | area=   all | maxDets=100 ] = 0.945
 Average Precision  (AP) @[ IoU=0.75      | area=   all | maxDets=100 ] = 0.905
 Average Precision  (AP) @[ IoU=0.50:0.95 | area= small | maxDets=100 ] = -1.000
 Average Precision  (AP) @[ IoU=0.50:0.95 | area=medium | maxDets=100 ] = 0.547
 Average Precision  (AP) @[ IoU=0.50:0.95 | area= large | maxDets=100 ] = 0.755
 Average Recall     (AR) @[ IoU=0.50:0.95 | area=   all | maxDets=  1 ] = 0.767
 Average Recall     (AR) @[ IoU=0.50:0.95 | area=   all | maxDets= 10 ] = 0.772
 Average Recall     (AR) @[ IoU=0.50:0.95 | area=   all | maxDets=100 ] = 0.772
 Average Recall     (AR) @[ IoU=0.50:0.95 | area= small | maxDets=100 ] = -1.000
 Average Recall     (AR) @[ IoU=0.50:0.95 | area=medium | maxDets=100 ] = 0.570
 Average Recall     (AR) @[ IoU=0.50:0.95 | area= large | maxDets=100 ] = 0.797
[08/15 07:14:27 d2.evaluation.coco_evaluation]: Evaluation results for bbox: 
|   AP   |  AP50  |  AP75  |  APs  |  APm   |  APl   |
|:------:|:------:|:------:|:-----:|:------:|:------:|
| 73.300 | 94.456 | 90.462 |  nan  | 54.695 | 75.503 |
[08/15 07:14:27 d2.evaluation.coco_evaluation]: Some metrics cannot be computed and is shown as NaN.
Loading and preparing results...
DONE (t=0.00s)
creating index...
index created!
Running per image evaluation...
Evaluate annotation type *segm*
DONE (t=0.02s).
Accumulating evaluation results...
DONE (t=0.01s).
 Average Precision  (AP) @[ IoU=0.50:0.95 | area=   all | maxDets=100 ] = 0.736
 Average Precision  (AP) @[ IoU=0.50      | area=   all | maxDets=100 ] = 0.945
 Average Precision  (AP) @[ IoU=0.75      | area=   all | maxDets=100 ] = 0.905
 Average Precision  (AP) @[ IoU=0.50:0.95 | area= small | maxDets=100 ] = -1.000
 Average Precision  (AP) @[ IoU=0.50:0.95 | area=medium | maxDets=100 ] = 0.548
 Average Precision  (AP) @[ IoU=0.50:0.95 | area= large | maxDets=100 ] = 0.757
 Average Recall     (AR) @[ IoU=0.50:0.95 | area=   all | maxDets=  1 ] = 0.766
 Average Recall     (AR) @[ IoU=0.50:0.95 | area=   all | maxDets= 10 ] = 0.769
 Average Recall     (AR) @[ IoU=0.50:0.95 | area=   all | maxDets=100 ] = 0.769
 Average Recall     (AR) @[ IoU=0.50:0.95 | area= small | maxDets=100 ] = -1.000
 Average Recall     (AR) @[ IoU=0.50:0.95 | area=medium | maxDets=100 ] = 0.580
 Average Recall     (AR) @[ IoU=0.50:0.95 | area= large | maxDets=100 ] = 0.792
[08/15 07:14:27 d2.evaluation.coco_evaluation]: Evaluation results for segm: 
|   AP   |  AP50  |  AP75  |  APs  |  APm   |  APl   |
|:------:|:------:|:------:|:-----:|:------:|:------:|
| 73.551 | 94.480 | 90.462 |  nan  | 54.810 | 75.665 |
[08/15 07:14:27 d2.evaluation.coco_evaluation]: Some metrics cannot be computed and is shown as NaN.
[Iter 2 AP] → mAP@[.5:.95] = 73.551
[08/15 07:14:27 d2.data.datasets.coco]: Loaded 89 images in COCO format from /projects/PUCHALLA/LLP2024/tumor-segmentation/data/processed_data/rgb/test/images/test.json
[08/15 07:14:27 d2.data.datasets.coco]: Loaded 89 images in COCO format from /projects/PUCHALLA/LLP2024/tumor-segmentation/data/processed_data/rgb/test/images/test.json
[08/15 07:14:27 d2.data.dataset_mapper]: [DatasetMapper] Augmentations used in inference: [ResizeShortestEdge(short_edge_length=(800, 800), max_size=1333, sample_style='choice')]
[08/15 07:14:27 d2.data.common]: Serializing the dataset using: <class 'detectron2.data.common._TorchSerializedList'>
[08/15 07:14:27 d2.data.common]: Serializing 89 elements to byte tensors and concatenating them all ...
[08/15 07:14:27 d2.data.common]: Serialized dataset takes 0.07 MiB
[08/15 07:14:27 d2.evaluation.evaluator]: Start inference on 89 batches
[08/15 07:14:29 d2.evaluation.evaluator]: Total inference time: 0:00:02.076663 (0.024722 s / iter per device, on 1 devices)
[08/15 07:14:29 d2.evaluation.evaluator]: Total inference pure compute time: 0:00:01 (0.023599 s / iter per device, on 1 devices)
[08/15 07:14:30 d2.utils.events]:  eta: 0:04:02  iter: 1819  total_loss: 0.2231  loss_cls: 0.02308  loss_box_reg: 0.05802  loss_mask: 0.1344  loss_rpn_cls: 8.91e-06  loss_rpn_loc: 0.002746    time: 0.0765  last_time: 0.0769  data_time: 0.0020  last_data_time: 0.0019   lr: 0.0005  max_mem: 1665M
[08/15 07:14:32 d2.utils.events]:  eta: 0:04:00  iter: 1839  total_loss: 0.1656  loss_cls: 0.01571  loss_box_reg: 0.0415  loss_mask: 0.105  loss_rpn_cls: 6.95e-06  loss_rpn_loc: 0.00255    time: 0.0765  last_time: 0.0800  data_time: 0.0020  last_data_time: 0.0020   lr: 0.0005  max_mem: 1665M
[08/15 07:14:33 d2.utils.events]:  eta: 0:03:59  iter: 1859  total_loss: 0.1848  loss_cls: 0.02173  loss_box_reg: 0.0427  loss_mask: 0.1145  loss_rpn_cls: 5.788e-06  loss_rpn_loc: 0.002287    time: 0.0765  last_time: 0.0760  data_time: 0.0022  last_data_time: 0.0020   lr: 0.0005  max_mem: 1665M
[08/15 07:14:35 d2.utils.events]:  eta: 0:03:57  iter: 1879  total_loss: 0.1886  loss_cls: 0.01637  loss_box_reg: 0.04601  loss_mask: 0.1145  loss_rpn_cls: 1.392e-05  loss_rpn_loc: 0.00229    time: 0.0765  last_time: 0.0775  data_time: 0.0021  last_data_time: 0.0030   lr: 0.0005  max_mem: 1665M
[08/15 07:14:36 d2.utils.events]:  eta: 0:03:56  iter: 1899  total_loss: 0.2187  loss_cls: 0.02058  loss_box_reg: 0.05595  loss_mask: 0.1364  loss_rpn_cls: 4.826e-06  loss_rpn_loc: 0.002678    time: 0.0765  last_time: 0.0810  data_time: 0.0021  last_data_time: 0.0020   lr: 0.0005  max_mem: 1665M
[08/15 07:14:37 d2.evaluation.coco_evaluation]: Fast COCO eval is not built. Falling back to official COCO eval.
[08/15 07:14:37 d2.data.datasets.coco]: Loaded 89 images in COCO format from /projects/PUCHALLA/LLP2024/tumor-segmentation/data/processed_data/rgb/test/images/test.json
[08/15 07:14:37 d2.data.dataset_mapper]: [DatasetMapper] Augmentations used in inference: [ResizeShortestEdge(short_edge_length=(800, 800), max_size=1333, sample_style='choice')]
[08/15 07:14:37 d2.data.common]: Serializing the dataset using: <class 'detectron2.data.common._TorchSerializedList'>
[08/15 07:14:37 d2.data.common]: Serializing 89 elements to byte tensors and concatenating them all ...
[08/15 07:14:37 d2.data.common]: Serialized dataset takes 0.07 MiB
[08/15 07:14:37 d2.evaluation.evaluator]: Start inference on 89 batches
[08/15 07:14:37 d2.evaluation.evaluator]: Inference done 11/89. Dataloading: 0.0004 s/iter. Inference: 0.0235 s/iter. Eval: 0.0003 s/iter. Total: 0.0243 s/iter. ETA=0:00:01
[08/15 07:14:39 d2.evaluation.evaluator]: Total inference time: 0:00:02.058566 (0.024507 s / iter per device, on 1 devices)
[08/15 07:14:39 d2.evaluation.evaluator]: Total inference pure compute time: 0:00:01 (0.023362 s / iter per device, on 1 devices)
[08/15 07:14:39 d2.evaluation.coco_evaluation]: Preparing results for COCO format ...
[08/15 07:14:39 d2.evaluation.coco_evaluation]: Saving results to ../../../../../models/rgb-testing/rgb-5000-1/coco_instances_results.json
[08/15 07:14:39 d2.evaluation.coco_evaluation]: Evaluating predictions with official COCO API...
Loading and preparing results...
DONE (t=0.00s)
creating index...
index created!
Running per image evaluation...
Evaluate annotation type *bbox*
DONE (t=0.01s).
Accumulating evaluation results...
DONE (t=0.01s).
 Average Precision  (AP) @[ IoU=0.50:0.95 | area=   all | maxDets=100 ] = 0.727
 Average Precision  (AP) @[ IoU=0.50      | area=   all | maxDets=100 ] = 0.964
 Average Precision  (AP) @[ IoU=0.75      | area=   all | maxDets=100 ] = 0.922
 Average Precision  (AP) @[ IoU=0.50:0.95 | area= small | maxDets=100 ] = -1.000
 Average Precision  (AP) @[ IoU=0.50:0.95 | area=medium | maxDets=100 ] = 0.645
 Average Precision  (AP) @[ IoU=0.50:0.95 | area= large | maxDets=100 ] = 0.742
 Average Recall     (AR) @[ IoU=0.50:0.95 | area=   all | maxDets=  1 ] = 0.778
 Average Recall     (AR) @[ IoU=0.50:0.95 | area=   all | maxDets= 10 ] = 0.781
 Average Recall     (AR) @[ IoU=0.50:0.95 | area=   all | maxDets=100 ] = 0.781
 Average Recall     (AR) @[ IoU=0.50:0.95 | area= small | maxDets=100 ] = -1.000
 Average Recall     (AR) @[ IoU=0.50:0.95 | area=medium | maxDets=100 ] = 0.650
 Average Recall     (AR) @[ IoU=0.50:0.95 | area= large | maxDets=100 ] = 0.797
[08/15 07:14:39 d2.evaluation.coco_evaluation]: Evaluation results for bbox: 
|   AP   |  AP50  |  AP75  |  APs  |  APm   |  APl   |
|:------:|:------:|:------:|:-----:|:------:|:------:|
| 72.711 | 96.352 | 92.234 |  nan  | 64.545 | 74.161 |
[08/15 07:14:39 d2.evaluation.coco_evaluation]: Some metrics cannot be computed and is shown as NaN.
Loading and preparing results...
DONE (t=0.00s)
creating index...
index created!
Running per image evaluation...
Evaluate annotation type *segm*
DONE (t=0.02s).
Accumulating evaluation results...
DONE (t=0.01s).
 Average Precision  (AP) @[ IoU=0.50:0.95 | area=   all | maxDets=100 ] = 0.748
 Average Precision  (AP) @[ IoU=0.50      | area=   all | maxDets=100 ] = 0.963
 Average Precision  (AP) @[ IoU=0.75      | area=   all | maxDets=100 ] = 0.913
 Average Precision  (AP) @[ IoU=0.50:0.95 | area= small | maxDets=100 ] = -1.000
 Average Precision  (AP) @[ IoU=0.50:0.95 | area=medium | maxDets=100 ] = 0.631
 Average Precision  (AP) @[ IoU=0.50:0.95 | area= large | maxDets=100 ] = 0.764
 Average Recall     (AR) @[ IoU=0.50:0.95 | area=   all | maxDets=  1 ] = 0.780
 Average Recall     (AR) @[ IoU=0.50:0.95 | area=   all | maxDets= 10 ] = 0.784
 Average Recall     (AR) @[ IoU=0.50:0.95 | area=   all | maxDets=100 ] = 0.784
 Average Recall     (AR) @[ IoU=0.50:0.95 | area= small | maxDets=100 ] = -1.000
 Average Recall     (AR) @[ IoU=0.50:0.95 | area=medium | maxDets=100 ] = 0.640
 Average Recall     (AR) @[ IoU=0.50:0.95 | area= large | maxDets=100 ] = 0.803
[08/15 07:14:39 d2.evaluation.coco_evaluation]: Evaluation results for segm: 
|   AP   |  AP50  |  AP75  |  APs  |  APm   |  APl   |
|:------:|:------:|:------:|:-----:|:------:|:------:|
| 74.786 | 96.328 | 91.301 |  nan  | 63.126 | 76.406 |
[08/15 07:14:39 d2.evaluation.coco_evaluation]: Some metrics cannot be computed and is shown as NaN.
[Iter 2 AP] → mAP@[.5:.95] = 74.786
[08/15 07:14:39 d2.data.datasets.coco]: Loaded 89 images in COCO format from /projects/PUCHALLA/LLP2024/tumor-segmentation/data/processed_data/rgb/test/images/test.json
[08/15 07:14:39 d2.data.datasets.coco]: Loaded 89 images in COCO format from /projects/PUCHALLA/LLP2024/tumor-segmentation/data/processed_data/rgb/test/images/test.json
[08/15 07:14:39 d2.data.dataset_mapper]: [DatasetMapper] Augmentations used in inference: [ResizeShortestEdge(short_edge_length=(800, 800), max_size=1333, sample_style='choice')]
[08/15 07:14:39 d2.data.common]: Serializing the dataset using: <class 'detectron2.data.common._TorchSerializedList'>
[08/15 07:14:39 d2.data.common]: Serializing 89 elements to byte tensors and concatenating them all ...
[08/15 07:14:39 d2.data.common]: Serialized dataset takes 0.07 MiB
[08/15 07:14:39 d2.evaluation.evaluator]: Start inference on 89 batches
[08/15 07:14:41 d2.evaluation.evaluator]: Total inference time: 0:00:02.081379 (0.024778 s / iter per device, on 1 devices)
[08/15 07:14:41 d2.evaluation.evaluator]: Total inference pure compute time: 0:00:01 (0.023633 s / iter per device, on 1 devices)
[08/15 07:14:43 d2.utils.events]:  eta: 0:03:54  iter: 1919  total_loss: 0.1963  loss_cls: 0.01848  loss_box_reg: 0.04652  loss_mask: 0.1222  loss_rpn_cls: 9.469e-06  loss_rpn_loc: 0.002496    time: 0.0765  last_time: 0.0758  data_time: 0.0021  last_data_time: 0.0021   lr: 0.0005  max_mem: 1665M
[08/15 07:14:44 d2.utils.events]:  eta: 0:03:53  iter: 1939  total_loss: 0.1796  loss_cls: 0.01781  loss_box_reg: 0.04468  loss_mask: 0.1152  loss_rpn_cls: 1.365e-06  loss_rpn_loc: 0.00232    time: 0.0764  last_time: 0.0800  data_time: 0.0021  last_data_time: 0.0029   lr: 0.0005  max_mem: 1665M
[08/15 07:14:46 d2.utils.events]:  eta: 0:03:51  iter: 1959  total_loss: 0.2056  loss_cls: 0.02239  loss_box_reg: 0.04388  loss_mask: 0.1312  loss_rpn_cls: 8.19e-06  loss_rpn_loc: 0.002321    time: 0.0764  last_time: 0.0748  data_time: 0.0021  last_data_time: 0.0019   lr: 0.0005  max_mem: 1665M
[08/15 07:14:47 d2.utils.events]:  eta: 0:03:50  iter: 1979  total_loss: 0.1872  loss_cls: 0.02051  loss_box_reg: 0.04886  loss_mask: 0.113  loss_rpn_cls: 4.902e-06  loss_rpn_loc: 0.00225    time: 0.0765  last_time: 0.0808  data_time: 0.0021  last_data_time: 0.0021   lr: 0.0005  max_mem: 1665M
[08/15 07:14:49 d2.utils.events]:  eta: 0:03:48  iter: 1999  total_loss: 0.1959  loss_cls: 0.02226  loss_box_reg: 0.04937  loss_mask: 0.1237  loss_rpn_cls: 2.458e-05  loss_rpn_loc: 0.002297    time: 0.0765  last_time: 0.0761  data_time: 0.0021  last_data_time: 0.0020   lr: 0.0005  max_mem: 1665M
[08/15 07:14:49 d2.evaluation.coco_evaluation]: Fast COCO eval is not built. Falling back to official COCO eval.
[08/15 07:14:49 d2.data.datasets.coco]: Loaded 89 images in COCO format from /projects/PUCHALLA/LLP2024/tumor-segmentation/data/processed_data/rgb/test/images/test.json
[08/15 07:14:49 d2.data.dataset_mapper]: [DatasetMapper] Augmentations used in inference: [ResizeShortestEdge(short_edge_length=(800, 800), max_size=1333, sample_style='choice')]
[08/15 07:14:49 d2.data.common]: Serializing the dataset using: <class 'detectron2.data.common._TorchSerializedList'>
[08/15 07:14:49 d2.data.common]: Serializing 89 elements to byte tensors and concatenating them all ...
[08/15 07:14:49 d2.data.common]: Serialized dataset takes 0.07 MiB
[08/15 07:14:49 d2.evaluation.evaluator]: Start inference on 89 batches
[08/15 07:14:49 d2.evaluation.evaluator]: Inference done 11/89. Dataloading: 0.0004 s/iter. Inference: 0.0234 s/iter. Eval: 0.0003 s/iter. Total: 0.0242 s/iter. ETA=0:00:01
[08/15 07:14:51 d2.evaluation.evaluator]: Total inference time: 0:00:02.087475 (0.024851 s / iter per device, on 1 devices)
[08/15 07:14:51 d2.evaluation.evaluator]: Total inference pure compute time: 0:00:01 (0.023717 s / iter per device, on 1 devices)
[08/15 07:14:51 d2.evaluation.coco_evaluation]: Preparing results for COCO format ...
[08/15 07:14:51 d2.evaluation.coco_evaluation]: Saving results to ../../../../../models/rgb-testing/rgb-5000-1/coco_instances_results.json
[08/15 07:14:51 d2.evaluation.coco_evaluation]: Evaluating predictions with official COCO API...
Loading and preparing results...
DONE (t=0.00s)
creating index...
index created!
Running per image evaluation...
Evaluate annotation type *bbox*
DONE (t=0.01s).
Accumulating evaluation results...
DONE (t=0.01s).
 Average Precision  (AP) @[ IoU=0.50:0.95 | area=   all | maxDets=100 ] = 0.716
 Average Precision  (AP) @[ IoU=0.50      | area=   all | maxDets=100 ] = 0.939
 Average Precision  (AP) @[ IoU=0.75      | area=   all | maxDets=100 ] = 0.878
 Average Precision  (AP) @[ IoU=0.50:0.95 | area= small | maxDets=100 ] = -1.000
 Average Precision  (AP) @[ IoU=0.50:0.95 | area=medium | maxDets=100 ] = 0.574
 Average Precision  (AP) @[ IoU=0.50:0.95 | area= large | maxDets=100 ] = 0.736
 Average Recall     (AR) @[ IoU=0.50:0.95 | area=   all | maxDets=  1 ] = 0.761
 Average Recall     (AR) @[ IoU=0.50:0.95 | area=   all | maxDets= 10 ] = 0.766
 Average Recall     (AR) @[ IoU=0.50:0.95 | area=   all | maxDets=100 ] = 0.766
 Average Recall     (AR) @[ IoU=0.50:0.95 | area= small | maxDets=100 ] = -1.000
 Average Recall     (AR) @[ IoU=0.50:0.95 | area=medium | maxDets=100 ] = 0.600
 Average Recall     (AR) @[ IoU=0.50:0.95 | area= large | maxDets=100 ] = 0.787
[08/15 07:14:51 d2.evaluation.coco_evaluation]: Evaluation results for bbox: 
|   AP   |  AP50  |  AP75  |  APs  |  APm   |  APl   |
|:------:|:------:|:------:|:-----:|:------:|:------:|
| 71.562 | 93.917 | 87.820 |  nan  | 57.356 | 73.569 |
[08/15 07:14:51 d2.evaluation.coco_evaluation]: Some metrics cannot be computed and is shown as NaN.
Loading and preparing results...
DONE (t=0.00s)
creating index...
index created!
Running per image evaluation...
Evaluate annotation type *segm*
DONE (t=0.02s).
Accumulating evaluation results...
DONE (t=0.01s).
 Average Precision  (AP) @[ IoU=0.50:0.95 | area=   all | maxDets=100 ] = 0.712
 Average Precision  (AP) @[ IoU=0.50      | area=   all | maxDets=100 ] = 0.939
 Average Precision  (AP) @[ IoU=0.75      | area=   all | maxDets=100 ] = 0.878
 Average Precision  (AP) @[ IoU=0.50:0.95 | area= small | maxDets=100 ] = -1.000
 Average Precision  (AP) @[ IoU=0.50:0.95 | area=medium | maxDets=100 ] = 0.562
 Average Precision  (AP) @[ IoU=0.50:0.95 | area= large | maxDets=100 ] = 0.733
 Average Recall     (AR) @[ IoU=0.50:0.95 | area=   all | maxDets=  1 ] = 0.753
 Average Recall     (AR) @[ IoU=0.50:0.95 | area=   all | maxDets= 10 ] = 0.758
 Average Recall     (AR) @[ IoU=0.50:0.95 | area=   all | maxDets=100 ] = 0.758
 Average Recall     (AR) @[ IoU=0.50:0.95 | area= small | maxDets=100 ] = -1.000
 Average Recall     (AR) @[ IoU=0.50:0.95 | area=medium | maxDets=100 ] = 0.590
 Average Recall     (AR) @[ IoU=0.50:0.95 | area= large | maxDets=100 ] = 0.780
[08/15 07:14:51 d2.evaluation.coco_evaluation]: Evaluation results for segm: 
|   AP   |  AP50  |  AP75  |  APs  |  APm   |  APl   |
|:------:|:------:|:------:|:-----:|:------:|:------:|
| 71.183 | 93.917 | 87.799 |  nan  | 56.209 | 73.277 |
[08/15 07:14:51 d2.evaluation.coco_evaluation]: Some metrics cannot be computed and is shown as NaN.
[Iter 2 AP] → mAP@[.5:.95] = 71.183
[08/15 07:14:51 d2.data.datasets.coco]: Loaded 89 images in COCO format from /projects/PUCHALLA/LLP2024/tumor-segmentation/data/processed_data/rgb/test/images/test.json
[08/15 07:14:51 d2.data.datasets.coco]: Loaded 89 images in COCO format from /projects/PUCHALLA/LLP2024/tumor-segmentation/data/processed_data/rgb/test/images/test.json
[08/15 07:14:51 d2.data.dataset_mapper]: [DatasetMapper] Augmentations used in inference: [ResizeShortestEdge(short_edge_length=(800, 800), max_size=1333, sample_style='choice')]
[08/15 07:14:51 d2.data.common]: Serializing the dataset using: <class 'detectron2.data.common._TorchSerializedList'>
[08/15 07:14:51 d2.data.common]: Serializing 89 elements to byte tensors and concatenating them all ...
[08/15 07:14:51 d2.data.common]: Serialized dataset takes 0.07 MiB
[08/15 07:14:51 d2.evaluation.evaluator]: Start inference on 89 batches
[08/15 07:14:54 d2.evaluation.evaluator]: Total inference time: 0:00:02.076143 (0.024716 s / iter per device, on 1 devices)
[08/15 07:14:54 d2.evaluation.evaluator]: Total inference pure compute time: 0:00:01 (0.023609 s / iter per device, on 1 devices)
[08/15 07:14:55 d2.utils.events]:  eta: 0:03:47  iter: 2019  total_loss: 0.216  loss_cls: 0.0202  loss_box_reg: 0.05201  loss_mask: 0.1327  loss_rpn_cls: 1.684e-05  loss_rpn_loc: 0.002445    time: 0.0765  last_time: 0.0801  data_time: 0.0020  last_data_time: 0.0019   lr: 0.0005  max_mem: 1665M
[08/15 07:14:57 d2.utils.events]:  eta: 0:03:45  iter: 2039  total_loss: 0.1632  loss_cls: 0.01726  loss_box_reg: 0.03656  loss_mask: 0.1025  loss_rpn_cls: 5.695e-06  loss_rpn_loc: 0.002432    time: 0.0765  last_time: 0.0753  data_time: 0.0020  last_data_time: 0.0019   lr: 0.0005  max_mem: 1665M
[08/15 07:14:58 d2.utils.events]:  eta: 0:03:44  iter: 2059  total_loss: 0.1838  loss_cls: 0.01955  loss_box_reg: 0.04408  loss_mask: 0.1083  loss_rpn_cls: 1.163e-05  loss_rpn_loc: 0.00215    time: 0.0765  last_time: 0.0740  data_time: 0.0021  last_data_time: 0.0019   lr: 0.0005  max_mem: 1665M
[08/15 07:15:00 d2.utils.events]:  eta: 0:03:42  iter: 2079  total_loss: 0.1879  loss_cls: 0.01872  loss_box_reg: 0.05109  loss_mask: 0.1156  loss_rpn_cls: 1.965e-06  loss_rpn_loc: 0.001902    time: 0.0765  last_time: 0.0816  data_time: 0.0020  last_data_time: 0.0021   lr: 0.0005  max_mem: 1665M
[08/15 07:15:01 d2.utils.events]:  eta: 0:03:41  iter: 2099  total_loss: 0.1751  loss_cls: 0.0187  loss_box_reg: 0.04619  loss_mask: 0.1058  loss_rpn_cls: 9.214e-06  loss_rpn_loc: 0.001987    time: 0.0765  last_time: 0.0784  data_time: 0.0020  last_data_time: 0.0020   lr: 0.0005  max_mem: 1665M
[08/15 07:15:01 d2.evaluation.coco_evaluation]: Fast COCO eval is not built. Falling back to official COCO eval.
[08/15 07:15:01 d2.data.datasets.coco]: Loaded 89 images in COCO format from /projects/PUCHALLA/LLP2024/tumor-segmentation/data/processed_data/rgb/test/images/test.json
[08/15 07:15:01 d2.data.dataset_mapper]: [DatasetMapper] Augmentations used in inference: [ResizeShortestEdge(short_edge_length=(800, 800), max_size=1333, sample_style='choice')]
[08/15 07:15:01 d2.data.common]: Serializing the dataset using: <class 'detectron2.data.common._TorchSerializedList'>
[08/15 07:15:01 d2.data.common]: Serializing 89 elements to byte tensors and concatenating them all ...
[08/15 07:15:01 d2.data.common]: Serialized dataset takes 0.07 MiB
[08/15 07:15:01 d2.evaluation.evaluator]: Start inference on 89 batches
[08/15 07:15:02 d2.evaluation.evaluator]: Inference done 11/89. Dataloading: 0.0004 s/iter. Inference: 0.0237 s/iter. Eval: 0.0003 s/iter. Total: 0.0244 s/iter. ETA=0:00:01
[08/15 07:15:03 d2.evaluation.evaluator]: Total inference time: 0:00:02.082926 (0.024797 s / iter per device, on 1 devices)
[08/15 07:15:03 d2.evaluation.evaluator]: Total inference pure compute time: 0:00:01 (0.023651 s / iter per device, on 1 devices)
[08/15 07:15:03 d2.evaluation.coco_evaluation]: Preparing results for COCO format ...
[08/15 07:15:03 d2.evaluation.coco_evaluation]: Saving results to ../../../../../models/rgb-testing/rgb-5000-1/coco_instances_results.json
[08/15 07:15:03 d2.evaluation.coco_evaluation]: Evaluating predictions with official COCO API...
Loading and preparing results...
DONE (t=0.00s)
creating index...
index created!
Running per image evaluation...
Evaluate annotation type *bbox*
DONE (t=0.01s).
Accumulating evaluation results...
DONE (t=0.01s).
 Average Precision  (AP) @[ IoU=0.50:0.95 | area=   all | maxDets=100 ] = 0.754
 Average Precision  (AP) @[ IoU=0.50      | area=   all | maxDets=100 ] = 0.956
 Average Precision  (AP) @[ IoU=0.75      | area=   all | maxDets=100 ] = 0.923
 Average Precision  (AP) @[ IoU=0.50:0.95 | area= small | maxDets=100 ] = -1.000
 Average Precision  (AP) @[ IoU=0.50:0.95 | area=medium | maxDets=100 ] = 0.552
 Average Precision  (AP) @[ IoU=0.50:0.95 | area= large | maxDets=100 ] = 0.780
 Average Recall     (AR) @[ IoU=0.50:0.95 | area=   all | maxDets=  1 ] = 0.796
 Average Recall     (AR) @[ IoU=0.50:0.95 | area=   all | maxDets= 10 ] = 0.800
 Average Recall     (AR) @[ IoU=0.50:0.95 | area=   all | maxDets=100 ] = 0.800
 Average Recall     (AR) @[ IoU=0.50:0.95 | area= small | maxDets=100 ] = -1.000
 Average Recall     (AR) @[ IoU=0.50:0.95 | area=medium | maxDets=100 ] = 0.560
 Average Recall     (AR) @[ IoU=0.50:0.95 | area= large | maxDets=100 ] = 0.830
[08/15 07:15:03 d2.evaluation.coco_evaluation]: Evaluation results for bbox: 
|   AP   |  AP50  |  AP75  |  APs  |  APm   |  APl   |
|:------:|:------:|:------:|:-----:|:------:|:------:|
| 75.395 | 95.553 | 92.295 |  nan  | 55.187 | 78.049 |
[08/15 07:15:03 d2.evaluation.coco_evaluation]: Some metrics cannot be computed and is shown as NaN.
Loading and preparing results...
DONE (t=0.00s)
creating index...
index created!
Running per image evaluation...
Evaluate annotation type *segm*
DONE (t=0.02s).
Accumulating evaluation results...
DONE (t=0.01s).
 Average Precision  (AP) @[ IoU=0.50:0.95 | area=   all | maxDets=100 ] = 0.753
 Average Precision  (AP) @[ IoU=0.50      | area=   all | maxDets=100 ] = 0.956
 Average Precision  (AP) @[ IoU=0.75      | area=   all | maxDets=100 ] = 0.924
 Average Precision  (AP) @[ IoU=0.50:0.95 | area= small | maxDets=100 ] = -1.000
 Average Precision  (AP) @[ IoU=0.50:0.95 | area=medium | maxDets=100 ] = 0.551
 Average Precision  (AP) @[ IoU=0.50:0.95 | area= large | maxDets=100 ] = 0.778
 Average Recall     (AR) @[ IoU=0.50:0.95 | area=   all | maxDets=  1 ] = 0.788
 Average Recall     (AR) @[ IoU=0.50:0.95 | area=   all | maxDets= 10 ] = 0.791
 Average Recall     (AR) @[ IoU=0.50:0.95 | area=   all | maxDets=100 ] = 0.791
 Average Recall     (AR) @[ IoU=0.50:0.95 | area= small | maxDets=100 ] = -1.000
 Average Recall     (AR) @[ IoU=0.50:0.95 | area=medium | maxDets=100 ] = 0.570
 Average Recall     (AR) @[ IoU=0.50:0.95 | area= large | maxDets=100 ] = 0.819
[08/15 07:15:04 d2.evaluation.coco_evaluation]: Evaluation results for segm: 
|   AP   |  AP50  |  AP75  |  APs  |  APm   |  APl   |
|:------:|:------:|:------:|:-----:|:------:|:------:|
| 75.286 | 95.553 | 92.405 |  nan  | 55.130 | 77.807 |
[08/15 07:15:04 d2.evaluation.coco_evaluation]: Some metrics cannot be computed and is shown as NaN.
[Iter 2 AP] → mAP@[.5:.95] = 75.286
[08/15 07:15:04 d2.data.datasets.coco]: Loaded 89 images in COCO format from /projects/PUCHALLA/LLP2024/tumor-segmentation/data/processed_data/rgb/test/images/test.json
[08/15 07:15:04 d2.data.datasets.coco]: Loaded 89 images in COCO format from /projects/PUCHALLA/LLP2024/tumor-segmentation/data/processed_data/rgb/test/images/test.json
[08/15 07:15:04 d2.data.dataset_mapper]: [DatasetMapper] Augmentations used in inference: [ResizeShortestEdge(short_edge_length=(800, 800), max_size=1333, sample_style='choice')]
[08/15 07:15:04 d2.data.common]: Serializing the dataset using: <class 'detectron2.data.common._TorchSerializedList'>
[08/15 07:15:04 d2.data.common]: Serializing 89 elements to byte tensors and concatenating them all ...
[08/15 07:15:04 d2.data.common]: Serialized dataset takes 0.07 MiB
[08/15 07:15:04 d2.evaluation.evaluator]: Start inference on 89 batches
[08/15 07:15:06 d2.evaluation.evaluator]: Total inference time: 0:00:02.088062 (0.024858 s / iter per device, on 1 devices)
[08/15 07:15:06 d2.evaluation.evaluator]: Total inference pure compute time: 0:00:01 (0.023739 s / iter per device, on 1 devices)
[08/15 07:15:07 d2.utils.events]:  eta: 0:03:39  iter: 2119  total_loss: 0.1814  loss_cls: 0.01914  loss_box_reg: 0.04273  loss_mask: 0.1102  loss_rpn_cls: 4.506e-06  loss_rpn_loc: 0.001912    time: 0.0765  last_time: 0.0759  data_time: 0.0021  last_data_time: 0.0021   lr: 0.0005  max_mem: 1665M
[08/15 07:15:09 d2.utils.events]:  eta: 0:03:37  iter: 2139  total_loss: 0.1897  loss_cls: 0.01767  loss_box_reg: 0.04898  loss_mask: 0.121  loss_rpn_cls: 2.283e-05  loss_rpn_loc: 0.002528    time: 0.0765  last_time: 0.0835  data_time: 0.0021  last_data_time: 0.0020   lr: 0.0005  max_mem: 1665M
[08/15 07:15:10 d2.utils.events]:  eta: 0:03:36  iter: 2159  total_loss: 0.1869  loss_cls: 0.01822  loss_box_reg: 0.05048  loss_mask: 0.1145  loss_rpn_cls: 7.846e-06  loss_rpn_loc: 0.002274    time: 0.0765  last_time: 0.0710  data_time: 0.0021  last_data_time: 0.0021   lr: 0.0005  max_mem: 1665M
[08/15 07:15:12 d2.utils.events]:  eta: 0:03:34  iter: 2179  total_loss: 0.195  loss_cls: 0.01982  loss_box_reg: 0.04444  loss_mask: 0.13  loss_rpn_cls: 1.388e-05  loss_rpn_loc: 0.002148    time: 0.0765  last_time: 0.0772  data_time: 0.0020  last_data_time: 0.0020   lr: 0.0005  max_mem: 1665M
[08/15 07:15:13 d2.utils.events]:  eta: 0:03:33  iter: 2199  total_loss: 0.1649  loss_cls: 0.0177  loss_box_reg: 0.04199  loss_mask: 0.1098  loss_rpn_cls: 6.183e-06  loss_rpn_loc: 0.001974    time: 0.0765  last_time: 0.0753  data_time: 0.0020  last_data_time: 0.0020   lr: 0.0005  max_mem: 1665M
[08/15 07:15:14 d2.evaluation.coco_evaluation]: Fast COCO eval is not built. Falling back to official COCO eval.
[08/15 07:15:14 d2.data.datasets.coco]: Loaded 89 images in COCO format from /projects/PUCHALLA/LLP2024/tumor-segmentation/data/processed_data/rgb/test/images/test.json
[08/15 07:15:14 d2.data.dataset_mapper]: [DatasetMapper] Augmentations used in inference: [ResizeShortestEdge(short_edge_length=(800, 800), max_size=1333, sample_style='choice')]
[08/15 07:15:14 d2.data.common]: Serializing the dataset using: <class 'detectron2.data.common._TorchSerializedList'>
[08/15 07:15:14 d2.data.common]: Serializing 89 elements to byte tensors and concatenating them all ...
[08/15 07:15:14 d2.data.common]: Serialized dataset takes 0.07 MiB
[08/15 07:15:14 d2.evaluation.evaluator]: Start inference on 89 batches
[08/15 07:15:14 d2.evaluation.evaluator]: Inference done 11/89. Dataloading: 0.0005 s/iter. Inference: 0.0237 s/iter. Eval: 0.0003 s/iter. Total: 0.0245 s/iter. ETA=0:00:01
[08/15 07:15:16 d2.evaluation.evaluator]: Total inference time: 0:00:02.112071 (0.025144 s / iter per device, on 1 devices)
[08/15 07:15:16 d2.evaluation.evaluator]: Total inference pure compute time: 0:00:02 (0.023990 s / iter per device, on 1 devices)
[08/15 07:15:16 d2.evaluation.coco_evaluation]: Preparing results for COCO format ...
[08/15 07:15:16 d2.evaluation.coco_evaluation]: Saving results to ../../../../../models/rgb-testing/rgb-5000-1/coco_instances_results.json
[08/15 07:15:16 d2.evaluation.coco_evaluation]: Evaluating predictions with official COCO API...
Loading and preparing results...
DONE (t=0.00s)
creating index...
index created!
Running per image evaluation...
Evaluate annotation type *bbox*
DONE (t=0.01s).
Accumulating evaluation results...
DONE (t=0.01s).
 Average Precision  (AP) @[ IoU=0.50:0.95 | area=   all | maxDets=100 ] = 0.738
 Average Precision  (AP) @[ IoU=0.50      | area=   all | maxDets=100 ] = 0.942
 Average Precision  (AP) @[ IoU=0.75      | area=   all | maxDets=100 ] = 0.920
 Average Precision  (AP) @[ IoU=0.50:0.95 | area= small | maxDets=100 ] = -1.000
 Average Precision  (AP) @[ IoU=0.50:0.95 | area=medium | maxDets=100 ] = 0.556
 Average Precision  (AP) @[ IoU=0.50:0.95 | area= large | maxDets=100 ] = 0.762
 Average Recall     (AR) @[ IoU=0.50:0.95 | area=   all | maxDets=  1 ] = 0.782
 Average Recall     (AR) @[ IoU=0.50:0.95 | area=   all | maxDets= 10 ] = 0.785
 Average Recall     (AR) @[ IoU=0.50:0.95 | area=   all | maxDets=100 ] = 0.785
 Average Recall     (AR) @[ IoU=0.50:0.95 | area= small | maxDets=100 ] = -1.000
 Average Recall     (AR) @[ IoU=0.50:0.95 | area=medium | maxDets=100 ] = 0.580
 Average Recall     (AR) @[ IoU=0.50:0.95 | area= large | maxDets=100 ] = 0.811
[08/15 07:15:16 d2.evaluation.coco_evaluation]: Evaluation results for bbox: 
|   AP   |  AP50  |  AP75  |  APs  |  APm   |  APl   |
|:------:|:------:|:------:|:-----:|:------:|:------:|
| 73.776 | 94.181 | 91.981 |  nan  | 55.594 | 76.181 |
[08/15 07:15:16 d2.evaluation.coco_evaluation]: Some metrics cannot be computed and is shown as NaN.
Loading and preparing results...
DONE (t=0.00s)
creating index...
index created!
Running per image evaluation...
Evaluate annotation type *segm*
DONE (t=0.02s).
Accumulating evaluation results...
DONE (t=0.01s).
 Average Precision  (AP) @[ IoU=0.50:0.95 | area=   all | maxDets=100 ] = 0.748
 Average Precision  (AP) @[ IoU=0.50      | area=   all | maxDets=100 ] = 0.942
 Average Precision  (AP) @[ IoU=0.75      | area=   all | maxDets=100 ] = 0.910
 Average Precision  (AP) @[ IoU=0.50:0.95 | area= small | maxDets=100 ] = -1.000
 Average Precision  (AP) @[ IoU=0.50:0.95 | area=medium | maxDets=100 ] = 0.557
 Average Precision  (AP) @[ IoU=0.50:0.95 | area= large | maxDets=100 ] = 0.772
 Average Recall     (AR) @[ IoU=0.50:0.95 | area=   all | maxDets=  1 ] = 0.782
 Average Recall     (AR) @[ IoU=0.50:0.95 | area=   all | maxDets= 10 ] = 0.784
 Average Recall     (AR) @[ IoU=0.50:0.95 | area=   all | maxDets=100 ] = 0.784
 Average Recall     (AR) @[ IoU=0.50:0.95 | area= small | maxDets=100 ] = -1.000
 Average Recall     (AR) @[ IoU=0.50:0.95 | area=medium | maxDets=100 ] = 0.580
 Average Recall     (AR) @[ IoU=0.50:0.95 | area= large | maxDets=100 ] = 0.810
[08/15 07:15:16 d2.evaluation.coco_evaluation]: Evaluation results for segm: 
|   AP   |  AP50  |  AP75  |  APs  |  APm   |  APl   |
|:------:|:------:|:------:|:-----:|:------:|:------:|
| 74.806 | 94.181 | 91.046 |  nan  | 55.667 | 77.240 |
[08/15 07:15:16 d2.evaluation.coco_evaluation]: Some metrics cannot be computed and is shown as NaN.
[Iter 2 AP] → mAP@[.5:.95] = 74.806
[08/15 07:15:16 d2.data.datasets.coco]: Loaded 89 images in COCO format from /projects/PUCHALLA/LLP2024/tumor-segmentation/data/processed_data/rgb/test/images/test.json
[08/15 07:15:16 d2.data.datasets.coco]: Loaded 89 images in COCO format from /projects/PUCHALLA/LLP2024/tumor-segmentation/data/processed_data/rgb/test/images/test.json
[08/15 07:15:16 d2.data.dataset_mapper]: [DatasetMapper] Augmentations used in inference: [ResizeShortestEdge(short_edge_length=(800, 800), max_size=1333, sample_style='choice')]
[08/15 07:15:16 d2.data.common]: Serializing the dataset using: <class 'detectron2.data.common._TorchSerializedList'>
[08/15 07:15:16 d2.data.common]: Serializing 89 elements to byte tensors and concatenating them all ...
[08/15 07:15:16 d2.data.common]: Serialized dataset takes 0.07 MiB
[08/15 07:15:16 d2.evaluation.evaluator]: Start inference on 89 batches
[08/15 07:15:18 d2.evaluation.evaluator]: Total inference time: 0:00:02.103256 (0.025039 s / iter per device, on 1 devices)
[08/15 07:15:18 d2.evaluation.evaluator]: Total inference pure compute time: 0:00:02 (0.023894 s / iter per device, on 1 devices)
[08/15 07:15:20 d2.utils.events]:  eta: 0:03:31  iter: 2219  total_loss: 0.1779  loss_cls: 0.01781  loss_box_reg: 0.04452  loss_mask: 0.1157  loss_rpn_cls: 3.84e-06  loss_rpn_loc: 0.001568    time: 0.0765  last_time: 0.0806  data_time: 0.0022  last_data_time: 0.0029   lr: 0.0005  max_mem: 1665M
[08/15 07:15:21 d2.utils.events]:  eta: 0:03:30  iter: 2239  total_loss: 0.1771  loss_cls: 0.01926  loss_box_reg: 0.04159  loss_mask: 0.1141  loss_rpn_cls: 2.052e-05  loss_rpn_loc: 0.002484    time: 0.0765  last_time: 0.0806  data_time: 0.0021  last_data_time: 0.0020   lr: 0.0005  max_mem: 1665M
[08/15 07:15:23 d2.utils.events]:  eta: 0:03:28  iter: 2259  total_loss: 0.174  loss_cls: 0.01784  loss_box_reg: 0.04227  loss_mask: 0.1157  loss_rpn_cls: 4.277e-06  loss_rpn_loc: 0.00225    time: 0.0765  last_time: 0.0749  data_time: 0.0021  last_data_time: 0.0020   lr: 0.0005  max_mem: 1665M
[08/15 07:15:24 d2.utils.events]:  eta: 0:03:27  iter: 2279  total_loss: 0.1572  loss_cls: 0.01494  loss_box_reg: 0.03775  loss_mask: 0.1079  loss_rpn_cls: 3.661e-06  loss_rpn_loc: 0.001722    time: 0.0765  last_time: 0.0812  data_time: 0.0022  last_data_time: 0.0021   lr: 0.0005  max_mem: 1665M
[08/15 07:15:26 d2.utils.events]:  eta: 0:03:25  iter: 2299  total_loss: 0.1871  loss_cls: 0.02035  loss_box_reg: 0.04795  loss_mask: 0.1179  loss_rpn_cls: 3.468e-06  loss_rpn_loc: 0.002331    time: 0.0765  last_time: 0.0782  data_time: 0.0023  last_data_time: 0.0020   lr: 0.0005  max_mem: 1665M
[08/15 07:15:26 d2.evaluation.coco_evaluation]: Fast COCO eval is not built. Falling back to official COCO eval.
[08/15 07:15:26 d2.data.datasets.coco]: Loaded 89 images in COCO format from /projects/PUCHALLA/LLP2024/tumor-segmentation/data/processed_data/rgb/test/images/test.json
[08/15 07:15:26 d2.data.dataset_mapper]: [DatasetMapper] Augmentations used in inference: [ResizeShortestEdge(short_edge_length=(800, 800), max_size=1333, sample_style='choice')]
[08/15 07:15:26 d2.data.common]: Serializing the dataset using: <class 'detectron2.data.common._TorchSerializedList'>
[08/15 07:15:26 d2.data.common]: Serializing 89 elements to byte tensors and concatenating them all ...
[08/15 07:15:26 d2.data.common]: Serialized dataset takes 0.07 MiB
[08/15 07:15:26 d2.evaluation.evaluator]: Start inference on 89 batches
[08/15 07:15:26 d2.evaluation.evaluator]: Inference done 11/89. Dataloading: 0.0004 s/iter. Inference: 0.0235 s/iter. Eval: 0.0003 s/iter. Total: 0.0243 s/iter. ETA=0:00:01
[08/15 07:15:28 d2.evaluation.evaluator]: Total inference time: 0:00:02.096621 (0.024960 s / iter per device, on 1 devices)
[08/15 07:15:28 d2.evaluation.evaluator]: Total inference pure compute time: 0:00:02 (0.023815 s / iter per device, on 1 devices)
[08/15 07:15:28 d2.evaluation.coco_evaluation]: Preparing results for COCO format ...
[08/15 07:15:28 d2.evaluation.coco_evaluation]: Saving results to ../../../../../models/rgb-testing/rgb-5000-1/coco_instances_results.json
[08/15 07:15:28 d2.evaluation.coco_evaluation]: Evaluating predictions with official COCO API...
Loading and preparing results...
DONE (t=0.00s)
creating index...
index created!
Running per image evaluation...
Evaluate annotation type *bbox*
DONE (t=0.02s).
Accumulating evaluation results...
DONE (t=0.01s).
 Average Precision  (AP) @[ IoU=0.50:0.95 | area=   all | maxDets=100 ] = 0.731
 Average Precision  (AP) @[ IoU=0.50      | area=   all | maxDets=100 ] = 0.941
 Average Precision  (AP) @[ IoU=0.75      | area=   all | maxDets=100 ] = 0.910
 Average Precision  (AP) @[ IoU=0.50:0.95 | area= small | maxDets=100 ] = -1.000
 Average Precision  (AP) @[ IoU=0.50:0.95 | area=medium | maxDets=100 ] = 0.564
 Average Precision  (AP) @[ IoU=0.50:0.95 | area= large | maxDets=100 ] = 0.754
 Average Recall     (AR) @[ IoU=0.50:0.95 | area=   all | maxDets=  1 ] = 0.779
 Average Recall     (AR) @[ IoU=0.50:0.95 | area=   all | maxDets= 10 ] = 0.782
 Average Recall     (AR) @[ IoU=0.50:0.95 | area=   all | maxDets=100 ] = 0.782
 Average Recall     (AR) @[ IoU=0.50:0.95 | area= small | maxDets=100 ] = -1.000
 Average Recall     (AR) @[ IoU=0.50:0.95 | area=medium | maxDets=100 ] = 0.580
 Average Recall     (AR) @[ IoU=0.50:0.95 | area= large | maxDets=100 ] = 0.808
[08/15 07:15:28 d2.evaluation.coco_evaluation]: Evaluation results for bbox: 
|   AP   |  AP50  |  AP75  |  APs  |  APm   |  APl   |
|:------:|:------:|:------:|:-----:|:------:|:------:|
| 73.132 | 94.116 | 90.975 |  nan  | 56.425 | 75.382 |
[08/15 07:15:28 d2.evaluation.coco_evaluation]: Some metrics cannot be computed and is shown as NaN.
Loading and preparing results...
DONE (t=0.00s)
creating index...
index created!
Running per image evaluation...
Evaluate annotation type *segm*
DONE (t=0.02s).
Accumulating evaluation results...
DONE (t=0.01s).
 Average Precision  (AP) @[ IoU=0.50:0.95 | area=   all | maxDets=100 ] = 0.747
 Average Precision  (AP) @[ IoU=0.50      | area=   all | maxDets=100 ] = 0.941
 Average Precision  (AP) @[ IoU=0.75      | area=   all | maxDets=100 ] = 0.899
 Average Precision  (AP) @[ IoU=0.50:0.95 | area= small | maxDets=100 ] = -1.000
 Average Precision  (AP) @[ IoU=0.50:0.95 | area=medium | maxDets=100 ] = 0.556
 Average Precision  (AP) @[ IoU=0.50:0.95 | area= large | maxDets=100 ] = 0.771
 Average Recall     (AR) @[ IoU=0.50:0.95 | area=   all | maxDets=  1 ] = 0.783
 Average Recall     (AR) @[ IoU=0.50:0.95 | area=   all | maxDets= 10 ] = 0.785
 Average Recall     (AR) @[ IoU=0.50:0.95 | area=   all | maxDets=100 ] = 0.785
 Average Recall     (AR) @[ IoU=0.50:0.95 | area= small | maxDets=100 ] = -1.000
 Average Recall     (AR) @[ IoU=0.50:0.95 | area=medium | maxDets=100 ] = 0.570
 Average Recall     (AR) @[ IoU=0.50:0.95 | area= large | maxDets=100 ] = 0.813
[08/15 07:15:28 d2.evaluation.coco_evaluation]: Evaluation results for segm: 
|   AP   |  AP50  |  AP75  |  APs  |  APm   |  APl   |
|:------:|:------:|:------:|:-----:|:------:|:------:|
| 74.664 | 94.116 | 89.923 |  nan  | 55.560 | 77.075 |
[08/15 07:15:28 d2.evaluation.coco_evaluation]: Some metrics cannot be computed and is shown as NaN.
[Iter 2 AP] → mAP@[.5:.95] = 74.664
[08/15 07:15:28 d2.data.datasets.coco]: Loaded 89 images in COCO format from /projects/PUCHALLA/LLP2024/tumor-segmentation/data/processed_data/rgb/test/images/test.json
[08/15 07:15:28 d2.data.datasets.coco]: Loaded 89 images in COCO format from /projects/PUCHALLA/LLP2024/tumor-segmentation/data/processed_data/rgb/test/images/test.json
[08/15 07:15:28 d2.data.dataset_mapper]: [DatasetMapper] Augmentations used in inference: [ResizeShortestEdge(short_edge_length=(800, 800), max_size=1333, sample_style='choice')]
[08/15 07:15:28 d2.data.common]: Serializing the dataset using: <class 'detectron2.data.common._TorchSerializedList'>
[08/15 07:15:28 d2.data.common]: Serializing 89 elements to byte tensors and concatenating them all ...
[08/15 07:15:28 d2.data.common]: Serialized dataset takes 0.07 MiB
[08/15 07:15:28 d2.evaluation.evaluator]: Start inference on 89 batches
[08/15 07:15:31 d2.evaluation.evaluator]: Total inference time: 0:00:02.092516 (0.024911 s / iter per device, on 1 devices)
[08/15 07:15:31 d2.evaluation.evaluator]: Total inference pure compute time: 0:00:01 (0.023780 s / iter per device, on 1 devices)
[08/15 07:15:32 d2.utils.events]:  eta: 0:03:24  iter: 2319  total_loss: 0.1962  loss_cls: 0.01826  loss_box_reg: 0.04407  loss_mask: 0.1232  loss_rpn_cls: 4.128e-06  loss_rpn_loc: 0.001969    time: 0.0765  last_time: 0.0797  data_time: 0.0022  last_data_time: 0.0029   lr: 0.0005  max_mem: 1665M
[08/15 07:15:34 d2.utils.events]:  eta: 0:03:22  iter: 2339  total_loss: 0.1684  loss_cls: 0.01553  loss_box_reg: 0.0395  loss_mask: 0.1099  loss_rpn_cls: 2.616e-06  loss_rpn_loc: 0.002037    time: 0.0765  last_time: 0.0703  data_time: 0.0021  last_data_time: 0.0019   lr: 0.0005  max_mem: 1665M
[08/15 07:15:35 d2.utils.events]:  eta: 0:03:21  iter: 2359  total_loss: 0.1662  loss_cls: 0.01662  loss_box_reg: 0.04263  loss_mask: 0.1006  loss_rpn_cls: 9.959e-06  loss_rpn_loc: 0.002407    time: 0.0765  last_time: 0.0734  data_time: 0.0024  last_data_time: 0.0029   lr: 0.0005  max_mem: 1665M
[08/15 07:15:37 d2.utils.events]:  eta: 0:03:19  iter: 2379  total_loss: 0.1889  loss_cls: 0.01729  loss_box_reg: 0.04388  loss_mask: 0.1189  loss_rpn_cls: 5.563e-06  loss_rpn_loc: 0.001967    time: 0.0765  last_time: 0.0801  data_time: 0.0022  last_data_time: 0.0020   lr: 0.0005  max_mem: 1665M
[08/15 07:15:38 d2.utils.events]:  eta: 0:03:18  iter: 2399  total_loss: 0.171  loss_cls: 0.01771  loss_box_reg: 0.04079  loss_mask: 0.1058  loss_rpn_cls: 6.16e-05  loss_rpn_loc: 0.002193    time: 0.0765  last_time: 0.0827  data_time: 0.0022  last_data_time: 0.0022   lr: 0.0005  max_mem: 1665M
[08/15 07:15:38 d2.evaluation.coco_evaluation]: Fast COCO eval is not built. Falling back to official COCO eval.
[08/15 07:15:38 d2.data.datasets.coco]: Loaded 89 images in COCO format from /projects/PUCHALLA/LLP2024/tumor-segmentation/data/processed_data/rgb/test/images/test.json
[08/15 07:15:38 d2.data.dataset_mapper]: [DatasetMapper] Augmentations used in inference: [ResizeShortestEdge(short_edge_length=(800, 800), max_size=1333, sample_style='choice')]
[08/15 07:15:38 d2.data.common]: Serializing the dataset using: <class 'detectron2.data.common._TorchSerializedList'>
[08/15 07:15:38 d2.data.common]: Serializing 89 elements to byte tensors and concatenating them all ...
[08/15 07:15:38 d2.data.common]: Serialized dataset takes 0.07 MiB
[08/15 07:15:38 d2.evaluation.evaluator]: Start inference on 89 batches
[08/15 07:15:39 d2.evaluation.evaluator]: Inference done 11/89. Dataloading: 0.0004 s/iter. Inference: 0.0237 s/iter. Eval: 0.0003 s/iter. Total: 0.0244 s/iter. ETA=0:00:01
[08/15 07:15:41 d2.evaluation.evaluator]: Total inference time: 0:00:02.088844 (0.024867 s / iter per device, on 1 devices)
[08/15 07:15:41 d2.evaluation.evaluator]: Total inference pure compute time: 0:00:01 (0.023725 s / iter per device, on 1 devices)
[08/15 07:15:41 d2.evaluation.coco_evaluation]: Preparing results for COCO format ...
[08/15 07:15:41 d2.evaluation.coco_evaluation]: Saving results to ../../../../../models/rgb-testing/rgb-5000-1/coco_instances_results.json
[08/15 07:15:41 d2.evaluation.coco_evaluation]: Evaluating predictions with official COCO API...
Loading and preparing results...
DONE (t=0.00s)
creating index...
index created!
Running per image evaluation...
Evaluate annotation type *bbox*
DONE (t=0.01s).
Accumulating evaluation results...
DONE (t=0.01s).
 Average Precision  (AP) @[ IoU=0.50:0.95 | area=   all | maxDets=100 ] = 0.721
 Average Precision  (AP) @[ IoU=0.50      | area=   all | maxDets=100 ] = 0.943
 Average Precision  (AP) @[ IoU=0.75      | area=   all | maxDets=100 ] = 0.913
 Average Precision  (AP) @[ IoU=0.50:0.95 | area= small | maxDets=100 ] = -1.000
 Average Precision  (AP) @[ IoU=0.50:0.95 | area=medium | maxDets=100 ] = 0.561
 Average Precision  (AP) @[ IoU=0.50:0.95 | area= large | maxDets=100 ] = 0.740
 Average Recall     (AR) @[ IoU=0.50:0.95 | area=   all | maxDets=  1 ] = 0.766
 Average Recall     (AR) @[ IoU=0.50:0.95 | area=   all | maxDets= 10 ] = 0.771
 Average Recall     (AR) @[ IoU=0.50:0.95 | area=   all | maxDets=100 ] = 0.771
 Average Recall     (AR) @[ IoU=0.50:0.95 | area= small | maxDets=100 ] = -1.000
 Average Recall     (AR) @[ IoU=0.50:0.95 | area=medium | maxDets=100 ] = 0.590
 Average Recall     (AR) @[ IoU=0.50:0.95 | area= large | maxDets=100 ] = 0.794
[08/15 07:15:41 d2.evaluation.coco_evaluation]: Evaluation results for bbox: 
|   AP   |  AP50  |  AP75  |  APs  |  APm   |  APl   |
|:------:|:------:|:------:|:-----:|:------:|:------:|
| 72.059 | 94.328 | 91.264 |  nan  | 56.145 | 73.982 |
[08/15 07:15:41 d2.evaluation.coco_evaluation]: Some metrics cannot be computed and is shown as NaN.
Loading and preparing results...
DONE (t=0.00s)
creating index...
index created!
Running per image evaluation...
Evaluate annotation type *segm*
DONE (t=0.02s).
Accumulating evaluation results...
DONE (t=0.01s).
 Average Precision  (AP) @[ IoU=0.50:0.95 | area=   all | maxDets=100 ] = 0.750
 Average Precision  (AP) @[ IoU=0.50      | area=   all | maxDets=100 ] = 0.943
 Average Precision  (AP) @[ IoU=0.75      | area=   all | maxDets=100 ] = 0.913
 Average Precision  (AP) @[ IoU=0.50:0.95 | area= small | maxDets=100 ] = -1.000
 Average Precision  (AP) @[ IoU=0.50:0.95 | area=medium | maxDets=100 ] = 0.574
 Average Precision  (AP) @[ IoU=0.50:0.95 | area= large | maxDets=100 ] = 0.770
 Average Recall     (AR) @[ IoU=0.50:0.95 | area=   all | maxDets=  1 ] = 0.784
 Average Recall     (AR) @[ IoU=0.50:0.95 | area=   all | maxDets= 10 ] = 0.787
 Average Recall     (AR) @[ IoU=0.50:0.95 | area=   all | maxDets=100 ] = 0.787
 Average Recall     (AR) @[ IoU=0.50:0.95 | area= small | maxDets=100 ] = -1.000
 Average Recall     (AR) @[ IoU=0.50:0.95 | area=medium | maxDets=100 ] = 0.600
 Average Recall     (AR) @[ IoU=0.50:0.95 | area= large | maxDets=100 ] = 0.810
[08/15 07:15:41 d2.evaluation.coco_evaluation]: Evaluation results for segm: 
|   AP   |  AP50  |  AP75  |  APs  |  APm   |  APl   |
|:------:|:------:|:------:|:-----:|:------:|:------:|
| 75.049 | 94.328 | 91.264 |  nan  | 57.401 | 77.038 |
[08/15 07:15:41 d2.evaluation.coco_evaluation]: Some metrics cannot be computed and is shown as NaN.
[Iter 2 AP] → mAP@[.5:.95] = 75.049
[08/15 07:15:41 d2.data.datasets.coco]: Loaded 89 images in COCO format from /projects/PUCHALLA/LLP2024/tumor-segmentation/data/processed_data/rgb/test/images/test.json
[08/15 07:15:41 d2.data.datasets.coco]: Loaded 89 images in COCO format from /projects/PUCHALLA/LLP2024/tumor-segmentation/data/processed_data/rgb/test/images/test.json
[08/15 07:15:41 d2.data.dataset_mapper]: [DatasetMapper] Augmentations used in inference: [ResizeShortestEdge(short_edge_length=(800, 800), max_size=1333, sample_style='choice')]
[08/15 07:15:41 d2.data.common]: Serializing the dataset using: <class 'detectron2.data.common._TorchSerializedList'>
[08/15 07:15:41 d2.data.common]: Serializing 89 elements to byte tensors and concatenating them all ...
[08/15 07:15:41 d2.data.common]: Serialized dataset takes 0.07 MiB
[08/15 07:15:41 d2.evaluation.evaluator]: Start inference on 89 batches
[08/15 07:15:43 d2.evaluation.evaluator]: Total inference time: 0:00:02.079235 (0.024753 s / iter per device, on 1 devices)
[08/15 07:15:43 d2.evaluation.evaluator]: Total inference pure compute time: 0:00:01 (0.023626 s / iter per device, on 1 devices)
[08/15 07:15:44 d2.utils.events]:  eta: 0:03:16  iter: 2419  total_loss: 0.2068  loss_cls: 0.02117  loss_box_reg: 0.0549  loss_mask: 0.1277  loss_rpn_cls: 1.051e-05  loss_rpn_loc: 0.002478    time: 0.0765  last_time: 0.0792  data_time: 0.0022  last_data_time: 0.0021   lr: 0.0005  max_mem: 1665M
[08/15 07:15:46 d2.utils.events]:  eta: 0:03:15  iter: 2439  total_loss: 0.1863  loss_cls: 0.02003  loss_box_reg: 0.05369  loss_mask: 0.1112  loss_rpn_cls: 7.632e-06  loss_rpn_loc: 0.002611    time: 0.0765  last_time: 0.0770  data_time: 0.0021  last_data_time: 0.0021   lr: 0.0005  max_mem: 1665M
[08/15 07:15:48 d2.utils.events]:  eta: 0:03:13  iter: 2459  total_loss: 0.1696  loss_cls: 0.01713  loss_box_reg: 0.03847  loss_mask: 0.1128  loss_rpn_cls: 9.86e-06  loss_rpn_loc: 0.002462    time: 0.0765  last_time: 0.0757  data_time: 0.0023  last_data_time: 0.0021   lr: 0.0005  max_mem: 1665M
[08/15 07:15:49 d2.utils.events]:  eta: 0:03:12  iter: 2479  total_loss: 0.1711  loss_cls: 0.0179  loss_box_reg: 0.04406  loss_mask: 0.1022  loss_rpn_cls: 1.047e-05  loss_rpn_loc: 0.00221    time: 0.0765  last_time: 0.0807  data_time: 0.0024  last_data_time: 0.0020   lr: 0.0005  max_mem: 1665M
[08/15 07:15:51 d2.utils.events]:  eta: 0:03:11  iter: 2499  total_loss: 0.1847  loss_cls: 0.01916  loss_box_reg: 0.04894  loss_mask: 0.1119  loss_rpn_cls: 2.365e-05  loss_rpn_loc: 0.002471    time: 0.0765  last_time: 0.0767  data_time: 0.0022  last_data_time: 0.0020   lr: 0.0005  max_mem: 1665M
[08/15 07:15:51 d2.evaluation.coco_evaluation]: Fast COCO eval is not built. Falling back to official COCO eval.
[08/15 07:15:51 d2.data.datasets.coco]: Loaded 89 images in COCO format from /projects/PUCHALLA/LLP2024/tumor-segmentation/data/processed_data/rgb/test/images/test.json
[08/15 07:15:51 d2.data.dataset_mapper]: [DatasetMapper] Augmentations used in inference: [ResizeShortestEdge(short_edge_length=(800, 800), max_size=1333, sample_style='choice')]
[08/15 07:15:51 d2.data.common]: Serializing the dataset using: <class 'detectron2.data.common._TorchSerializedList'>
[08/15 07:15:51 d2.data.common]: Serializing 89 elements to byte tensors and concatenating them all ...
[08/15 07:15:51 d2.data.common]: Serialized dataset takes 0.07 MiB
[08/15 07:15:51 d2.evaluation.evaluator]: Start inference on 89 batches
[08/15 07:15:51 d2.evaluation.evaluator]: Inference done 11/89. Dataloading: 0.0004 s/iter. Inference: 0.0240 s/iter. Eval: 0.0003 s/iter. Total: 0.0248 s/iter. ETA=0:00:01
[08/15 07:15:53 d2.evaluation.evaluator]: Total inference time: 0:00:02.098704 (0.024985 s / iter per device, on 1 devices)
[08/15 07:15:53 d2.evaluation.evaluator]: Total inference pure compute time: 0:00:02 (0.023829 s / iter per device, on 1 devices)
[08/15 07:15:53 d2.evaluation.coco_evaluation]: Preparing results for COCO format ...
[08/15 07:15:53 d2.evaluation.coco_evaluation]: Saving results to ../../../../../models/rgb-testing/rgb-5000-1/coco_instances_results.json
[08/15 07:15:53 d2.evaluation.coco_evaluation]: Evaluating predictions with official COCO API...
Loading and preparing results...
DONE (t=0.00s)
creating index...
index created!
Running per image evaluation...
Evaluate annotation type *bbox*
DONE (t=0.02s).
Accumulating evaluation results...
DONE (t=0.01s).
 Average Precision  (AP) @[ IoU=0.50:0.95 | area=   all | maxDets=100 ] = 0.738
 Average Precision  (AP) @[ IoU=0.50      | area=   all | maxDets=100 ] = 0.952
 Average Precision  (AP) @[ IoU=0.75      | area=   all | maxDets=100 ] = 0.911
 Average Precision  (AP) @[ IoU=0.50:0.95 | area= small | maxDets=100 ] = -1.000
 Average Precision  (AP) @[ IoU=0.50:0.95 | area=medium | maxDets=100 ] = 0.591
 Average Precision  (AP) @[ IoU=0.50:0.95 | area= large | maxDets=100 ] = 0.757
 Average Recall     (AR) @[ IoU=0.50:0.95 | area=   all | maxDets=  1 ] = 0.776
 Average Recall     (AR) @[ IoU=0.50:0.95 | area=   all | maxDets= 10 ] = 0.780
 Average Recall     (AR) @[ IoU=0.50:0.95 | area=   all | maxDets=100 ] = 0.780
 Average Recall     (AR) @[ IoU=0.50:0.95 | area= small | maxDets=100 ] = -1.000
 Average Recall     (AR) @[ IoU=0.50:0.95 | area=medium | maxDets=100 ] = 0.610
 Average Recall     (AR) @[ IoU=0.50:0.95 | area= large | maxDets=100 ] = 0.801
[08/15 07:15:53 d2.evaluation.coco_evaluation]: Evaluation results for bbox: 
|   AP   |  AP50  |  AP75  |  APs  |  APm   |  APl   |
|:------:|:------:|:------:|:-----:|:------:|:------:|
| 73.809 | 95.220 | 91.134 |  nan  | 59.146 | 75.729 |
[08/15 07:15:53 d2.evaluation.coco_evaluation]: Some metrics cannot be computed and is shown as NaN.
Loading and preparing results...
DONE (t=0.00s)
creating index...
index created!
Running per image evaluation...
Evaluate annotation type *segm*
DONE (t=0.02s).
Accumulating evaluation results...
DONE (t=0.01s).
 Average Precision  (AP) @[ IoU=0.50:0.95 | area=   all | maxDets=100 ] = 0.745
 Average Precision  (AP) @[ IoU=0.50      | area=   all | maxDets=100 ] = 0.952
 Average Precision  (AP) @[ IoU=0.75      | area=   all | maxDets=100 ] = 0.911
 Average Precision  (AP) @[ IoU=0.50:0.95 | area= small | maxDets=100 ] = -1.000
 Average Precision  (AP) @[ IoU=0.50:0.95 | area=medium | maxDets=100 ] = 0.604
 Average Precision  (AP) @[ IoU=0.50:0.95 | area= large | maxDets=100 ] = 0.762
 Average Recall     (AR) @[ IoU=0.50:0.95 | area=   all | maxDets=  1 ] = 0.781
 Average Recall     (AR) @[ IoU=0.50:0.95 | area=   all | maxDets= 10 ] = 0.783
 Average Recall     (AR) @[ IoU=0.50:0.95 | area=   all | maxDets=100 ] = 0.783
 Average Recall     (AR) @[ IoU=0.50:0.95 | area= small | maxDets=100 ] = -1.000
 Average Recall     (AR) @[ IoU=0.50:0.95 | area=medium | maxDets=100 ] = 0.630
 Average Recall     (AR) @[ IoU=0.50:0.95 | area= large | maxDets=100 ] = 0.803
[08/15 07:15:53 d2.evaluation.coco_evaluation]: Evaluation results for segm: 
|   AP   |  AP50  |  AP75  |  APs  |  APm   |  APl   |
|:------:|:------:|:------:|:-----:|:------:|:------:|
| 74.471 | 95.220 | 91.134 |  nan  | 60.360 | 76.162 |
[08/15 07:15:53 d2.evaluation.coco_evaluation]: Some metrics cannot be computed and is shown as NaN.
[Iter 2 AP] → mAP@[.5:.95] = 74.471
[08/15 07:15:53 d2.data.datasets.coco]: Loaded 89 images in COCO format from /projects/PUCHALLA/LLP2024/tumor-segmentation/data/processed_data/rgb/test/images/test.json
[08/15 07:15:53 d2.data.datasets.coco]: Loaded 89 images in COCO format from /projects/PUCHALLA/LLP2024/tumor-segmentation/data/processed_data/rgb/test/images/test.json
[08/15 07:15:53 d2.data.dataset_mapper]: [DatasetMapper] Augmentations used in inference: [ResizeShortestEdge(short_edge_length=(800, 800), max_size=1333, sample_style='choice')]
[08/15 07:15:53 d2.data.common]: Serializing the dataset using: <class 'detectron2.data.common._TorchSerializedList'>
[08/15 07:15:53 d2.data.common]: Serializing 89 elements to byte tensors and concatenating them all ...
[08/15 07:15:53 d2.data.common]: Serialized dataset takes 0.07 MiB
[08/15 07:15:53 d2.evaluation.evaluator]: Start inference on 89 batches
[08/15 07:15:55 d2.evaluation.evaluator]: Total inference time: 0:00:02.086100 (0.024835 s / iter per device, on 1 devices)
[08/15 07:15:55 d2.evaluation.evaluator]: Total inference pure compute time: 0:00:01 (0.023719 s / iter per device, on 1 devices)
[08/15 07:15:57 d2.utils.events]:  eta: 0:03:09  iter: 2519  total_loss: 0.1473  loss_cls: 0.01484  loss_box_reg: 0.03525  loss_mask: 0.09843  loss_rpn_cls: 2.778e-06  loss_rpn_loc: 0.001629    time: 0.0765  last_time: 0.0774  data_time: 0.0022  last_data_time: 0.0020   lr: 0.0005  max_mem: 1665M
[08/15 07:15:58 d2.utils.events]:  eta: 0:03:07  iter: 2539  total_loss: 0.1598  loss_cls: 0.01742  loss_box_reg: 0.03947  loss_mask: 0.105  loss_rpn_cls: 2.201e-06  loss_rpn_loc: 0.002117    time: 0.0765  last_time: 0.0722  data_time: 0.0021  last_data_time: 0.0020   lr: 0.0005  max_mem: 1665M
[08/15 07:16:00 d2.utils.events]:  eta: 0:03:06  iter: 2559  total_loss: 0.1849  loss_cls: 0.02029  loss_box_reg: 0.04462  loss_mask: 0.1157  loss_rpn_cls: 6.646e-06  loss_rpn_loc: 0.002123    time: 0.0765  last_time: 0.0766  data_time: 0.0023  last_data_time: 0.0020   lr: 0.0005  max_mem: 1665M
[08/15 07:16:01 d2.utils.events]:  eta: 0:03:04  iter: 2579  total_loss: 0.1743  loss_cls: 0.01735  loss_box_reg: 0.04305  loss_mask: 0.1168  loss_rpn_cls: 3.263e-06  loss_rpn_loc: 0.001812    time: 0.0765  last_time: 0.0664  data_time: 0.0021  last_data_time: 0.0019   lr: 0.0005  max_mem: 1685M
[08/15 07:16:03 d2.utils.events]:  eta: 0:03:03  iter: 2599  total_loss: 0.1701  loss_cls: 0.01785  loss_box_reg: 0.03978  loss_mask: 0.1105  loss_rpn_cls: 6.426e-06  loss_rpn_loc: 0.002525    time: 0.0765  last_time: 0.0777  data_time: 0.0021  last_data_time: 0.0019   lr: 0.0005  max_mem: 1685M
[08/15 07:16:03 d2.evaluation.coco_evaluation]: Fast COCO eval is not built. Falling back to official COCO eval.
[08/15 07:16:03 d2.data.datasets.coco]: Loaded 89 images in COCO format from /projects/PUCHALLA/LLP2024/tumor-segmentation/data/processed_data/rgb/test/images/test.json
[08/15 07:16:03 d2.data.dataset_mapper]: [DatasetMapper] Augmentations used in inference: [ResizeShortestEdge(short_edge_length=(800, 800), max_size=1333, sample_style='choice')]
[08/15 07:16:03 d2.data.common]: Serializing the dataset using: <class 'detectron2.data.common._TorchSerializedList'>
[08/15 07:16:03 d2.data.common]: Serializing 89 elements to byte tensors and concatenating them all ...
[08/15 07:16:03 d2.data.common]: Serialized dataset takes 0.07 MiB
[08/15 07:16:03 d2.evaluation.evaluator]: Start inference on 89 batches
[08/15 07:16:03 d2.evaluation.evaluator]: Inference done 11/89. Dataloading: 0.0004 s/iter. Inference: 0.0231 s/iter. Eval: 0.0003 s/iter. Total: 0.0239 s/iter. ETA=0:00:01
[08/15 07:16:05 d2.evaluation.evaluator]: Total inference time: 0:00:02.109488 (0.025113 s / iter per device, on 1 devices)
[08/15 07:16:05 d2.evaluation.evaluator]: Total inference pure compute time: 0:00:02 (0.023967 s / iter per device, on 1 devices)
[08/15 07:16:05 d2.evaluation.coco_evaluation]: Preparing results for COCO format ...
[08/15 07:16:05 d2.evaluation.coco_evaluation]: Saving results to ../../../../../models/rgb-testing/rgb-5000-1/coco_instances_results.json
[08/15 07:16:05 d2.evaluation.coco_evaluation]: Evaluating predictions with official COCO API...
Loading and preparing results...
DONE (t=0.00s)
creating index...
index created!
Running per image evaluation...
Evaluate annotation type *bbox*
DONE (t=0.01s).
Accumulating evaluation results...
DONE (t=0.01s).
 Average Precision  (AP) @[ IoU=0.50:0.95 | area=   all | maxDets=100 ] = 0.729
 Average Precision  (AP) @[ IoU=0.50      | area=   all | maxDets=100 ] = 0.946
 Average Precision  (AP) @[ IoU=0.75      | area=   all | maxDets=100 ] = 0.905
 Average Precision  (AP) @[ IoU=0.50:0.95 | area= small | maxDets=100 ] = -1.000
 Average Precision  (AP) @[ IoU=0.50:0.95 | area=medium | maxDets=100 ] = 0.570
 Average Precision  (AP) @[ IoU=0.50:0.95 | area= large | maxDets=100 ] = 0.750
 Average Recall     (AR) @[ IoU=0.50:0.95 | area=   all | maxDets=  1 ] = 0.771
 Average Recall     (AR) @[ IoU=0.50:0.95 | area=   all | maxDets= 10 ] = 0.771
 Average Recall     (AR) @[ IoU=0.50:0.95 | area=   all | maxDets=100 ] = 0.771
 Average Recall     (AR) @[ IoU=0.50:0.95 | area= small | maxDets=100 ] = -1.000
 Average Recall     (AR) @[ IoU=0.50:0.95 | area=medium | maxDets=100 ] = 0.590
 Average Recall     (AR) @[ IoU=0.50:0.95 | area= large | maxDets=100 ] = 0.794
[08/15 07:16:05 d2.evaluation.coco_evaluation]: Evaluation results for bbox: 
|   AP   |  AP50  |  AP75  |  APs  |  APm   |  APl   |
|:------:|:------:|:------:|:-----:|:------:|:------:|
| 72.917 | 94.599 | 90.475 |  nan  | 57.009 | 74.995 |
[08/15 07:16:05 d2.evaluation.coco_evaluation]: Some metrics cannot be computed and is shown as NaN.
Loading and preparing results...
DONE (t=0.00s)
creating index...
index created!
Running per image evaluation...
Evaluate annotation type *segm*
DONE (t=0.02s).
Accumulating evaluation results...
DONE (t=0.01s).
 Average Precision  (AP) @[ IoU=0.50:0.95 | area=   all | maxDets=100 ] = 0.745
 Average Precision  (AP) @[ IoU=0.50      | area=   all | maxDets=100 ] = 0.946
 Average Precision  (AP) @[ IoU=0.75      | area=   all | maxDets=100 ] = 0.905
 Average Precision  (AP) @[ IoU=0.50:0.95 | area= small | maxDets=100 ] = -1.000
 Average Precision  (AP) @[ IoU=0.50:0.95 | area=medium | maxDets=100 ] = 0.565
 Average Precision  (AP) @[ IoU=0.50:0.95 | area= large | maxDets=100 ] = 0.765
 Average Recall     (AR) @[ IoU=0.50:0.95 | area=   all | maxDets=  1 ] = 0.782
 Average Recall     (AR) @[ IoU=0.50:0.95 | area=   all | maxDets= 10 ] = 0.782
 Average Recall     (AR) @[ IoU=0.50:0.95 | area=   all | maxDets=100 ] = 0.782
 Average Recall     (AR) @[ IoU=0.50:0.95 | area= small | maxDets=100 ] = -1.000
 Average Recall     (AR) @[ IoU=0.50:0.95 | area=medium | maxDets=100 ] = 0.580
 Average Recall     (AR) @[ IoU=0.50:0.95 | area= large | maxDets=100 ] = 0.808
[08/15 07:16:05 d2.evaluation.coco_evaluation]: Evaluation results for segm: 
|   AP   |  AP50  |  AP75  |  APs  |  APm   |  APl   |
|:------:|:------:|:------:|:-----:|:------:|:------:|
| 74.450 | 94.599 | 90.451 |  nan  | 56.456 | 76.456 |
[08/15 07:16:05 d2.evaluation.coco_evaluation]: Some metrics cannot be computed and is shown as NaN.
[Iter 2 AP] → mAP@[.5:.95] = 74.450
[08/15 07:16:05 d2.data.datasets.coco]: Loaded 89 images in COCO format from /projects/PUCHALLA/LLP2024/tumor-segmentation/data/processed_data/rgb/test/images/test.json
[08/15 07:16:05 d2.data.datasets.coco]: Loaded 89 images in COCO format from /projects/PUCHALLA/LLP2024/tumor-segmentation/data/processed_data/rgb/test/images/test.json
[08/15 07:16:05 d2.data.dataset_mapper]: [DatasetMapper] Augmentations used in inference: [ResizeShortestEdge(short_edge_length=(800, 800), max_size=1333, sample_style='choice')]
[08/15 07:16:05 d2.data.common]: Serializing the dataset using: <class 'detectron2.data.common._TorchSerializedList'>
[08/15 07:16:05 d2.data.common]: Serializing 89 elements to byte tensors and concatenating them all ...
[08/15 07:16:05 d2.data.common]: Serialized dataset takes 0.07 MiB
[08/15 07:16:05 d2.evaluation.evaluator]: Start inference on 89 batches
[08/15 07:16:08 d2.evaluation.evaluator]: Total inference time: 0:00:02.069126 (0.024632 s / iter per device, on 1 devices)
[08/15 07:16:08 d2.evaluation.evaluator]: Total inference pure compute time: 0:00:01 (0.023520 s / iter per device, on 1 devices)
[08/15 07:16:09 d2.utils.events]:  eta: 0:03:02  iter: 2619  total_loss: 0.1721  loss_cls: 0.01736  loss_box_reg: 0.0442  loss_mask: 0.1123  loss_rpn_cls: 6.81e-06  loss_rpn_loc: 0.00201    time: 0.0765  last_time: 0.0794  data_time: 0.0021  last_data_time: 0.0020   lr: 0.0005  max_mem: 1685M
[08/15 07:16:11 d2.utils.events]:  eta: 0:03:00  iter: 2639  total_loss: 0.1864  loss_cls: 0.01734  loss_box_reg: 0.04263  loss_mask: 0.1107  loss_rpn_cls: 1.54e-05  loss_rpn_loc: 0.002408    time: 0.0765  last_time: 0.0769  data_time: 0.0021  last_data_time: 0.0020   lr: 0.0005  max_mem: 1685M
[08/15 07:16:12 d2.utils.events]:  eta: 0:02:58  iter: 2659  total_loss: 0.1837  loss_cls: 0.01553  loss_box_reg: 0.04426  loss_mask: 0.1052  loss_rpn_cls: 2.673e-05  loss_rpn_loc: 0.001987    time: 0.0766  last_time: 0.0728  data_time: 0.0021  last_data_time: 0.0020   lr: 0.0005  max_mem: 1685M
[08/15 07:16:14 d2.utils.events]:  eta: 0:02:57  iter: 2679  total_loss: 0.1872  loss_cls: 0.01847  loss_box_reg: 0.04362  loss_mask: 0.1213  loss_rpn_cls: 1.048e-05  loss_rpn_loc: 0.002515    time: 0.0766  last_time: 0.0804  data_time: 0.0020  last_data_time: 0.0020   lr: 0.0005  max_mem: 1685M
[08/15 07:16:15 d2.utils.events]:  eta: 0:02:56  iter: 2699  total_loss: 0.1565  loss_cls: 0.01569  loss_box_reg: 0.03807  loss_mask: 0.1001  loss_rpn_cls: 4.135e-06  loss_rpn_loc: 0.001737    time: 0.0766  last_time: 0.0705  data_time: 0.0021  last_data_time: 0.0018   lr: 0.0005  max_mem: 1685M
[08/15 07:16:16 d2.evaluation.coco_evaluation]: Fast COCO eval is not built. Falling back to official COCO eval.
[08/15 07:16:16 d2.data.datasets.coco]: Loaded 89 images in COCO format from /projects/PUCHALLA/LLP2024/tumor-segmentation/data/processed_data/rgb/test/images/test.json
[08/15 07:16:16 d2.data.dataset_mapper]: [DatasetMapper] Augmentations used in inference: [ResizeShortestEdge(short_edge_length=(800, 800), max_size=1333, sample_style='choice')]
[08/15 07:16:16 d2.data.common]: Serializing the dataset using: <class 'detectron2.data.common._TorchSerializedList'>
[08/15 07:16:16 d2.data.common]: Serializing 89 elements to byte tensors and concatenating them all ...
[08/15 07:16:16 d2.data.common]: Serialized dataset takes 0.07 MiB
[08/15 07:16:16 d2.evaluation.evaluator]: Start inference on 89 batches
[08/15 07:16:16 d2.evaluation.evaluator]: Inference done 11/89. Dataloading: 0.0004 s/iter. Inference: 0.0237 s/iter. Eval: 0.0003 s/iter. Total: 0.0245 s/iter. ETA=0:00:01
[08/15 07:16:18 d2.evaluation.evaluator]: Total inference time: 0:00:02.101076 (0.025013 s / iter per device, on 1 devices)
[08/15 07:16:18 d2.evaluation.evaluator]: Total inference pure compute time: 0:00:02 (0.023863 s / iter per device, on 1 devices)
[08/15 07:16:18 d2.evaluation.coco_evaluation]: Preparing results for COCO format ...
[08/15 07:16:18 d2.evaluation.coco_evaluation]: Saving results to ../../../../../models/rgb-testing/rgb-5000-1/coco_instances_results.json
[08/15 07:16:18 d2.evaluation.coco_evaluation]: Evaluating predictions with official COCO API...
Loading and preparing results...
DONE (t=0.00s)
creating index...
index created!
Running per image evaluation...
Evaluate annotation type *bbox*
DONE (t=0.01s).
Accumulating evaluation results...
DONE (t=0.01s).
 Average Precision  (AP) @[ IoU=0.50:0.95 | area=   all | maxDets=100 ] = 0.742
 Average Precision  (AP) @[ IoU=0.50      | area=   all | maxDets=100 ] = 0.946
 Average Precision  (AP) @[ IoU=0.75      | area=   all | maxDets=100 ] = 0.915
 Average Precision  (AP) @[ IoU=0.50:0.95 | area= small | maxDets=100 ] = -1.000
 Average Precision  (AP) @[ IoU=0.50:0.95 | area=medium | maxDets=100 ] = 0.572
 Average Precision  (AP) @[ IoU=0.50:0.95 | area= large | maxDets=100 ] = 0.764
 Average Recall     (AR) @[ IoU=0.50:0.95 | area=   all | maxDets=  1 ] = 0.781
 Average Recall     (AR) @[ IoU=0.50:0.95 | area=   all | maxDets= 10 ] = 0.788
 Average Recall     (AR) @[ IoU=0.50:0.95 | area=   all | maxDets=100 ] = 0.788
 Average Recall     (AR) @[ IoU=0.50:0.95 | area= small | maxDets=100 ] = -1.000
 Average Recall     (AR) @[ IoU=0.50:0.95 | area=medium | maxDets=100 ] = 0.590
 Average Recall     (AR) @[ IoU=0.50:0.95 | area= large | maxDets=100 ] = 0.813
[08/15 07:16:18 d2.evaluation.coco_evaluation]: Evaluation results for bbox: 
|   AP   |  AP50  |  AP75  |  APs  |  APm   |  APl   |
|:------:|:------:|:------:|:-----:|:------:|:------:|
| 74.163 | 94.551 | 91.478 |  nan  | 57.170 | 76.428 |
[08/15 07:16:18 d2.evaluation.coco_evaluation]: Some metrics cannot be computed and is shown as NaN.
Loading and preparing results...
DONE (t=0.00s)
creating index...
index created!
Running per image evaluation...
Evaluate annotation type *segm*
DONE (t=0.02s).
Accumulating evaluation results...
DONE (t=0.01s).
 Average Precision  (AP) @[ IoU=0.50:0.95 | area=   all | maxDets=100 ] = 0.758
 Average Precision  (AP) @[ IoU=0.50      | area=   all | maxDets=100 ] = 0.946
 Average Precision  (AP) @[ IoU=0.75      | area=   all | maxDets=100 ] = 0.904
 Average Precision  (AP) @[ IoU=0.50:0.95 | area= small | maxDets=100 ] = -1.000
 Average Precision  (AP) @[ IoU=0.50:0.95 | area=medium | maxDets=100 ] = 0.549
 Average Precision  (AP) @[ IoU=0.50:0.95 | area= large | maxDets=100 ] = 0.785
 Average Recall     (AR) @[ IoU=0.50:0.95 | area=   all | maxDets=  1 ] = 0.783
 Average Recall     (AR) @[ IoU=0.50:0.95 | area=   all | maxDets= 10 ] = 0.791
 Average Recall     (AR) @[ IoU=0.50:0.95 | area=   all | maxDets=100 ] = 0.791
 Average Recall     (AR) @[ IoU=0.50:0.95 | area= small | maxDets=100 ] = -1.000
 Average Recall     (AR) @[ IoU=0.50:0.95 | area=medium | maxDets=100 ] = 0.570
 Average Recall     (AR) @[ IoU=0.50:0.95 | area= large | maxDets=100 ] = 0.819
[08/15 07:16:18 d2.evaluation.coco_evaluation]: Evaluation results for segm: 
|   AP   |  AP50  |  AP75  |  APs  |  APm   |  APl   |
|:------:|:------:|:------:|:-----:|:------:|:------:|
| 75.832 | 94.551 | 90.428 |  nan  | 54.926 | 78.477 |
[08/15 07:16:18 d2.evaluation.coco_evaluation]: Some metrics cannot be computed and is shown as NaN.
[Iter 2 AP] → mAP@[.5:.95] = 75.832
[08/15 07:16:18 d2.data.datasets.coco]: Loaded 89 images in COCO format from /projects/PUCHALLA/LLP2024/tumor-segmentation/data/processed_data/rgb/test/images/test.json
[08/15 07:16:18 d2.data.datasets.coco]: Loaded 89 images in COCO format from /projects/PUCHALLA/LLP2024/tumor-segmentation/data/processed_data/rgb/test/images/test.json
[08/15 07:16:18 d2.data.dataset_mapper]: [DatasetMapper] Augmentations used in inference: [ResizeShortestEdge(short_edge_length=(800, 800), max_size=1333, sample_style='choice')]
[08/15 07:16:18 d2.data.common]: Serializing the dataset using: <class 'detectron2.data.common._TorchSerializedList'>
[08/15 07:16:18 d2.data.common]: Serializing 89 elements to byte tensors and concatenating them all ...
[08/15 07:16:18 d2.data.common]: Serialized dataset takes 0.07 MiB
[08/15 07:16:18 d2.evaluation.evaluator]: Start inference on 89 batches
[08/15 07:16:20 d2.evaluation.evaluator]: Total inference time: 0:00:02.088242 (0.024860 s / iter per device, on 1 devices)
[08/15 07:16:20 d2.evaluation.evaluator]: Total inference pure compute time: 0:00:01 (0.023749 s / iter per device, on 1 devices)
[08/15 07:16:22 d2.utils.events]:  eta: 0:02:54  iter: 2719  total_loss: 0.2  loss_cls: 0.01783  loss_box_reg: 0.04928  loss_mask: 0.1238  loss_rpn_cls: 1.3e-05  loss_rpn_loc: 0.002434    time: 0.0766  last_time: 0.0724  data_time: 0.0021  last_data_time: 0.0021   lr: 0.0005  max_mem: 1685M
[08/15 07:16:23 d2.utils.events]:  eta: 0:02:53  iter: 2739  total_loss: 0.1925  loss_cls: 0.0183  loss_box_reg: 0.05675  loss_mask: 0.1142  loss_rpn_cls: 4.46e-06  loss_rpn_loc: 0.001857    time: 0.0766  last_time: 0.0766  data_time: 0.0022  last_data_time: 0.0020   lr: 0.0005  max_mem: 1685M
[08/15 07:16:25 d2.utils.events]:  eta: 0:02:51  iter: 2759  total_loss: 0.1699  loss_cls: 0.01716  loss_box_reg: 0.04175  loss_mask: 0.1024  loss_rpn_cls: 1.432e-05  loss_rpn_loc: 0.002033    time: 0.0766  last_time: 0.0756  data_time: 0.0021  last_data_time: 0.0021   lr: 0.0005  max_mem: 1685M
[08/15 07:16:26 d2.utils.events]:  eta: 0:02:50  iter: 2779  total_loss: 0.1708  loss_cls: 0.01806  loss_box_reg: 0.03939  loss_mask: 0.1172  loss_rpn_cls: 7.028e-06  loss_rpn_loc: 0.002588    time: 0.0766  last_time: 0.0689  data_time: 0.0021  last_data_time: 0.0019   lr: 0.0005  max_mem: 1685M
[08/15 07:16:28 d2.utils.events]:  eta: 0:02:48  iter: 2799  total_loss: 0.185  loss_cls: 0.01845  loss_box_reg: 0.04857  loss_mask: 0.1161  loss_rpn_cls: 2.451e-06  loss_rpn_loc: 0.002035    time: 0.0766  last_time: 0.0748  data_time: 0.0022  last_data_time: 0.0019   lr: 0.0005  max_mem: 1685M
[08/15 07:16:28 d2.evaluation.coco_evaluation]: Fast COCO eval is not built. Falling back to official COCO eval.
[08/15 07:16:28 d2.data.datasets.coco]: Loaded 89 images in COCO format from /projects/PUCHALLA/LLP2024/tumor-segmentation/data/processed_data/rgb/test/images/test.json
[08/15 07:16:28 d2.data.dataset_mapper]: [DatasetMapper] Augmentations used in inference: [ResizeShortestEdge(short_edge_length=(800, 800), max_size=1333, sample_style='choice')]
[08/15 07:16:28 d2.data.common]: Serializing the dataset using: <class 'detectron2.data.common._TorchSerializedList'>
[08/15 07:16:28 d2.data.common]: Serializing 89 elements to byte tensors and concatenating them all ...
[08/15 07:16:28 d2.data.common]: Serialized dataset takes 0.07 MiB
[08/15 07:16:28 d2.evaluation.evaluator]: Start inference on 89 batches
[08/15 07:16:28 d2.evaluation.evaluator]: Inference done 11/89. Dataloading: 0.0004 s/iter. Inference: 0.0243 s/iter. Eval: 0.0003 s/iter. Total: 0.0251 s/iter. ETA=0:00:01
[08/15 07:16:30 d2.evaluation.evaluator]: Total inference time: 0:00:02.094297 (0.024932 s / iter per device, on 1 devices)
[08/15 07:16:30 d2.evaluation.evaluator]: Total inference pure compute time: 0:00:01 (0.023778 s / iter per device, on 1 devices)
[08/15 07:16:30 d2.evaluation.coco_evaluation]: Preparing results for COCO format ...
[08/15 07:16:30 d2.evaluation.coco_evaluation]: Saving results to ../../../../../models/rgb-testing/rgb-5000-1/coco_instances_results.json
[08/15 07:16:30 d2.evaluation.coco_evaluation]: Evaluating predictions with official COCO API...
Loading and preparing results...
DONE (t=0.00s)
creating index...
index created!
Running per image evaluation...
Evaluate annotation type *bbox*
DONE (t=0.02s).
Accumulating evaluation results...
DONE (t=0.01s).
 Average Precision  (AP) @[ IoU=0.50:0.95 | area=   all | maxDets=100 ] = 0.719
 Average Precision  (AP) @[ IoU=0.50      | area=   all | maxDets=100 ] = 0.943
 Average Precision  (AP) @[ IoU=0.75      | area=   all | maxDets=100 ] = 0.903
 Average Precision  (AP) @[ IoU=0.50:0.95 | area= small | maxDets=100 ] = -1.000
 Average Precision  (AP) @[ IoU=0.50:0.95 | area=medium | maxDets=100 ] = 0.579
 Average Precision  (AP) @[ IoU=0.50:0.95 | area= large | maxDets=100 ] = 0.738
 Average Recall     (AR) @[ IoU=0.50:0.95 | area=   all | maxDets=  1 ] = 0.765
 Average Recall     (AR) @[ IoU=0.50:0.95 | area=   all | maxDets= 10 ] = 0.770
 Average Recall     (AR) @[ IoU=0.50:0.95 | area=   all | maxDets=100 ] = 0.770
 Average Recall     (AR) @[ IoU=0.50:0.95 | area= small | maxDets=100 ] = -1.000
 Average Recall     (AR) @[ IoU=0.50:0.95 | area=medium | maxDets=100 ] = 0.590
 Average Recall     (AR) @[ IoU=0.50:0.95 | area= large | maxDets=100 ] = 0.792
[08/15 07:16:30 d2.evaluation.coco_evaluation]: Evaluation results for bbox: 
|   AP   |  AP50  |  AP75  |  APs  |  APm   |  APl   |
|:------:|:------:|:------:|:-----:|:------:|:------:|
| 71.943 | 94.268 | 90.259 |  nan  | 57.851 | 73.753 |
[08/15 07:16:30 d2.evaluation.coco_evaluation]: Some metrics cannot be computed and is shown as NaN.
Loading and preparing results...
DONE (t=0.00s)
creating index...
index created!
Running per image evaluation...
Evaluate annotation type *segm*
DONE (t=0.02s).
Accumulating evaluation results...
DONE (t=0.01s).
 Average Precision  (AP) @[ IoU=0.50:0.95 | area=   all | maxDets=100 ] = 0.729
 Average Precision  (AP) @[ IoU=0.50      | area=   all | maxDets=100 ] = 0.943
 Average Precision  (AP) @[ IoU=0.75      | area=   all | maxDets=100 ] = 0.883
 Average Precision  (AP) @[ IoU=0.50:0.95 | area= small | maxDets=100 ] = -1.000
 Average Precision  (AP) @[ IoU=0.50:0.95 | area=medium | maxDets=100 ] = 0.574
 Average Precision  (AP) @[ IoU=0.50:0.95 | area= large | maxDets=100 ] = 0.751
 Average Recall     (AR) @[ IoU=0.50:0.95 | area=   all | maxDets=  1 ] = 0.765
 Average Recall     (AR) @[ IoU=0.50:0.95 | area=   all | maxDets= 10 ] = 0.770
 Average Recall     (AR) @[ IoU=0.50:0.95 | area=   all | maxDets=100 ] = 0.770
 Average Recall     (AR) @[ IoU=0.50:0.95 | area= small | maxDets=100 ] = -1.000
 Average Recall     (AR) @[ IoU=0.50:0.95 | area=medium | maxDets=100 ] = 0.590
 Average Recall     (AR) @[ IoU=0.50:0.95 | area= large | maxDets=100 ] = 0.792
[08/15 07:16:30 d2.evaluation.coco_evaluation]: Evaluation results for segm: 
|   AP   |  AP50  |  AP75  |  APs  |  APm   |  APl   |
|:------:|:------:|:------:|:-----:|:------:|:------:|
| 72.902 | 94.268 | 88.284 |  nan  | 57.446 | 75.136 |
[08/15 07:16:30 d2.evaluation.coco_evaluation]: Some metrics cannot be computed and is shown as NaN.
[Iter 2 AP] → mAP@[.5:.95] = 72.902
[08/15 07:16:30 d2.data.datasets.coco]: Loaded 89 images in COCO format from /projects/PUCHALLA/LLP2024/tumor-segmentation/data/processed_data/rgb/test/images/test.json
[08/15 07:16:30 d2.data.datasets.coco]: Loaded 89 images in COCO format from /projects/PUCHALLA/LLP2024/tumor-segmentation/data/processed_data/rgb/test/images/test.json
[08/15 07:16:30 d2.data.dataset_mapper]: [DatasetMapper] Augmentations used in inference: [ResizeShortestEdge(short_edge_length=(800, 800), max_size=1333, sample_style='choice')]
[08/15 07:16:30 d2.data.common]: Serializing the dataset using: <class 'detectron2.data.common._TorchSerializedList'>
[08/15 07:16:30 d2.data.common]: Serializing 89 elements to byte tensors and concatenating them all ...
[08/15 07:16:30 d2.data.common]: Serialized dataset takes 0.07 MiB
[08/15 07:16:30 d2.evaluation.evaluator]: Start inference on 89 batches
[08/15 07:16:32 d2.evaluation.evaluator]: Total inference time: 0:00:02.099896 (0.024999 s / iter per device, on 1 devices)
[08/15 07:16:32 d2.evaluation.evaluator]: Total inference pure compute time: 0:00:02 (0.023858 s / iter per device, on 1 devices)
[08/15 07:16:34 d2.utils.events]:  eta: 0:02:46  iter: 2819  total_loss: 0.1827  loss_cls: 0.01779  loss_box_reg: 0.04195  loss_mask: 0.1168  loss_rpn_cls: 2.867e-06  loss_rpn_loc: 0.001741    time: 0.0766  last_time: 0.0799  data_time: 0.0022  last_data_time: 0.0021   lr: 0.0005  max_mem: 1685M
[08/15 07:16:36 d2.utils.events]:  eta: 0:02:45  iter: 2839  total_loss: 0.1841  loss_cls: 0.01726  loss_box_reg: 0.04397  loss_mask: 0.1253  loss_rpn_cls: 3.512e-06  loss_rpn_loc: 0.002237    time: 0.0766  last_time: 0.0795  data_time: 0.0021  last_data_time: 0.0021   lr: 0.0005  max_mem: 1685M
[08/15 07:16:37 d2.utils.events]:  eta: 0:02:43  iter: 2859  total_loss: 0.1819  loss_cls: 0.01697  loss_box_reg: 0.03994  loss_mask: 0.1205  loss_rpn_cls: 3.204e-06  loss_rpn_loc: 0.002063    time: 0.0766  last_time: 0.0717  data_time: 0.0021  last_data_time: 0.0020   lr: 0.0005  max_mem: 1685M
[08/15 07:16:39 d2.utils.events]:  eta: 0:02:42  iter: 2879  total_loss: 0.1585  loss_cls: 0.01672  loss_box_reg: 0.04079  loss_mask: 0.0971  loss_rpn_cls: 7.642e-06  loss_rpn_loc: 0.00228    time: 0.0766  last_time: 0.0824  data_time: 0.0021  last_data_time: 0.0029   lr: 0.0005  max_mem: 1685M
[08/15 07:16:40 d2.utils.events]:  eta: 0:02:40  iter: 2899  total_loss: 0.1815  loss_cls: 0.01687  loss_box_reg: 0.04205  loss_mask: 0.1163  loss_rpn_cls: 9.221e-06  loss_rpn_loc: 0.002467    time: 0.0766  last_time: 0.0798  data_time: 0.0021  last_data_time: 0.0021   lr: 0.0005  max_mem: 1685M
[08/15 07:16:40 d2.evaluation.coco_evaluation]: Fast COCO eval is not built. Falling back to official COCO eval.
[08/15 07:16:40 d2.data.datasets.coco]: Loaded 89 images in COCO format from /projects/PUCHALLA/LLP2024/tumor-segmentation/data/processed_data/rgb/test/images/test.json
[08/15 07:16:40 d2.data.dataset_mapper]: [DatasetMapper] Augmentations used in inference: [ResizeShortestEdge(short_edge_length=(800, 800), max_size=1333, sample_style='choice')]
[08/15 07:16:40 d2.data.common]: Serializing the dataset using: <class 'detectron2.data.common._TorchSerializedList'>
[08/15 07:16:40 d2.data.common]: Serializing 89 elements to byte tensors and concatenating them all ...
[08/15 07:16:40 d2.data.common]: Serialized dataset takes 0.07 MiB
[08/15 07:16:40 d2.evaluation.evaluator]: Start inference on 89 batches
[08/15 07:16:41 d2.evaluation.evaluator]: Inference done 11/89. Dataloading: 0.0005 s/iter. Inference: 0.0241 s/iter. Eval: 0.0003 s/iter. Total: 0.0249 s/iter. ETA=0:00:01
[08/15 07:16:42 d2.evaluation.evaluator]: Total inference time: 0:00:02.071425 (0.024660 s / iter per device, on 1 devices)
[08/15 07:16:42 d2.evaluation.evaluator]: Total inference pure compute time: 0:00:01 (0.023523 s / iter per device, on 1 devices)
[08/15 07:16:42 d2.evaluation.coco_evaluation]: Preparing results for COCO format ...
[08/15 07:16:42 d2.evaluation.coco_evaluation]: Saving results to ../../../../../models/rgb-testing/rgb-5000-1/coco_instances_results.json
[08/15 07:16:42 d2.evaluation.coco_evaluation]: Evaluating predictions with official COCO API...
Loading and preparing results...
DONE (t=0.00s)
creating index...
index created!
Running per image evaluation...
Evaluate annotation type *bbox*
DONE (t=0.01s).
Accumulating evaluation results...
DONE (t=0.01s).
 Average Precision  (AP) @[ IoU=0.50:0.95 | area=   all | maxDets=100 ] = 0.737
 Average Precision  (AP) @[ IoU=0.50      | area=   all | maxDets=100 ] = 0.945
 Average Precision  (AP) @[ IoU=0.75      | area=   all | maxDets=100 ] = 0.912
 Average Precision  (AP) @[ IoU=0.50:0.95 | area= small | maxDets=100 ] = -1.000
 Average Precision  (AP) @[ IoU=0.50:0.95 | area=medium | maxDets=100 ] = 0.554
 Average Precision  (AP) @[ IoU=0.50:0.95 | area= large | maxDets=100 ] = 0.760
 Average Recall     (AR) @[ IoU=0.50:0.95 | area=   all | maxDets=  1 ] = 0.775
 Average Recall     (AR) @[ IoU=0.50:0.95 | area=   all | maxDets= 10 ] = 0.782
 Average Recall     (AR) @[ IoU=0.50:0.95 | area=   all | maxDets=100 ] = 0.782
 Average Recall     (AR) @[ IoU=0.50:0.95 | area= small | maxDets=100 ] = -1.000
 Average Recall     (AR) @[ IoU=0.50:0.95 | area=medium | maxDets=100 ] = 0.590
 Average Recall     (AR) @[ IoU=0.50:0.95 | area= large | maxDets=100 ] = 0.806
[08/15 07:16:43 d2.evaluation.coco_evaluation]: Evaluation results for bbox: 
|   AP   |  AP50  |  AP75  |  APs  |  APm   |  APl   |
|:------:|:------:|:------:|:-----:|:------:|:------:|
| 73.685 | 94.479 | 91.214 |  nan  | 55.404 | 75.978 |
[08/15 07:16:43 d2.evaluation.coco_evaluation]: Some metrics cannot be computed and is shown as NaN.
Loading and preparing results...
DONE (t=0.00s)
creating index...
index created!
Running per image evaluation...
Evaluate annotation type *segm*
DONE (t=0.02s).
Accumulating evaluation results...
DONE (t=0.01s).
 Average Precision  (AP) @[ IoU=0.50:0.95 | area=   all | maxDets=100 ] = 0.737
 Average Precision  (AP) @[ IoU=0.50      | area=   all | maxDets=100 ] = 0.945
 Average Precision  (AP) @[ IoU=0.75      | area=   all | maxDets=100 ] = 0.913
 Average Precision  (AP) @[ IoU=0.50:0.95 | area= small | maxDets=100 ] = -1.000
 Average Precision  (AP) @[ IoU=0.50:0.95 | area=medium | maxDets=100 ] = 0.575
 Average Precision  (AP) @[ IoU=0.50:0.95 | area= large | maxDets=100 ] = 0.761
 Average Recall     (AR) @[ IoU=0.50:0.95 | area=   all | maxDets=  1 ] = 0.770
 Average Recall     (AR) @[ IoU=0.50:0.95 | area=   all | maxDets= 10 ] = 0.776
 Average Recall     (AR) @[ IoU=0.50:0.95 | area=   all | maxDets=100 ] = 0.776
 Average Recall     (AR) @[ IoU=0.50:0.95 | area= small | maxDets=100 ] = -1.000
 Average Recall     (AR) @[ IoU=0.50:0.95 | area=medium | maxDets=100 ] = 0.600
 Average Recall     (AR) @[ IoU=0.50:0.95 | area= large | maxDets=100 ] = 0.799
[08/15 07:16:43 d2.evaluation.coco_evaluation]: Evaluation results for segm: 
|   AP   |  AP50  |  AP75  |  APs  |  APm   |  APl   |
|:------:|:------:|:------:|:-----:|:------:|:------:|
| 73.743 | 94.479 | 91.290 |  nan  | 57.498 | 76.129 |
[08/15 07:16:43 d2.evaluation.coco_evaluation]: Some metrics cannot be computed and is shown as NaN.
[Iter 2 AP] → mAP@[.5:.95] = 73.743
[08/15 07:16:43 d2.data.datasets.coco]: Loaded 89 images in COCO format from /projects/PUCHALLA/LLP2024/tumor-segmentation/data/processed_data/rgb/test/images/test.json
[08/15 07:16:43 d2.data.datasets.coco]: Loaded 89 images in COCO format from /projects/PUCHALLA/LLP2024/tumor-segmentation/data/processed_data/rgb/test/images/test.json
[08/15 07:16:43 d2.data.dataset_mapper]: [DatasetMapper] Augmentations used in inference: [ResizeShortestEdge(short_edge_length=(800, 800), max_size=1333, sample_style='choice')]
[08/15 07:16:43 d2.data.common]: Serializing the dataset using: <class 'detectron2.data.common._TorchSerializedList'>
[08/15 07:16:43 d2.data.common]: Serializing 89 elements to byte tensors and concatenating them all ...
[08/15 07:16:43 d2.data.common]: Serialized dataset takes 0.07 MiB
[08/15 07:16:43 d2.evaluation.evaluator]: Start inference on 89 batches
[08/15 07:16:45 d2.evaluation.evaluator]: Total inference time: 0:00:02.082375 (0.024790 s / iter per device, on 1 devices)
[08/15 07:16:45 d2.evaluation.evaluator]: Total inference pure compute time: 0:00:01 (0.023692 s / iter per device, on 1 devices)
[08/15 07:16:46 d2.utils.events]:  eta: 0:02:39  iter: 2919  total_loss: 0.1515  loss_cls: 0.01518  loss_box_reg: 0.03483  loss_mask: 0.09467  loss_rpn_cls: 1.215e-05  loss_rpn_loc: 0.002071    time: 0.0766  last_time: 0.0776  data_time: 0.0022  last_data_time: 0.0020   lr: 0.0005  max_mem: 1685M
[08/15 07:16:48 d2.utils.events]:  eta: 0:02:37  iter: 2939  total_loss: 0.177  loss_cls: 0.01938  loss_box_reg: 0.04618  loss_mask: 0.1152  loss_rpn_cls: 4.947e-06  loss_rpn_loc: 0.002154    time: 0.0766  last_time: 0.0764  data_time: 0.0020  last_data_time: 0.0020   lr: 0.0005  max_mem: 1685M
[08/15 07:16:49 d2.utils.events]:  eta: 0:02:36  iter: 2959  total_loss: 0.1673  loss_cls: 0.01716  loss_box_reg: 0.0376  loss_mask: 0.1107  loss_rpn_cls: 5.309e-06  loss_rpn_loc: 0.001923    time: 0.0766  last_time: 0.0817  data_time: 0.0020  last_data_time: 0.0021   lr: 0.0005  max_mem: 1685M
[08/15 07:16:51 d2.utils.events]:  eta: 0:02:34  iter: 2979  total_loss: 0.1444  loss_cls: 0.01637  loss_box_reg: 0.03438  loss_mask: 0.09984  loss_rpn_cls: 4.553e-06  loss_rpn_loc: 0.001542    time: 0.0766  last_time: 0.0811  data_time: 0.0022  last_data_time: 0.0030   lr: 0.0005  max_mem: 1685M
[08/15 07:16:52 d2.utils.events]:  eta: 0:02:33  iter: 2999  total_loss: 0.1595  loss_cls: 0.01336  loss_box_reg: 0.03669  loss_mask: 0.1112  loss_rpn_cls: 6.453e-06  loss_rpn_loc: 0.002265    time: 0.0766  last_time: 0.0765  data_time: 0.0022  last_data_time: 0.0020   lr: 0.0005  max_mem: 1685M
[08/15 07:16:53 d2.evaluation.coco_evaluation]: Fast COCO eval is not built. Falling back to official COCO eval.
[08/15 07:16:53 d2.data.datasets.coco]: Loaded 89 images in COCO format from /projects/PUCHALLA/LLP2024/tumor-segmentation/data/processed_data/rgb/test/images/test.json
[08/15 07:16:53 d2.data.dataset_mapper]: [DatasetMapper] Augmentations used in inference: [ResizeShortestEdge(short_edge_length=(800, 800), max_size=1333, sample_style='choice')]
[08/15 07:16:53 d2.data.common]: Serializing the dataset using: <class 'detectron2.data.common._TorchSerializedList'>
[08/15 07:16:53 d2.data.common]: Serializing 89 elements to byte tensors and concatenating them all ...
[08/15 07:16:53 d2.data.common]: Serialized dataset takes 0.07 MiB
[08/15 07:16:53 d2.evaluation.evaluator]: Start inference on 89 batches
[08/15 07:16:53 d2.evaluation.evaluator]: Inference done 11/89. Dataloading: 0.0004 s/iter. Inference: 0.0242 s/iter. Eval: 0.0003 s/iter. Total: 0.0249 s/iter. ETA=0:00:01
[08/15 07:16:55 d2.evaluation.evaluator]: Total inference time: 0:00:02.073742 (0.024687 s / iter per device, on 1 devices)
[08/15 07:16:55 d2.evaluation.evaluator]: Total inference pure compute time: 0:00:01 (0.023548 s / iter per device, on 1 devices)
[08/15 07:16:55 d2.evaluation.coco_evaluation]: Preparing results for COCO format ...
[08/15 07:16:55 d2.evaluation.coco_evaluation]: Saving results to ../../../../../models/rgb-testing/rgb-5000-1/coco_instances_results.json
[08/15 07:16:55 d2.evaluation.coco_evaluation]: Evaluating predictions with official COCO API...
Loading and preparing results...
DONE (t=0.00s)
creating index...
index created!
Running per image evaluation...
Evaluate annotation type *bbox*
DONE (t=0.01s).
Accumulating evaluation results...
DONE (t=0.01s).
 Average Precision  (AP) @[ IoU=0.50:0.95 | area=   all | maxDets=100 ] = 0.722
 Average Precision  (AP) @[ IoU=0.50      | area=   all | maxDets=100 ] = 0.946
 Average Precision  (AP) @[ IoU=0.75      | area=   all | maxDets=100 ] = 0.882
 Average Precision  (AP) @[ IoU=0.50:0.95 | area= small | maxDets=100 ] = -1.000
 Average Precision  (AP) @[ IoU=0.50:0.95 | area=medium | maxDets=100 ] = 0.565
 Average Precision  (AP) @[ IoU=0.50:0.95 | area= large | maxDets=100 ] = 0.744
 Average Recall     (AR) @[ IoU=0.50:0.95 | area=   all | maxDets=  1 ] = 0.767
 Average Recall     (AR) @[ IoU=0.50:0.95 | area=   all | maxDets= 10 ] = 0.772
 Average Recall     (AR) @[ IoU=0.50:0.95 | area=   all | maxDets=100 ] = 0.772
 Average Recall     (AR) @[ IoU=0.50:0.95 | area= small | maxDets=100 ] = -1.000
 Average Recall     (AR) @[ IoU=0.50:0.95 | area=medium | maxDets=100 ] = 0.580
 Average Recall     (AR) @[ IoU=0.50:0.95 | area= large | maxDets=100 ] = 0.796
[08/15 07:16:55 d2.evaluation.coco_evaluation]: Evaluation results for bbox: 
|   AP   |  AP50  |  AP75  |  APs  |  APm   |  APl   |
|:------:|:------:|:------:|:-----:|:------:|:------:|
| 72.224 | 94.632 | 88.168 |  nan  | 56.506 | 74.376 |
[08/15 07:16:55 d2.evaluation.coco_evaluation]: Some metrics cannot be computed and is shown as NaN.
Loading and preparing results...
DONE (t=0.00s)
creating index...
index created!
Running per image evaluation...
Evaluate annotation type *segm*
DONE (t=0.02s).
Accumulating evaluation results...
DONE (t=0.01s).
 Average Precision  (AP) @[ IoU=0.50:0.95 | area=   all | maxDets=100 ] = 0.733
 Average Precision  (AP) @[ IoU=0.50      | area=   all | maxDets=100 ] = 0.946
 Average Precision  (AP) @[ IoU=0.75      | area=   all | maxDets=100 ] = 0.905
 Average Precision  (AP) @[ IoU=0.50:0.95 | area= small | maxDets=100 ] = -1.000
 Average Precision  (AP) @[ IoU=0.50:0.95 | area=medium | maxDets=100 ] = 0.558
 Average Precision  (AP) @[ IoU=0.50:0.95 | area= large | maxDets=100 ] = 0.754
 Average Recall     (AR) @[ IoU=0.50:0.95 | area=   all | maxDets=  1 ] = 0.765
 Average Recall     (AR) @[ IoU=0.50:0.95 | area=   all | maxDets= 10 ] = 0.767
 Average Recall     (AR) @[ IoU=0.50:0.95 | area=   all | maxDets=100 ] = 0.767
 Average Recall     (AR) @[ IoU=0.50:0.95 | area= small | maxDets=100 ] = -1.000
 Average Recall     (AR) @[ IoU=0.50:0.95 | area=medium | maxDets=100 ] = 0.580
 Average Recall     (AR) @[ IoU=0.50:0.95 | area= large | maxDets=100 ] = 0.791
[08/15 07:16:55 d2.evaluation.coco_evaluation]: Evaluation results for segm: 
|   AP   |  AP50  |  AP75  |  APs  |  APm   |  APl   |
|:------:|:------:|:------:|:-----:|:------:|:------:|
| 73.281 | 94.632 | 90.486 |  nan  | 55.786 | 75.426 |
[08/15 07:16:55 d2.evaluation.coco_evaluation]: Some metrics cannot be computed and is shown as NaN.
[Iter 2 AP] → mAP@[.5:.95] = 73.281
[08/15 07:16:55 d2.data.datasets.coco]: Loaded 89 images in COCO format from /projects/PUCHALLA/LLP2024/tumor-segmentation/data/processed_data/rgb/test/images/test.json
[08/15 07:16:55 d2.data.datasets.coco]: Loaded 89 images in COCO format from /projects/PUCHALLA/LLP2024/tumor-segmentation/data/processed_data/rgb/test/images/test.json
[08/15 07:16:55 d2.data.dataset_mapper]: [DatasetMapper] Augmentations used in inference: [ResizeShortestEdge(short_edge_length=(800, 800), max_size=1333, sample_style='choice')]
[08/15 07:16:55 d2.data.common]: Serializing the dataset using: <class 'detectron2.data.common._TorchSerializedList'>
[08/15 07:16:55 d2.data.common]: Serializing 89 elements to byte tensors and concatenating them all ...
[08/15 07:16:55 d2.data.common]: Serialized dataset takes 0.07 MiB
[08/15 07:16:55 d2.evaluation.evaluator]: Start inference on 89 batches
[08/15 07:16:57 d2.evaluation.evaluator]: Total inference time: 0:00:02.090051 (0.024882 s / iter per device, on 1 devices)
[08/15 07:16:57 d2.evaluation.evaluator]: Total inference pure compute time: 0:00:01 (0.023781 s / iter per device, on 1 devices)
[08/15 07:16:59 d2.utils.events]:  eta: 0:02:31  iter: 3019  total_loss: 0.1675  loss_cls: 0.01619  loss_box_reg: 0.04158  loss_mask: 0.1026  loss_rpn_cls: 7.117e-06  loss_rpn_loc: 0.002562    time: 0.0766  last_time: 0.0714  data_time: 0.0022  last_data_time: 0.0020   lr: 0.00025  max_mem: 1685M
[08/15 07:17:00 d2.utils.events]:  eta: 0:02:29  iter: 3039  total_loss: 0.1567  loss_cls: 0.01628  loss_box_reg: 0.03691  loss_mask: 0.09479  loss_rpn_cls: 1.075e-05  loss_rpn_loc: 0.002553    time: 0.0766  last_time: 0.0771  data_time: 0.0021  last_data_time: 0.0022   lr: 0.00025  max_mem: 1685M
[08/15 07:17:02 d2.utils.events]:  eta: 0:02:28  iter: 3059  total_loss: 0.183  loss_cls: 0.01859  loss_box_reg: 0.0451  loss_mask: 0.1115  loss_rpn_cls: 4.637e-06  loss_rpn_loc: 0.001994    time: 0.0766  last_time: 0.0745  data_time: 0.0022  last_data_time: 0.0019   lr: 0.00025  max_mem: 1685M
[08/15 07:17:03 d2.utils.events]:  eta: 0:02:26  iter: 3079  total_loss: 0.1506  loss_cls: 0.0146  loss_box_reg: 0.03965  loss_mask: 0.09805  loss_rpn_cls: 2.63e-05  loss_rpn_loc: 0.001902    time: 0.0766  last_time: 0.0717  data_time: 0.0022  last_data_time: 0.0021   lr: 0.00025  max_mem: 1685M
[08/15 07:17:05 d2.utils.events]:  eta: 0:02:25  iter: 3099  total_loss: 0.1552  loss_cls: 0.01592  loss_box_reg: 0.03764  loss_mask: 0.1044  loss_rpn_cls: 2.728e-06  loss_rpn_loc: 0.00145    time: 0.0766  last_time: 0.0721  data_time: 0.0022  last_data_time: 0.0020   lr: 0.00025  max_mem: 1685M
[08/15 07:17:05 d2.evaluation.coco_evaluation]: Fast COCO eval is not built. Falling back to official COCO eval.
[08/15 07:17:05 d2.data.datasets.coco]: Loaded 89 images in COCO format from /projects/PUCHALLA/LLP2024/tumor-segmentation/data/processed_data/rgb/test/images/test.json
[08/15 07:17:05 d2.data.dataset_mapper]: [DatasetMapper] Augmentations used in inference: [ResizeShortestEdge(short_edge_length=(800, 800), max_size=1333, sample_style='choice')]
[08/15 07:17:05 d2.data.common]: Serializing the dataset using: <class 'detectron2.data.common._TorchSerializedList'>
[08/15 07:17:05 d2.data.common]: Serializing 89 elements to byte tensors and concatenating them all ...
[08/15 07:17:05 d2.data.common]: Serialized dataset takes 0.07 MiB
[08/15 07:17:05 d2.evaluation.evaluator]: Start inference on 89 batches
[08/15 07:17:05 d2.evaluation.evaluator]: Inference done 11/89. Dataloading: 0.0004 s/iter. Inference: 0.0237 s/iter. Eval: 0.0003 s/iter. Total: 0.0245 s/iter. ETA=0:00:01
[08/15 07:17:07 d2.evaluation.evaluator]: Total inference time: 0:00:02.101823 (0.025022 s / iter per device, on 1 devices)
[08/15 07:17:07 d2.evaluation.evaluator]: Total inference pure compute time: 0:00:02 (0.023881 s / iter per device, on 1 devices)
[08/15 07:17:07 d2.evaluation.coco_evaluation]: Preparing results for COCO format ...
[08/15 07:17:07 d2.evaluation.coco_evaluation]: Saving results to ../../../../../models/rgb-testing/rgb-5000-1/coco_instances_results.json
[08/15 07:17:07 d2.evaluation.coco_evaluation]: Evaluating predictions with official COCO API...
Loading and preparing results...
DONE (t=0.00s)
creating index...
index created!
Running per image evaluation...
Evaluate annotation type *bbox*
DONE (t=0.02s).
Accumulating evaluation results...
DONE (t=0.01s).
 Average Precision  (AP) @[ IoU=0.50:0.95 | area=   all | maxDets=100 ] = 0.764
 Average Precision  (AP) @[ IoU=0.50      | area=   all | maxDets=100 ] = 0.956
 Average Precision  (AP) @[ IoU=0.75      | area=   all | maxDets=100 ] = 0.926
 Average Precision  (AP) @[ IoU=0.50:0.95 | area= small | maxDets=100 ] = -1.000
 Average Precision  (AP) @[ IoU=0.50:0.95 | area=medium | maxDets=100 ] = 0.560
 Average Precision  (AP) @[ IoU=0.50:0.95 | area= large | maxDets=100 ] = 0.790
 Average Recall     (AR) @[ IoU=0.50:0.95 | area=   all | maxDets=  1 ] = 0.802
 Average Recall     (AR) @[ IoU=0.50:0.95 | area=   all | maxDets= 10 ] = 0.802
 Average Recall     (AR) @[ IoU=0.50:0.95 | area=   all | maxDets=100 ] = 0.802
 Average Recall     (AR) @[ IoU=0.50:0.95 | area= small | maxDets=100 ] = -1.000
 Average Recall     (AR) @[ IoU=0.50:0.95 | area=medium | maxDets=100 ] = 0.570
 Average Recall     (AR) @[ IoU=0.50:0.95 | area= large | maxDets=100 ] = 0.832
[08/15 07:17:07 d2.evaluation.coco_evaluation]: Evaluation results for bbox: 
|   AP   |  AP50  |  AP75  |  APs  |  APm   |  APl   |
|:------:|:------:|:------:|:-----:|:------:|:------:|
| 76.364 | 95.630 | 92.576 |  nan  | 56.015 | 78.952 |
[08/15 07:17:07 d2.evaluation.coco_evaluation]: Some metrics cannot be computed and is shown as NaN.
Loading and preparing results...
DONE (t=0.00s)
creating index...
index created!
Running per image evaluation...
Evaluate annotation type *segm*
DONE (t=0.02s).
Accumulating evaluation results...
DONE (t=0.01s).
 Average Precision  (AP) @[ IoU=0.50:0.95 | area=   all | maxDets=100 ] = 0.769
 Average Precision  (AP) @[ IoU=0.50      | area=   all | maxDets=100 ] = 0.956
 Average Precision  (AP) @[ IoU=0.75      | area=   all | maxDets=100 ] = 0.915
 Average Precision  (AP) @[ IoU=0.50:0.95 | area= small | maxDets=100 ] = -1.000
 Average Precision  (AP) @[ IoU=0.50:0.95 | area=medium | maxDets=100 ] = 0.560
 Average Precision  (AP) @[ IoU=0.50:0.95 | area= large | maxDets=100 ] = 0.796
 Average Recall     (AR) @[ IoU=0.50:0.95 | area=   all | maxDets=  1 ] = 0.802
 Average Recall     (AR) @[ IoU=0.50:0.95 | area=   all | maxDets= 10 ] = 0.802
 Average Recall     (AR) @[ IoU=0.50:0.95 | area=   all | maxDets=100 ] = 0.802
 Average Recall     (AR) @[ IoU=0.50:0.95 | area= small | maxDets=100 ] = -1.000
 Average Recall     (AR) @[ IoU=0.50:0.95 | area=medium | maxDets=100 ] = 0.570
 Average Recall     (AR) @[ IoU=0.50:0.95 | area= large | maxDets=100 ] = 0.832
[08/15 07:17:07 d2.evaluation.coco_evaluation]: Evaluation results for segm: 
|   AP   |  AP50  |  AP75  |  APs  |  APm   |  APl   |
|:------:|:------:|:------:|:-----:|:------:|:------:|
| 76.944 | 95.630 | 91.550 |  nan  | 55.975 | 79.613 |
[08/15 07:17:07 d2.evaluation.coco_evaluation]: Some metrics cannot be computed and is shown as NaN.
[Iter 2 AP] → mAP@[.5:.95] = 76.944
[08/15 07:17:07 d2.data.datasets.coco]: Loaded 89 images in COCO format from /projects/PUCHALLA/LLP2024/tumor-segmentation/data/processed_data/rgb/test/images/test.json
[08/15 07:17:07 d2.data.datasets.coco]: Loaded 89 images in COCO format from /projects/PUCHALLA/LLP2024/tumor-segmentation/data/processed_data/rgb/test/images/test.json
[08/15 07:17:07 d2.data.dataset_mapper]: [DatasetMapper] Augmentations used in inference: [ResizeShortestEdge(short_edge_length=(800, 800), max_size=1333, sample_style='choice')]
[08/15 07:17:07 d2.data.common]: Serializing the dataset using: <class 'detectron2.data.common._TorchSerializedList'>
[08/15 07:17:07 d2.data.common]: Serializing 89 elements to byte tensors and concatenating them all ...
[08/15 07:17:07 d2.data.common]: Serialized dataset takes 0.07 MiB
[08/15 07:17:07 d2.evaluation.evaluator]: Start inference on 89 batches
[08/15 07:17:10 d2.evaluation.evaluator]: Total inference time: 0:00:02.079676 (0.024758 s / iter per device, on 1 devices)
[08/15 07:17:10 d2.evaluation.evaluator]: Total inference pure compute time: 0:00:01 (0.023628 s / iter per device, on 1 devices)
[08/15 07:17:11 d2.utils.events]:  eta: 0:02:23  iter: 3119  total_loss: 0.1417  loss_cls: 0.01506  loss_box_reg: 0.03422  loss_mask: 0.0933  loss_rpn_cls: 1.125e-05  loss_rpn_loc: 0.001768    time: 0.0766  last_time: 0.0725  data_time: 0.0022  last_data_time: 0.0020   lr: 0.00025  max_mem: 1685M
[08/15 07:17:13 d2.utils.events]:  eta: 0:02:22  iter: 3139  total_loss: 0.1538  loss_cls: 0.01673  loss_box_reg: 0.03664  loss_mask: 0.106  loss_rpn_cls: 3.158e-06  loss_rpn_loc: 0.001892    time: 0.0766  last_time: 0.0769  data_time: 0.0021  last_data_time: 0.0021   lr: 0.00025  max_mem: 1685M
[08/15 07:17:14 d2.utils.events]:  eta: 0:02:20  iter: 3159  total_loss: 0.1578  loss_cls: 0.01498  loss_box_reg: 0.03488  loss_mask: 0.09712  loss_rpn_cls: 1.083e-05  loss_rpn_loc: 0.001897    time: 0.0766  last_time: 0.0810  data_time: 0.0020  last_data_time: 0.0020   lr: 0.00025  max_mem: 1685M
[08/15 07:17:16 d2.utils.events]:  eta: 0:02:19  iter: 3179  total_loss: 0.1612  loss_cls: 0.01714  loss_box_reg: 0.0426  loss_mask: 0.1074  loss_rpn_cls: 5.59e-06  loss_rpn_loc: 0.001826    time: 0.0766  last_time: 0.0767  data_time: 0.0021  last_data_time: 0.0020   lr: 0.00025  max_mem: 1685M
[08/15 07:17:17 d2.utils.events]:  eta: 0:02:17  iter: 3199  total_loss: 0.1728  loss_cls: 0.02086  loss_box_reg: 0.03932  loss_mask: 0.1111  loss_rpn_cls: 3.853e-06  loss_rpn_loc: 0.002024    time: 0.0766  last_time: 0.0717  data_time: 0.0021  last_data_time: 0.0020   lr: 0.00025  max_mem: 1685M
[08/15 07:17:17 d2.evaluation.coco_evaluation]: Fast COCO eval is not built. Falling back to official COCO eval.
[08/15 07:17:17 d2.data.datasets.coco]: Loaded 89 images in COCO format from /projects/PUCHALLA/LLP2024/tumor-segmentation/data/processed_data/rgb/test/images/test.json
[08/15 07:17:17 d2.data.dataset_mapper]: [DatasetMapper] Augmentations used in inference: [ResizeShortestEdge(short_edge_length=(800, 800), max_size=1333, sample_style='choice')]
[08/15 07:17:17 d2.data.common]: Serializing the dataset using: <class 'detectron2.data.common._TorchSerializedList'>
[08/15 07:17:17 d2.data.common]: Serializing 89 elements to byte tensors and concatenating them all ...
[08/15 07:17:17 d2.data.common]: Serialized dataset takes 0.07 MiB
[08/15 07:17:17 d2.evaluation.evaluator]: Start inference on 89 batches
[08/15 07:17:18 d2.evaluation.evaluator]: Inference done 11/89. Dataloading: 0.0004 s/iter. Inference: 0.0249 s/iter. Eval: 0.0003 s/iter. Total: 0.0257 s/iter. ETA=0:00:02
[08/15 07:17:20 d2.evaluation.evaluator]: Total inference time: 0:00:02.134370 (0.025409 s / iter per device, on 1 devices)
[08/15 07:17:20 d2.evaluation.evaluator]: Total inference pure compute time: 0:00:02 (0.024272 s / iter per device, on 1 devices)
[08/15 07:17:20 d2.evaluation.coco_evaluation]: Preparing results for COCO format ...
[08/15 07:17:20 d2.evaluation.coco_evaluation]: Saving results to ../../../../../models/rgb-testing/rgb-5000-1/coco_instances_results.json
[08/15 07:17:20 d2.evaluation.coco_evaluation]: Evaluating predictions with official COCO API...
Loading and preparing results...
DONE (t=0.00s)
creating index...
index created!
Running per image evaluation...
Evaluate annotation type *bbox*
DONE (t=0.01s).
Accumulating evaluation results...
DONE (t=0.01s).
 Average Precision  (AP) @[ IoU=0.50:0.95 | area=   all | maxDets=100 ] = 0.747
 Average Precision  (AP) @[ IoU=0.50      | area=   all | maxDets=100 ] = 0.945
 Average Precision  (AP) @[ IoU=0.75      | area=   all | maxDets=100 ] = 0.914
 Average Precision  (AP) @[ IoU=0.50:0.95 | area= small | maxDets=100 ] = -1.000
 Average Precision  (AP) @[ IoU=0.50:0.95 | area=medium | maxDets=100 ] = 0.540
 Average Precision  (AP) @[ IoU=0.50:0.95 | area= large | maxDets=100 ] = 0.771
 Average Recall     (AR) @[ IoU=0.50:0.95 | area=   all | maxDets=  1 ] = 0.783
 Average Recall     (AR) @[ IoU=0.50:0.95 | area=   all | maxDets= 10 ] = 0.788
 Average Recall     (AR) @[ IoU=0.50:0.95 | area=   all | maxDets=100 ] = 0.788
 Average Recall     (AR) @[ IoU=0.50:0.95 | area= small | maxDets=100 ] = -1.000
 Average Recall     (AR) @[ IoU=0.50:0.95 | area=medium | maxDets=100 ] = 0.570
 Average Recall     (AR) @[ IoU=0.50:0.95 | area= large | maxDets=100 ] = 0.815
[08/15 07:17:20 d2.evaluation.coco_evaluation]: Evaluation results for bbox: 
|   AP   |  AP50  |  AP75  |  APs  |  APm   |  APl   |
|:------:|:------:|:------:|:-----:|:------:|:------:|
| 74.658 | 94.468 | 91.405 |  nan  | 53.969 | 77.103 |
[08/15 07:17:20 d2.evaluation.coco_evaluation]: Some metrics cannot be computed and is shown as NaN.
Loading and preparing results...
DONE (t=0.00s)
creating index...
index created!
Running per image evaluation...
Evaluate annotation type *segm*
DONE (t=0.02s).
Accumulating evaluation results...
DONE (t=0.01s).
 Average Precision  (AP) @[ IoU=0.50:0.95 | area=   all | maxDets=100 ] = 0.754
 Average Precision  (AP) @[ IoU=0.50      | area=   all | maxDets=100 ] = 0.945
 Average Precision  (AP) @[ IoU=0.75      | area=   all | maxDets=100 ] = 0.904
 Average Precision  (AP) @[ IoU=0.50:0.95 | area= small | maxDets=100 ] = -1.000
 Average Precision  (AP) @[ IoU=0.50:0.95 | area=medium | maxDets=100 ] = 0.542
 Average Precision  (AP) @[ IoU=0.50:0.95 | area= large | maxDets=100 ] = 0.777
 Average Recall     (AR) @[ IoU=0.50:0.95 | area=   all | maxDets=  1 ] = 0.787
 Average Recall     (AR) @[ IoU=0.50:0.95 | area=   all | maxDets= 10 ] = 0.790
 Average Recall     (AR) @[ IoU=0.50:0.95 | area=   all | maxDets=100 ] = 0.790
 Average Recall     (AR) @[ IoU=0.50:0.95 | area= small | maxDets=100 ] = -1.000
 Average Recall     (AR) @[ IoU=0.50:0.95 | area=medium | maxDets=100 ] = 0.580
 Average Recall     (AR) @[ IoU=0.50:0.95 | area= large | maxDets=100 ] = 0.816
[08/15 07:17:20 d2.evaluation.coco_evaluation]: Evaluation results for segm: 
|   AP   |  AP50  |  AP75  |  APs  |  APm   |  APl   |
|:------:|:------:|:------:|:-----:|:------:|:------:|
| 75.429 | 94.468 | 90.365 |  nan  | 54.204 | 77.744 |
[08/15 07:17:20 d2.evaluation.coco_evaluation]: Some metrics cannot be computed and is shown as NaN.
[Iter 2 AP] → mAP@[.5:.95] = 75.429
[08/15 07:17:20 d2.data.datasets.coco]: Loaded 89 images in COCO format from /projects/PUCHALLA/LLP2024/tumor-segmentation/data/processed_data/rgb/test/images/test.json
[08/15 07:17:20 d2.data.datasets.coco]: Loaded 89 images in COCO format from /projects/PUCHALLA/LLP2024/tumor-segmentation/data/processed_data/rgb/test/images/test.json
[08/15 07:17:20 d2.data.dataset_mapper]: [DatasetMapper] Augmentations used in inference: [ResizeShortestEdge(short_edge_length=(800, 800), max_size=1333, sample_style='choice')]
[08/15 07:17:20 d2.data.common]: Serializing the dataset using: <class 'detectron2.data.common._TorchSerializedList'>
[08/15 07:17:20 d2.data.common]: Serializing 89 elements to byte tensors and concatenating them all ...
[08/15 07:17:20 d2.data.common]: Serialized dataset takes 0.07 MiB
[08/15 07:17:20 d2.evaluation.evaluator]: Start inference on 89 batches
[08/15 07:17:22 d2.evaluation.evaluator]: Total inference time: 0:00:02.128702 (0.025342 s / iter per device, on 1 devices)
[08/15 07:17:22 d2.evaluation.evaluator]: Total inference pure compute time: 0:00:02 (0.024204 s / iter per device, on 1 devices)
[08/15 07:17:24 d2.utils.events]:  eta: 0:02:16  iter: 3219  total_loss: 0.1554  loss_cls: 0.01576  loss_box_reg: 0.04007  loss_mask: 0.1027  loss_rpn_cls: 2.782e-05  loss_rpn_loc: 0.002501    time: 0.0766  last_time: 0.0762  data_time: 0.0021  last_data_time: 0.0019   lr: 0.00025  max_mem: 1685M
[08/15 07:17:25 d2.utils.events]:  eta: 0:02:14  iter: 3239  total_loss: 0.1443  loss_cls: 0.01611  loss_box_reg: 0.03853  loss_mask: 0.08922  loss_rpn_cls: 1.677e-05  loss_rpn_loc: 0.002276    time: 0.0766  last_time: 0.0771  data_time: 0.0021  last_data_time: 0.0021   lr: 0.00025  max_mem: 1685M
[08/15 07:17:27 d2.utils.events]:  eta: 0:02:13  iter: 3259  total_loss: 0.1467  loss_cls: 0.01643  loss_box_reg: 0.04083  loss_mask: 0.09859  loss_rpn_cls: 6.292e-06  loss_rpn_loc: 0.001744    time: 0.0766  last_time: 0.0821  data_time: 0.0022  last_data_time: 0.0030   lr: 0.00025  max_mem: 1685M
[08/15 07:17:28 d2.utils.events]:  eta: 0:02:11  iter: 3279  total_loss: 0.1712  loss_cls: 0.0156  loss_box_reg: 0.03518  loss_mask: 0.1099  loss_rpn_cls: 1.512e-05  loss_rpn_loc: 0.002104    time: 0.0766  last_time: 0.0767  data_time: 0.0021  last_data_time: 0.0021   lr: 0.00025  max_mem: 1685M
[08/15 07:17:30 d2.utils.events]:  eta: 0:02:10  iter: 3299  total_loss: 0.1495  loss_cls: 0.01608  loss_box_reg: 0.03637  loss_mask: 0.09742  loss_rpn_cls: 1.599e-05  loss_rpn_loc: 0.001957    time: 0.0766  last_time: 0.0773  data_time: 0.0022  last_data_time: 0.0030   lr: 0.00025  max_mem: 1685M
[08/15 07:17:30 d2.evaluation.coco_evaluation]: Fast COCO eval is not built. Falling back to official COCO eval.
[08/15 07:17:30 d2.data.datasets.coco]: Loaded 89 images in COCO format from /projects/PUCHALLA/LLP2024/tumor-segmentation/data/processed_data/rgb/test/images/test.json
[08/15 07:17:30 d2.data.dataset_mapper]: [DatasetMapper] Augmentations used in inference: [ResizeShortestEdge(short_edge_length=(800, 800), max_size=1333, sample_style='choice')]
[08/15 07:17:30 d2.data.common]: Serializing the dataset using: <class 'detectron2.data.common._TorchSerializedList'>
[08/15 07:17:30 d2.data.common]: Serializing 89 elements to byte tensors and concatenating them all ...
[08/15 07:17:30 d2.data.common]: Serialized dataset takes 0.07 MiB
[08/15 07:17:30 d2.evaluation.evaluator]: Start inference on 89 batches
[08/15 07:17:30 d2.evaluation.evaluator]: Inference done 11/89. Dataloading: 0.0004 s/iter. Inference: 0.0238 s/iter. Eval: 0.0003 s/iter. Total: 0.0245 s/iter. ETA=0:00:01
[08/15 07:17:32 d2.evaluation.evaluator]: Total inference time: 0:00:02.179712 (0.025949 s / iter per device, on 1 devices)
[08/15 07:17:32 d2.evaluation.evaluator]: Total inference pure compute time: 0:00:02 (0.024833 s / iter per device, on 1 devices)
[08/15 07:17:32 d2.evaluation.coco_evaluation]: Preparing results for COCO format ...
[08/15 07:17:32 d2.evaluation.coco_evaluation]: Saving results to ../../../../../models/rgb-testing/rgb-5000-1/coco_instances_results.json
[08/15 07:17:32 d2.evaluation.coco_evaluation]: Evaluating predictions with official COCO API...
Loading and preparing results...
DONE (t=0.00s)
creating index...
index created!
Running per image evaluation...
Evaluate annotation type *bbox*
DONE (t=0.01s).
Accumulating evaluation results...
DONE (t=0.01s).
 Average Precision  (AP) @[ IoU=0.50:0.95 | area=   all | maxDets=100 ] = 0.757
 Average Precision  (AP) @[ IoU=0.50      | area=   all | maxDets=100 ] = 0.957
 Average Precision  (AP) @[ IoU=0.75      | area=   all | maxDets=100 ] = 0.916
 Average Precision  (AP) @[ IoU=0.50:0.95 | area= small | maxDets=100 ] = -1.000
 Average Precision  (AP) @[ IoU=0.50:0.95 | area=medium | maxDets=100 ] = 0.523
 Average Precision  (AP) @[ IoU=0.50:0.95 | area= large | maxDets=100 ] = 0.784
 Average Recall     (AR) @[ IoU=0.50:0.95 | area=   all | maxDets=  1 ] = 0.792
 Average Recall     (AR) @[ IoU=0.50:0.95 | area=   all | maxDets= 10 ] = 0.797
 Average Recall     (AR) @[ IoU=0.50:0.95 | area=   all | maxDets=100 ] = 0.797
 Average Recall     (AR) @[ IoU=0.50:0.95 | area= small | maxDets=100 ] = -1.000
 Average Recall     (AR) @[ IoU=0.50:0.95 | area=medium | maxDets=100 ] = 0.550
 Average Recall     (AR) @[ IoU=0.50:0.95 | area= large | maxDets=100 ] = 0.828
[08/15 07:17:32 d2.evaluation.coco_evaluation]: Evaluation results for bbox: 
|   AP   |  AP50  |  AP75  |  APs  |  APm   |  APl   |
|:------:|:------:|:------:|:-----:|:------:|:------:|
| 75.683 | 95.663 | 91.584 |  nan  | 52.316 | 78.382 |
[08/15 07:17:32 d2.evaluation.coco_evaluation]: Some metrics cannot be computed and is shown as NaN.
Loading and preparing results...
DONE (t=0.00s)
creating index...
index created!
Running per image evaluation...
Evaluate annotation type *segm*
DONE (t=0.02s).
Accumulating evaluation results...
DONE (t=0.01s).
 Average Precision  (AP) @[ IoU=0.50:0.95 | area=   all | maxDets=100 ] = 0.757
 Average Precision  (AP) @[ IoU=0.50      | area=   all | maxDets=100 ] = 0.957
 Average Precision  (AP) @[ IoU=0.75      | area=   all | maxDets=100 ] = 0.905
 Average Precision  (AP) @[ IoU=0.50:0.95 | area= small | maxDets=100 ] = -1.000
 Average Precision  (AP) @[ IoU=0.50:0.95 | area=medium | maxDets=100 ] = 0.546
 Average Precision  (AP) @[ IoU=0.50:0.95 | area= large | maxDets=100 ] = 0.781
 Average Recall     (AR) @[ IoU=0.50:0.95 | area=   all | maxDets=  1 ] = 0.790
 Average Recall     (AR) @[ IoU=0.50:0.95 | area=   all | maxDets= 10 ] = 0.792
 Average Recall     (AR) @[ IoU=0.50:0.95 | area=   all | maxDets=100 ] = 0.792
 Average Recall     (AR) @[ IoU=0.50:0.95 | area= small | maxDets=100 ] = -1.000
 Average Recall     (AR) @[ IoU=0.50:0.95 | area=medium | maxDets=100 ] = 0.580
 Average Recall     (AR) @[ IoU=0.50:0.95 | area= large | maxDets=100 ] = 0.819
[08/15 07:17:32 d2.evaluation.coco_evaluation]: Evaluation results for segm: 
|   AP   |  AP50  |  AP75  |  APs  |  APm   |  APl   |
|:------:|:------:|:------:|:-----:|:------:|:------:|
| 75.725 | 95.663 | 90.527 |  nan  | 54.600 | 78.077 |
[08/15 07:17:32 d2.evaluation.coco_evaluation]: Some metrics cannot be computed and is shown as NaN.
[Iter 2 AP] → mAP@[.5:.95] = 75.725
[08/15 07:17:32 d2.data.datasets.coco]: Loaded 89 images in COCO format from /projects/PUCHALLA/LLP2024/tumor-segmentation/data/processed_data/rgb/test/images/test.json
[08/15 07:17:32 d2.data.datasets.coco]: Loaded 89 images in COCO format from /projects/PUCHALLA/LLP2024/tumor-segmentation/data/processed_data/rgb/test/images/test.json
[08/15 07:17:32 d2.data.dataset_mapper]: [DatasetMapper] Augmentations used in inference: [ResizeShortestEdge(short_edge_length=(800, 800), max_size=1333, sample_style='choice')]
[08/15 07:17:32 d2.data.common]: Serializing the dataset using: <class 'detectron2.data.common._TorchSerializedList'>
[08/15 07:17:32 d2.data.common]: Serializing 89 elements to byte tensors and concatenating them all ...
[08/15 07:17:32 d2.data.common]: Serialized dataset takes 0.07 MiB
[08/15 07:17:32 d2.evaluation.evaluator]: Start inference on 89 batches
[08/15 07:17:35 d2.evaluation.evaluator]: Total inference time: 0:00:02.173688 (0.025877 s / iter per device, on 1 devices)
[08/15 07:17:35 d2.evaluation.evaluator]: Total inference pure compute time: 0:00:02 (0.024758 s / iter per device, on 1 devices)
[08/15 07:17:36 d2.utils.events]:  eta: 0:02:08  iter: 3319  total_loss: 0.1935  loss_cls: 0.02002  loss_box_reg: 0.04804  loss_mask: 0.1227  loss_rpn_cls: 4.224e-06  loss_rpn_loc: 0.002012    time: 0.0766  last_time: 0.0772  data_time: 0.0021  last_data_time: 0.0020   lr: 0.00025  max_mem: 1685M
[08/15 07:17:38 d2.utils.events]:  eta: 0:02:07  iter: 3339  total_loss: 0.1703  loss_cls: 0.01852  loss_box_reg: 0.04066  loss_mask: 0.1046  loss_rpn_cls: 2.495e-06  loss_rpn_loc: 0.002261    time: 0.0766  last_time: 0.0775  data_time: 0.0021  last_data_time: 0.0020   lr: 0.00025  max_mem: 1685M
[08/15 07:17:39 d2.utils.events]:  eta: 0:02:05  iter: 3359  total_loss: 0.1657  loss_cls: 0.01912  loss_box_reg: 0.03815  loss_mask: 0.1025  loss_rpn_cls: 3.238e-06  loss_rpn_loc: 0.001676    time: 0.0766  last_time: 0.0749  data_time: 0.0022  last_data_time: 0.0019   lr: 0.00025  max_mem: 1685M
[08/15 07:17:41 d2.utils.events]:  eta: 0:02:04  iter: 3379  total_loss: 0.1462  loss_cls: 0.01441  loss_box_reg: 0.03421  loss_mask: 0.09772  loss_rpn_cls: 2.091e-05  loss_rpn_loc: 0.001793    time: 0.0766  last_time: 0.0724  data_time: 0.0020  last_data_time: 0.0020   lr: 0.00025  max_mem: 1685M
[08/15 07:17:42 d2.utils.events]:  eta: 0:02:02  iter: 3399  total_loss: 0.1531  loss_cls: 0.01655  loss_box_reg: 0.03798  loss_mask: 0.1001  loss_rpn_cls: 5.14e-06  loss_rpn_loc: 0.001811    time: 0.0766  last_time: 0.0720  data_time: 0.0020  last_data_time: 0.0020   lr: 0.00025  max_mem: 1685M
[08/15 07:17:42 d2.evaluation.coco_evaluation]: Fast COCO eval is not built. Falling back to official COCO eval.
[08/15 07:17:42 d2.data.datasets.coco]: Loaded 89 images in COCO format from /projects/PUCHALLA/LLP2024/tumor-segmentation/data/processed_data/rgb/test/images/test.json
[08/15 07:17:42 d2.data.dataset_mapper]: [DatasetMapper] Augmentations used in inference: [ResizeShortestEdge(short_edge_length=(800, 800), max_size=1333, sample_style='choice')]
[08/15 07:17:42 d2.data.common]: Serializing the dataset using: <class 'detectron2.data.common._TorchSerializedList'>
[08/15 07:17:42 d2.data.common]: Serializing 89 elements to byte tensors and concatenating them all ...
[08/15 07:17:42 d2.data.common]: Serialized dataset takes 0.07 MiB
[08/15 07:17:42 d2.evaluation.evaluator]: Start inference on 89 batches
[08/15 07:17:43 d2.evaluation.evaluator]: Inference done 11/89. Dataloading: 0.0004 s/iter. Inference: 0.0242 s/iter. Eval: 0.0003 s/iter. Total: 0.0249 s/iter. ETA=0:00:01
[08/15 07:17:45 d2.evaluation.evaluator]: Total inference time: 0:00:02.135977 (0.025428 s / iter per device, on 1 devices)
[08/15 07:17:45 d2.evaluation.evaluator]: Total inference pure compute time: 0:00:02 (0.024299 s / iter per device, on 1 devices)
[08/15 07:17:45 d2.evaluation.coco_evaluation]: Preparing results for COCO format ...
[08/15 07:17:45 d2.evaluation.coco_evaluation]: Saving results to ../../../../../models/rgb-testing/rgb-5000-1/coco_instances_results.json
[08/15 07:17:45 d2.evaluation.coco_evaluation]: Evaluating predictions with official COCO API...
Loading and preparing results...
DONE (t=0.00s)
creating index...
index created!
Running per image evaluation...
Evaluate annotation type *bbox*
DONE (t=0.01s).
Accumulating evaluation results...
DONE (t=0.01s).
 Average Precision  (AP) @[ IoU=0.50:0.95 | area=   all | maxDets=100 ] = 0.755
 Average Precision  (AP) @[ IoU=0.50      | area=   all | maxDets=100 ] = 0.956
 Average Precision  (AP) @[ IoU=0.75      | area=   all | maxDets=100 ] = 0.925
 Average Precision  (AP) @[ IoU=0.50:0.95 | area= small | maxDets=100 ] = -1.000
 Average Precision  (AP) @[ IoU=0.50:0.95 | area=medium | maxDets=100 ] = 0.588
 Average Precision  (AP) @[ IoU=0.50:0.95 | area= large | maxDets=100 ] = 0.777
 Average Recall     (AR) @[ IoU=0.50:0.95 | area=   all | maxDets=  1 ] = 0.793
 Average Recall     (AR) @[ IoU=0.50:0.95 | area=   all | maxDets= 10 ] = 0.793
 Average Recall     (AR) @[ IoU=0.50:0.95 | area=   all | maxDets=100 ] = 0.793
 Average Recall     (AR) @[ IoU=0.50:0.95 | area= small | maxDets=100 ] = -1.000
 Average Recall     (AR) @[ IoU=0.50:0.95 | area=medium | maxDets=100 ] = 0.600
 Average Recall     (AR) @[ IoU=0.50:0.95 | area= large | maxDets=100 ] = 0.818
[08/15 07:17:45 d2.evaluation.coco_evaluation]: Evaluation results for bbox: 
|   AP   |  AP50  |  AP75  |  APs  |  APm   |  APl   |
|:------:|:------:|:------:|:-----:|:------:|:------:|
| 75.472 | 95.607 | 92.525 |  nan  | 58.758 | 77.670 |
[08/15 07:17:45 d2.evaluation.coco_evaluation]: Some metrics cannot be computed and is shown as NaN.
Loading and preparing results...
DONE (t=0.00s)
creating index...
index created!
Running per image evaluation...
Evaluate annotation type *segm*
DONE (t=0.02s).
Accumulating evaluation results...
DONE (t=0.01s).
 Average Precision  (AP) @[ IoU=0.50:0.95 | area=   all | maxDets=100 ] = 0.759
 Average Precision  (AP) @[ IoU=0.50      | area=   all | maxDets=100 ] = 0.956
 Average Precision  (AP) @[ IoU=0.75      | area=   all | maxDets=100 ] = 0.925
 Average Precision  (AP) @[ IoU=0.50:0.95 | area= small | maxDets=100 ] = -1.000
 Average Precision  (AP) @[ IoU=0.50:0.95 | area=medium | maxDets=100 ] = 0.578
 Average Precision  (AP) @[ IoU=0.50:0.95 | area= large | maxDets=100 ] = 0.783
 Average Recall     (AR) @[ IoU=0.50:0.95 | area=   all | maxDets=  1 ] = 0.793
 Average Recall     (AR) @[ IoU=0.50:0.95 | area=   all | maxDets= 10 ] = 0.793
 Average Recall     (AR) @[ IoU=0.50:0.95 | area=   all | maxDets=100 ] = 0.793
 Average Recall     (AR) @[ IoU=0.50:0.95 | area= small | maxDets=100 ] = -1.000
 Average Recall     (AR) @[ IoU=0.50:0.95 | area=medium | maxDets=100 ] = 0.590
 Average Recall     (AR) @[ IoU=0.50:0.95 | area= large | maxDets=100 ] = 0.819
[08/15 07:17:45 d2.evaluation.coco_evaluation]: Evaluation results for segm: 
|   AP   |  AP50  |  AP75  |  APs  |  APm   |  APl   |
|:------:|:------:|:------:|:-----:|:------:|:------:|
| 75.924 | 95.607 | 92.525 |  nan  | 57.825 | 78.265 |
[08/15 07:17:45 d2.evaluation.coco_evaluation]: Some metrics cannot be computed and is shown as NaN.
[Iter 2 AP] → mAP@[.5:.95] = 75.924
[08/15 07:17:45 d2.data.datasets.coco]: Loaded 89 images in COCO format from /projects/PUCHALLA/LLP2024/tumor-segmentation/data/processed_data/rgb/test/images/test.json
[08/15 07:17:45 d2.data.datasets.coco]: Loaded 89 images in COCO format from /projects/PUCHALLA/LLP2024/tumor-segmentation/data/processed_data/rgb/test/images/test.json
[08/15 07:17:45 d2.data.dataset_mapper]: [DatasetMapper] Augmentations used in inference: [ResizeShortestEdge(short_edge_length=(800, 800), max_size=1333, sample_style='choice')]
[08/15 07:17:45 d2.data.common]: Serializing the dataset using: <class 'detectron2.data.common._TorchSerializedList'>
[08/15 07:17:45 d2.data.common]: Serializing 89 elements to byte tensors and concatenating them all ...
[08/15 07:17:45 d2.data.common]: Serialized dataset takes 0.07 MiB
[08/15 07:17:45 d2.evaluation.evaluator]: Start inference on 89 batches
[08/15 07:17:47 d2.evaluation.evaluator]: Total inference time: 0:00:02.181271 (0.025968 s / iter per device, on 1 devices)
[08/15 07:17:47 d2.evaluation.evaluator]: Total inference pure compute time: 0:00:02 (0.024854 s / iter per device, on 1 devices)
[08/15 07:17:49 d2.utils.events]:  eta: 0:02:00  iter: 3419  total_loss: 0.142  loss_cls: 0.01567  loss_box_reg: 0.03812  loss_mask: 0.08658  loss_rpn_cls: 6.337e-06  loss_rpn_loc: 0.001758    time: 0.0766  last_time: 0.0775  data_time: 0.0021  last_data_time: 0.0020   lr: 0.00025  max_mem: 1685M
[08/15 07:17:50 d2.utils.events]:  eta: 0:01:59  iter: 3439  total_loss: 0.1549  loss_cls: 0.01546  loss_box_reg: 0.03691  loss_mask: 0.09991  loss_rpn_cls: 4.553e-06  loss_rpn_loc: 0.001833    time: 0.0766  last_time: 0.0809  data_time: 0.0023  last_data_time: 0.0022   lr: 0.00025  max_mem: 1685M
[08/15 07:17:52 d2.utils.events]:  eta: 0:01:57  iter: 3459  total_loss: 0.1397  loss_cls: 0.01302  loss_box_reg: 0.03431  loss_mask: 0.09193  loss_rpn_cls: 9.862e-06  loss_rpn_loc: 0.001597    time: 0.0766  last_time: 0.0731  data_time: 0.0021  last_data_time: 0.0021   lr: 0.00025  max_mem: 1685M
[08/15 07:17:53 d2.utils.events]:  eta: 0:01:56  iter: 3479  total_loss: 0.1811  loss_cls: 0.02003  loss_box_reg: 0.04358  loss_mask: 0.1116  loss_rpn_cls: 7.53e-06  loss_rpn_loc: 0.002317    time: 0.0766  last_time: 0.0773  data_time: 0.0020  last_data_time: 0.0020   lr: 0.00025  max_mem: 1685M
[08/15 07:17:55 d2.utils.events]:  eta: 0:01:54  iter: 3499  total_loss: 0.1694  loss_cls: 0.01482  loss_box_reg: 0.03881  loss_mask: 0.1022  loss_rpn_cls: 4.559e-06  loss_rpn_loc: 0.001776    time: 0.0766  last_time: 0.0808  data_time: 0.0021  last_data_time: 0.0021   lr: 0.00025  max_mem: 1685M
[08/15 07:17:55 d2.evaluation.coco_evaluation]: Fast COCO eval is not built. Falling back to official COCO eval.
[08/15 07:17:55 d2.data.datasets.coco]: Loaded 89 images in COCO format from /projects/PUCHALLA/LLP2024/tumor-segmentation/data/processed_data/rgb/test/images/test.json
[08/15 07:17:55 d2.data.dataset_mapper]: [DatasetMapper] Augmentations used in inference: [ResizeShortestEdge(short_edge_length=(800, 800), max_size=1333, sample_style='choice')]
[08/15 07:17:55 d2.data.common]: Serializing the dataset using: <class 'detectron2.data.common._TorchSerializedList'>
[08/15 07:17:55 d2.data.common]: Serializing 89 elements to byte tensors and concatenating them all ...
[08/15 07:17:55 d2.data.common]: Serialized dataset takes 0.07 MiB
[08/15 07:17:55 d2.evaluation.evaluator]: Start inference on 89 batches
[08/15 07:17:55 d2.evaluation.evaluator]: Inference done 11/89. Dataloading: 0.0004 s/iter. Inference: 0.0249 s/iter. Eval: 0.0003 s/iter. Total: 0.0257 s/iter. ETA=0:00:02
[08/15 07:17:57 d2.evaluation.evaluator]: Total inference time: 0:00:02.118873 (0.025225 s / iter per device, on 1 devices)
[08/15 07:17:57 d2.evaluation.evaluator]: Total inference pure compute time: 0:00:02 (0.024096 s / iter per device, on 1 devices)
[08/15 07:17:57 d2.evaluation.coco_evaluation]: Preparing results for COCO format ...
[08/15 07:17:57 d2.evaluation.coco_evaluation]: Saving results to ../../../../../models/rgb-testing/rgb-5000-1/coco_instances_results.json
[08/15 07:17:57 d2.evaluation.coco_evaluation]: Evaluating predictions with official COCO API...
Loading and preparing results...
DONE (t=0.00s)
creating index...
index created!
Running per image evaluation...
Evaluate annotation type *bbox*
DONE (t=0.01s).
Accumulating evaluation results...
DONE (t=0.01s).
 Average Precision  (AP) @[ IoU=0.50:0.95 | area=   all | maxDets=100 ] = 0.744
 Average Precision  (AP) @[ IoU=0.50      | area=   all | maxDets=100 ] = 0.955
 Average Precision  (AP) @[ IoU=0.75      | area=   all | maxDets=100 ] = 0.904
 Average Precision  (AP) @[ IoU=0.50:0.95 | area= small | maxDets=100 ] = -1.000
 Average Precision  (AP) @[ IoU=0.50:0.95 | area=medium | maxDets=100 ] = 0.571
 Average Precision  (AP) @[ IoU=0.50:0.95 | area= large | maxDets=100 ] = 0.766
 Average Recall     (AR) @[ IoU=0.50:0.95 | area=   all | maxDets=  1 ] = 0.781
 Average Recall     (AR) @[ IoU=0.50:0.95 | area=   all | maxDets= 10 ] = 0.781
 Average Recall     (AR) @[ IoU=0.50:0.95 | area=   all | maxDets=100 ] = 0.781
 Average Recall     (AR) @[ IoU=0.50:0.95 | area= small | maxDets=100 ] = -1.000
 Average Recall     (AR) @[ IoU=0.50:0.95 | area=medium | maxDets=100 ] = 0.580
 Average Recall     (AR) @[ IoU=0.50:0.95 | area= large | maxDets=100 ] = 0.806
[08/15 07:17:57 d2.evaluation.coco_evaluation]: Evaluation results for bbox: 
|   AP   |  AP50  |  AP75  |  APs  |  APm   |  APl   |
|:------:|:------:|:------:|:-----:|:------:|:------:|
| 74.365 | 95.501 | 90.396 |  nan  | 57.116 | 76.608 |
[08/15 07:17:57 d2.evaluation.coco_evaluation]: Some metrics cannot be computed and is shown as NaN.
Loading and preparing results...
DONE (t=0.00s)
creating index...
index created!
Running per image evaluation...
Evaluate annotation type *segm*
DONE (t=0.02s).
Accumulating evaluation results...
DONE (t=0.01s).
 Average Precision  (AP) @[ IoU=0.50:0.95 | area=   all | maxDets=100 ] = 0.754
 Average Precision  (AP) @[ IoU=0.50      | area=   all | maxDets=100 ] = 0.955
 Average Precision  (AP) @[ IoU=0.75      | area=   all | maxDets=100 ] = 0.904
 Average Precision  (AP) @[ IoU=0.50:0.95 | area= small | maxDets=100 ] = -1.000
 Average Precision  (AP) @[ IoU=0.50:0.95 | area=medium | maxDets=100 ] = 0.579
 Average Precision  (AP) @[ IoU=0.50:0.95 | area= large | maxDets=100 ] = 0.773
 Average Recall     (AR) @[ IoU=0.50:0.95 | area=   all | maxDets=  1 ] = 0.787
 Average Recall     (AR) @[ IoU=0.50:0.95 | area=   all | maxDets= 10 ] = 0.787
 Average Recall     (AR) @[ IoU=0.50:0.95 | area=   all | maxDets=100 ] = 0.787
 Average Recall     (AR) @[ IoU=0.50:0.95 | area= small | maxDets=100 ] = -1.000
 Average Recall     (AR) @[ IoU=0.50:0.95 | area=medium | maxDets=100 ] = 0.590
 Average Recall     (AR) @[ IoU=0.50:0.95 | area= large | maxDets=100 ] = 0.811
[08/15 07:17:57 d2.evaluation.coco_evaluation]: Evaluation results for segm: 
|   AP   |  AP50  |  AP75  |  APs  |  APm   |  APl   |
|:------:|:------:|:------:|:-----:|:------:|:------:|
| 75.383 | 95.501 | 90.408 |  nan  | 57.904 | 77.343 |
[08/15 07:17:57 d2.evaluation.coco_evaluation]: Some metrics cannot be computed and is shown as NaN.
[Iter 2 AP] → mAP@[.5:.95] = 75.383
[08/15 07:17:57 d2.data.datasets.coco]: Loaded 89 images in COCO format from /projects/PUCHALLA/LLP2024/tumor-segmentation/data/processed_data/rgb/test/images/test.json
[08/15 07:17:57 d2.data.datasets.coco]: Loaded 89 images in COCO format from /projects/PUCHALLA/LLP2024/tumor-segmentation/data/processed_data/rgb/test/images/test.json
[08/15 07:17:57 d2.data.dataset_mapper]: [DatasetMapper] Augmentations used in inference: [ResizeShortestEdge(short_edge_length=(800, 800), max_size=1333, sample_style='choice')]
[08/15 07:17:57 d2.data.common]: Serializing the dataset using: <class 'detectron2.data.common._TorchSerializedList'>
[08/15 07:17:57 d2.data.common]: Serializing 89 elements to byte tensors and concatenating them all ...
[08/15 07:17:57 d2.data.common]: Serialized dataset takes 0.07 MiB
[08/15 07:17:57 d2.evaluation.evaluator]: Start inference on 89 batches
[08/15 07:18:00 d2.evaluation.evaluator]: Total inference time: 0:00:02.165320 (0.025778 s / iter per device, on 1 devices)
[08/15 07:18:00 d2.evaluation.evaluator]: Total inference pure compute time: 0:00:02 (0.024633 s / iter per device, on 1 devices)
[08/15 07:18:01 d2.utils.events]:  eta: 0:01:53  iter: 3519  total_loss: 0.1608  loss_cls: 0.01691  loss_box_reg: 0.0395  loss_mask: 0.106  loss_rpn_cls: 9.779e-06  loss_rpn_loc: 0.002239    time: 0.0767  last_time: 0.0736  data_time: 0.0022  last_data_time: 0.0019   lr: 0.00025  max_mem: 1685M
[08/15 07:18:03 d2.utils.events]:  eta: 0:01:51  iter: 3539  total_loss: 0.1501  loss_cls: 0.01501  loss_box_reg: 0.03013  loss_mask: 0.09854  loss_rpn_cls: 2.449e-06  loss_rpn_loc: 0.001519    time: 0.0767  last_time: 0.0804  data_time: 0.0021  last_data_time: 0.0019   lr: 0.00025  max_mem: 1685M
[08/15 07:18:04 d2.utils.events]:  eta: 0:01:50  iter: 3559  total_loss: 0.1484  loss_cls: 0.01427  loss_box_reg: 0.0356  loss_mask: 0.09356  loss_rpn_cls: 5.667e-06  loss_rpn_loc: 0.002027    time: 0.0767  last_time: 0.0753  data_time: 0.0021  last_data_time: 0.0019   lr: 0.00025  max_mem: 1685M
[08/15 07:18:06 d2.utils.events]:  eta: 0:01:48  iter: 3579  total_loss: 0.1491  loss_cls: 0.01588  loss_box_reg: 0.0386  loss_mask: 0.0945  loss_rpn_cls: 4.813e-06  loss_rpn_loc: 0.00166    time: 0.0767  last_time: 0.0673  data_time: 0.0021  last_data_time: 0.0019   lr: 0.00025  max_mem: 1685M
[08/15 07:18:07 d2.utils.events]:  eta: 0:01:47  iter: 3599  total_loss: 0.1448  loss_cls: 0.0129  loss_box_reg: 0.03111  loss_mask: 0.09634  loss_rpn_cls: 1.136e-05  loss_rpn_loc: 0.00187    time: 0.0767  last_time: 0.0796  data_time: 0.0021  last_data_time: 0.0020   lr: 0.00025  max_mem: 1685M
[08/15 07:18:07 d2.evaluation.coco_evaluation]: Fast COCO eval is not built. Falling back to official COCO eval.
[08/15 07:18:07 d2.data.datasets.coco]: Loaded 89 images in COCO format from /projects/PUCHALLA/LLP2024/tumor-segmentation/data/processed_data/rgb/test/images/test.json
[08/15 07:18:07 d2.data.dataset_mapper]: [DatasetMapper] Augmentations used in inference: [ResizeShortestEdge(short_edge_length=(800, 800), max_size=1333, sample_style='choice')]
[08/15 07:18:07 d2.data.common]: Serializing the dataset using: <class 'detectron2.data.common._TorchSerializedList'>
[08/15 07:18:07 d2.data.common]: Serializing 89 elements to byte tensors and concatenating them all ...
[08/15 07:18:07 d2.data.common]: Serialized dataset takes 0.07 MiB
[08/15 07:18:07 d2.evaluation.evaluator]: Start inference on 89 batches
[08/15 07:18:08 d2.evaluation.evaluator]: Inference done 11/89. Dataloading: 0.0004 s/iter. Inference: 0.0236 s/iter. Eval: 0.0003 s/iter. Total: 0.0243 s/iter. ETA=0:00:01
[08/15 07:18:10 d2.evaluation.evaluator]: Total inference time: 0:00:02.110413 (0.025124 s / iter per device, on 1 devices)
[08/15 07:18:10 d2.evaluation.evaluator]: Total inference pure compute time: 0:00:02 (0.023988 s / iter per device, on 1 devices)
[08/15 07:18:10 d2.evaluation.coco_evaluation]: Preparing results for COCO format ...
[08/15 07:18:10 d2.evaluation.coco_evaluation]: Saving results to ../../../../../models/rgb-testing/rgb-5000-1/coco_instances_results.json
[08/15 07:18:10 d2.evaluation.coco_evaluation]: Evaluating predictions with official COCO API...
Loading and preparing results...
DONE (t=0.00s)
creating index...
index created!
Running per image evaluation...
Evaluate annotation type *bbox*
DONE (t=0.01s).
Accumulating evaluation results...
DONE (t=0.01s).
 Average Precision  (AP) @[ IoU=0.50:0.95 | area=   all | maxDets=100 ] = 0.735
 Average Precision  (AP) @[ IoU=0.50      | area=   all | maxDets=100 ] = 0.956
 Average Precision  (AP) @[ IoU=0.75      | area=   all | maxDets=100 ] = 0.905
 Average Precision  (AP) @[ IoU=0.50:0.95 | area= small | maxDets=100 ] = -1.000
 Average Precision  (AP) @[ IoU=0.50:0.95 | area=medium | maxDets=100 ] = 0.554
 Average Precision  (AP) @[ IoU=0.50:0.95 | area= large | maxDets=100 ] = 0.756
 Average Recall     (AR) @[ IoU=0.50:0.95 | area=   all | maxDets=  1 ] = 0.776
 Average Recall     (AR) @[ IoU=0.50:0.95 | area=   all | maxDets= 10 ] = 0.776
 Average Recall     (AR) @[ IoU=0.50:0.95 | area=   all | maxDets=100 ] = 0.776
 Average Recall     (AR) @[ IoU=0.50:0.95 | area= small | maxDets=100 ] = -1.000
 Average Recall     (AR) @[ IoU=0.50:0.95 | area=medium | maxDets=100 ] = 0.570
 Average Recall     (AR) @[ IoU=0.50:0.95 | area= large | maxDets=100 ] = 0.803
[08/15 07:18:10 d2.evaluation.coco_evaluation]: Evaluation results for bbox: 
|   AP   |  AP50  |  AP75  |  APs  |  APm   |  APl   |
|:------:|:------:|:------:|:-----:|:------:|:------:|
| 73.455 | 95.630 | 90.548 |  nan  | 55.418 | 75.648 |
[08/15 07:18:10 d2.evaluation.coco_evaluation]: Some metrics cannot be computed and is shown as NaN.
Loading and preparing results...
DONE (t=0.00s)
creating index...
index created!
Running per image evaluation...
Evaluate annotation type *segm*
DONE (t=0.02s).
Accumulating evaluation results...
DONE (t=0.01s).
 Average Precision  (AP) @[ IoU=0.50:0.95 | area=   all | maxDets=100 ] = 0.754
 Average Precision  (AP) @[ IoU=0.50      | area=   all | maxDets=100 ] = 0.956
 Average Precision  (AP) @[ IoU=0.75      | area=   all | maxDets=100 ] = 0.906
 Average Precision  (AP) @[ IoU=0.50:0.95 | area= small | maxDets=100 ] = -1.000
 Average Precision  (AP) @[ IoU=0.50:0.95 | area=medium | maxDets=100 ] = 0.586
 Average Precision  (AP) @[ IoU=0.50:0.95 | area= large | maxDets=100 ] = 0.774
 Average Recall     (AR) @[ IoU=0.50:0.95 | area=   all | maxDets=  1 ] = 0.787
 Average Recall     (AR) @[ IoU=0.50:0.95 | area=   all | maxDets= 10 ] = 0.788
 Average Recall     (AR) @[ IoU=0.50:0.95 | area=   all | maxDets=100 ] = 0.788
 Average Recall     (AR) @[ IoU=0.50:0.95 | area= small | maxDets=100 ] = -1.000
 Average Recall     (AR) @[ IoU=0.50:0.95 | area=medium | maxDets=100 ] = 0.600
 Average Recall     (AR) @[ IoU=0.50:0.95 | area= large | maxDets=100 ] = 0.811
[08/15 07:18:10 d2.evaluation.coco_evaluation]: Evaluation results for segm: 
|   AP   |  AP50  |  AP75  |  APs  |  APm   |  APl   |
|:------:|:------:|:------:|:-----:|:------:|:------:|
| 75.412 | 95.608 | 90.560 |  nan  | 58.568 | 77.437 |
[08/15 07:18:10 d2.evaluation.coco_evaluation]: Some metrics cannot be computed and is shown as NaN.
[Iter 2 AP] → mAP@[.5:.95] = 75.412
[08/15 07:18:10 d2.data.datasets.coco]: Loaded 89 images in COCO format from /projects/PUCHALLA/LLP2024/tumor-segmentation/data/processed_data/rgb/test/images/test.json
[08/15 07:18:10 d2.data.datasets.coco]: Loaded 89 images in COCO format from /projects/PUCHALLA/LLP2024/tumor-segmentation/data/processed_data/rgb/test/images/test.json
[08/15 07:18:10 d2.data.dataset_mapper]: [DatasetMapper] Augmentations used in inference: [ResizeShortestEdge(short_edge_length=(800, 800), max_size=1333, sample_style='choice')]
[08/15 07:18:10 d2.data.common]: Serializing the dataset using: <class 'detectron2.data.common._TorchSerializedList'>
[08/15 07:18:10 d2.data.common]: Serializing 89 elements to byte tensors and concatenating them all ...
[08/15 07:18:10 d2.data.common]: Serialized dataset takes 0.07 MiB
[08/15 07:18:10 d2.evaluation.evaluator]: Start inference on 89 batches
[08/15 07:18:12 d2.evaluation.evaluator]: Total inference time: 0:00:02.073056 (0.024679 s / iter per device, on 1 devices)
[08/15 07:18:12 d2.evaluation.evaluator]: Total inference pure compute time: 0:00:01 (0.023542 s / iter per device, on 1 devices)
[08/15 07:18:14 d2.utils.events]:  eta: 0:01:45  iter: 3619  total_loss: 0.1441  loss_cls: 0.01554  loss_box_reg: 0.03468  loss_mask: 0.09507  loss_rpn_cls: 5.688e-06  loss_rpn_loc: 0.001882    time: 0.0767  last_time: 0.0808  data_time: 0.0021  last_data_time: 0.0021   lr: 0.00025  max_mem: 1685M
[08/15 07:18:15 d2.utils.events]:  eta: 0:01:44  iter: 3639  total_loss: 0.1629  loss_cls: 0.01672  loss_box_reg: 0.03773  loss_mask: 0.1082  loss_rpn_cls: 2.838e-06  loss_rpn_loc: 0.001706    time: 0.0767  last_time: 0.0734  data_time: 0.0021  last_data_time: 0.0021   lr: 0.00025  max_mem: 1685M
[08/15 07:18:17 d2.utils.events]:  eta: 0:01:42  iter: 3659  total_loss: 0.1532  loss_cls: 0.01525  loss_box_reg: 0.03781  loss_mask: 0.09476  loss_rpn_cls: 9.623e-06  loss_rpn_loc: 0.002385    time: 0.0767  last_time: 0.0793  data_time: 0.0024  last_data_time: 0.0021   lr: 0.00025  max_mem: 1685M
[08/15 07:18:18 d2.utils.events]:  eta: 0:01:41  iter: 3679  total_loss: 0.1671  loss_cls: 0.01727  loss_box_reg: 0.04125  loss_mask: 0.1038  loss_rpn_cls: 4.641e-06  loss_rpn_loc: 0.002107    time: 0.0767  last_time: 0.0810  data_time: 0.0021  last_data_time: 0.0020   lr: 0.00025  max_mem: 1685M
[08/15 07:18:20 d2.utils.events]:  eta: 0:01:39  iter: 3699  total_loss: 0.1544  loss_cls: 0.01711  loss_box_reg: 0.03866  loss_mask: 0.09497  loss_rpn_cls: 1.956e-06  loss_rpn_loc: 0.001661    time: 0.0767  last_time: 0.0812  data_time: 0.0022  last_data_time: 0.0020   lr: 0.00025  max_mem: 1685M
[08/15 07:18:20 d2.evaluation.coco_evaluation]: Fast COCO eval is not built. Falling back to official COCO eval.
[08/15 07:18:20 d2.data.datasets.coco]: Loaded 89 images in COCO format from /projects/PUCHALLA/LLP2024/tumor-segmentation/data/processed_data/rgb/test/images/test.json
[08/15 07:18:20 d2.data.dataset_mapper]: [DatasetMapper] Augmentations used in inference: [ResizeShortestEdge(short_edge_length=(800, 800), max_size=1333, sample_style='choice')]
[08/15 07:18:20 d2.data.common]: Serializing the dataset using: <class 'detectron2.data.common._TorchSerializedList'>
[08/15 07:18:20 d2.data.common]: Serializing 89 elements to byte tensors and concatenating them all ...
[08/15 07:18:20 d2.data.common]: Serialized dataset takes 0.07 MiB
[08/15 07:18:20 d2.evaluation.evaluator]: Start inference on 89 batches
[08/15 07:18:20 d2.evaluation.evaluator]: Inference done 11/89. Dataloading: 0.0004 s/iter. Inference: 0.0236 s/iter. Eval: 0.0003 s/iter. Total: 0.0243 s/iter. ETA=0:00:01
[08/15 07:18:22 d2.evaluation.evaluator]: Total inference time: 0:00:02.064817 (0.024581 s / iter per device, on 1 devices)
[08/15 07:18:22 d2.evaluation.evaluator]: Total inference pure compute time: 0:00:01 (0.023450 s / iter per device, on 1 devices)
[08/15 07:18:22 d2.evaluation.coco_evaluation]: Preparing results for COCO format ...
[08/15 07:18:22 d2.evaluation.coco_evaluation]: Saving results to ../../../../../models/rgb-testing/rgb-5000-1/coco_instances_results.json
[08/15 07:18:22 d2.evaluation.coco_evaluation]: Evaluating predictions with official COCO API...
Loading and preparing results...
DONE (t=0.00s)
creating index...
index created!
Running per image evaluation...
Evaluate annotation type *bbox*
DONE (t=0.01s).
Accumulating evaluation results...
DONE (t=0.01s).
 Average Precision  (AP) @[ IoU=0.50:0.95 | area=   all | maxDets=100 ] = 0.742
 Average Precision  (AP) @[ IoU=0.50      | area=   all | maxDets=100 ] = 0.956
 Average Precision  (AP) @[ IoU=0.75      | area=   all | maxDets=100 ] = 0.925
 Average Precision  (AP) @[ IoU=0.50:0.95 | area= small | maxDets=100 ] = -1.000
 Average Precision  (AP) @[ IoU=0.50:0.95 | area=medium | maxDets=100 ] = 0.565
 Average Precision  (AP) @[ IoU=0.50:0.95 | area= large | maxDets=100 ] = 0.765
 Average Recall     (AR) @[ IoU=0.50:0.95 | area=   all | maxDets=  1 ] = 0.784
 Average Recall     (AR) @[ IoU=0.50:0.95 | area=   all | maxDets= 10 ] = 0.784
 Average Recall     (AR) @[ IoU=0.50:0.95 | area=   all | maxDets=100 ] = 0.784
 Average Recall     (AR) @[ IoU=0.50:0.95 | area= small | maxDets=100 ] = -1.000
 Average Recall     (AR) @[ IoU=0.50:0.95 | area=medium | maxDets=100 ] = 0.590
 Average Recall     (AR) @[ IoU=0.50:0.95 | area= large | maxDets=100 ] = 0.809
[08/15 07:18:22 d2.evaluation.coco_evaluation]: Evaluation results for bbox: 
|   AP   |  AP50  |  AP75  |  APs  |  APm   |  APl   |
|:------:|:------:|:------:|:-----:|:------:|:------:|
| 74.175 | 95.592 | 92.495 |  nan  | 56.514 | 76.515 |
[08/15 07:18:22 d2.evaluation.coco_evaluation]: Some metrics cannot be computed and is shown as NaN.
Loading and preparing results...
DONE (t=0.00s)
creating index...
index created!
Running per image evaluation...
Evaluate annotation type *segm*
DONE (t=0.02s).
Accumulating evaluation results...
DONE (t=0.01s).
 Average Precision  (AP) @[ IoU=0.50:0.95 | area=   all | maxDets=100 ] = 0.758
 Average Precision  (AP) @[ IoU=0.50      | area=   all | maxDets=100 ] = 0.956
 Average Precision  (AP) @[ IoU=0.75      | area=   all | maxDets=100 ] = 0.915
 Average Precision  (AP) @[ IoU=0.50:0.95 | area= small | maxDets=100 ] = -1.000
 Average Precision  (AP) @[ IoU=0.50:0.95 | area=medium | maxDets=100 ] = 0.565
 Average Precision  (AP) @[ IoU=0.50:0.95 | area= large | maxDets=100 ] = 0.782
 Average Recall     (AR) @[ IoU=0.50:0.95 | area=   all | maxDets=  1 ] = 0.790
 Average Recall     (AR) @[ IoU=0.50:0.95 | area=   all | maxDets= 10 ] = 0.790
 Average Recall     (AR) @[ IoU=0.50:0.95 | area=   all | maxDets=100 ] = 0.790
 Average Recall     (AR) @[ IoU=0.50:0.95 | area= small | maxDets=100 ] = -1.000
 Average Recall     (AR) @[ IoU=0.50:0.95 | area=medium | maxDets=100 ] = 0.580
 Average Recall     (AR) @[ IoU=0.50:0.95 | area= large | maxDets=100 ] = 0.816
[08/15 07:18:22 d2.evaluation.coco_evaluation]: Evaluation results for segm: 
|   AP   |  AP50  |  AP75  |  APs  |  APm   |  APl   |
|:------:|:------:|:------:|:-----:|:------:|:------:|
| 75.757 | 95.592 | 91.470 |  nan  | 56.539 | 78.232 |
[08/15 07:18:22 d2.evaluation.coco_evaluation]: Some metrics cannot be computed and is shown as NaN.
[Iter 2 AP] → mAP@[.5:.95] = 75.757
[08/15 07:18:22 d2.data.datasets.coco]: Loaded 89 images in COCO format from /projects/PUCHALLA/LLP2024/tumor-segmentation/data/processed_data/rgb/test/images/test.json
[08/15 07:18:22 d2.data.datasets.coco]: Loaded 89 images in COCO format from /projects/PUCHALLA/LLP2024/tumor-segmentation/data/processed_data/rgb/test/images/test.json
[08/15 07:18:22 d2.data.dataset_mapper]: [DatasetMapper] Augmentations used in inference: [ResizeShortestEdge(short_edge_length=(800, 800), max_size=1333, sample_style='choice')]
[08/15 07:18:22 d2.data.common]: Serializing the dataset using: <class 'detectron2.data.common._TorchSerializedList'>
[08/15 07:18:22 d2.data.common]: Serializing 89 elements to byte tensors and concatenating them all ...
[08/15 07:18:22 d2.data.common]: Serialized dataset takes 0.07 MiB
[08/15 07:18:22 d2.evaluation.evaluator]: Start inference on 89 batches
[08/15 07:18:24 d2.evaluation.evaluator]: Total inference time: 0:00:02.069092 (0.024632 s / iter per device, on 1 devices)
[08/15 07:18:24 d2.evaluation.evaluator]: Total inference pure compute time: 0:00:01 (0.023504 s / iter per device, on 1 devices)
[08/15 07:18:26 d2.utils.events]:  eta: 0:01:38  iter: 3719  total_loss: 0.1703  loss_cls: 0.01445  loss_box_reg: 0.03866  loss_mask: 0.1075  loss_rpn_cls: 3.18e-06  loss_rpn_loc: 0.001916    time: 0.0767  last_time: 0.0804  data_time: 0.0021  last_data_time: 0.0020   lr: 0.00025  max_mem: 1685M
[08/15 07:18:27 d2.utils.events]:  eta: 0:01:36  iter: 3739  total_loss: 0.1612  loss_cls: 0.01782  loss_box_reg: 0.04304  loss_mask: 0.1023  loss_rpn_cls: 7.278e-06  loss_rpn_loc: 0.001971    time: 0.0767  last_time: 0.0679  data_time: 0.0020  last_data_time: 0.0019   lr: 0.00025  max_mem: 1685M
[08/15 07:18:29 d2.utils.events]:  eta: 0:01:34  iter: 3759  total_loss: 0.1394  loss_cls: 0.01609  loss_box_reg: 0.0306  loss_mask: 0.09473  loss_rpn_cls: 4.35e-06  loss_rpn_loc: 0.001661    time: 0.0767  last_time: 0.0804  data_time: 0.0022  last_data_time: 0.0021   lr: 0.00025  max_mem: 1685M
[08/15 07:18:30 d2.utils.events]:  eta: 0:01:33  iter: 3779  total_loss: 0.1507  loss_cls: 0.01535  loss_box_reg: 0.03833  loss_mask: 0.09477  loss_rpn_cls: 4.298e-06  loss_rpn_loc: 0.001961    time: 0.0767  last_time: 0.0750  data_time: 0.0022  last_data_time: 0.0030   lr: 0.00025  max_mem: 1685M
[08/15 07:18:32 d2.utils.events]:  eta: 0:01:31  iter: 3799  total_loss: 0.1471  loss_cls: 0.01507  loss_box_reg: 0.03559  loss_mask: 0.09221  loss_rpn_cls: 7.447e-06  loss_rpn_loc: 0.00182    time: 0.0767  last_time: 0.0794  data_time: 0.0021  last_data_time: 0.0020   lr: 0.00025  max_mem: 1685M
[08/15 07:18:32 d2.evaluation.coco_evaluation]: Fast COCO eval is not built. Falling back to official COCO eval.
[08/15 07:18:32 d2.data.datasets.coco]: Loaded 89 images in COCO format from /projects/PUCHALLA/LLP2024/tumor-segmentation/data/processed_data/rgb/test/images/test.json
[08/15 07:18:32 d2.data.dataset_mapper]: [DatasetMapper] Augmentations used in inference: [ResizeShortestEdge(short_edge_length=(800, 800), max_size=1333, sample_style='choice')]
[08/15 07:18:32 d2.data.common]: Serializing the dataset using: <class 'detectron2.data.common._TorchSerializedList'>
[08/15 07:18:32 d2.data.common]: Serializing 89 elements to byte tensors and concatenating them all ...
[08/15 07:18:32 d2.data.common]: Serialized dataset takes 0.07 MiB
[08/15 07:18:32 d2.evaluation.evaluator]: Start inference on 89 batches
[08/15 07:18:32 d2.evaluation.evaluator]: Inference done 11/89. Dataloading: 0.0004 s/iter. Inference: 0.0236 s/iter. Eval: 0.0003 s/iter. Total: 0.0243 s/iter. ETA=0:00:01
[08/15 07:18:34 d2.evaluation.evaluator]: Total inference time: 0:00:02.087606 (0.024852 s / iter per device, on 1 devices)
[08/15 07:18:34 d2.evaluation.evaluator]: Total inference pure compute time: 0:00:01 (0.023718 s / iter per device, on 1 devices)
[08/15 07:18:34 d2.evaluation.coco_evaluation]: Preparing results for COCO format ...
[08/15 07:18:34 d2.evaluation.coco_evaluation]: Saving results to ../../../../../models/rgb-testing/rgb-5000-1/coco_instances_results.json
[08/15 07:18:34 d2.evaluation.coco_evaluation]: Evaluating predictions with official COCO API...
Loading and preparing results...
DONE (t=0.00s)
creating index...
index created!
Running per image evaluation...
Evaluate annotation type *bbox*
DONE (t=0.01s).
Accumulating evaluation results...
DONE (t=0.01s).
 Average Precision  (AP) @[ IoU=0.50:0.95 | area=   all | maxDets=100 ] = 0.765
 Average Precision  (AP) @[ IoU=0.50      | area=   all | maxDets=100 ] = 0.957
 Average Precision  (AP) @[ IoU=0.75      | area=   all | maxDets=100 ] = 0.936
 Average Precision  (AP) @[ IoU=0.50:0.95 | area= small | maxDets=100 ] = -1.000
 Average Precision  (AP) @[ IoU=0.50:0.95 | area=medium | maxDets=100 ] = 0.562
 Average Precision  (AP) @[ IoU=0.50:0.95 | area= large | maxDets=100 ] = 0.791
 Average Recall     (AR) @[ IoU=0.50:0.95 | area=   all | maxDets=  1 ] = 0.806
 Average Recall     (AR) @[ IoU=0.50:0.95 | area=   all | maxDets= 10 ] = 0.806
 Average Recall     (AR) @[ IoU=0.50:0.95 | area=   all | maxDets=100 ] = 0.806
 Average Recall     (AR) @[ IoU=0.50:0.95 | area= small | maxDets=100 ] = -1.000
 Average Recall     (AR) @[ IoU=0.50:0.95 | area=medium | maxDets=100 ] = 0.580
 Average Recall     (AR) @[ IoU=0.50:0.95 | area= large | maxDets=100 ] = 0.834
[08/15 07:18:34 d2.evaluation.coco_evaluation]: Evaluation results for bbox: 
|   AP   |  AP50  |  AP75  |  APs  |  APm   |  APl   |
|:------:|:------:|:------:|:-----:|:------:|:------:|
| 76.530 | 95.744 | 93.635 |  nan  | 56.215 | 79.130 |
[08/15 07:18:34 d2.evaluation.coco_evaluation]: Some metrics cannot be computed and is shown as NaN.
Loading and preparing results...
DONE (t=0.00s)
creating index...
index created!
Running per image evaluation...
Evaluate annotation type *segm*
DONE (t=0.02s).
Accumulating evaluation results...
DONE (t=0.01s).
 Average Precision  (AP) @[ IoU=0.50:0.95 | area=   all | maxDets=100 ] = 0.772
 Average Precision  (AP) @[ IoU=0.50      | area=   all | maxDets=100 ] = 0.957
 Average Precision  (AP) @[ IoU=0.75      | area=   all | maxDets=100 ] = 0.926
 Average Precision  (AP) @[ IoU=0.50:0.95 | area= small | maxDets=100 ] = -1.000
 Average Precision  (AP) @[ IoU=0.50:0.95 | area=medium | maxDets=100 ] = 0.570
 Average Precision  (AP) @[ IoU=0.50:0.95 | area= large | maxDets=100 ] = 0.798
 Average Recall     (AR) @[ IoU=0.50:0.95 | area=   all | maxDets=  1 ] = 0.802
 Average Recall     (AR) @[ IoU=0.50:0.95 | area=   all | maxDets= 10 ] = 0.802
 Average Recall     (AR) @[ IoU=0.50:0.95 | area=   all | maxDets=100 ] = 0.802
 Average Recall     (AR) @[ IoU=0.50:0.95 | area= small | maxDets=100 ] = -1.000
 Average Recall     (AR) @[ IoU=0.50:0.95 | area=medium | maxDets=100 ] = 0.580
 Average Recall     (AR) @[ IoU=0.50:0.95 | area= large | maxDets=100 ] = 0.830
[08/15 07:18:34 d2.evaluation.coco_evaluation]: Evaluation results for segm: 
|   AP   |  AP50  |  AP75  |  APs  |  APm   |  APl   |
|:------:|:------:|:------:|:-----:|:------:|:------:|
| 77.182 | 95.744 | 92.638 |  nan  | 57.010 | 79.840 |
[08/15 07:18:34 d2.evaluation.coco_evaluation]: Some metrics cannot be computed and is shown as NaN.
[Iter 2 AP] → mAP@[.5:.95] = 77.182
[08/15 07:18:34 d2.data.datasets.coco]: Loaded 89 images in COCO format from /projects/PUCHALLA/LLP2024/tumor-segmentation/data/processed_data/rgb/test/images/test.json
[08/15 07:18:34 d2.data.datasets.coco]: Loaded 89 images in COCO format from /projects/PUCHALLA/LLP2024/tumor-segmentation/data/processed_data/rgb/test/images/test.json
[08/15 07:18:34 d2.data.dataset_mapper]: [DatasetMapper] Augmentations used in inference: [ResizeShortestEdge(short_edge_length=(800, 800), max_size=1333, sample_style='choice')]
[08/15 07:18:34 d2.data.common]: Serializing the dataset using: <class 'detectron2.data.common._TorchSerializedList'>
[08/15 07:18:34 d2.data.common]: Serializing 89 elements to byte tensors and concatenating them all ...
[08/15 07:18:34 d2.data.common]: Serialized dataset takes 0.07 MiB
[08/15 07:18:34 d2.evaluation.evaluator]: Start inference on 89 batches
[08/15 07:18:37 d2.evaluation.evaluator]: Total inference time: 0:00:02.089682 (0.024877 s / iter per device, on 1 devices)
[08/15 07:18:37 d2.evaluation.evaluator]: Total inference pure compute time: 0:00:01 (0.023738 s / iter per device, on 1 devices)
[08/15 07:18:38 d2.utils.events]:  eta: 0:01:30  iter: 3819  total_loss: 0.1625  loss_cls: 0.01625  loss_box_reg: 0.037  loss_mask: 0.1125  loss_rpn_cls: 1.412e-05  loss_rpn_loc: 0.002169    time: 0.0767  last_time: 0.0760  data_time: 0.0020  last_data_time: 0.0028   lr: 0.00025  max_mem: 1685M
[08/15 07:18:40 d2.utils.events]:  eta: 0:01:28  iter: 3839  total_loss: 0.184  loss_cls: 0.02044  loss_box_reg: 0.04204  loss_mask: 0.1094  loss_rpn_cls: 7.08e-06  loss_rpn_loc: 0.002086    time: 0.0767  last_time: 0.0772  data_time: 0.0021  last_data_time: 0.0020   lr: 0.00025  max_mem: 1685M
[08/15 07:18:41 d2.utils.events]:  eta: 0:01:27  iter: 3859  total_loss: 0.1454  loss_cls: 0.01618  loss_box_reg: 0.03776  loss_mask: 0.09375  loss_rpn_cls: 2.31e-06  loss_rpn_loc: 0.001914    time: 0.0767  last_time: 0.0763  data_time: 0.0021  last_data_time: 0.0020   lr: 0.00025  max_mem: 1685M
[08/15 07:18:43 d2.utils.events]:  eta: 0:01:25  iter: 3879  total_loss: 0.1573  loss_cls: 0.01596  loss_box_reg: 0.0367  loss_mask: 0.09523  loss_rpn_cls: 4.603e-06  loss_rpn_loc: 0.001805    time: 0.0767  last_time: 0.0705  data_time: 0.0022  last_data_time: 0.0019   lr: 0.00025  max_mem: 1685M
[08/15 07:18:44 d2.utils.events]:  eta: 0:01:24  iter: 3899  total_loss: 0.1534  loss_cls: 0.017  loss_box_reg: 0.03653  loss_mask: 0.1035  loss_rpn_cls: 1.227e-05  loss_rpn_loc: 0.002018    time: 0.0767  last_time: 0.0730  data_time: 0.0025  last_data_time: 0.0030   lr: 0.00025  max_mem: 1685M
[08/15 07:18:45 d2.evaluation.coco_evaluation]: Fast COCO eval is not built. Falling back to official COCO eval.
[08/15 07:18:45 d2.data.datasets.coco]: Loaded 89 images in COCO format from /projects/PUCHALLA/LLP2024/tumor-segmentation/data/processed_data/rgb/test/images/test.json
[08/15 07:18:45 d2.data.dataset_mapper]: [DatasetMapper] Augmentations used in inference: [ResizeShortestEdge(short_edge_length=(800, 800), max_size=1333, sample_style='choice')]
[08/15 07:18:45 d2.data.common]: Serializing the dataset using: <class 'detectron2.data.common._TorchSerializedList'>
[08/15 07:18:45 d2.data.common]: Serializing 89 elements to byte tensors and concatenating them all ...
[08/15 07:18:45 d2.data.common]: Serialized dataset takes 0.07 MiB
[08/15 07:18:45 d2.evaluation.evaluator]: Start inference on 89 batches
[08/15 07:18:45 d2.evaluation.evaluator]: Inference done 11/89. Dataloading: 0.0004 s/iter. Inference: 0.0235 s/iter. Eval: 0.0003 s/iter. Total: 0.0243 s/iter. ETA=0:00:01
[08/15 07:18:47 d2.evaluation.evaluator]: Total inference time: 0:00:02.062736 (0.024556 s / iter per device, on 1 devices)
[08/15 07:18:47 d2.evaluation.evaluator]: Total inference pure compute time: 0:00:01 (0.023423 s / iter per device, on 1 devices)
[08/15 07:18:47 d2.evaluation.coco_evaluation]: Preparing results for COCO format ...
[08/15 07:18:47 d2.evaluation.coco_evaluation]: Saving results to ../../../../../models/rgb-testing/rgb-5000-1/coco_instances_results.json
[08/15 07:18:47 d2.evaluation.coco_evaluation]: Evaluating predictions with official COCO API...
Loading and preparing results...
DONE (t=0.00s)
creating index...
index created!
Running per image evaluation...
Evaluate annotation type *bbox*
DONE (t=0.01s).
Accumulating evaluation results...
DONE (t=0.01s).
 Average Precision  (AP) @[ IoU=0.50:0.95 | area=   all | maxDets=100 ] = 0.758
 Average Precision  (AP) @[ IoU=0.50      | area=   all | maxDets=100 ] = 0.955
 Average Precision  (AP) @[ IoU=0.75      | area=   all | maxDets=100 ] = 0.923
 Average Precision  (AP) @[ IoU=0.50:0.95 | area= small | maxDets=100 ] = -1.000
 Average Precision  (AP) @[ IoU=0.50:0.95 | area=medium | maxDets=100 ] = 0.563
 Average Precision  (AP) @[ IoU=0.50:0.95 | area= large | maxDets=100 ] = 0.783
 Average Recall     (AR) @[ IoU=0.50:0.95 | area=   all | maxDets=  1 ] = 0.803
 Average Recall     (AR) @[ IoU=0.50:0.95 | area=   all | maxDets= 10 ] = 0.803
 Average Recall     (AR) @[ IoU=0.50:0.95 | area=   all | maxDets=100 ] = 0.803
 Average Recall     (AR) @[ IoU=0.50:0.95 | area= small | maxDets=100 ] = -1.000
 Average Recall     (AR) @[ IoU=0.50:0.95 | area=medium | maxDets=100 ] = 0.580
 Average Recall     (AR) @[ IoU=0.50:0.95 | area= large | maxDets=100 ] = 0.832
[08/15 07:18:47 d2.evaluation.coco_evaluation]: Evaluation results for bbox: 
|   AP   |  AP50  |  AP75  |  APs  |  APm   |  APl   |
|:------:|:------:|:------:|:-----:|:------:|:------:|
| 75.775 | 95.453 | 92.284 |  nan  | 56.333 | 78.304 |
[08/15 07:18:47 d2.evaluation.coco_evaluation]: Some metrics cannot be computed and is shown as NaN.
Loading and preparing results...
DONE (t=0.00s)
creating index...
index created!
Running per image evaluation...
Evaluate annotation type *segm*
DONE (t=0.02s).
Accumulating evaluation results...
DONE (t=0.01s).
 Average Precision  (AP) @[ IoU=0.50:0.95 | area=   all | maxDets=100 ] = 0.758
 Average Precision  (AP) @[ IoU=0.50      | area=   all | maxDets=100 ] = 0.955
 Average Precision  (AP) @[ IoU=0.75      | area=   all | maxDets=100 ] = 0.913
 Average Precision  (AP) @[ IoU=0.50:0.95 | area= small | maxDets=100 ] = -1.000
 Average Precision  (AP) @[ IoU=0.50:0.95 | area=medium | maxDets=100 ] = 0.579
 Average Precision  (AP) @[ IoU=0.50:0.95 | area= large | maxDets=100 ] = 0.781
 Average Recall     (AR) @[ IoU=0.50:0.95 | area=   all | maxDets=  1 ] = 0.793
 Average Recall     (AR) @[ IoU=0.50:0.95 | area=   all | maxDets= 10 ] = 0.793
 Average Recall     (AR) @[ IoU=0.50:0.95 | area=   all | maxDets=100 ] = 0.793
 Average Recall     (AR) @[ IoU=0.50:0.95 | area= small | maxDets=100 ] = -1.000
 Average Recall     (AR) @[ IoU=0.50:0.95 | area=medium | maxDets=100 ] = 0.590
 Average Recall     (AR) @[ IoU=0.50:0.95 | area= large | maxDets=100 ] = 0.819
[08/15 07:18:47 d2.evaluation.coco_evaluation]: Evaluation results for segm: 
|   AP   |  AP50  |  AP75  |  APs  |  APm   |  APl   |
|:------:|:------:|:------:|:-----:|:------:|:------:|
| 75.772 | 95.453 | 91.259 |  nan  | 57.881 | 78.119 |
[08/15 07:18:47 d2.evaluation.coco_evaluation]: Some metrics cannot be computed and is shown as NaN.
[Iter 2 AP] → mAP@[.5:.95] = 75.772
[08/15 07:18:47 d2.data.datasets.coco]: Loaded 89 images in COCO format from /projects/PUCHALLA/LLP2024/tumor-segmentation/data/processed_data/rgb/test/images/test.json
[08/15 07:18:47 d2.data.datasets.coco]: Loaded 89 images in COCO format from /projects/PUCHALLA/LLP2024/tumor-segmentation/data/processed_data/rgb/test/images/test.json
[08/15 07:18:47 d2.data.dataset_mapper]: [DatasetMapper] Augmentations used in inference: [ResizeShortestEdge(short_edge_length=(800, 800), max_size=1333, sample_style='choice')]
[08/15 07:18:47 d2.data.common]: Serializing the dataset using: <class 'detectron2.data.common._TorchSerializedList'>
[08/15 07:18:47 d2.data.common]: Serializing 89 elements to byte tensors and concatenating them all ...
[08/15 07:18:47 d2.data.common]: Serialized dataset takes 0.07 MiB
[08/15 07:18:47 d2.evaluation.evaluator]: Start inference on 89 batches
[08/15 07:18:49 d2.evaluation.evaluator]: Total inference time: 0:00:02.081378 (0.024778 s / iter per device, on 1 devices)
[08/15 07:18:49 d2.evaluation.evaluator]: Total inference pure compute time: 0:00:01 (0.023646 s / iter per device, on 1 devices)
[08/15 07:18:51 d2.utils.events]:  eta: 0:01:22  iter: 3919  total_loss: 0.1467  loss_cls: 0.01333  loss_box_reg: 0.03084  loss_mask: 0.09144  loss_rpn_cls: 1.066e-05  loss_rpn_loc: 0.002213    time: 0.0767  last_time: 0.0739  data_time: 0.0022  last_data_time: 0.0030   lr: 0.00025  max_mem: 1685M
[08/15 07:18:52 d2.utils.events]:  eta: 0:01:21  iter: 3939  total_loss: 0.1557  loss_cls: 0.01643  loss_box_reg: 0.03452  loss_mask: 0.101  loss_rpn_cls: 2.263e-06  loss_rpn_loc: 0.001929    time: 0.0767  last_time: 0.0799  data_time: 0.0020  last_data_time: 0.0021   lr: 0.00025  max_mem: 1685M
[08/15 07:18:54 d2.utils.events]:  eta: 0:01:19  iter: 3959  total_loss: 0.1361  loss_cls: 0.01207  loss_box_reg: 0.03566  loss_mask: 0.08921  loss_rpn_cls: 3.973e-06  loss_rpn_loc: 0.002064    time: 0.0767  last_time: 0.0759  data_time: 0.0021  last_data_time: 0.0020   lr: 0.00025  max_mem: 1685M
[08/15 07:18:55 d2.utils.events]:  eta: 0:01:18  iter: 3979  total_loss: 0.1611  loss_cls: 0.01484  loss_box_reg: 0.03709  loss_mask: 0.1038  loss_rpn_cls: 6.547e-06  loss_rpn_loc: 0.001884    time: 0.0767  last_time: 0.0821  data_time: 0.0024  last_data_time: 0.0029   lr: 0.00025  max_mem: 1685M
[08/15 07:18:57 d2.utils.events]:  eta: 0:01:16  iter: 3999  total_loss: 0.1617  loss_cls: 0.01886  loss_box_reg: 0.03855  loss_mask: 0.1036  loss_rpn_cls: 6.775e-06  loss_rpn_loc: 0.001988    time: 0.0767  last_time: 0.0829  data_time: 0.0023  last_data_time: 0.0019   lr: 0.00025  max_mem: 1685M
[08/15 07:18:57 d2.evaluation.coco_evaluation]: Fast COCO eval is not built. Falling back to official COCO eval.
[08/15 07:18:57 d2.data.datasets.coco]: Loaded 89 images in COCO format from /projects/PUCHALLA/LLP2024/tumor-segmentation/data/processed_data/rgb/test/images/test.json
[08/15 07:18:57 d2.data.dataset_mapper]: [DatasetMapper] Augmentations used in inference: [ResizeShortestEdge(short_edge_length=(800, 800), max_size=1333, sample_style='choice')]
[08/15 07:18:57 d2.data.common]: Serializing the dataset using: <class 'detectron2.data.common._TorchSerializedList'>
[08/15 07:18:57 d2.data.common]: Serializing 89 elements to byte tensors and concatenating them all ...
[08/15 07:18:57 d2.data.common]: Serialized dataset takes 0.07 MiB
[08/15 07:18:57 d2.evaluation.evaluator]: Start inference on 89 batches
[08/15 07:18:57 d2.evaluation.evaluator]: Inference done 11/89. Dataloading: 0.0004 s/iter. Inference: 0.0244 s/iter. Eval: 0.0003 s/iter. Total: 0.0251 s/iter. ETA=0:00:01
[08/15 07:18:59 d2.evaluation.evaluator]: Total inference time: 0:00:02.094319 (0.024932 s / iter per device, on 1 devices)
[08/15 07:18:59 d2.evaluation.evaluator]: Total inference pure compute time: 0:00:01 (0.023794 s / iter per device, on 1 devices)
[08/15 07:18:59 d2.evaluation.coco_evaluation]: Preparing results for COCO format ...
[08/15 07:18:59 d2.evaluation.coco_evaluation]: Saving results to ../../../../../models/rgb-testing/rgb-5000-1/coco_instances_results.json
[08/15 07:18:59 d2.evaluation.coco_evaluation]: Evaluating predictions with official COCO API...
Loading and preparing results...
DONE (t=0.00s)
creating index...
index created!
Running per image evaluation...
Evaluate annotation type *bbox*
DONE (t=0.01s).
Accumulating evaluation results...
DONE (t=0.01s).
 Average Precision  (AP) @[ IoU=0.50:0.95 | area=   all | maxDets=100 ] = 0.745
 Average Precision  (AP) @[ IoU=0.50      | area=   all | maxDets=100 ] = 0.955
 Average Precision  (AP) @[ IoU=0.75      | area=   all | maxDets=100 ] = 0.913
 Average Precision  (AP) @[ IoU=0.50:0.95 | area= small | maxDets=100 ] = -1.000
 Average Precision  (AP) @[ IoU=0.50:0.95 | area=medium | maxDets=100 ] = 0.574
 Average Precision  (AP) @[ IoU=0.50:0.95 | area= large | maxDets=100 ] = 0.769
 Average Recall     (AR) @[ IoU=0.50:0.95 | area=   all | maxDets=  1 ] = 0.789
 Average Recall     (AR) @[ IoU=0.50:0.95 | area=   all | maxDets= 10 ] = 0.792
 Average Recall     (AR) @[ IoU=0.50:0.95 | area=   all | maxDets=100 ] = 0.792
 Average Recall     (AR) @[ IoU=0.50:0.95 | area= small | maxDets=100 ] = -1.000
 Average Recall     (AR) @[ IoU=0.50:0.95 | area=medium | maxDets=100 ] = 0.590
 Average Recall     (AR) @[ IoU=0.50:0.95 | area= large | maxDets=100 ] = 0.818
[08/15 07:18:59 d2.evaluation.coco_evaluation]: Evaluation results for bbox: 
|   AP   |  AP50  |  AP75  |  APs  |  APm   |  APl   |
|:------:|:------:|:------:|:-----:|:------:|:------:|
| 74.475 | 95.464 | 91.334 |  nan  | 57.364 | 76.873 |
[08/15 07:18:59 d2.evaluation.coco_evaluation]: Some metrics cannot be computed and is shown as NaN.
Loading and preparing results...
DONE (t=0.00s)
creating index...
index created!
Running per image evaluation...
Evaluate annotation type *segm*
DONE (t=0.02s).
Accumulating evaluation results...
DONE (t=0.01s).
 Average Precision  (AP) @[ IoU=0.50:0.95 | area=   all | maxDets=100 ] = 0.747
 Average Precision  (AP) @[ IoU=0.50      | area=   all | maxDets=100 ] = 0.955
 Average Precision  (AP) @[ IoU=0.75      | area=   all | maxDets=100 ] = 0.913
 Average Precision  (AP) @[ IoU=0.50:0.95 | area= small | maxDets=100 ] = -1.000
 Average Precision  (AP) @[ IoU=0.50:0.95 | area=medium | maxDets=100 ] = 0.549
 Average Precision  (AP) @[ IoU=0.50:0.95 | area= large | maxDets=100 ] = 0.773
 Average Recall     (AR) @[ IoU=0.50:0.95 | area=   all | maxDets=  1 ] = 0.782
 Average Recall     (AR) @[ IoU=0.50:0.95 | area=   all | maxDets= 10 ] = 0.784
 Average Recall     (AR) @[ IoU=0.50:0.95 | area=   all | maxDets=100 ] = 0.784
 Average Recall     (AR) @[ IoU=0.50:0.95 | area= small | maxDets=100 ] = -1.000
 Average Recall     (AR) @[ IoU=0.50:0.95 | area=medium | maxDets=100 ] = 0.570
 Average Recall     (AR) @[ IoU=0.50:0.95 | area= large | maxDets=100 ] = 0.811
[08/15 07:18:59 d2.evaluation.coco_evaluation]: Evaluation results for segm: 
|   AP   |  AP50  |  AP75  |  APs  |  APm   |  APl   |
|:------:|:------:|:------:|:-----:|:------:|:------:|
| 74.749 | 95.464 | 91.334 |  nan  | 54.946 | 77.337 |
[08/15 07:18:59 d2.evaluation.coco_evaluation]: Some metrics cannot be computed and is shown as NaN.
[Iter 2 AP] → mAP@[.5:.95] = 74.749
[08/15 07:18:59 d2.data.datasets.coco]: Loaded 89 images in COCO format from /projects/PUCHALLA/LLP2024/tumor-segmentation/data/processed_data/rgb/test/images/test.json
[08/15 07:18:59 d2.data.datasets.coco]: Loaded 89 images in COCO format from /projects/PUCHALLA/LLP2024/tumor-segmentation/data/processed_data/rgb/test/images/test.json
[08/15 07:18:59 d2.data.dataset_mapper]: [DatasetMapper] Augmentations used in inference: [ResizeShortestEdge(short_edge_length=(800, 800), max_size=1333, sample_style='choice')]
[08/15 07:18:59 d2.data.common]: Serializing the dataset using: <class 'detectron2.data.common._TorchSerializedList'>
[08/15 07:18:59 d2.data.common]: Serializing 89 elements to byte tensors and concatenating them all ...
[08/15 07:18:59 d2.data.common]: Serialized dataset takes 0.07 MiB
[08/15 07:18:59 d2.evaluation.evaluator]: Start inference on 89 batches
[08/15 07:19:02 d2.evaluation.evaluator]: Total inference time: 0:00:02.082959 (0.024797 s / iter per device, on 1 devices)
[08/15 07:19:02 d2.evaluation.evaluator]: Total inference pure compute time: 0:00:01 (0.023672 s / iter per device, on 1 devices)
[08/15 07:19:03 d2.utils.events]:  eta: 0:01:15  iter: 4019  total_loss: 0.1507  loss_cls: 0.01539  loss_box_reg: 0.03938  loss_mask: 0.09168  loss_rpn_cls: 2.268e-06  loss_rpn_loc: 0.001857    time: 0.0767  last_time: 0.0722  data_time: 0.0021  last_data_time: 0.0020   lr: 0.000125  max_mem: 1685M
[08/15 07:19:05 d2.utils.events]:  eta: 0:01:13  iter: 4039  total_loss: 0.1595  loss_cls: 0.0146  loss_box_reg: 0.03825  loss_mask: 0.1048  loss_rpn_cls: 5.319e-06  loss_rpn_loc: 0.002087    time: 0.0767  last_time: 0.0794  data_time: 0.0023  last_data_time: 0.0020   lr: 0.000125  max_mem: 1685M
[08/15 07:19:06 d2.utils.events]:  eta: 0:01:12  iter: 4059  total_loss: 0.141  loss_cls: 0.01424  loss_box_reg: 0.03172  loss_mask: 0.09101  loss_rpn_cls: 2.118e-06  loss_rpn_loc: 0.002059    time: 0.0767  last_time: 0.0760  data_time: 0.0021  last_data_time: 0.0019   lr: 0.000125  max_mem: 1685M
[08/15 07:19:08 d2.utils.events]:  eta: 0:01:10  iter: 4079  total_loss: 0.1357  loss_cls: 0.01449  loss_box_reg: 0.03151  loss_mask: 0.08859  loss_rpn_cls: 3.358e-06  loss_rpn_loc: 0.001896    time: 0.0767  last_time: 0.0757  data_time: 0.0021  last_data_time: 0.0019   lr: 0.000125  max_mem: 1685M
[08/15 07:19:09 d2.utils.events]:  eta: 0:01:08  iter: 4099  total_loss: 0.1384  loss_cls: 0.0147  loss_box_reg: 0.03756  loss_mask: 0.09284  loss_rpn_cls: 3.75e-06  loss_rpn_loc: 0.001712    time: 0.0767  last_time: 0.0758  data_time: 0.0021  last_data_time: 0.0020   lr: 0.000125  max_mem: 1685M
[08/15 07:19:09 d2.evaluation.coco_evaluation]: Fast COCO eval is not built. Falling back to official COCO eval.
[08/15 07:19:09 d2.data.datasets.coco]: Loaded 89 images in COCO format from /projects/PUCHALLA/LLP2024/tumor-segmentation/data/processed_data/rgb/test/images/test.json
[08/15 07:19:09 d2.data.dataset_mapper]: [DatasetMapper] Augmentations used in inference: [ResizeShortestEdge(short_edge_length=(800, 800), max_size=1333, sample_style='choice')]
[08/15 07:19:09 d2.data.common]: Serializing the dataset using: <class 'detectron2.data.common._TorchSerializedList'>
[08/15 07:19:09 d2.data.common]: Serializing 89 elements to byte tensors and concatenating them all ...
[08/15 07:19:09 d2.data.common]: Serialized dataset takes 0.07 MiB
[08/15 07:19:09 d2.evaluation.evaluator]: Start inference on 89 batches
[08/15 07:19:10 d2.evaluation.evaluator]: Inference done 11/89. Dataloading: 0.0005 s/iter. Inference: 0.0238 s/iter. Eval: 0.0003 s/iter. Total: 0.0246 s/iter. ETA=0:00:01
[08/15 07:19:12 d2.evaluation.evaluator]: Total inference time: 0:00:02.114564 (0.025173 s / iter per device, on 1 devices)
[08/15 07:19:12 d2.evaluation.evaluator]: Total inference pure compute time: 0:00:02 (0.024043 s / iter per device, on 1 devices)
[08/15 07:19:12 d2.evaluation.coco_evaluation]: Preparing results for COCO format ...
[08/15 07:19:12 d2.evaluation.coco_evaluation]: Saving results to ../../../../../models/rgb-testing/rgb-5000-1/coco_instances_results.json
[08/15 07:19:12 d2.evaluation.coco_evaluation]: Evaluating predictions with official COCO API...
Loading and preparing results...
DONE (t=0.00s)
creating index...
index created!
Running per image evaluation...
Evaluate annotation type *bbox*
DONE (t=0.01s).
Accumulating evaluation results...
DONE (t=0.01s).
 Average Precision  (AP) @[ IoU=0.50:0.95 | area=   all | maxDets=100 ] = 0.769
 Average Precision  (AP) @[ IoU=0.50      | area=   all | maxDets=100 ] = 0.956
 Average Precision  (AP) @[ IoU=0.75      | area=   all | maxDets=100 ] = 0.926
 Average Precision  (AP) @[ IoU=0.50:0.95 | area= small | maxDets=100 ] = -1.000
 Average Precision  (AP) @[ IoU=0.50:0.95 | area=medium | maxDets=100 ] = 0.560
 Average Precision  (AP) @[ IoU=0.50:0.95 | area= large | maxDets=100 ] = 0.796
 Average Recall     (AR) @[ IoU=0.50:0.95 | area=   all | maxDets=  1 ] = 0.808
 Average Recall     (AR) @[ IoU=0.50:0.95 | area=   all | maxDets= 10 ] = 0.812
 Average Recall     (AR) @[ IoU=0.50:0.95 | area=   all | maxDets=100 ] = 0.812
 Average Recall     (AR) @[ IoU=0.50:0.95 | area= small | maxDets=100 ] = -1.000
 Average Recall     (AR) @[ IoU=0.50:0.95 | area=medium | maxDets=100 ] = 0.570
 Average Recall     (AR) @[ IoU=0.50:0.95 | area= large | maxDets=100 ] = 0.843
[08/15 07:19:12 d2.evaluation.coco_evaluation]: Evaluation results for bbox: 
|   AP   |  AP50  |  AP75  |  APs  |  APm   |  APl   |
|:------:|:------:|:------:|:-----:|:------:|:------:|
| 76.868 | 95.601 | 92.567 |  nan  | 56.015 | 79.585 |
[08/15 07:19:12 d2.evaluation.coco_evaluation]: Some metrics cannot be computed and is shown as NaN.
Loading and preparing results...
DONE (t=0.00s)
creating index...
index created!
Running per image evaluation...
Evaluate annotation type *segm*
DONE (t=0.02s).
Accumulating evaluation results...
DONE (t=0.01s).
 Average Precision  (AP) @[ IoU=0.50:0.95 | area=   all | maxDets=100 ] = 0.760
 Average Precision  (AP) @[ IoU=0.50      | area=   all | maxDets=100 ] = 0.956
 Average Precision  (AP) @[ IoU=0.75      | area=   all | maxDets=100 ] = 0.915
 Average Precision  (AP) @[ IoU=0.50:0.95 | area= small | maxDets=100 ] = -1.000
 Average Precision  (AP) @[ IoU=0.50:0.95 | area=medium | maxDets=100 ] = 0.560
 Average Precision  (AP) @[ IoU=0.50:0.95 | area= large | maxDets=100 ] = 0.786
 Average Recall     (AR) @[ IoU=0.50:0.95 | area=   all | maxDets=  1 ] = 0.791
 Average Recall     (AR) @[ IoU=0.50:0.95 | area=   all | maxDets= 10 ] = 0.796
 Average Recall     (AR) @[ IoU=0.50:0.95 | area=   all | maxDets=100 ] = 0.796
 Average Recall     (AR) @[ IoU=0.50:0.95 | area= small | maxDets=100 ] = -1.000
 Average Recall     (AR) @[ IoU=0.50:0.95 | area=medium | maxDets=100 ] = 0.570
 Average Recall     (AR) @[ IoU=0.50:0.95 | area= large | maxDets=100 ] = 0.824
[08/15 07:19:12 d2.evaluation.coco_evaluation]: Evaluation results for segm: 
|   AP   |  AP50  |  AP75  |  APs  |  APm   |  APl   |
|:------:|:------:|:------:|:-----:|:------:|:------:|
| 75.954 | 95.601 | 91.531 |  nan  | 55.975 | 78.573 |
[08/15 07:19:12 d2.evaluation.coco_evaluation]: Some metrics cannot be computed and is shown as NaN.
[Iter 2 AP] → mAP@[.5:.95] = 75.954
[08/15 07:19:12 d2.data.datasets.coco]: Loaded 89 images in COCO format from /projects/PUCHALLA/LLP2024/tumor-segmentation/data/processed_data/rgb/test/images/test.json
[08/15 07:19:12 d2.data.datasets.coco]: Loaded 89 images in COCO format from /projects/PUCHALLA/LLP2024/tumor-segmentation/data/processed_data/rgb/test/images/test.json
[08/15 07:19:12 d2.data.dataset_mapper]: [DatasetMapper] Augmentations used in inference: [ResizeShortestEdge(short_edge_length=(800, 800), max_size=1333, sample_style='choice')]
[08/15 07:19:12 d2.data.common]: Serializing the dataset using: <class 'detectron2.data.common._TorchSerializedList'>
[08/15 07:19:12 d2.data.common]: Serializing 89 elements to byte tensors and concatenating them all ...
[08/15 07:19:12 d2.data.common]: Serialized dataset takes 0.07 MiB
[08/15 07:19:12 d2.evaluation.evaluator]: Start inference on 89 batches
[08/15 07:19:14 d2.evaluation.evaluator]: Total inference time: 0:00:02.094458 (0.024934 s / iter per device, on 1 devices)
[08/15 07:19:14 d2.evaluation.evaluator]: Total inference pure compute time: 0:00:01 (0.023800 s / iter per device, on 1 devices)
[08/15 07:19:15 d2.utils.events]:  eta: 0:01:07  iter: 4119  total_loss: 0.1678  loss_cls: 0.01417  loss_box_reg: 0.03289  loss_mask: 0.1125  loss_rpn_cls: 5.205e-06  loss_rpn_loc: 0.001664    time: 0.0767  last_time: 0.0716  data_time: 0.0021  last_data_time: 0.0019   lr: 0.000125  max_mem: 1685M
[08/15 07:19:17 d2.utils.events]:  eta: 0:01:05  iter: 4139  total_loss: 0.148  loss_cls: 0.01547  loss_box_reg: 0.03305  loss_mask: 0.0984  loss_rpn_cls: 5.034e-06  loss_rpn_loc: 0.002042    time: 0.0767  last_time: 0.0790  data_time: 0.0021  last_data_time: 0.0028   lr: 0.000125  max_mem: 1685M
[08/15 07:19:18 d2.utils.events]:  eta: 0:01:04  iter: 4159  total_loss: 0.1461  loss_cls: 0.01321  loss_box_reg: 0.03708  loss_mask: 0.09183  loss_rpn_cls: 4.291e-06  loss_rpn_loc: 0.002162    time: 0.0767  last_time: 0.0721  data_time: 0.0020  last_data_time: 0.0020   lr: 0.000125  max_mem: 1685M
[08/15 07:19:20 d2.utils.events]:  eta: 0:01:02  iter: 4179  total_loss: 0.1503  loss_cls: 0.01436  loss_box_reg: 0.03653  loss_mask: 0.09485  loss_rpn_cls: 5.873e-06  loss_rpn_loc: 0.00202    time: 0.0767  last_time: 0.0717  data_time: 0.0022  last_data_time: 0.0020   lr: 0.000125  max_mem: 1685M
[08/15 07:19:21 d2.utils.events]:  eta: 0:01:01  iter: 4199  total_loss: 0.1605  loss_cls: 0.01563  loss_box_reg: 0.03753  loss_mask: 0.1022  loss_rpn_cls: 4.93e-06  loss_rpn_loc: 0.001663    time: 0.0767  last_time: 0.0755  data_time: 0.0020  last_data_time: 0.0019   lr: 0.000125  max_mem: 1685M
[08/15 07:19:22 d2.evaluation.coco_evaluation]: Fast COCO eval is not built. Falling back to official COCO eval.
[08/15 07:19:22 d2.data.datasets.coco]: Loaded 89 images in COCO format from /projects/PUCHALLA/LLP2024/tumor-segmentation/data/processed_data/rgb/test/images/test.json
[08/15 07:19:22 d2.data.dataset_mapper]: [DatasetMapper] Augmentations used in inference: [ResizeShortestEdge(short_edge_length=(800, 800), max_size=1333, sample_style='choice')]
[08/15 07:19:22 d2.data.common]: Serializing the dataset using: <class 'detectron2.data.common._TorchSerializedList'>
[08/15 07:19:22 d2.data.common]: Serializing 89 elements to byte tensors and concatenating them all ...
[08/15 07:19:22 d2.data.common]: Serialized dataset takes 0.07 MiB
[08/15 07:19:22 d2.evaluation.evaluator]: Start inference on 89 batches
[08/15 07:19:22 d2.evaluation.evaluator]: Inference done 11/89. Dataloading: 0.0004 s/iter. Inference: 0.0239 s/iter. Eval: 0.0003 s/iter. Total: 0.0247 s/iter. ETA=0:00:01
[08/15 07:19:24 d2.evaluation.evaluator]: Total inference time: 0:00:02.112679 (0.025151 s / iter per device, on 1 devices)
[08/15 07:19:24 d2.evaluation.evaluator]: Total inference pure compute time: 0:00:02 (0.024011 s / iter per device, on 1 devices)
[08/15 07:19:24 d2.evaluation.coco_evaluation]: Preparing results for COCO format ...
[08/15 07:19:24 d2.evaluation.coco_evaluation]: Saving results to ../../../../../models/rgb-testing/rgb-5000-1/coco_instances_results.json
[08/15 07:19:24 d2.evaluation.coco_evaluation]: Evaluating predictions with official COCO API...
Loading and preparing results...
DONE (t=0.00s)
creating index...
index created!
Running per image evaluation...
Evaluate annotation type *bbox*
DONE (t=0.01s).
Accumulating evaluation results...
DONE (t=0.01s).
 Average Precision  (AP) @[ IoU=0.50:0.95 | area=   all | maxDets=100 ] = 0.750
 Average Precision  (AP) @[ IoU=0.50      | area=   all | maxDets=100 ] = 0.956
 Average Precision  (AP) @[ IoU=0.75      | area=   all | maxDets=100 ] = 0.925
 Average Precision  (AP) @[ IoU=0.50:0.95 | area= small | maxDets=100 ] = -1.000
 Average Precision  (AP) @[ IoU=0.50:0.95 | area=medium | maxDets=100 ] = 0.567
 Average Precision  (AP) @[ IoU=0.50:0.95 | area= large | maxDets=100 ] = 0.774
 Average Recall     (AR) @[ IoU=0.50:0.95 | area=   all | maxDets=  1 ] = 0.788
 Average Recall     (AR) @[ IoU=0.50:0.95 | area=   all | maxDets= 10 ] = 0.791
 Average Recall     (AR) @[ IoU=0.50:0.95 | area=   all | maxDets=100 ] = 0.791
 Average Recall     (AR) @[ IoU=0.50:0.95 | area= small | maxDets=100 ] = -1.000
 Average Recall     (AR) @[ IoU=0.50:0.95 | area=medium | maxDets=100 ] = 0.580
 Average Recall     (AR) @[ IoU=0.50:0.95 | area= large | maxDets=100 ] = 0.818
[08/15 07:19:24 d2.evaluation.coco_evaluation]: Evaluation results for bbox: 
|   AP   |  AP50  |  AP75  |  APs  |  APm   |  APl   |
|:------:|:------:|:------:|:-----:|:------:|:------:|
| 75.039 | 95.580 | 92.537 |  nan  | 56.658 | 77.393 |
[08/15 07:19:24 d2.evaluation.coco_evaluation]: Some metrics cannot be computed and is shown as NaN.
Loading and preparing results...
DONE (t=0.00s)
creating index...
index created!
Running per image evaluation...
Evaluate annotation type *segm*
DONE (t=0.02s).
Accumulating evaluation results...
DONE (t=0.01s).
 Average Precision  (AP) @[ IoU=0.50:0.95 | area=   all | maxDets=100 ] = 0.759
 Average Precision  (AP) @[ IoU=0.50      | area=   all | maxDets=100 ] = 0.956
 Average Precision  (AP) @[ IoU=0.75      | area=   all | maxDets=100 ] = 0.915
 Average Precision  (AP) @[ IoU=0.50:0.95 | area= small | maxDets=100 ] = -1.000
 Average Precision  (AP) @[ IoU=0.50:0.95 | area=medium | maxDets=100 ] = 0.591
 Average Precision  (AP) @[ IoU=0.50:0.95 | area= large | maxDets=100 ] = 0.781
 Average Recall     (AR) @[ IoU=0.50:0.95 | area=   all | maxDets=  1 ] = 0.789
 Average Recall     (AR) @[ IoU=0.50:0.95 | area=   all | maxDets= 10 ] = 0.792
 Average Recall     (AR) @[ IoU=0.50:0.95 | area=   all | maxDets=100 ] = 0.792
 Average Recall     (AR) @[ IoU=0.50:0.95 | area= small | maxDets=100 ] = -1.000
 Average Recall     (AR) @[ IoU=0.50:0.95 | area=medium | maxDets=100 ] = 0.600
 Average Recall     (AR) @[ IoU=0.50:0.95 | area= large | maxDets=100 ] = 0.816
[08/15 07:19:24 d2.evaluation.coco_evaluation]: Evaluation results for segm: 
|   AP   |  AP50  |  AP75  |  APs  |  APm   |  APl   |
|:------:|:------:|:------:|:-----:|:------:|:------:|
| 75.876 | 95.580 | 91.499 |  nan  | 59.059 | 78.139 |
[08/15 07:19:24 d2.evaluation.coco_evaluation]: Some metrics cannot be computed and is shown as NaN.
[Iter 2 AP] → mAP@[.5:.95] = 75.876
[08/15 07:19:24 d2.data.datasets.coco]: Loaded 89 images in COCO format from /projects/PUCHALLA/LLP2024/tumor-segmentation/data/processed_data/rgb/test/images/test.json
[08/15 07:19:24 d2.data.datasets.coco]: Loaded 89 images in COCO format from /projects/PUCHALLA/LLP2024/tumor-segmentation/data/processed_data/rgb/test/images/test.json
[08/15 07:19:24 d2.data.dataset_mapper]: [DatasetMapper] Augmentations used in inference: [ResizeShortestEdge(short_edge_length=(800, 800), max_size=1333, sample_style='choice')]
[08/15 07:19:24 d2.data.common]: Serializing the dataset using: <class 'detectron2.data.common._TorchSerializedList'>
[08/15 07:19:24 d2.data.common]: Serializing 89 elements to byte tensors and concatenating them all ...
[08/15 07:19:24 d2.data.common]: Serialized dataset takes 0.07 MiB
[08/15 07:19:24 d2.evaluation.evaluator]: Start inference on 89 batches
[08/15 07:19:26 d2.evaluation.evaluator]: Total inference time: 0:00:02.102192 (0.025026 s / iter per device, on 1 devices)
[08/15 07:19:26 d2.evaluation.evaluator]: Total inference pure compute time: 0:00:02 (0.023903 s / iter per device, on 1 devices)
[08/15 07:19:28 d2.utils.events]:  eta: 0:00:59  iter: 4219  total_loss: 0.1436  loss_cls: 0.01338  loss_box_reg: 0.0359  loss_mask: 0.09684  loss_rpn_cls: 7.423e-06  loss_rpn_loc: 0.001659    time: 0.0767  last_time: 0.0807  data_time: 0.0020  last_data_time: 0.0021   lr: 0.000125  max_mem: 1685M
[08/15 07:19:29 d2.utils.events]:  eta: 0:00:58  iter: 4239  total_loss: 0.1461  loss_cls: 0.01489  loss_box_reg: 0.0322  loss_mask: 0.09218  loss_rpn_cls: 8.851e-06  loss_rpn_loc: 0.001667    time: 0.0767  last_time: 0.0813  data_time: 0.0021  last_data_time: 0.0020   lr: 0.000125  max_mem: 1685M
[08/15 07:19:31 d2.utils.events]:  eta: 0:00:56  iter: 4259  total_loss: 0.1414  loss_cls: 0.01524  loss_box_reg: 0.03367  loss_mask: 0.08651  loss_rpn_cls: 3.07e-06  loss_rpn_loc: 0.001592    time: 0.0767  last_time: 0.0769  data_time: 0.0021  last_data_time: 0.0020   lr: 0.000125  max_mem: 1685M
[08/15 07:19:32 d2.utils.events]:  eta: 0:00:55  iter: 4279  total_loss: 0.1372  loss_cls: 0.01441  loss_box_reg: 0.03324  loss_mask: 0.08839  loss_rpn_cls: 1.675e-05  loss_rpn_loc: 0.00148    time: 0.0767  last_time: 0.0755  data_time: 0.0021  last_data_time: 0.0020   lr: 0.000125  max_mem: 1685M
[08/15 07:19:34 d2.utils.events]:  eta: 0:00:53  iter: 4299  total_loss: 0.1525  loss_cls: 0.01475  loss_box_reg: 0.03427  loss_mask: 0.1013  loss_rpn_cls: 4.197e-06  loss_rpn_loc: 0.001638    time: 0.0767  last_time: 0.0758  data_time: 0.0021  last_data_time: 0.0020   lr: 0.000125  max_mem: 1685M
[08/15 07:19:34 d2.evaluation.coco_evaluation]: Fast COCO eval is not built. Falling back to official COCO eval.
[08/15 07:19:34 d2.data.datasets.coco]: Loaded 89 images in COCO format from /projects/PUCHALLA/LLP2024/tumor-segmentation/data/processed_data/rgb/test/images/test.json
[08/15 07:19:34 d2.data.dataset_mapper]: [DatasetMapper] Augmentations used in inference: [ResizeShortestEdge(short_edge_length=(800, 800), max_size=1333, sample_style='choice')]
[08/15 07:19:34 d2.data.common]: Serializing the dataset using: <class 'detectron2.data.common._TorchSerializedList'>
[08/15 07:19:34 d2.data.common]: Serializing 89 elements to byte tensors and concatenating them all ...
[08/15 07:19:34 d2.data.common]: Serialized dataset takes 0.07 MiB
[08/15 07:19:34 d2.evaluation.evaluator]: Start inference on 89 batches
[08/15 07:19:34 d2.evaluation.evaluator]: Inference done 11/89. Dataloading: 0.0004 s/iter. Inference: 0.0237 s/iter. Eval: 0.0003 s/iter. Total: 0.0245 s/iter. ETA=0:00:01
[08/15 07:19:36 d2.evaluation.evaluator]: Total inference time: 0:00:02.099655 (0.024996 s / iter per device, on 1 devices)
[08/15 07:19:36 d2.evaluation.evaluator]: Total inference pure compute time: 0:00:02 (0.023839 s / iter per device, on 1 devices)
[08/15 07:19:36 d2.evaluation.coco_evaluation]: Preparing results for COCO format ...
[08/15 07:19:36 d2.evaluation.coco_evaluation]: Saving results to ../../../../../models/rgb-testing/rgb-5000-1/coco_instances_results.json
[08/15 07:19:36 d2.evaluation.coco_evaluation]: Evaluating predictions with official COCO API...
Loading and preparing results...
DONE (t=0.00s)
creating index...
index created!
Running per image evaluation...
Evaluate annotation type *bbox*
DONE (t=0.01s).
Accumulating evaluation results...
DONE (t=0.01s).
 Average Precision  (AP) @[ IoU=0.50:0.95 | area=   all | maxDets=100 ] = 0.752
 Average Precision  (AP) @[ IoU=0.50      | area=   all | maxDets=100 ] = 0.956
 Average Precision  (AP) @[ IoU=0.75      | area=   all | maxDets=100 ] = 0.935
 Average Precision  (AP) @[ IoU=0.50:0.95 | area= small | maxDets=100 ] = -1.000
 Average Precision  (AP) @[ IoU=0.50:0.95 | area=medium | maxDets=100 ] = 0.565
 Average Precision  (AP) @[ IoU=0.50:0.95 | area= large | maxDets=100 ] = 0.776
 Average Recall     (AR) @[ IoU=0.50:0.95 | area=   all | maxDets=  1 ] = 0.799
 Average Recall     (AR) @[ IoU=0.50:0.95 | area=   all | maxDets= 10 ] = 0.799
 Average Recall     (AR) @[ IoU=0.50:0.95 | area=   all | maxDets=100 ] = 0.799
 Average Recall     (AR) @[ IoU=0.50:0.95 | area= small | maxDets=100 ] = -1.000
 Average Recall     (AR) @[ IoU=0.50:0.95 | area=medium | maxDets=100 ] = 0.580
 Average Recall     (AR) @[ IoU=0.50:0.95 | area= large | maxDets=100 ] = 0.827
[08/15 07:19:36 d2.evaluation.coco_evaluation]: Evaluation results for bbox: 
|   AP   |  AP50  |  AP75  |  APs  |  APm   |  APl   |
|:------:|:------:|:------:|:-----:|:------:|:------:|
| 75.170 | 95.596 | 93.507 |  nan  | 56.505 | 77.607 |
[08/15 07:19:36 d2.evaluation.coco_evaluation]: Some metrics cannot be computed and is shown as NaN.
Loading and preparing results...
DONE (t=0.00s)
creating index...
index created!
Running per image evaluation...
Evaluate annotation type *segm*
DONE (t=0.02s).
Accumulating evaluation results...
DONE (t=0.01s).
 Average Precision  (AP) @[ IoU=0.50:0.95 | area=   all | maxDets=100 ] = 0.765
 Average Precision  (AP) @[ IoU=0.50      | area=   all | maxDets=100 ] = 0.956
 Average Precision  (AP) @[ IoU=0.75      | area=   all | maxDets=100 ] = 0.925
 Average Precision  (AP) @[ IoU=0.50:0.95 | area= small | maxDets=100 ] = -1.000
 Average Precision  (AP) @[ IoU=0.50:0.95 | area=medium | maxDets=100 ] = 0.557
 Average Precision  (AP) @[ IoU=0.50:0.95 | area= large | maxDets=100 ] = 0.790
 Average Recall     (AR) @[ IoU=0.50:0.95 | area=   all | maxDets=  1 ] = 0.798
 Average Recall     (AR) @[ IoU=0.50:0.95 | area=   all | maxDets= 10 ] = 0.798
 Average Recall     (AR) @[ IoU=0.50:0.95 | area=   all | maxDets=100 ] = 0.798
 Average Recall     (AR) @[ IoU=0.50:0.95 | area= small | maxDets=100 ] = -1.000
 Average Recall     (AR) @[ IoU=0.50:0.95 | area=medium | maxDets=100 ] = 0.570
 Average Recall     (AR) @[ IoU=0.50:0.95 | area= large | maxDets=100 ] = 0.827
[08/15 07:19:36 d2.evaluation.coco_evaluation]: Evaluation results for segm: 
|   AP   |  AP50  |  AP75  |  APs  |  APm   |  APl   |
|:------:|:------:|:------:|:-----:|:------:|:------:|
| 76.529 | 95.596 | 92.469 |  nan  | 55.672 | 78.979 |
[08/15 07:19:36 d2.evaluation.coco_evaluation]: Some metrics cannot be computed and is shown as NaN.
[Iter 2 AP] → mAP@[.5:.95] = 76.529
[08/15 07:19:36 d2.data.datasets.coco]: Loaded 89 images in COCO format from /projects/PUCHALLA/LLP2024/tumor-segmentation/data/processed_data/rgb/test/images/test.json
[08/15 07:19:36 d2.data.datasets.coco]: Loaded 89 images in COCO format from /projects/PUCHALLA/LLP2024/tumor-segmentation/data/processed_data/rgb/test/images/test.json
[08/15 07:19:36 d2.data.dataset_mapper]: [DatasetMapper] Augmentations used in inference: [ResizeShortestEdge(short_edge_length=(800, 800), max_size=1333, sample_style='choice')]
[08/15 07:19:36 d2.data.common]: Serializing the dataset using: <class 'detectron2.data.common._TorchSerializedList'>
[08/15 07:19:36 d2.data.common]: Serializing 89 elements to byte tensors and concatenating them all ...
[08/15 07:19:36 d2.data.common]: Serialized dataset takes 0.07 MiB
[08/15 07:19:36 d2.evaluation.evaluator]: Start inference on 89 batches
[08/15 07:19:38 d2.evaluation.evaluator]: Total inference time: 0:00:02.071184 (0.024657 s / iter per device, on 1 devices)
[08/15 07:19:38 d2.evaluation.evaluator]: Total inference pure compute time: 0:00:01 (0.023524 s / iter per device, on 1 devices)
[08/15 07:19:40 d2.utils.events]:  eta: 0:00:52  iter: 4319  total_loss: 0.1563  loss_cls: 0.01431  loss_box_reg: 0.03823  loss_mask: 0.1021  loss_rpn_cls: 4.693e-06  loss_rpn_loc: 0.001709    time: 0.0767  last_time: 0.0758  data_time: 0.0020  last_data_time: 0.0018   lr: 0.000125  max_mem: 1685M
[08/15 07:19:41 d2.utils.events]:  eta: 0:00:50  iter: 4339  total_loss: 0.1605  loss_cls: 0.01575  loss_box_reg: 0.03522  loss_mask: 0.105  loss_rpn_cls: 6.942e-06  loss_rpn_loc: 0.001967    time: 0.0767  last_time: 0.0769  data_time: 0.0020  last_data_time: 0.0020   lr: 0.000125  max_mem: 1685M
[08/15 07:19:43 d2.utils.events]:  eta: 0:00:48  iter: 4359  total_loss: 0.1574  loss_cls: 0.01797  loss_box_reg: 0.03881  loss_mask: 0.0947  loss_rpn_cls: 6.518e-06  loss_rpn_loc: 0.001728    time: 0.0767  last_time: 0.0805  data_time: 0.0021  last_data_time: 0.0022   lr: 0.000125  max_mem: 1685M
[08/15 07:19:45 d2.utils.events]:  eta: 0:00:47  iter: 4379  total_loss: 0.1463  loss_cls: 0.01641  loss_box_reg: 0.03493  loss_mask: 0.093  loss_rpn_cls: 7.996e-06  loss_rpn_loc: 0.00165    time: 0.0767  last_time: 0.0761  data_time: 0.0022  last_data_time: 0.0019   lr: 0.000125  max_mem: 1685M
[08/15 07:19:46 d2.utils.events]:  eta: 0:00:45  iter: 4399  total_loss: 0.1393  loss_cls: 0.01524  loss_box_reg: 0.03587  loss_mask: 0.0913  loss_rpn_cls: 3.913e-06  loss_rpn_loc: 0.001884    time: 0.0767  last_time: 0.0814  data_time: 0.0022  last_data_time: 0.0029   lr: 0.000125  max_mem: 1685M
[08/15 07:19:46 d2.evaluation.coco_evaluation]: Fast COCO eval is not built. Falling back to official COCO eval.
[08/15 07:19:46 d2.data.datasets.coco]: Loaded 89 images in COCO format from /projects/PUCHALLA/LLP2024/tumor-segmentation/data/processed_data/rgb/test/images/test.json
[08/15 07:19:46 d2.data.dataset_mapper]: [DatasetMapper] Augmentations used in inference: [ResizeShortestEdge(short_edge_length=(800, 800), max_size=1333, sample_style='choice')]
[08/15 07:19:46 d2.data.common]: Serializing the dataset using: <class 'detectron2.data.common._TorchSerializedList'>
[08/15 07:19:46 d2.data.common]: Serializing 89 elements to byte tensors and concatenating them all ...
[08/15 07:19:46 d2.data.common]: Serialized dataset takes 0.07 MiB
[08/15 07:19:46 d2.evaluation.evaluator]: Start inference on 89 batches
[08/15 07:19:47 d2.evaluation.evaluator]: Inference done 11/89. Dataloading: 0.0004 s/iter. Inference: 0.0236 s/iter. Eval: 0.0003 s/iter. Total: 0.0243 s/iter. ETA=0:00:01
[08/15 07:19:49 d2.evaluation.evaluator]: Total inference time: 0:00:02.086914 (0.024844 s / iter per device, on 1 devices)
[08/15 07:19:49 d2.evaluation.evaluator]: Total inference pure compute time: 0:00:01 (0.023709 s / iter per device, on 1 devices)
[08/15 07:19:49 d2.evaluation.coco_evaluation]: Preparing results for COCO format ...
[08/15 07:19:49 d2.evaluation.coco_evaluation]: Saving results to ../../../../../models/rgb-testing/rgb-5000-1/coco_instances_results.json
[08/15 07:19:49 d2.evaluation.coco_evaluation]: Evaluating predictions with official COCO API...
Loading and preparing results...
DONE (t=0.00s)
creating index...
index created!
Running per image evaluation...
Evaluate annotation type *bbox*
DONE (t=0.02s).
Accumulating evaluation results...
DONE (t=0.01s).
 Average Precision  (AP) @[ IoU=0.50:0.95 | area=   all | maxDets=100 ] = 0.754
 Average Precision  (AP) @[ IoU=0.50      | area=   all | maxDets=100 ] = 0.956
 Average Precision  (AP) @[ IoU=0.75      | area=   all | maxDets=100 ] = 0.925
 Average Precision  (AP) @[ IoU=0.50:0.95 | area= small | maxDets=100 ] = -1.000
 Average Precision  (AP) @[ IoU=0.50:0.95 | area=medium | maxDets=100 ] = 0.580
 Average Precision  (AP) @[ IoU=0.50:0.95 | area= large | maxDets=100 ] = 0.778
 Average Recall     (AR) @[ IoU=0.50:0.95 | area=   all | maxDets=  1 ] = 0.794
 Average Recall     (AR) @[ IoU=0.50:0.95 | area=   all | maxDets= 10 ] = 0.798
 Average Recall     (AR) @[ IoU=0.50:0.95 | area=   all | maxDets=100 ] = 0.798
 Average Recall     (AR) @[ IoU=0.50:0.95 | area= small | maxDets=100 ] = -1.000
 Average Recall     (AR) @[ IoU=0.50:0.95 | area=medium | maxDets=100 ] = 0.600
 Average Recall     (AR) @[ IoU=0.50:0.95 | area= large | maxDets=100 ] = 0.823
[08/15 07:19:49 d2.evaluation.coco_evaluation]: Evaluation results for bbox: 
|   AP   |  AP50  |  AP75  |  APs  |  APm   |  APl   |
|:------:|:------:|:------:|:-----:|:------:|:------:|
| 75.416 | 95.601 | 92.492 |  nan  | 57.960 | 77.757 |
[08/15 07:19:49 d2.evaluation.coco_evaluation]: Some metrics cannot be computed and is shown as NaN.
Loading and preparing results...
DONE (t=0.00s)
creating index...
index created!
Running per image evaluation...
Evaluate annotation type *segm*
DONE (t=0.02s).
Accumulating evaluation results...
DONE (t=0.01s).
 Average Precision  (AP) @[ IoU=0.50:0.95 | area=   all | maxDets=100 ] = 0.762
 Average Precision  (AP) @[ IoU=0.50      | area=   all | maxDets=100 ] = 0.956
 Average Precision  (AP) @[ IoU=0.75      | area=   all | maxDets=100 ] = 0.914
 Average Precision  (AP) @[ IoU=0.50:0.95 | area= small | maxDets=100 ] = -1.000
 Average Precision  (AP) @[ IoU=0.50:0.95 | area=medium | maxDets=100 ] = 0.579
 Average Precision  (AP) @[ IoU=0.50:0.95 | area= large | maxDets=100 ] = 0.787
 Average Recall     (AR) @[ IoU=0.50:0.95 | area=   all | maxDets=  1 ] = 0.793
 Average Recall     (AR) @[ IoU=0.50:0.95 | area=   all | maxDets= 10 ] = 0.797
 Average Recall     (AR) @[ IoU=0.50:0.95 | area=   all | maxDets=100 ] = 0.797
 Average Recall     (AR) @[ IoU=0.50:0.95 | area= small | maxDets=100 ] = -1.000
 Average Recall     (AR) @[ IoU=0.50:0.95 | area=medium | maxDets=100 ] = 0.600
 Average Recall     (AR) @[ IoU=0.50:0.95 | area= large | maxDets=100 ] = 0.822
[08/15 07:19:49 d2.evaluation.coco_evaluation]: Evaluation results for segm: 
|   AP   |  AP50  |  AP75  |  APs  |  APm   |  APl   |
|:------:|:------:|:------:|:-----:|:------:|:------:|
| 76.247 | 95.601 | 91.430 |  nan  | 57.888 | 78.665 |
[08/15 07:19:49 d2.evaluation.coco_evaluation]: Some metrics cannot be computed and is shown as NaN.
[Iter 2 AP] → mAP@[.5:.95] = 76.247
[08/15 07:19:49 d2.data.datasets.coco]: Loaded 89 images in COCO format from /projects/PUCHALLA/LLP2024/tumor-segmentation/data/processed_data/rgb/test/images/test.json
[08/15 07:19:49 d2.data.datasets.coco]: Loaded 89 images in COCO format from /projects/PUCHALLA/LLP2024/tumor-segmentation/data/processed_data/rgb/test/images/test.json
[08/15 07:19:49 d2.data.dataset_mapper]: [DatasetMapper] Augmentations used in inference: [ResizeShortestEdge(short_edge_length=(800, 800), max_size=1333, sample_style='choice')]
[08/15 07:19:49 d2.data.common]: Serializing the dataset using: <class 'detectron2.data.common._TorchSerializedList'>
[08/15 07:19:49 d2.data.common]: Serializing 89 elements to byte tensors and concatenating them all ...
[08/15 07:19:49 d2.data.common]: Serialized dataset takes 0.07 MiB
[08/15 07:19:49 d2.evaluation.evaluator]: Start inference on 89 batches
[08/15 07:19:51 d2.evaluation.evaluator]: Total inference time: 0:00:02.093558 (0.024923 s / iter per device, on 1 devices)
[08/15 07:19:51 d2.evaluation.evaluator]: Total inference pure compute time: 0:00:01 (0.023788 s / iter per device, on 1 devices)
[08/15 07:19:52 d2.utils.events]:  eta: 0:00:44  iter: 4419  total_loss: 0.1366  loss_cls: 0.01339  loss_box_reg: 0.03103  loss_mask: 0.08977  loss_rpn_cls: 3.67e-06  loss_rpn_loc: 0.002038    time: 0.0767  last_time: 0.0694  data_time: 0.0024  last_data_time: 0.0021   lr: 0.000125  max_mem: 1685M
[08/15 07:19:54 d2.utils.events]:  eta: 0:00:42  iter: 4439  total_loss: 0.152  loss_cls: 0.01565  loss_box_reg: 0.03151  loss_mask: 0.1013  loss_rpn_cls: 6.479e-06  loss_rpn_loc: 0.001708    time: 0.0767  last_time: 0.0765  data_time: 0.0022  last_data_time: 0.0020   lr: 0.000125  max_mem: 1685M
[08/15 07:19:55 d2.utils.events]:  eta: 0:00:41  iter: 4459  total_loss: 0.1418  loss_cls: 0.01342  loss_box_reg: 0.03665  loss_mask: 0.09  loss_rpn_cls: 1.326e-05  loss_rpn_loc: 0.002016    time: 0.0767  last_time: 0.0837  data_time: 0.0021  last_data_time: 0.0020   lr: 0.000125  max_mem: 1685M
[08/15 07:19:57 d2.utils.events]:  eta: 0:00:39  iter: 4479  total_loss: 0.151  loss_cls: 0.01681  loss_box_reg: 0.03748  loss_mask: 0.1005  loss_rpn_cls: 5.344e-06  loss_rpn_loc: 0.001971    time: 0.0767  last_time: 0.0803  data_time: 0.0024  last_data_time: 0.0031   lr: 0.000125  max_mem: 1685M
[08/15 07:19:59 d2.utils.events]:  eta: 0:00:38  iter: 4499  total_loss: 0.146  loss_cls: 0.01366  loss_box_reg: 0.03296  loss_mask: 0.09372  loss_rpn_cls: 2.377e-06  loss_rpn_loc: 0.001879    time: 0.0767  last_time: 0.0822  data_time: 0.0023  last_data_time: 0.0021   lr: 0.000125  max_mem: 1685M
[08/15 07:19:59 d2.evaluation.coco_evaluation]: Fast COCO eval is not built. Falling back to official COCO eval.
[08/15 07:19:59 d2.data.datasets.coco]: Loaded 89 images in COCO format from /projects/PUCHALLA/LLP2024/tumor-segmentation/data/processed_data/rgb/test/images/test.json
[08/15 07:19:59 d2.data.dataset_mapper]: [DatasetMapper] Augmentations used in inference: [ResizeShortestEdge(short_edge_length=(800, 800), max_size=1333, sample_style='choice')]
[08/15 07:19:59 d2.data.common]: Serializing the dataset using: <class 'detectron2.data.common._TorchSerializedList'>
[08/15 07:19:59 d2.data.common]: Serializing 89 elements to byte tensors and concatenating them all ...
[08/15 07:19:59 d2.data.common]: Serialized dataset takes 0.07 MiB
[08/15 07:19:59 d2.evaluation.evaluator]: Start inference on 89 batches
[08/15 07:19:59 d2.evaluation.evaluator]: Inference done 11/89. Dataloading: 0.0004 s/iter. Inference: 0.0235 s/iter. Eval: 0.0003 s/iter. Total: 0.0242 s/iter. ETA=0:00:01
[08/15 07:20:01 d2.evaluation.evaluator]: Total inference time: 0:00:02.088662 (0.024865 s / iter per device, on 1 devices)
[08/15 07:20:01 d2.evaluation.evaluator]: Total inference pure compute time: 0:00:01 (0.023734 s / iter per device, on 1 devices)
[08/15 07:20:01 d2.evaluation.coco_evaluation]: Preparing results for COCO format ...
[08/15 07:20:01 d2.evaluation.coco_evaluation]: Saving results to ../../../../../models/rgb-testing/rgb-5000-1/coco_instances_results.json
[08/15 07:20:01 d2.evaluation.coco_evaluation]: Evaluating predictions with official COCO API...
Loading and preparing results...
DONE (t=0.00s)
creating index...
index created!
Running per image evaluation...
Evaluate annotation type *bbox*
DONE (t=0.01s).
Accumulating evaluation results...
DONE (t=0.01s).
 Average Precision  (AP) @[ IoU=0.50:0.95 | area=   all | maxDets=100 ] = 0.752
 Average Precision  (AP) @[ IoU=0.50      | area=   all | maxDets=100 ] = 0.955
 Average Precision  (AP) @[ IoU=0.75      | area=   all | maxDets=100 ] = 0.924
 Average Precision  (AP) @[ IoU=0.50:0.95 | area= small | maxDets=100 ] = -1.000
 Average Precision  (AP) @[ IoU=0.50:0.95 | area=medium | maxDets=100 ] = 0.566
 Average Precision  (AP) @[ IoU=0.50:0.95 | area= large | maxDets=100 ] = 0.776
 Average Recall     (AR) @[ IoU=0.50:0.95 | area=   all | maxDets=  1 ] = 0.793
 Average Recall     (AR) @[ IoU=0.50:0.95 | area=   all | maxDets= 10 ] = 0.797
 Average Recall     (AR) @[ IoU=0.50:0.95 | area=   all | maxDets=100 ] = 0.797
 Average Recall     (AR) @[ IoU=0.50:0.95 | area= small | maxDets=100 ] = -1.000
 Average Recall     (AR) @[ IoU=0.50:0.95 | area=medium | maxDets=100 ] = 0.580
 Average Recall     (AR) @[ IoU=0.50:0.95 | area= large | maxDets=100 ] = 0.824
[08/15 07:20:01 d2.evaluation.coco_evaluation]: Evaluation results for bbox: 
|   AP   |  AP50  |  AP75  |  APs  |  APm   |  APl   |
|:------:|:------:|:------:|:-----:|:------:|:------:|
| 75.167 | 95.515 | 92.401 |  nan  | 56.576 | 77.630 |
[08/15 07:20:01 d2.evaluation.coco_evaluation]: Some metrics cannot be computed and is shown as NaN.
Loading and preparing results...
DONE (t=0.00s)
creating index...
index created!
Running per image evaluation...
Evaluate annotation type *segm*
DONE (t=0.02s).
Accumulating evaluation results...
DONE (t=0.01s).
 Average Precision  (AP) @[ IoU=0.50:0.95 | area=   all | maxDets=100 ] = 0.759
 Average Precision  (AP) @[ IoU=0.50      | area=   all | maxDets=100 ] = 0.955
 Average Precision  (AP) @[ IoU=0.75      | area=   all | maxDets=100 ] = 0.914
 Average Precision  (AP) @[ IoU=0.50:0.95 | area= small | maxDets=100 ] = -1.000
 Average Precision  (AP) @[ IoU=0.50:0.95 | area=medium | maxDets=100 ] = 0.568
 Average Precision  (AP) @[ IoU=0.50:0.95 | area= large | maxDets=100 ] = 0.783
 Average Recall     (AR) @[ IoU=0.50:0.95 | area=   all | maxDets=  1 ] = 0.792
 Average Recall     (AR) @[ IoU=0.50:0.95 | area=   all | maxDets= 10 ] = 0.796
 Average Recall     (AR) @[ IoU=0.50:0.95 | area=   all | maxDets=100 ] = 0.796
 Average Recall     (AR) @[ IoU=0.50:0.95 | area= small | maxDets=100 ] = -1.000
 Average Recall     (AR) @[ IoU=0.50:0.95 | area=medium | maxDets=100 ] = 0.590
 Average Recall     (AR) @[ IoU=0.50:0.95 | area= large | maxDets=100 ] = 0.822
[08/15 07:20:01 d2.evaluation.coco_evaluation]: Evaluation results for segm: 
|   AP   |  AP50  |  AP75  |  APs  |  APm   |  APl   |
|:------:|:------:|:------:|:-----:|:------:|:------:|
| 75.861 | 95.515 | 91.365 |  nan  | 56.828 | 78.297 |
[08/15 07:20:01 d2.evaluation.coco_evaluation]: Some metrics cannot be computed and is shown as NaN.
[Iter 2 AP] → mAP@[.5:.95] = 75.861
[08/15 07:20:01 d2.data.datasets.coco]: Loaded 89 images in COCO format from /projects/PUCHALLA/LLP2024/tumor-segmentation/data/processed_data/rgb/test/images/test.json
[08/15 07:20:01 d2.data.datasets.coco]: Loaded 89 images in COCO format from /projects/PUCHALLA/LLP2024/tumor-segmentation/data/processed_data/rgb/test/images/test.json
[08/15 07:20:01 d2.data.dataset_mapper]: [DatasetMapper] Augmentations used in inference: [ResizeShortestEdge(short_edge_length=(800, 800), max_size=1333, sample_style='choice')]
[08/15 07:20:01 d2.data.common]: Serializing the dataset using: <class 'detectron2.data.common._TorchSerializedList'>
[08/15 07:20:01 d2.data.common]: Serializing 89 elements to byte tensors and concatenating them all ...
[08/15 07:20:01 d2.data.common]: Serialized dataset takes 0.07 MiB
[08/15 07:20:01 d2.evaluation.evaluator]: Start inference on 89 batches
[08/15 07:20:03 d2.evaluation.evaluator]: Total inference time: 0:00:02.086499 (0.024839 s / iter per device, on 1 devices)
[08/15 07:20:03 d2.evaluation.evaluator]: Total inference pure compute time: 0:00:01 (0.023714 s / iter per device, on 1 devices)
[08/15 07:20:05 d2.utils.events]:  eta: 0:00:36  iter: 4519  total_loss: 0.1457  loss_cls: 0.01542  loss_box_reg: 0.03678  loss_mask: 0.09058  loss_rpn_cls: 2.977e-06  loss_rpn_loc: 0.00196    time: 0.0767  last_time: 0.0805  data_time: 0.0020  last_data_time: 0.0021   lr: 0.000125  max_mem: 1685M
[08/15 07:20:06 d2.utils.events]:  eta: 0:00:35  iter: 4539  total_loss: 0.1417  loss_cls: 0.01457  loss_box_reg: 0.03292  loss_mask: 0.09302  loss_rpn_cls: 1.142e-05  loss_rpn_loc: 0.001797    time: 0.0767  last_time: 0.0787  data_time: 0.0023  last_data_time: 0.0019   lr: 0.000125  max_mem: 1685M
[08/15 07:20:08 d2.utils.events]:  eta: 0:00:33  iter: 4559  total_loss: 0.1702  loss_cls: 0.01597  loss_box_reg: 0.03565  loss_mask: 0.1143  loss_rpn_cls: 7.633e-06  loss_rpn_loc: 0.002139    time: 0.0767  last_time: 0.0802  data_time: 0.0023  last_data_time: 0.0020   lr: 0.000125  max_mem: 1685M
[08/15 07:20:09 d2.utils.events]:  eta: 0:00:32  iter: 4579  total_loss: 0.1488  loss_cls: 0.01688  loss_box_reg: 0.03497  loss_mask: 0.09319  loss_rpn_cls: 3.432e-05  loss_rpn_loc: 0.002199    time: 0.0767  last_time: 0.0754  data_time: 0.0021  last_data_time: 0.0019   lr: 0.000125  max_mem: 1685M
[08/15 07:20:11 d2.utils.events]:  eta: 0:00:30  iter: 4599  total_loss: 0.1503  loss_cls: 0.01704  loss_box_reg: 0.0383  loss_mask: 0.09896  loss_rpn_cls: 1.217e-05  loss_rpn_loc: 0.001827    time: 0.0767  last_time: 0.0796  data_time: 0.0021  last_data_time: 0.0020   lr: 0.000125  max_mem: 1685M
[08/15 07:20:11 d2.evaluation.coco_evaluation]: Fast COCO eval is not built. Falling back to official COCO eval.
[08/15 07:20:11 d2.data.datasets.coco]: Loaded 89 images in COCO format from /projects/PUCHALLA/LLP2024/tumor-segmentation/data/processed_data/rgb/test/images/test.json
[08/15 07:20:11 d2.data.dataset_mapper]: [DatasetMapper] Augmentations used in inference: [ResizeShortestEdge(short_edge_length=(800, 800), max_size=1333, sample_style='choice')]
[08/15 07:20:11 d2.data.common]: Serializing the dataset using: <class 'detectron2.data.common._TorchSerializedList'>
[08/15 07:20:11 d2.data.common]: Serializing 89 elements to byte tensors and concatenating them all ...
[08/15 07:20:11 d2.data.common]: Serialized dataset takes 0.07 MiB
[08/15 07:20:11 d2.evaluation.evaluator]: Start inference on 89 batches
[08/15 07:20:11 d2.evaluation.evaluator]: Inference done 11/89. Dataloading: 0.0004 s/iter. Inference: 0.0235 s/iter. Eval: 0.0003 s/iter. Total: 0.0243 s/iter. ETA=0:00:01
[08/15 07:20:13 d2.evaluation.evaluator]: Total inference time: 0:00:02.080229 (0.024765 s / iter per device, on 1 devices)
[08/15 07:20:13 d2.evaluation.evaluator]: Total inference pure compute time: 0:00:01 (0.023627 s / iter per device, on 1 devices)
[08/15 07:20:13 d2.evaluation.coco_evaluation]: Preparing results for COCO format ...
[08/15 07:20:13 d2.evaluation.coco_evaluation]: Saving results to ../../../../../models/rgb-testing/rgb-5000-1/coco_instances_results.json
[08/15 07:20:13 d2.evaluation.coco_evaluation]: Evaluating predictions with official COCO API...
Loading and preparing results...
DONE (t=0.00s)
creating index...
index created!
Running per image evaluation...
Evaluate annotation type *bbox*
DONE (t=0.01s).
Accumulating evaluation results...
DONE (t=0.01s).
 Average Precision  (AP) @[ IoU=0.50:0.95 | area=   all | maxDets=100 ] = 0.757
 Average Precision  (AP) @[ IoU=0.50      | area=   all | maxDets=100 ] = 0.956
 Average Precision  (AP) @[ IoU=0.75      | area=   all | maxDets=100 ] = 0.926
 Average Precision  (AP) @[ IoU=0.50:0.95 | area= small | maxDets=100 ] = -1.000
 Average Precision  (AP) @[ IoU=0.50:0.95 | area=medium | maxDets=100 ] = 0.568
 Average Precision  (AP) @[ IoU=0.50:0.95 | area= large | maxDets=100 ] = 0.783
 Average Recall     (AR) @[ IoU=0.50:0.95 | area=   all | maxDets=  1 ] = 0.792
 Average Recall     (AR) @[ IoU=0.50:0.95 | area=   all | maxDets= 10 ] = 0.797
 Average Recall     (AR) @[ IoU=0.50:0.95 | area=   all | maxDets=100 ] = 0.797
 Average Recall     (AR) @[ IoU=0.50:0.95 | area= small | maxDets=100 ] = -1.000
 Average Recall     (AR) @[ IoU=0.50:0.95 | area=medium | maxDets=100 ] = 0.580
 Average Recall     (AR) @[ IoU=0.50:0.95 | area= large | maxDets=100 ] = 0.824
[08/15 07:20:13 d2.evaluation.coco_evaluation]: Evaluation results for bbox: 
|   AP   |  AP50  |  AP75  |  APs  |  APm   |  APl   |
|:------:|:------:|:------:|:-----:|:------:|:------:|
| 75.737 | 95.642 | 92.602 |  nan  | 56.823 | 78.313 |
[08/15 07:20:13 d2.evaluation.coco_evaluation]: Some metrics cannot be computed and is shown as NaN.
Loading and preparing results...
DONE (t=0.00s)
creating index...
index created!
Running per image evaluation...
Evaluate annotation type *segm*
DONE (t=0.02s).
Accumulating evaluation results...
DONE (t=0.01s).
 Average Precision  (AP) @[ IoU=0.50:0.95 | area=   all | maxDets=100 ] = 0.760
 Average Precision  (AP) @[ IoU=0.50      | area=   all | maxDets=100 ] = 0.956
 Average Precision  (AP) @[ IoU=0.75      | area=   all | maxDets=100 ] = 0.915
 Average Precision  (AP) @[ IoU=0.50:0.95 | area= small | maxDets=100 ] = -1.000
 Average Precision  (AP) @[ IoU=0.50:0.95 | area=medium | maxDets=100 ] = 0.564
 Average Precision  (AP) @[ IoU=0.50:0.95 | area= large | maxDets=100 ] = 0.784
 Average Recall     (AR) @[ IoU=0.50:0.95 | area=   all | maxDets=  1 ] = 0.790
 Average Recall     (AR) @[ IoU=0.50:0.95 | area=   all | maxDets= 10 ] = 0.793
 Average Recall     (AR) @[ IoU=0.50:0.95 | area=   all | maxDets=100 ] = 0.793
 Average Recall     (AR) @[ IoU=0.50:0.95 | area= small | maxDets=100 ] = -1.000
 Average Recall     (AR) @[ IoU=0.50:0.95 | area=medium | maxDets=100 ] = 0.580
 Average Recall     (AR) @[ IoU=0.50:0.95 | area= large | maxDets=100 ] = 0.820
[08/15 07:20:13 d2.evaluation.coco_evaluation]: Evaluation results for segm: 
|   AP   |  AP50  |  AP75  |  APs  |  APm   |  APl   |
|:------:|:------:|:------:|:-----:|:------:|:------:|
| 75.959 | 95.642 | 91.511 |  nan  | 56.380 | 78.433 |
[08/15 07:20:13 d2.evaluation.coco_evaluation]: Some metrics cannot be computed and is shown as NaN.
[Iter 2 AP] → mAP@[.5:.95] = 75.959
[08/15 07:20:13 d2.data.datasets.coco]: Loaded 89 images in COCO format from /projects/PUCHALLA/LLP2024/tumor-segmentation/data/processed_data/rgb/test/images/test.json
[08/15 07:20:13 d2.data.datasets.coco]: Loaded 89 images in COCO format from /projects/PUCHALLA/LLP2024/tumor-segmentation/data/processed_data/rgb/test/images/test.json
[08/15 07:20:13 d2.data.dataset_mapper]: [DatasetMapper] Augmentations used in inference: [ResizeShortestEdge(short_edge_length=(800, 800), max_size=1333, sample_style='choice')]
[08/15 07:20:13 d2.data.common]: Serializing the dataset using: <class 'detectron2.data.common._TorchSerializedList'>
[08/15 07:20:13 d2.data.common]: Serializing 89 elements to byte tensors and concatenating them all ...
[08/15 07:20:13 d2.data.common]: Serialized dataset takes 0.07 MiB
[08/15 07:20:13 d2.evaluation.evaluator]: Start inference on 89 batches
[08/15 07:20:16 d2.evaluation.evaluator]: Total inference time: 0:00:02.072334 (0.024671 s / iter per device, on 1 devices)
[08/15 07:20:16 d2.evaluation.evaluator]: Total inference pure compute time: 0:00:01 (0.023521 s / iter per device, on 1 devices)
[08/15 07:20:17 d2.utils.events]:  eta: 0:00:29  iter: 4619  total_loss: 0.129  loss_cls: 0.01347  loss_box_reg: 0.03061  loss_mask: 0.08254  loss_rpn_cls: 2.02e-06  loss_rpn_loc: 0.001504    time: 0.0767  last_time: 0.0727  data_time: 0.0021  last_data_time: 0.0020   lr: 0.000125  max_mem: 1685M
[08/15 07:20:19 d2.utils.events]:  eta: 0:00:27  iter: 4639  total_loss: 0.1394  loss_cls: 0.01505  loss_box_reg: 0.03316  loss_mask: 0.08944  loss_rpn_cls: 1.151e-05  loss_rpn_loc: 0.00216    time: 0.0767  last_time: 0.0735  data_time: 0.0021  last_data_time: 0.0019   lr: 0.000125  max_mem: 1685M
[08/15 07:20:20 d2.utils.events]:  eta: 0:00:26  iter: 4659  total_loss: 0.1473  loss_cls: 0.01442  loss_box_reg: 0.03469  loss_mask: 0.09837  loss_rpn_cls: 5.754e-06  loss_rpn_loc: 0.001652    time: 0.0767  last_time: 0.0763  data_time: 0.0020  last_data_time: 0.0021   lr: 0.000125  max_mem: 1685M
[08/15 07:20:22 d2.utils.events]:  eta: 0:00:24  iter: 4679  total_loss: 0.1554  loss_cls: 0.01701  loss_box_reg: 0.03948  loss_mask: 0.09377  loss_rpn_cls: 2.211e-06  loss_rpn_loc: 0.00214    time: 0.0767  last_time: 0.0742  data_time: 0.0022  last_data_time: 0.0019   lr: 0.000125  max_mem: 1685M
[08/15 07:20:23 d2.utils.events]:  eta: 0:00:22  iter: 4699  total_loss: 0.1317  loss_cls: 0.01344  loss_box_reg: 0.03423  loss_mask: 0.09158  loss_rpn_cls: 2.053e-05  loss_rpn_loc: 0.001744    time: 0.0767  last_time: 0.0681  data_time: 0.0022  last_data_time: 0.0020   lr: 0.000125  max_mem: 1685M
[08/15 07:20:23 d2.evaluation.coco_evaluation]: Fast COCO eval is not built. Falling back to official COCO eval.
[08/15 07:20:23 d2.data.datasets.coco]: Loaded 89 images in COCO format from /projects/PUCHALLA/LLP2024/tumor-segmentation/data/processed_data/rgb/test/images/test.json
[08/15 07:20:23 d2.data.dataset_mapper]: [DatasetMapper] Augmentations used in inference: [ResizeShortestEdge(short_edge_length=(800, 800), max_size=1333, sample_style='choice')]
[08/15 07:20:23 d2.data.common]: Serializing the dataset using: <class 'detectron2.data.common._TorchSerializedList'>
[08/15 07:20:23 d2.data.common]: Serializing 89 elements to byte tensors and concatenating them all ...
[08/15 07:20:23 d2.data.common]: Serialized dataset takes 0.07 MiB
[08/15 07:20:23 d2.evaluation.evaluator]: Start inference on 89 batches
[08/15 07:20:24 d2.evaluation.evaluator]: Inference done 11/89. Dataloading: 0.0004 s/iter. Inference: 0.0235 s/iter. Eval: 0.0003 s/iter. Total: 0.0243 s/iter. ETA=0:00:01
[08/15 07:20:26 d2.evaluation.evaluator]: Total inference time: 0:00:02.079910 (0.024761 s / iter per device, on 1 devices)
[08/15 07:20:26 d2.evaluation.evaluator]: Total inference pure compute time: 0:00:01 (0.023605 s / iter per device, on 1 devices)
[08/15 07:20:26 d2.evaluation.coco_evaluation]: Preparing results for COCO format ...
[08/15 07:20:26 d2.evaluation.coco_evaluation]: Saving results to ../../../../../models/rgb-testing/rgb-5000-1/coco_instances_results.json
[08/15 07:20:26 d2.evaluation.coco_evaluation]: Evaluating predictions with official COCO API...
Loading and preparing results...
DONE (t=0.00s)
creating index...
index created!
Running per image evaluation...
Evaluate annotation type *bbox*
DONE (t=0.01s).
Accumulating evaluation results...
DONE (t=0.01s).
 Average Precision  (AP) @[ IoU=0.50:0.95 | area=   all | maxDets=100 ] = 0.744
 Average Precision  (AP) @[ IoU=0.50      | area=   all | maxDets=100 ] = 0.945
 Average Precision  (AP) @[ IoU=0.75      | area=   all | maxDets=100 ] = 0.914
 Average Precision  (AP) @[ IoU=0.50:0.95 | area= small | maxDets=100 ] = -1.000
 Average Precision  (AP) @[ IoU=0.50:0.95 | area=medium | maxDets=100 ] = 0.560
 Average Precision  (AP) @[ IoU=0.50:0.95 | area= large | maxDets=100 ] = 0.768
 Average Recall     (AR) @[ IoU=0.50:0.95 | area=   all | maxDets=  1 ] = 0.783
 Average Recall     (AR) @[ IoU=0.50:0.95 | area=   all | maxDets= 10 ] = 0.789
 Average Recall     (AR) @[ IoU=0.50:0.95 | area=   all | maxDets=100 ] = 0.789
 Average Recall     (AR) @[ IoU=0.50:0.95 | area= small | maxDets=100 ] = -1.000
 Average Recall     (AR) @[ IoU=0.50:0.95 | area=medium | maxDets=100 ] = 0.580
 Average Recall     (AR) @[ IoU=0.50:0.95 | area= large | maxDets=100 ] = 0.815
[08/15 07:20:26 d2.evaluation.coco_evaluation]: Evaluation results for bbox: 
|   AP   |  AP50  |  AP75  |  APs  |  APm   |  APl   |
|:------:|:------:|:------:|:-----:|:------:|:------:|
| 74.411 | 94.492 | 91.366 |  nan  | 55.979 | 76.792 |
[08/15 07:20:26 d2.evaluation.coco_evaluation]: Some metrics cannot be computed and is shown as NaN.
Loading and preparing results...
DONE (t=0.00s)
creating index...
index created!
Running per image evaluation...
Evaluate annotation type *segm*
DONE (t=0.02s).
Accumulating evaluation results...
DONE (t=0.01s).
 Average Precision  (AP) @[ IoU=0.50:0.95 | area=   all | maxDets=100 ] = 0.752
 Average Precision  (AP) @[ IoU=0.50      | area=   all | maxDets=100 ] = 0.945
 Average Precision  (AP) @[ IoU=0.75      | area=   all | maxDets=100 ] = 0.913
 Average Precision  (AP) @[ IoU=0.50:0.95 | area= small | maxDets=100 ] = -1.000
 Average Precision  (AP) @[ IoU=0.50:0.95 | area=medium | maxDets=100 ] = 0.576
 Average Precision  (AP) @[ IoU=0.50:0.95 | area= large | maxDets=100 ] = 0.776
 Average Recall     (AR) @[ IoU=0.50:0.95 | area=   all | maxDets=  1 ] = 0.779
 Average Recall     (AR) @[ IoU=0.50:0.95 | area=   all | maxDets= 10 ] = 0.785
 Average Recall     (AR) @[ IoU=0.50:0.95 | area=   all | maxDets=100 ] = 0.785
 Average Recall     (AR) @[ IoU=0.50:0.95 | area= small | maxDets=100 ] = -1.000
 Average Recall     (AR) @[ IoU=0.50:0.95 | area=medium | maxDets=100 ] = 0.600
 Average Recall     (AR) @[ IoU=0.50:0.95 | area= large | maxDets=100 ] = 0.809
[08/15 07:20:26 d2.evaluation.coco_evaluation]: Evaluation results for segm: 
|   AP   |  AP50  |  AP75  |  APs  |  APm   |  APl   |
|:------:|:------:|:------:|:-----:|:------:|:------:|
| 75.215 | 94.492 | 91.290 |  nan  | 57.558 | 77.583 |
[08/15 07:20:26 d2.evaluation.coco_evaluation]: Some metrics cannot be computed and is shown as NaN.
[Iter 2 AP] → mAP@[.5:.95] = 75.215
[08/15 07:20:26 d2.data.datasets.coco]: Loaded 89 images in COCO format from /projects/PUCHALLA/LLP2024/tumor-segmentation/data/processed_data/rgb/test/images/test.json
[08/15 07:20:26 d2.data.datasets.coco]: Loaded 89 images in COCO format from /projects/PUCHALLA/LLP2024/tumor-segmentation/data/processed_data/rgb/test/images/test.json
[08/15 07:20:26 d2.data.dataset_mapper]: [DatasetMapper] Augmentations used in inference: [ResizeShortestEdge(short_edge_length=(800, 800), max_size=1333, sample_style='choice')]
[08/15 07:20:26 d2.data.common]: Serializing the dataset using: <class 'detectron2.data.common._TorchSerializedList'>
[08/15 07:20:26 d2.data.common]: Serializing 89 elements to byte tensors and concatenating them all ...
[08/15 07:20:26 d2.data.common]: Serialized dataset takes 0.07 MiB
[08/15 07:20:26 d2.evaluation.evaluator]: Start inference on 89 batches
[08/15 07:20:28 d2.evaluation.evaluator]: Total inference time: 0:00:02.062988 (0.024559 s / iter per device, on 1 devices)
[08/15 07:20:28 d2.evaluation.evaluator]: Total inference pure compute time: 0:00:01 (0.023385 s / iter per device, on 1 devices)
[08/15 07:20:29 d2.utils.events]:  eta: 0:00:21  iter: 4719  total_loss: 0.1579  loss_cls: 0.01391  loss_box_reg: 0.03642  loss_mask: 0.1011  loss_rpn_cls: 4.663e-06  loss_rpn_loc: 0.00173    time: 0.0767  last_time: 0.0758  data_time: 0.0021  last_data_time: 0.0021   lr: 0.000125  max_mem: 1685M
[08/15 07:20:31 d2.utils.events]:  eta: 0:00:19  iter: 4739  total_loss: 0.1482  loss_cls: 0.01474  loss_box_reg: 0.02816  loss_mask: 0.09443  loss_rpn_cls: 4.865e-06  loss_rpn_loc: 0.001742    time: 0.0767  last_time: 0.0757  data_time: 0.0021  last_data_time: 0.0020   lr: 0.000125  max_mem: 1685M
[08/15 07:20:33 d2.utils.events]:  eta: 0:00:18  iter: 4759  total_loss: 0.148  loss_cls: 0.01233  loss_box_reg: 0.0326  loss_mask: 0.0963  loss_rpn_cls: 8.439e-06  loss_rpn_loc: 0.00188    time: 0.0767  last_time: 0.0770  data_time: 0.0023  last_data_time: 0.0030   lr: 0.000125  max_mem: 1685M
[08/15 07:20:34 d2.utils.events]:  eta: 0:00:16  iter: 4779  total_loss: 0.1436  loss_cls: 0.01702  loss_box_reg: 0.03445  loss_mask: 0.09077  loss_rpn_cls: 4.006e-06  loss_rpn_loc: 0.001568    time: 0.0767  last_time: 0.0813  data_time: 0.0023  last_data_time: 0.0020   lr: 0.000125  max_mem: 1685M
[08/15 07:20:36 d2.utils.events]:  eta: 0:00:15  iter: 4799  total_loss: 0.1451  loss_cls: 0.01449  loss_box_reg: 0.0324  loss_mask: 0.09624  loss_rpn_cls: 6.737e-06  loss_rpn_loc: 0.001822    time: 0.0767  last_time: 0.0795  data_time: 0.0024  last_data_time: 0.0020   lr: 0.000125  max_mem: 1685M
[08/15 07:20:36 d2.evaluation.coco_evaluation]: Fast COCO eval is not built. Falling back to official COCO eval.
[08/15 07:20:36 d2.data.datasets.coco]: Loaded 89 images in COCO format from /projects/PUCHALLA/LLP2024/tumor-segmentation/data/processed_data/rgb/test/images/test.json
[08/15 07:20:36 d2.data.dataset_mapper]: [DatasetMapper] Augmentations used in inference: [ResizeShortestEdge(short_edge_length=(800, 800), max_size=1333, sample_style='choice')]
[08/15 07:20:36 d2.data.common]: Serializing the dataset using: <class 'detectron2.data.common._TorchSerializedList'>
[08/15 07:20:36 d2.data.common]: Serializing 89 elements to byte tensors and concatenating them all ...
[08/15 07:20:36 d2.data.common]: Serialized dataset takes 0.07 MiB
[08/15 07:20:36 d2.evaluation.evaluator]: Start inference on 89 batches
[08/15 07:20:36 d2.evaluation.evaluator]: Inference done 11/89. Dataloading: 0.0004 s/iter. Inference: 0.0237 s/iter. Eval: 0.0003 s/iter. Total: 0.0245 s/iter. ETA=0:00:01
[08/15 07:20:38 d2.evaluation.evaluator]: Total inference time: 0:00:02.101699 (0.025020 s / iter per device, on 1 devices)
[08/15 07:20:38 d2.evaluation.evaluator]: Total inference pure compute time: 0:00:02 (0.023876 s / iter per device, on 1 devices)
[08/15 07:20:38 d2.evaluation.coco_evaluation]: Preparing results for COCO format ...
[08/15 07:20:38 d2.evaluation.coco_evaluation]: Saving results to ../../../../../models/rgb-testing/rgb-5000-1/coco_instances_results.json
[08/15 07:20:38 d2.evaluation.coco_evaluation]: Evaluating predictions with official COCO API...
Loading and preparing results...
DONE (t=0.00s)
creating index...
index created!
Running per image evaluation...
Evaluate annotation type *bbox*
DONE (t=0.01s).
Accumulating evaluation results...
DONE (t=0.01s).
 Average Precision  (AP) @[ IoU=0.50:0.95 | area=   all | maxDets=100 ] = 0.755
 Average Precision  (AP) @[ IoU=0.50      | area=   all | maxDets=100 ] = 0.956
 Average Precision  (AP) @[ IoU=0.75      | area=   all | maxDets=100 ] = 0.934
 Average Precision  (AP) @[ IoU=0.50:0.95 | area= small | maxDets=100 ] = -1.000
 Average Precision  (AP) @[ IoU=0.50:0.95 | area=medium | maxDets=100 ] = 0.569
 Average Precision  (AP) @[ IoU=0.50:0.95 | area= large | maxDets=100 ] = 0.780
 Average Recall     (AR) @[ IoU=0.50:0.95 | area=   all | maxDets=  1 ] = 0.800
 Average Recall     (AR) @[ IoU=0.50:0.95 | area=   all | maxDets= 10 ] = 0.800
 Average Recall     (AR) @[ IoU=0.50:0.95 | area=   all | maxDets=100 ] = 0.800
 Average Recall     (AR) @[ IoU=0.50:0.95 | area= small | maxDets=100 ] = -1.000
 Average Recall     (AR) @[ IoU=0.50:0.95 | area=medium | maxDets=100 ] = 0.590
 Average Recall     (AR) @[ IoU=0.50:0.95 | area= large | maxDets=100 ] = 0.827
[08/15 07:20:38 d2.evaluation.coco_evaluation]: Evaluation results for bbox: 
|   AP   |  AP50  |  AP75  |  APs  |  APm   |  APl   |
|:------:|:------:|:------:|:-----:|:------:|:------:|
| 75.541 | 95.619 | 93.439 |  nan  | 56.887 | 78.004 |
[08/15 07:20:38 d2.evaluation.coco_evaluation]: Some metrics cannot be computed and is shown as NaN.
Loading and preparing results...
DONE (t=0.00s)
creating index...
index created!
Running per image evaluation...
Evaluate annotation type *segm*
DONE (t=0.02s).
Accumulating evaluation results...
DONE (t=0.01s).
 Average Precision  (AP) @[ IoU=0.50:0.95 | area=   all | maxDets=100 ] = 0.768
 Average Precision  (AP) @[ IoU=0.50      | area=   all | maxDets=100 ] = 0.956
 Average Precision  (AP) @[ IoU=0.75      | area=   all | maxDets=100 ] = 0.924
 Average Precision  (AP) @[ IoU=0.50:0.95 | area= small | maxDets=100 ] = -1.000
 Average Precision  (AP) @[ IoU=0.50:0.95 | area=medium | maxDets=100 ] = 0.563
 Average Precision  (AP) @[ IoU=0.50:0.95 | area= large | maxDets=100 ] = 0.793
 Average Recall     (AR) @[ IoU=0.50:0.95 | area=   all | maxDets=  1 ] = 0.801
 Average Recall     (AR) @[ IoU=0.50:0.95 | area=   all | maxDets= 10 ] = 0.801
 Average Recall     (AR) @[ IoU=0.50:0.95 | area=   all | maxDets=100 ] = 0.801
 Average Recall     (AR) @[ IoU=0.50:0.95 | area= small | maxDets=100 ] = -1.000
 Average Recall     (AR) @[ IoU=0.50:0.95 | area=medium | maxDets=100 ] = 0.590
 Average Recall     (AR) @[ IoU=0.50:0.95 | area= large | maxDets=100 ] = 0.828
[08/15 07:20:38 d2.evaluation.coco_evaluation]: Evaluation results for segm: 
|   AP   |  AP50  |  AP75  |  APs  |  APm   |  APl   |
|:------:|:------:|:------:|:-----:|:------:|:------:|
| 76.827 | 95.619 | 92.389 |  nan  | 56.333 | 79.298 |
[08/15 07:20:38 d2.evaluation.coco_evaluation]: Some metrics cannot be computed and is shown as NaN.
[Iter 2 AP] → mAP@[.5:.95] = 76.827
[08/15 07:20:38 d2.data.datasets.coco]: Loaded 89 images in COCO format from /projects/PUCHALLA/LLP2024/tumor-segmentation/data/processed_data/rgb/test/images/test.json
[08/15 07:20:38 d2.data.datasets.coco]: Loaded 89 images in COCO format from /projects/PUCHALLA/LLP2024/tumor-segmentation/data/processed_data/rgb/test/images/test.json
[08/15 07:20:38 d2.data.dataset_mapper]: [DatasetMapper] Augmentations used in inference: [ResizeShortestEdge(short_edge_length=(800, 800), max_size=1333, sample_style='choice')]
[08/15 07:20:38 d2.data.common]: Serializing the dataset using: <class 'detectron2.data.common._TorchSerializedList'>
[08/15 07:20:38 d2.data.common]: Serializing 89 elements to byte tensors and concatenating them all ...
[08/15 07:20:38 d2.data.common]: Serialized dataset takes 0.07 MiB
[08/15 07:20:38 d2.evaluation.evaluator]: Start inference on 89 batches
[08/15 07:20:40 d2.evaluation.evaluator]: Total inference time: 0:00:02.093331 (0.024921 s / iter per device, on 1 devices)
[08/15 07:20:40 d2.evaluation.evaluator]: Total inference pure compute time: 0:00:01 (0.023778 s / iter per device, on 1 devices)
[08/15 07:20:42 d2.utils.events]:  eta: 0:00:13  iter: 4819  total_loss: 0.14  loss_cls: 0.01403  loss_box_reg: 0.03435  loss_mask: 0.09147  loss_rpn_cls: 4.844e-06  loss_rpn_loc: 0.001746    time: 0.0767  last_time: 0.0771  data_time: 0.0021  last_data_time: 0.0029   lr: 0.000125  max_mem: 1685M
[08/15 07:20:43 d2.utils.events]:  eta: 0:00:12  iter: 4839  total_loss: 0.1381  loss_cls: 0.01504  loss_box_reg: 0.0331  loss_mask: 0.08471  loss_rpn_cls: 9.821e-06  loss_rpn_loc: 0.002084    time: 0.0767  last_time: 0.0755  data_time: 0.0021  last_data_time: 0.0020   lr: 0.000125  max_mem: 1685M
[08/15 07:20:45 d2.utils.events]:  eta: 0:00:10  iter: 4859  total_loss: 0.1582  loss_cls: 0.01637  loss_box_reg: 0.03742  loss_mask: 0.09387  loss_rpn_cls: 3.169e-06  loss_rpn_loc: 0.001774    time: 0.0767  last_time: 0.0801  data_time: 0.0021  last_data_time: 0.0021   lr: 0.000125  max_mem: 1685M
[08/15 07:20:47 d2.utils.events]:  eta: 0:00:09  iter: 4879  total_loss: 0.1297  loss_cls: 0.01409  loss_box_reg: 0.03017  loss_mask: 0.08587  loss_rpn_cls: 8.276e-06  loss_rpn_loc: 0.001928    time: 0.0767  last_time: 0.0721  data_time: 0.0021  last_data_time: 0.0021   lr: 0.000125  max_mem: 1685M
[08/15 07:20:48 d2.utils.events]:  eta: 0:00:07  iter: 4899  total_loss: 0.1542  loss_cls: 0.01469  loss_box_reg: 0.03365  loss_mask: 0.09964  loss_rpn_cls: 3.595e-06  loss_rpn_loc: 0.002119    time: 0.0767  last_time: 0.0712  data_time: 0.0021  last_data_time: 0.0021   lr: 0.000125  max_mem: 1685M
[08/15 07:20:48 d2.evaluation.coco_evaluation]: Fast COCO eval is not built. Falling back to official COCO eval.
[08/15 07:20:48 d2.data.datasets.coco]: Loaded 89 images in COCO format from /projects/PUCHALLA/LLP2024/tumor-segmentation/data/processed_data/rgb/test/images/test.json
[08/15 07:20:48 d2.data.dataset_mapper]: [DatasetMapper] Augmentations used in inference: [ResizeShortestEdge(short_edge_length=(800, 800), max_size=1333, sample_style='choice')]
[08/15 07:20:48 d2.data.common]: Serializing the dataset using: <class 'detectron2.data.common._TorchSerializedList'>
[08/15 07:20:48 d2.data.common]: Serializing 89 elements to byte tensors and concatenating them all ...
[08/15 07:20:48 d2.data.common]: Serialized dataset takes 0.07 MiB
[08/15 07:20:48 d2.evaluation.evaluator]: Start inference on 89 batches
[08/15 07:20:49 d2.evaluation.evaluator]: Inference done 11/89. Dataloading: 0.0004 s/iter. Inference: 0.0239 s/iter. Eval: 0.0003 s/iter. Total: 0.0246 s/iter. ETA=0:00:01
[08/15 07:20:51 d2.evaluation.evaluator]: Total inference time: 0:00:02.100135 (0.025002 s / iter per device, on 1 devices)
[08/15 07:20:51 d2.evaluation.evaluator]: Total inference pure compute time: 0:00:02 (0.023850 s / iter per device, on 1 devices)
[08/15 07:20:51 d2.evaluation.coco_evaluation]: Preparing results for COCO format ...
[08/15 07:20:51 d2.evaluation.coco_evaluation]: Saving results to ../../../../../models/rgb-testing/rgb-5000-1/coco_instances_results.json
[08/15 07:20:51 d2.evaluation.coco_evaluation]: Evaluating predictions with official COCO API...
Loading and preparing results...
DONE (t=0.00s)
creating index...
index created!
Running per image evaluation...
Evaluate annotation type *bbox*
DONE (t=0.01s).
Accumulating evaluation results...
DONE (t=0.01s).
 Average Precision  (AP) @[ IoU=0.50:0.95 | area=   all | maxDets=100 ] = 0.758
 Average Precision  (AP) @[ IoU=0.50      | area=   all | maxDets=100 ] = 0.956
 Average Precision  (AP) @[ IoU=0.75      | area=   all | maxDets=100 ] = 0.925
 Average Precision  (AP) @[ IoU=0.50:0.95 | area= small | maxDets=100 ] = -1.000
 Average Precision  (AP) @[ IoU=0.50:0.95 | area=medium | maxDets=100 ] = 0.601
 Average Precision  (AP) @[ IoU=0.50:0.95 | area= large | maxDets=100 ] = 0.781
 Average Recall     (AR) @[ IoU=0.50:0.95 | area=   all | maxDets=  1 ] = 0.796
 Average Recall     (AR) @[ IoU=0.50:0.95 | area=   all | maxDets= 10 ] = 0.802
 Average Recall     (AR) @[ IoU=0.50:0.95 | area=   all | maxDets=100 ] = 0.802
 Average Recall     (AR) @[ IoU=0.50:0.95 | area= small | maxDets=100 ] = -1.000
 Average Recall     (AR) @[ IoU=0.50:0.95 | area=medium | maxDets=100 ] = 0.610
 Average Recall     (AR) @[ IoU=0.50:0.95 | area= large | maxDets=100 ] = 0.827
[08/15 07:20:51 d2.evaluation.coco_evaluation]: Evaluation results for bbox: 
|   AP   |  AP50  |  AP75  |  APs  |  APm   |  APl   |
|:------:|:------:|:------:|:-----:|:------:|:------:|
| 75.834 | 95.556 | 92.508 |  nan  | 60.134 | 78.050 |
[08/15 07:20:51 d2.evaluation.coco_evaluation]: Some metrics cannot be computed and is shown as NaN.
Loading and preparing results...
DONE (t=0.00s)
creating index...
index created!
Running per image evaluation...
Evaluate annotation type *segm*
DONE (t=0.02s).
Accumulating evaluation results...
DONE (t=0.01s).
 Average Precision  (AP) @[ IoU=0.50:0.95 | area=   all | maxDets=100 ] = 0.763
 Average Precision  (AP) @[ IoU=0.50      | area=   all | maxDets=100 ] = 0.956
 Average Precision  (AP) @[ IoU=0.75      | area=   all | maxDets=100 ] = 0.915
 Average Precision  (AP) @[ IoU=0.50:0.95 | area= small | maxDets=100 ] = -1.000
 Average Precision  (AP) @[ IoU=0.50:0.95 | area=medium | maxDets=100 ] = 0.590
 Average Precision  (AP) @[ IoU=0.50:0.95 | area= large | maxDets=100 ] = 0.787
 Average Recall     (AR) @[ IoU=0.50:0.95 | area=   all | maxDets=  1 ] = 0.789
 Average Recall     (AR) @[ IoU=0.50:0.95 | area=   all | maxDets= 10 ] = 0.797
 Average Recall     (AR) @[ IoU=0.50:0.95 | area=   all | maxDets=100 ] = 0.797
 Average Recall     (AR) @[ IoU=0.50:0.95 | area= small | maxDets=100 ] = -1.000
 Average Recall     (AR) @[ IoU=0.50:0.95 | area=medium | maxDets=100 ] = 0.600
 Average Recall     (AR) @[ IoU=0.50:0.95 | area= large | maxDets=100 ] = 0.822
[08/15 07:20:51 d2.evaluation.coco_evaluation]: Evaluation results for segm: 
|   AP   |  AP50  |  AP75  |  APs  |  APm   |  APl   |
|:------:|:------:|:------:|:-----:|:------:|:------:|
| 76.337 | 95.556 | 91.458 |  nan  | 58.989 | 78.696 |
[08/15 07:20:51 d2.evaluation.coco_evaluation]: Some metrics cannot be computed and is shown as NaN.
[Iter 2 AP] → mAP@[.5:.95] = 76.337
[08/15 07:20:51 d2.data.datasets.coco]: Loaded 89 images in COCO format from /projects/PUCHALLA/LLP2024/tumor-segmentation/data/processed_data/rgb/test/images/test.json
[08/15 07:20:51 d2.data.datasets.coco]: Loaded 89 images in COCO format from /projects/PUCHALLA/LLP2024/tumor-segmentation/data/processed_data/rgb/test/images/test.json
[08/15 07:20:51 d2.data.dataset_mapper]: [DatasetMapper] Augmentations used in inference: [ResizeShortestEdge(short_edge_length=(800, 800), max_size=1333, sample_style='choice')]
[08/15 07:20:51 d2.data.common]: Serializing the dataset using: <class 'detectron2.data.common._TorchSerializedList'>
[08/15 07:20:51 d2.data.common]: Serializing 89 elements to byte tensors and concatenating them all ...
[08/15 07:20:51 d2.data.common]: Serialized dataset takes 0.07 MiB
[08/15 07:20:51 d2.evaluation.evaluator]: Start inference on 89 batches
[08/15 07:20:53 d2.evaluation.evaluator]: Total inference time: 0:00:02.097531 (0.024971 s / iter per device, on 1 devices)
[08/15 07:20:53 d2.evaluation.evaluator]: Total inference pure compute time: 0:00:02 (0.023851 s / iter per device, on 1 devices)
[08/15 07:20:54 d2.utils.events]:  eta: 0:00:06  iter: 4919  total_loss: 0.1475  loss_cls: 0.01342  loss_box_reg: 0.03422  loss_mask: 0.103  loss_rpn_cls: 5.595e-06  loss_rpn_loc: 0.001953    time: 0.0767  last_time: 0.0672  data_time: 0.0020  last_data_time: 0.0018   lr: 0.000125  max_mem: 1685M
[08/15 07:20:56 d2.utils.events]:  eta: 0:00:04  iter: 4939  total_loss: 0.1632  loss_cls: 0.01655  loss_box_reg: 0.03532  loss_mask: 0.1026  loss_rpn_cls: 1.058e-05  loss_rpn_loc: 0.001942    time: 0.0767  last_time: 0.0792  data_time: 0.0021  last_data_time: 0.0020   lr: 0.000125  max_mem: 1685M
[08/15 07:20:57 d2.utils.events]:  eta: 0:00:03  iter: 4959  total_loss: 0.134  loss_cls: 0.01219  loss_box_reg: 0.03215  loss_mask: 0.08645  loss_rpn_cls: 2.728e-05  loss_rpn_loc: 0.001663    time: 0.0767  last_time: 0.0725  data_time: 0.0021  last_data_time: 0.0020   lr: 0.000125  max_mem: 1685M
[08/15 07:20:59 d2.utils.events]:  eta: 0:00:01  iter: 4979  total_loss: 0.1498  loss_cls: 0.01606  loss_box_reg: 0.03565  loss_mask: 0.102  loss_rpn_cls: 7.198e-06  loss_rpn_loc: 0.001925    time: 0.0767  last_time: 0.0766  data_time: 0.0022  last_data_time: 0.0020   lr: 0.000125  max_mem: 1685M
[08/15 07:21:01 d2.utils.events]:  eta: 0:00:00  iter: 4999  total_loss: 0.1494  loss_cls: 0.01423  loss_box_reg: 0.03647  loss_mask: 0.1017  loss_rpn_cls: 1.066e-05  loss_rpn_loc: 0.002172    time: 0.0767  last_time: 0.0807  data_time: 0.0021  last_data_time: 0.0020   lr: 0.000125  max_mem: 1685M
[08/15 07:21:01 d2.engine.hooks]: Overall training speed: 4998 iterations in 0:06:23 (0.0767 s / it)
[08/15 07:21:01 d2.engine.hooks]: Total training time: 0:10:14 (0:03:51 on hooks)
[08/15 07:21:01 d2.data.dataset_mapper]: [DatasetMapper] Augmentations used in inference: [ResizeShortestEdge(short_edge_length=(800, 800), max_size=1333, sample_style='choice')]
[08/15 07:21:01 d2.data.datasets.coco]: Loaded 89 images in COCO format from /projects/PUCHALLA/LLP2024/tumor-segmentation/data/processed_data/rgb/test/images/test.json
[08/15 07:21:01 d2.data.common]: Serializing the dataset using: <class 'detectron2.data.common._TorchSerializedList'>
[08/15 07:21:01 d2.data.common]: Serializing 89 elements to byte tensors and concatenating them all ...
[08/15 07:21:01 d2.data.common]: Serialized dataset takes 0.07 MiB
[08/15 07:21:01 d2.evaluation.coco_evaluation]: Fast COCO eval is not built. Falling back to official COCO eval.
WARNING [08/15 07:21:01 d2.evaluation.coco_evaluation]: COCO Evaluator instantiated using config, this is deprecated behavior. Please pass in explicit arguments instead.
[08/15 07:21:01 d2.evaluation.evaluator]: Start inference on 89 batches
[08/15 07:21:02 d2.evaluation.evaluator]: Inference done 11/89. Dataloading: 0.0005 s/iter. Inference: 0.0237 s/iter. Eval: 0.0003 s/iter. Total: 0.0244 s/iter. ETA=0:00:01
[08/15 07:21:04 d2.evaluation.evaluator]: Total inference time: 0:00:02.083025 (0.024798 s / iter per device, on 1 devices)
[08/15 07:21:04 d2.evaluation.evaluator]: Total inference pure compute time: 0:00:01 (0.023647 s / iter per device, on 1 devices)
[08/15 07:21:04 d2.evaluation.coco_evaluation]: Preparing results for COCO format ...
[08/15 07:21:04 d2.evaluation.coco_evaluation]: Saving results to ../../../../../models/rgb-testing/rgb-5000-1/coco_instances_results.json
[08/15 07:21:04 d2.evaluation.coco_evaluation]: Evaluating predictions with official COCO API...
Loading and preparing results...
DONE (t=0.00s)
creating index...
index created!
Running per image evaluation...
Evaluate annotation type *bbox*
DONE (t=0.01s).
Accumulating evaluation results...
DONE (t=0.01s).
 Average Precision  (AP) @[ IoU=0.50:0.95 | area=   all | maxDets=100 ] = 0.741
 Average Precision  (AP) @[ IoU=0.50      | area=   all | maxDets=100 ] = 0.946
 Average Precision  (AP) @[ IoU=0.75      | area=   all | maxDets=100 ] = 0.916
 Average Precision  (AP) @[ IoU=0.50:0.95 | area= small | maxDets=100 ] = -1.000
 Average Precision  (AP) @[ IoU=0.50:0.95 | area=medium | maxDets=100 ] = 0.549
 Average Precision  (AP) @[ IoU=0.50:0.95 | area= large | maxDets=100 ] = 0.765
 Average Recall     (AR) @[ IoU=0.50:0.95 | area=   all | maxDets=  1 ] = 0.780
 Average Recall     (AR) @[ IoU=0.50:0.95 | area=   all | maxDets= 10 ] = 0.783
 Average Recall     (AR) @[ IoU=0.50:0.95 | area=   all | maxDets=100 ] = 0.783
 Average Recall     (AR) @[ IoU=0.50:0.95 | area= small | maxDets=100 ] = -1.000
 Average Recall     (AR) @[ IoU=0.50:0.95 | area=medium | maxDets=100 ] = 0.570
 Average Recall     (AR) @[ IoU=0.50:0.95 | area= large | maxDets=100 ] = 0.810
[08/15 07:21:04 d2.evaluation.coco_evaluation]: Evaluation results for bbox: 
|   AP   |  AP50  |  AP75  |  APs  |  APm   |  APl   |
|:------:|:------:|:------:|:-----:|:------:|:------:|
| 74.096 | 94.634 | 91.633 |  nan  | 54.880 | 76.466 |
[08/15 07:21:04 d2.evaluation.coco_evaluation]: Some metrics cannot be computed and is shown as NaN.
Loading and preparing results...
DONE (t=0.00s)
creating index...
index created!
Running per image evaluation...
Evaluate annotation type *segm*
DONE (t=0.02s).
Accumulating evaluation results...
DONE (t=0.01s).
 Average Precision  (AP) @[ IoU=0.50:0.95 | area=   all | maxDets=100 ] = 0.754
 Average Precision  (AP) @[ IoU=0.50      | area=   all | maxDets=100 ] = 0.946
 Average Precision  (AP) @[ IoU=0.75      | area=   all | maxDets=100 ] = 0.906
 Average Precision  (AP) @[ IoU=0.50:0.95 | area= small | maxDets=100 ] = -1.000
 Average Precision  (AP) @[ IoU=0.50:0.95 | area=medium | maxDets=100 ] = 0.565
 Average Precision  (AP) @[ IoU=0.50:0.95 | area= large | maxDets=100 ] = 0.777
 Average Recall     (AR) @[ IoU=0.50:0.95 | area=   all | maxDets=  1 ] = 0.781
 Average Recall     (AR) @[ IoU=0.50:0.95 | area=   all | maxDets= 10 ] = 0.784
 Average Recall     (AR) @[ IoU=0.50:0.95 | area=   all | maxDets=100 ] = 0.784
 Average Recall     (AR) @[ IoU=0.50:0.95 | area= small | maxDets=100 ] = -1.000
 Average Recall     (AR) @[ IoU=0.50:0.95 | area=medium | maxDets=100 ] = 0.580
 Average Recall     (AR) @[ IoU=0.50:0.95 | area= large | maxDets=100 ] = 0.810
[08/15 07:21:04 d2.evaluation.coco_evaluation]: Evaluation results for segm: 
|   AP   |  AP50  |  AP75  |  APs  |  APm   |  APl   |
|:------:|:------:|:------:|:-----:|:------:|:------:|
| 75.427 | 94.634 | 90.619 |  nan  | 56.468 | 77.665 |
[08/15 07:21:04 d2.evaluation.coco_evaluation]: Some metrics cannot be computed and is shown as NaN.
[08/15 07:21:04 d2.engine.defaults]: Evaluation results for my_dataset_test in csv format:
[08/15 07:21:04 d2.evaluation.testing]: copypaste: Task: bbox
[08/15 07:21:04 d2.evaluation.testing]: copypaste: AP,AP50,AP75,APs,APm,APl
[08/15 07:21:04 d2.evaluation.testing]: copypaste: 74.0964,94.6335,91.6335,nan,54.8804,76.4661
[08/15 07:21:04 d2.evaluation.testing]: copypaste: Task: segm
[08/15 07:21:04 d2.evaluation.testing]: copypaste: AP,AP50,AP75,APs,APm,APl
[08/15 07:21:04 d2.evaluation.testing]: copypaste: 75.4267,94.6335,90.6193,nan,56.4681,77.6653
Training Completed, now saving plots....
Saved loss curves to ../../../slurm_output/loss_plots/rgb-5000-1_loss_plot.png
Saved AP curve to ../../../slurm_output/AP_Fig/rgb-5000-1_AP_plot.png
[08/15 07:21:04 d2.data.datasets.coco]: Loaded 89 images in COCO format from /projects/PUCHALLA/LLP2024/tumor-segmentation/data/processed_data/rgb/test/images/test.json
[08/15 07:21:04 d2.data.datasets.coco]: Loaded 89 images in COCO format from /projects/PUCHALLA/LLP2024/tumor-segmentation/data/processed_data/rgb/test/images/test.json
[08/15 07:21:04 d2.data.dataset_mapper]: [DatasetMapper] Augmentations used in inference: [ResizeShortestEdge(short_edge_length=(800, 800), max_size=1333, sample_style='choice')]
[08/15 07:21:04 d2.data.common]: Serializing the dataset using: <class 'detectron2.data.common._TorchSerializedList'>
[08/15 07:21:04 d2.data.common]: Serializing 89 elements to byte tensors and concatenating them all ...
[08/15 07:21:04 d2.data.common]: Serialized dataset takes 0.07 MiB
[08/15 07:21:04 d2.evaluation.evaluator]: Start inference on 89 batches
[08/15 07:21:06 d2.evaluation.evaluator]: Total inference time: 0:00:02.097521 (0.024970 s / iter per device, on 1 devices)
[08/15 07:21:06 d2.evaluation.evaluator]: Total inference pure compute time: 0:00:02 (0.023847 s / iter per device, on 1 devices)
