Processesing: ../../../data/processed_data/rgb/train/images/032224 MCF7 EdPIT-EdPIT-1-41-22.jpg
Processesing: ../../../data/processed_data/depth/train/images/032224 MCF7 EdPIT-EdPIT-1-41-22.jpg
Processesing: ../../../data/processed_data/rgd/train/images/032224 MCF7 EdPIT-EdPIT-1-41-22.jpg
Processesing: ../../../data/processed_data/rgb/train/images/032224 MCF7 EdPIT-EdPIT-1-13-19.jpg
Processesing: ../../../data/processed_data/depth/train/images/032224 MCF7 EdPIT-EdPIT-1-13-19.jpg
Processesing: ../../../data/processed_data/rgd/train/images/032224 MCF7 EdPIT-EdPIT-1-13-19.jpg
Processesing: ../../../data/processed_data/rgb/train/images/013023 4T1 EpP + aPD1-Prestudy-1-7-216-5.jpg
Processesing: ../../../data/processed_data/depth/train/images/013023 4T1 EpP + aPD1-Prestudy-1-7-216-5.jpg
Processesing: ../../../data/processed_data/rgd/train/images/013023 4T1 EpP + aPD1-Prestudy-1-7-216-5.jpg
Processesing: ../../../data/processed_data/rgb/train/images/013023 4T1 EpP + aPD1-aPD1-1-7-214-1.jpg
Processesing: ../../../data/processed_data/depth/train/images/013023 4T1 EpP + aPD1-aPD1-1-7-214-1.jpg
Processesing: ../../../data/processed_data/rgd/train/images/013023 4T1 EpP + aPD1-aPD1-1-7-214-1.jpg
Processesing: ../../../data/processed_data/rgb/train/images/013023 4T1 EpP + aPD1-Control-1-2-212-1.jpg
Processesing: ../../../data/processed_data/depth/train/images/013023 4T1 EpP + aPD1-Control-1-2-212-1.jpg
Processesing: ../../../data/processed_data/rgd/train/images/013023 4T1 EpP + aPD1-Control-1-2-212-1.jpg
Processesing: ../../../data/processed_data/rgb/train/images/013023 4T1 EpP + aPD1-EpPIT-1-2-217-1.jpg
Processesing: ../../../data/processed_data/depth/train/images/013023 4T1 EpP + aPD1-EpPIT-1-2-217-1.jpg
Processesing: ../../../data/processed_data/rgd/train/images/013023 4T1 EpP + aPD1-EpPIT-1-2-217-1.jpg
Processesing: ../../../data/processed_data/rgb/train/images/013023 4T1 EpP + aPD1-Prestudy-1-7-214-5.jpg
Processesing: ../../../data/processed_data/depth/train/images/013023 4T1 EpP + aPD1-Prestudy-1-7-214-5.jpg
Processesing: ../../../data/processed_data/rgd/train/images/013023 4T1 EpP + aPD1-Prestudy-1-7-214-5.jpg
Processesing: ../../../data/processed_data/rgb/train/images/013023 4T1 EpP + aPD1-Prestudy-1-7-218-1.jpg
Processesing: ../../../data/processed_data/depth/train/images/013023 4T1 EpP + aPD1-Prestudy-1-7-218-1.jpg
Processesing: ../../../data/processed_data/rgd/train/images/013023 4T1 EpP + aPD1-Prestudy-1-7-218-1.jpg
Processesing: ../../../data/processed_data/rgb/train/images/032224 MCF7 EdPIT-EdPIT-1-31-08.jpg
Processesing: ../../../data/processed_data/depth/train/images/032224 MCF7 EdPIT-EdPIT-1-31-08.jpg
Processesing: ../../../data/processed_data/rgd/train/images/032224 MCF7 EdPIT-EdPIT-1-31-08.jpg
Processesing: ../../../data/processed_data/rgb/train/images/032224 MCF7 EdPIT-Control-1-34-28.jpg
Processesing: ../../../data/processed_data/depth/train/images/032224 MCF7 EdPIT-Control-1-34-28.jpg
Processesing: ../../../data/processed_data/rgd/train/images/032224 MCF7 EdPIT-Control-1-34-28.jpg
Processesing: ../../../data/processed_data/rgb/train/images/032224 MCF7 EdPIT-Control-1-24-04.jpg
Processesing: ../../../data/processed_data/depth/train/images/032224 MCF7 EdPIT-Control-1-24-04.jpg
Processesing: ../../../data/processed_data/rgd/train/images/032224 MCF7 EdPIT-Control-1-24-04.jpg
Processesing: ../../../data/processed_data/rgb/train/images/032224 MCF7 EdPIT-EdPIT-1-13-14.jpg
Processesing: ../../../data/processed_data/depth/train/images/032224 MCF7 EdPIT-EdPIT-1-13-14.jpg
Processesing: ../../../data/processed_data/rgd/train/images/032224 MCF7 EdPIT-EdPIT-1-13-14.jpg
Processesing: ../../../data/processed_data/rgb/train/images/032224 MCF7 EdPIT-Control-1-31-12.jpg
Processesing: ../../../data/processed_data/depth/train/images/032224 MCF7 EdPIT-Control-1-31-12.jpg
Processesing: ../../../data/processed_data/rgd/train/images/032224 MCF7 EdPIT-Control-1-31-12.jpg
Processesing: ../../../data/processed_data/rgb/train/images/032224 MCF7 EdPIT-EdPIT-1-41-20.jpg
Processesing: ../../../data/processed_data/depth/train/images/032224 MCF7 EdPIT-EdPIT-1-41-20.jpg
Processesing: ../../../data/processed_data/rgd/train/images/032224 MCF7 EdPIT-EdPIT-1-41-20.jpg
Processesing: ../../../data/processed_data/rgb/train/images/032224 MCF7 EdPIT-Control-1-31-24.jpg
Processesing: ../../../data/processed_data/depth/train/images/032224 MCF7 EdPIT-Control-1-31-24.jpg
Processesing: ../../../data/processed_data/rgd/train/images/032224 MCF7 EdPIT-Control-1-31-24.jpg
Processesing: ../../../data/processed_data/rgb/train/images/013023 4T1 EpP + aPD1-Control-1-3-213-5.jpg
Processesing: ../../../data/processed_data/depth/train/images/013023 4T1 EpP + aPD1-Control-1-3-213-5.jpg
Processesing: ../../../data/processed_data/rgd/train/images/013023 4T1 EpP + aPD1-Control-1-3-213-5.jpg
Processesing: ../../../data/processed_data/rgb/train/images/013023 4T1 EpP + aPD1-Control-1-1-213-5.jpg
Processesing: ../../../data/processed_data/depth/train/images/013023 4T1 EpP + aPD1-Control-1-1-213-5.jpg
Processesing: ../../../data/processed_data/rgd/train/images/013023 4T1 EpP + aPD1-Control-1-1-213-5.jpg
Processesing: ../../../data/processed_data/rgb/train/images/013023 4T1 EpP + aPD1-EpPIT-1-1-217-3.jpg
Processesing: ../../../data/processed_data/depth/train/images/013023 4T1 EpP + aPD1-EpPIT-1-1-217-3.jpg
Processesing: ../../../data/processed_data/rgd/train/images/013023 4T1 EpP + aPD1-EpPIT-1-1-217-3.jpg
Processesing: ../../../data/processed_data/rgb/train/images/032224 MCF7 EdPIT-EdPIT-1-29-14.jpg
Processesing: ../../../data/processed_data/depth/train/images/032224 MCF7 EdPIT-EdPIT-1-29-14.jpg
Processesing: ../../../data/processed_data/rgd/train/images/032224 MCF7 EdPIT-EdPIT-1-29-14.jpg
Processesing: ../../../data/processed_data/rgb/train/images/013023 4T1 EpP + aPD1-Control-1-1-212-3.jpg
Processesing: ../../../data/processed_data/depth/train/images/013023 4T1 EpP + aPD1-Control-1-1-212-3.jpg
Processesing: ../../../data/processed_data/rgd/train/images/013023 4T1 EpP + aPD1-Control-1-1-212-3.jpg
Processesing: ../../../data/processed_data/rgb/train/images/013023 4T1 EpP + aPD1-aPD1 + EpP-1-3-219-3.jpg
Processesing: ../../../data/processed_data/depth/train/images/013023 4T1 EpP + aPD1-aPD1 + EpP-1-3-219-3.jpg
Processesing: ../../../data/processed_data/rgd/train/images/013023 4T1 EpP + aPD1-aPD1 + EpP-1-3-219-3.jpg
Processesing: ../../../data/processed_data/rgb/train/images/032224 MCF7 EdPIT-Control-1-27-04.jpg
Processesing: ../../../data/processed_data/depth/train/images/032224 MCF7 EdPIT-Control-1-27-04.jpg
Processesing: ../../../data/processed_data/rgd/train/images/032224 MCF7 EdPIT-Control-1-27-04.jpg
Processesing: ../../../data/processed_data/rgb/train/images/013023 4T1 EpP + aPD1-aPD1 + EpP-1-4-218-5.jpg
Processesing: ../../../data/processed_data/depth/train/images/013023 4T1 EpP + aPD1-aPD1 + EpP-1-4-218-5.jpg
Processesing: ../../../data/processed_data/rgd/train/images/013023 4T1 EpP + aPD1-aPD1 + EpP-1-4-218-5.jpg
Processesing: ../../../data/processed_data/rgb/train/images/032224 MCF7 EdPIT-EdPIT-1-34-14.jpg
Processesing: ../../../data/processed_data/depth/train/images/032224 MCF7 EdPIT-EdPIT-1-34-14.jpg
Processesing: ../../../data/processed_data/rgd/train/images/032224 MCF7 EdPIT-EdPIT-1-34-14.jpg
Processesing: ../../../data/processed_data/rgb/train/images/013023 4T1 EpP + aPD1-EpPIT-1-2-216-3.jpg
Processesing: ../../../data/processed_data/depth/train/images/013023 4T1 EpP + aPD1-EpPIT-1-2-216-3.jpg
Processesing: ../../../data/processed_data/rgd/train/images/013023 4T1 EpP + aPD1-EpPIT-1-2-216-3.jpg
Processesing: ../../../data/processed_data/rgb/train/images/013023 4T1 EpP + aPD1-EpPIT-1-1-216-2.jpg
Processesing: ../../../data/processed_data/depth/train/images/013023 4T1 EpP + aPD1-EpPIT-1-1-216-2.jpg
Processesing: ../../../data/processed_data/rgd/train/images/013023 4T1 EpP + aPD1-EpPIT-1-1-216-2.jpg
Processesing: ../../../data/processed_data/rgb/train/images/032224 MCF7 EdPIT-EdPIT-1-31-17.jpg
Processesing: ../../../data/processed_data/depth/train/images/032224 MCF7 EdPIT-EdPIT-1-31-17.jpg
Processesing: ../../../data/processed_data/rgd/train/images/032224 MCF7 EdPIT-EdPIT-1-31-17.jpg
Processesing: ../../../data/processed_data/rgb/train/images/032224 MCF7 EdPIT-Control-1-45-24.jpg
Processesing: ../../../data/processed_data/depth/train/images/032224 MCF7 EdPIT-Control-1-45-24.jpg
Processesing: ../../../data/processed_data/rgd/train/images/032224 MCF7 EdPIT-Control-1-45-24.jpg
Processesing: ../../../data/processed_data/rgb/train/images/013023 4T1 EpP + aPD1-Prestudy-1-7-219-1.jpg
Processesing: ../../../data/processed_data/depth/train/images/013023 4T1 EpP + aPD1-Prestudy-1-7-219-1.jpg
Processesing: ../../../data/processed_data/rgd/train/images/013023 4T1 EpP + aPD1-Prestudy-1-7-219-1.jpg
Processesing: ../../../data/processed_data/rgb/train/images/032224 MCF7 EdPIT-Control-1-41-03.jpg
Processesing: ../../../data/processed_data/depth/train/images/032224 MCF7 EdPIT-Control-1-41-03.jpg
Processesing: ../../../data/processed_data/rgd/train/images/032224 MCF7 EdPIT-Control-1-41-03.jpg
Processesing: ../../../data/processed_data/rgb/train/images/013023 4T1 EpP + aPD1-EpPIT-1-1-217-1.jpg
Processesing: ../../../data/processed_data/depth/train/images/013023 4T1 EpP + aPD1-EpPIT-1-1-217-1.jpg
Processesing: ../../../data/processed_data/rgd/train/images/013023 4T1 EpP + aPD1-EpPIT-1-1-217-1.jpg
Processesing: ../../../data/processed_data/rgb/train/images/013023 4T1 EpP + aPD1-aPD1-1-3-214-4.jpg
Processesing: ../../../data/processed_data/depth/train/images/013023 4T1 EpP + aPD1-aPD1-1-3-214-4.jpg
Processesing: ../../../data/processed_data/rgd/train/images/013023 4T1 EpP + aPD1-aPD1-1-3-214-4.jpg
Processesing: ../../../data/processed_data/rgb/train/images/013023 4T1 EpP + aPD1-Control-1-2-213-3.jpg
Processesing: ../../../data/processed_data/depth/train/images/013023 4T1 EpP + aPD1-Control-1-2-213-3.jpg
Processesing: ../../../data/processed_data/rgd/train/images/013023 4T1 EpP + aPD1-Control-1-2-213-3.jpg
Processesing: ../../../data/processed_data/rgb/train/images/013023 4T1 EpP + aPD1-Control-1-1-212-2.jpg
Processesing: ../../../data/processed_data/depth/train/images/013023 4T1 EpP + aPD1-Control-1-1-212-2.jpg
Processesing: ../../../data/processed_data/rgd/train/images/013023 4T1 EpP + aPD1-Control-1-1-212-2.jpg
Processesing: ../../../data/processed_data/rgb/train/images/032224 MCF7 EdPIT-Control-1-31-03.jpg
Processesing: ../../../data/processed_data/depth/train/images/032224 MCF7 EdPIT-Control-1-31-03.jpg
Processesing: ../../../data/processed_data/rgd/train/images/032224 MCF7 EdPIT-Control-1-31-03.jpg
Processesing: ../../../data/processed_data/rgb/train/images/013023 4T1 EpP + aPD1-aPD1-1-1-214-2.jpg
Processesing: ../../../data/processed_data/depth/train/images/013023 4T1 EpP + aPD1-aPD1-1-1-214-2.jpg
Processesing: ../../../data/processed_data/rgd/train/images/013023 4T1 EpP + aPD1-aPD1-1-1-214-2.jpg
Processesing: ../../../data/processed_data/rgb/train/images/032224 MCF7 EdPIT-Control-1-38-24.jpg
Processesing: ../../../data/processed_data/depth/train/images/032224 MCF7 EdPIT-Control-1-38-24.jpg
Processesing: ../../../data/processed_data/rgd/train/images/032224 MCF7 EdPIT-Control-1-38-24.jpg
Processesing: ../../../data/processed_data/rgb/train/images/032224 MCF7 EdPIT-EdPIT-1-36-08.jpg
Processesing: ../../../data/processed_data/depth/train/images/032224 MCF7 EdPIT-EdPIT-1-36-08.jpg
Processesing: ../../../data/processed_data/rgd/train/images/032224 MCF7 EdPIT-EdPIT-1-36-08.jpg
Processesing: ../../../data/processed_data/rgb/train/images/013023 4T1 EpP + aPD1-aPD1 + EpP-1-4-218-2.jpg
Processesing: ../../../data/processed_data/depth/train/images/013023 4T1 EpP + aPD1-aPD1 + EpP-1-4-218-2.jpg
Processesing: ../../../data/processed_data/rgd/train/images/013023 4T1 EpP + aPD1-aPD1 + EpP-1-4-218-2.jpg
Processesing: ../../../data/processed_data/rgb/train/images/032224 MCF7 EdPIT-EdPIT-1-45-20.jpg
Processesing: ../../../data/processed_data/depth/train/images/032224 MCF7 EdPIT-EdPIT-1-45-20.jpg
Processesing: ../../../data/processed_data/rgd/train/images/032224 MCF7 EdPIT-EdPIT-1-45-20.jpg
Processesing: ../../../data/processed_data/rgb/train/images/032224 MCF7 EdPIT-EdPIT-1-29-29.jpg
Processesing: ../../../data/processed_data/depth/train/images/032224 MCF7 EdPIT-EdPIT-1-29-29.jpg
Processesing: ../../../data/processed_data/rgd/train/images/032224 MCF7 EdPIT-EdPIT-1-29-29.jpg
Processesing: ../../../data/processed_data/rgb/train/images/013023 4T1 EpP + aPD1-Control-1-7-213-1.jpg
Processesing: ../../../data/processed_data/depth/train/images/013023 4T1 EpP + aPD1-Control-1-7-213-1.jpg
Processesing: ../../../data/processed_data/rgd/train/images/013023 4T1 EpP + aPD1-Control-1-7-213-1.jpg
Processesing: ../../../data/processed_data/rgb/train/images/013023 4T1 EpP + aPD1-aPD1 + EpP-1-3-218-1.jpg
Processesing: ../../../data/processed_data/depth/train/images/013023 4T1 EpP + aPD1-aPD1 + EpP-1-3-218-1.jpg
Processesing: ../../../data/processed_data/rgd/train/images/013023 4T1 EpP + aPD1-aPD1 + EpP-1-3-218-1.jpg
Processesing: ../../../data/processed_data/rgb/train/images/013023 4T1 EpP + aPD1-Prestudy-1-7-214-2.jpg
Processesing: ../../../data/processed_data/depth/train/images/013023 4T1 EpP + aPD1-Prestudy-1-7-214-2.jpg
Processesing: ../../../data/processed_data/rgd/train/images/013023 4T1 EpP + aPD1-Prestudy-1-7-214-2.jpg
Processesing: ../../../data/processed_data/rgb/train/images/013023 4T1 EpP + aPD1-EpPIT-1-4-217-3.jpg
Processesing: ../../../data/processed_data/depth/train/images/013023 4T1 EpP + aPD1-EpPIT-1-4-217-3.jpg
Processesing: ../../../data/processed_data/rgd/train/images/013023 4T1 EpP + aPD1-EpPIT-1-4-217-3.jpg
Processesing: ../../../data/processed_data/rgb/train/images/013023 4T1 EpP + aPD1-Prestudy-1-7-212-2.jpg
Processesing: ../../../data/processed_data/depth/train/images/013023 4T1 EpP + aPD1-Prestudy-1-7-212-2.jpg
Processesing: ../../../data/processed_data/rgd/train/images/013023 4T1 EpP + aPD1-Prestudy-1-7-212-2.jpg
Processesing: ../../../data/processed_data/rgb/train/images/013023 4T1 EpP + aPD1-aPD1-1-2-214-1.jpg
Processesing: ../../../data/processed_data/depth/train/images/013023 4T1 EpP + aPD1-aPD1-1-2-214-1.jpg
Processesing: ../../../data/processed_data/rgd/train/images/013023 4T1 EpP + aPD1-aPD1-1-2-214-1.jpg
Processesing: ../../../data/processed_data/rgb/train/images/032224 MCF7 EdPIT-Control-1-52-12.jpg
Processesing: ../../../data/processed_data/depth/train/images/032224 MCF7 EdPIT-Control-1-52-12.jpg
Processesing: ../../../data/processed_data/rgd/train/images/032224 MCF7 EdPIT-Control-1-52-12.jpg
Processesing: ../../../data/processed_data/rgb/train/images/013023 4T1 EpP + aPD1-Control-1-2-213-5.jpg
Processesing: ../../../data/processed_data/depth/train/images/013023 4T1 EpP + aPD1-Control-1-2-213-5.jpg
Processesing: ../../../data/processed_data/rgd/train/images/013023 4T1 EpP + aPD1-Control-1-2-213-5.jpg
Processesing: ../../../data/processed_data/rgb/train/images/032224 MCF7 EdPIT-Control-1-27-28.jpg
Processesing: ../../../data/processed_data/depth/train/images/032224 MCF7 EdPIT-Control-1-27-28.jpg
Processesing: ../../../data/processed_data/rgd/train/images/032224 MCF7 EdPIT-Control-1-27-28.jpg
Processesing: ../../../data/processed_data/rgb/train/images/013023 4T1 EpP + aPD1-aPD1-1-1-214-5.jpg
Processesing: ../../../data/processed_data/depth/train/images/013023 4T1 EpP + aPD1-aPD1-1-1-214-5.jpg
Processesing: ../../../data/processed_data/rgd/train/images/013023 4T1 EpP + aPD1-aPD1-1-1-214-5.jpg
Processesing: ../../../data/processed_data/rgb/train/images/032224 MCF7 EdPIT-EdPIT-1-49-20.jpg
Processesing: ../../../data/processed_data/depth/train/images/032224 MCF7 EdPIT-EdPIT-1-49-20.jpg
Processesing: ../../../data/processed_data/rgd/train/images/032224 MCF7 EdPIT-EdPIT-1-49-20.jpg
Processesing: ../../../data/processed_data/rgb/train/images/013023 4T1 EpP + aPD1-Control-1-3-213-2.jpg
Processesing: ../../../data/processed_data/depth/train/images/013023 4T1 EpP + aPD1-Control-1-3-213-2.jpg
Processesing: ../../../data/processed_data/rgd/train/images/013023 4T1 EpP + aPD1-Control-1-3-213-2.jpg
Processesing: ../../../data/processed_data/rgb/train/images/032224 MCF7 EdPIT-EdPIT-1-22-17.jpg
Processesing: ../../../data/processed_data/depth/train/images/032224 MCF7 EdPIT-EdPIT-1-22-17.jpg
Processesing: ../../../data/processed_data/rgd/train/images/032224 MCF7 EdPIT-EdPIT-1-22-17.jpg
Processesing: ../../../data/processed_data/rgb/train/images/013023 4T1 EpP + aPD1-EpPIT-1-4-216-2.jpg
Processesing: ../../../data/processed_data/depth/train/images/013023 4T1 EpP + aPD1-EpPIT-1-4-216-2.jpg
Processesing: ../../../data/processed_data/rgd/train/images/013023 4T1 EpP + aPD1-EpPIT-1-4-216-2.jpg
Processesing: ../../../data/processed_data/rgb/train/images/013023 4T1 EpP + aPD1-aPD1-1-7-215-4.jpg
Processesing: ../../../data/processed_data/depth/train/images/013023 4T1 EpP + aPD1-aPD1-1-7-215-4.jpg
Processesing: ../../../data/processed_data/rgd/train/images/013023 4T1 EpP + aPD1-aPD1-1-7-215-4.jpg
Processesing: ../../../data/processed_data/rgb/train/images/013023 4T1 EpP + aPD1-Control-1-1-213-4.jpg
Processesing: ../../../data/processed_data/depth/train/images/013023 4T1 EpP + aPD1-Control-1-1-213-4.jpg
Processesing: ../../../data/processed_data/rgd/train/images/013023 4T1 EpP + aPD1-Control-1-1-213-4.jpg
Processesing: ../../../data/processed_data/rgb/train/images/032224 MCF7 EdPIT-EdPIT-1-15-20.jpg
Processesing: ../../../data/processed_data/depth/train/images/032224 MCF7 EdPIT-EdPIT-1-15-20.jpg
Processesing: ../../../data/processed_data/rgd/train/images/032224 MCF7 EdPIT-EdPIT-1-15-20.jpg
Processesing: ../../../data/processed_data/rgb/train/images/013023 4T1 EpP + aPD1-aPD1-1-1-215-1.jpg
Processesing: ../../../data/processed_data/depth/train/images/013023 4T1 EpP + aPD1-aPD1-1-1-215-1.jpg
Processesing: ../../../data/processed_data/rgd/train/images/013023 4T1 EpP + aPD1-aPD1-1-1-215-1.jpg
Processesing: ../../../data/processed_data/rgb/train/images/032224 MCF7 EdPIT-EdPIT-1-20-08.jpg
Processesing: ../../../data/processed_data/depth/train/images/032224 MCF7 EdPIT-EdPIT-1-20-08.jpg
Processesing: ../../../data/processed_data/rgd/train/images/032224 MCF7 EdPIT-EdPIT-1-20-08.jpg
Processesing: ../../../data/processed_data/rgb/train/images/032224 MCF7 EdPIT-EdPIT-1-34-19.jpg
Processesing: ../../../data/processed_data/depth/train/images/032224 MCF7 EdPIT-EdPIT-1-34-19.jpg
Processesing: ../../../data/processed_data/rgd/train/images/032224 MCF7 EdPIT-EdPIT-1-34-19.jpg
Processesing: ../../../data/processed_data/rgb/train/images/032224 MCF7 EdPIT-EdPIT-1-36-17.jpg
Processesing: ../../../data/processed_data/depth/train/images/032224 MCF7 EdPIT-EdPIT-1-36-17.jpg
Processesing: ../../../data/processed_data/rgd/train/images/032224 MCF7 EdPIT-EdPIT-1-36-17.jpg
Processesing: ../../../data/processed_data/rgb/train/images/032224 MCF7 EdPIT-Control-1-24-25.jpg
Processesing: ../../../data/processed_data/depth/train/images/032224 MCF7 EdPIT-Control-1-24-25.jpg
Processesing: ../../../data/processed_data/rgd/train/images/032224 MCF7 EdPIT-Control-1-24-25.jpg
Processesing: ../../../data/processed_data/rgb/train/images/013023 4T1 EpP + aPD1-EpPIT-1-1-217-2.jpg
Processesing: ../../../data/processed_data/depth/train/images/013023 4T1 EpP + aPD1-EpPIT-1-1-217-2.jpg
Processesing: ../../../data/processed_data/rgd/train/images/013023 4T1 EpP + aPD1-EpPIT-1-1-217-2.jpg
Processesing: ../../../data/processed_data/rgb/train/images/032224 MCF7 EdPIT-EdPIT-1-41-17.jpg
Processesing: ../../../data/processed_data/depth/train/images/032224 MCF7 EdPIT-EdPIT-1-41-17.jpg
Processesing: ../../../data/processed_data/rgd/train/images/032224 MCF7 EdPIT-EdPIT-1-41-17.jpg
Processesing: ../../../data/processed_data/rgb/train/images/032224 MCF7 EdPIT-Control-1-36-11.jpg
Processesing: ../../../data/processed_data/depth/train/images/032224 MCF7 EdPIT-Control-1-36-11.jpg
Processesing: ../../../data/processed_data/rgd/train/images/032224 MCF7 EdPIT-Control-1-36-11.jpg
Processesing: ../../../data/processed_data/rgb/train/images/013023 4T1 EpP + aPD1-EpPIT-1-7-216-2.jpg
Processesing: ../../../data/processed_data/depth/train/images/013023 4T1 EpP + aPD1-EpPIT-1-7-216-2.jpg
Processesing: ../../../data/processed_data/rgd/train/images/013023 4T1 EpP + aPD1-EpPIT-1-7-216-2.jpg
Processesing: ../../../data/processed_data/rgb/train/images/032224 MCF7 EdPIT-Control-1-8-12.jpg
Processesing: ../../../data/processed_data/depth/train/images/032224 MCF7 EdPIT-Control-1-8-12.jpg
Processesing: ../../../data/processed_data/rgd/train/images/032224 MCF7 EdPIT-Control-1-8-12.jpg
Processesing: ../../../data/processed_data/rgb/train/images/032224 MCF7 EdPIT-Control-1-52-11.jpg
Processesing: ../../../data/processed_data/depth/train/images/032224 MCF7 EdPIT-Control-1-52-11.jpg
Processesing: ../../../data/processed_data/rgd/train/images/032224 MCF7 EdPIT-Control-1-52-11.jpg
Processesing: ../../../data/processed_data/rgb/train/images/032224 MCF7 EdPIT-Control-1-43-11.jpg
Processesing: ../../../data/processed_data/depth/train/images/032224 MCF7 EdPIT-Control-1-43-11.jpg
Processesing: ../../../data/processed_data/rgd/train/images/032224 MCF7 EdPIT-Control-1-43-11.jpg
Processesing: ../../../data/processed_data/rgb/train/images/013023 4T1 EpP + aPD1-aPD1 + EpP-1-4-218-3.jpg
Processesing: ../../../data/processed_data/depth/train/images/013023 4T1 EpP + aPD1-aPD1 + EpP-1-4-218-3.jpg
Processesing: ../../../data/processed_data/rgd/train/images/013023 4T1 EpP + aPD1-aPD1 + EpP-1-4-218-3.jpg
Processesing: ../../../data/processed_data/rgb/train/images/013023 4T1 EpP + aPD1-Prestudy-1-7-219-3.jpg
Processesing: ../../../data/processed_data/depth/train/images/013023 4T1 EpP + aPD1-Prestudy-1-7-219-3.jpg
Processesing: ../../../data/processed_data/rgd/train/images/013023 4T1 EpP + aPD1-Prestudy-1-7-219-3.jpg
Processesing: ../../../data/processed_data/rgb/train/images/013023 4T1 EpP + aPD1-Control-1-4-212-3.jpg
Processesing: ../../../data/processed_data/depth/train/images/013023 4T1 EpP + aPD1-Control-1-4-212-3.jpg
Processesing: ../../../data/processed_data/rgd/train/images/013023 4T1 EpP + aPD1-Control-1-4-212-3.jpg
Processesing: ../../../data/processed_data/rgb/train/images/013023 4T1 EpP + aPD1-Control-1-7-212-1.jpg
Processesing: ../../../data/processed_data/depth/train/images/013023 4T1 EpP + aPD1-Control-1-7-212-1.jpg
Processesing: ../../../data/processed_data/rgd/train/images/013023 4T1 EpP + aPD1-Control-1-7-212-1.jpg
Processesing: ../../../data/processed_data/rgb/train/images/032224 MCF7 EdPIT-EdPIT-1-24-08.jpg
Processesing: ../../../data/processed_data/depth/train/images/032224 MCF7 EdPIT-EdPIT-1-24-08.jpg
Processesing: ../../../data/processed_data/rgd/train/images/032224 MCF7 EdPIT-EdPIT-1-24-08.jpg
Processesing: ../../../data/processed_data/rgb/train/images/013023 4T1 EpP + aPD1-EpPIT-1-1-217-4.jpg
Processesing: ../../../data/processed_data/depth/train/images/013023 4T1 EpP + aPD1-EpPIT-1-1-217-4.jpg
Processesing: ../../../data/processed_data/rgd/train/images/013023 4T1 EpP + aPD1-EpPIT-1-1-217-4.jpg
Processesing: ../../../data/processed_data/rgb/train/images/032224 MCF7 EdPIT-Control-1-36-25.jpg
Processesing: ../../../data/processed_data/depth/train/images/032224 MCF7 EdPIT-Control-1-36-25.jpg
Processesing: ../../../data/processed_data/rgd/train/images/032224 MCF7 EdPIT-Control-1-36-25.jpg
Processesing: ../../../data/processed_data/rgb/train/images/032224 MCF7 EdPIT-EdPIT-1-34-22.jpg
Processesing: ../../../data/processed_data/depth/train/images/032224 MCF7 EdPIT-EdPIT-1-34-22.jpg
Processesing: ../../../data/processed_data/rgd/train/images/032224 MCF7 EdPIT-EdPIT-1-34-22.jpg
Processesing: ../../../data/processed_data/rgb/train/images/013023 4T1 EpP + aPD1-aPD1-1-2-214-3.jpg
Processesing: ../../../data/processed_data/depth/train/images/013023 4T1 EpP + aPD1-aPD1-1-2-214-3.jpg
Processesing: ../../../data/processed_data/rgd/train/images/013023 4T1 EpP + aPD1-aPD1-1-2-214-3.jpg
Processesing: ../../../data/processed_data/rgb/train/images/032224 MCF7 EdPIT-EdPIT-1-24-13.jpg
Processesing: ../../../data/processed_data/depth/train/images/032224 MCF7 EdPIT-EdPIT-1-24-13.jpg
Processesing: ../../../data/processed_data/rgd/train/images/032224 MCF7 EdPIT-EdPIT-1-24-13.jpg
Processesing: ../../../data/processed_data/rgb/train/images/013023 4T1 EpP + aPD1-aPD1 + EpP-1-7-218-2.jpg
Processesing: ../../../data/processed_data/depth/train/images/013023 4T1 EpP + aPD1-aPD1 + EpP-1-7-218-2.jpg
Processesing: ../../../data/processed_data/rgd/train/images/013023 4T1 EpP + aPD1-aPD1 + EpP-1-7-218-2.jpg
Processesing: ../../../data/processed_data/rgb/train/images/013023 4T1 EpP + aPD1-Control-1-3-213-1.jpg
Processesing: ../../../data/processed_data/depth/train/images/013023 4T1 EpP + aPD1-Control-1-3-213-1.jpg
Processesing: ../../../data/processed_data/rgd/train/images/013023 4T1 EpP + aPD1-Control-1-3-213-1.jpg
Processesing: ../../../data/processed_data/rgb/train/images/013023 4T1 EpP + aPD1-aPD1-1-4-215-3.jpg
Processesing: ../../../data/processed_data/depth/train/images/013023 4T1 EpP + aPD1-aPD1-1-4-215-3.jpg
Processesing: ../../../data/processed_data/rgd/train/images/013023 4T1 EpP + aPD1-aPD1-1-4-215-3.jpg
Processesing: ../../../data/processed_data/rgb/train/images/032224 MCF7 EdPIT-Control-1-31-18.jpg
Processesing: ../../../data/processed_data/depth/train/images/032224 MCF7 EdPIT-Control-1-31-18.jpg
Processesing: ../../../data/processed_data/rgd/train/images/032224 MCF7 EdPIT-Control-1-31-18.jpg
Processesing: ../../../data/processed_data/rgb/train/images/032224 MCF7 EdPIT-Control-1-15-30.jpg
Processesing: ../../../data/processed_data/depth/train/images/032224 MCF7 EdPIT-Control-1-15-30.jpg
Processesing: ../../../data/processed_data/rgd/train/images/032224 MCF7 EdPIT-Control-1-15-30.jpg
Processesing: ../../../data/processed_data/rgb/train/images/013023 4T1 EpP + aPD1-aPD1 + EpP-1-1-219-1.jpg
Processesing: ../../../data/processed_data/depth/train/images/013023 4T1 EpP + aPD1-aPD1 + EpP-1-1-219-1.jpg
Processesing: ../../../data/processed_data/rgd/train/images/013023 4T1 EpP + aPD1-aPD1 + EpP-1-1-219-1.jpg
Processesing: ../../../data/processed_data/rgb/train/images/032224 MCF7 EdPIT-Control-1-43-12.jpg
Processesing: ../../../data/processed_data/depth/train/images/032224 MCF7 EdPIT-Control-1-43-12.jpg
Processesing: ../../../data/processed_data/rgd/train/images/032224 MCF7 EdPIT-Control-1-43-12.jpg
Processesing: ../../../data/processed_data/rgb/train/images/032224 MCF7 EdPIT-EdPIT-1-15-13.jpg
Processesing: ../../../data/processed_data/depth/train/images/032224 MCF7 EdPIT-EdPIT-1-15-13.jpg
Processesing: ../../../data/processed_data/rgd/train/images/032224 MCF7 EdPIT-EdPIT-1-15-13.jpg
Processesing: ../../../data/processed_data/rgb/train/images/032224 MCF7 EdPIT-Control-1-15-03.jpg
Processesing: ../../../data/processed_data/depth/train/images/032224 MCF7 EdPIT-Control-1-15-03.jpg
Processesing: ../../../data/processed_data/rgd/train/images/032224 MCF7 EdPIT-Control-1-15-03.jpg
Processesing: ../../../data/processed_data/rgb/train/images/013023 4T1 EpP + aPD1-Prestudy-1-7-215-4.jpg
Processesing: ../../../data/processed_data/depth/train/images/013023 4T1 EpP + aPD1-Prestudy-1-7-215-4.jpg
Processesing: ../../../data/processed_data/rgd/train/images/013023 4T1 EpP + aPD1-Prestudy-1-7-215-4.jpg
Processesing: ../../../data/processed_data/rgb/train/images/032224 MCF7 EdPIT-EdPIT-1-22-13.jpg
Processesing: ../../../data/processed_data/depth/train/images/032224 MCF7 EdPIT-EdPIT-1-22-13.jpg
Processesing: ../../../data/processed_data/rgd/train/images/032224 MCF7 EdPIT-EdPIT-1-22-13.jpg
Processesing: ../../../data/processed_data/rgb/train/images/013023 4T1 EpP + aPD1-Prestudy-1-7-216-2.jpg
Processesing: ../../../data/processed_data/depth/train/images/013023 4T1 EpP + aPD1-Prestudy-1-7-216-2.jpg
Processesing: ../../../data/processed_data/rgd/train/images/013023 4T1 EpP + aPD1-Prestudy-1-7-216-2.jpg
Processesing: ../../../data/processed_data/rgb/train/images/013023 4T1 EpP + aPD1-aPD1-1-7-214-2.jpg
Processesing: ../../../data/processed_data/depth/train/images/013023 4T1 EpP + aPD1-aPD1-1-7-214-2.jpg
Processesing: ../../../data/processed_data/rgd/train/images/013023 4T1 EpP + aPD1-aPD1-1-7-214-2.jpg
Processesing: ../../../data/processed_data/rgb/train/images/032224 MCF7 EdPIT-EdPIT-1-36-19.jpg
Processesing: ../../../data/processed_data/depth/train/images/032224 MCF7 EdPIT-EdPIT-1-36-19.jpg
Processesing: ../../../data/processed_data/rgd/train/images/032224 MCF7 EdPIT-EdPIT-1-36-19.jpg
Processesing: ../../../data/processed_data/rgb/train/images/032224 MCF7 EdPIT-EdPIT-1-45-08.jpg
Processesing: ../../../data/processed_data/depth/train/images/032224 MCF7 EdPIT-EdPIT-1-45-08.jpg
Processesing: ../../../data/processed_data/rgd/train/images/032224 MCF7 EdPIT-EdPIT-1-45-08.jpg
Processesing: ../../../data/processed_data/rgb/train/images/013023 4T1 EpP + aPD1-Control-1-4-213-4.jpg
Processesing: ../../../data/processed_data/depth/train/images/013023 4T1 EpP + aPD1-Control-1-4-213-4.jpg
Processesing: ../../../data/processed_data/rgd/train/images/013023 4T1 EpP + aPD1-Control-1-4-213-4.jpg
Processesing: ../../../data/processed_data/rgb/train/images/032224 MCF7 EdPIT-EdPIT-1-29-13.jpg
Processesing: ../../../data/processed_data/depth/train/images/032224 MCF7 EdPIT-EdPIT-1-29-13.jpg
Processesing: ../../../data/processed_data/rgd/train/images/032224 MCF7 EdPIT-EdPIT-1-29-13.jpg
Processesing: ../../../data/processed_data/rgb/train/images/032224 MCF7 EdPIT-Control-1-24-30.jpg
Processesing: ../../../data/processed_data/depth/train/images/032224 MCF7 EdPIT-Control-1-24-30.jpg
Processesing: ../../../data/processed_data/rgd/train/images/032224 MCF7 EdPIT-Control-1-24-30.jpg
Processesing: ../../../data/processed_data/rgb/train/images/032224 MCF7 EdPIT-Control-1-20-11.jpg
Processesing: ../../../data/processed_data/depth/train/images/032224 MCF7 EdPIT-Control-1-20-11.jpg
Processesing: ../../../data/processed_data/rgd/train/images/032224 MCF7 EdPIT-Control-1-20-11.jpg
Processesing: ../../../data/processed_data/rgb/train/images/013023 4T1 EpP + aPD1-Control-1-4-212-5.jpg
Processesing: ../../../data/processed_data/depth/train/images/013023 4T1 EpP + aPD1-Control-1-4-212-5.jpg
Processesing: ../../../data/processed_data/rgd/train/images/013023 4T1 EpP + aPD1-Control-1-4-212-5.jpg
Processesing: ../../../data/processed_data/rgb/train/images/013023 4T1 EpP + aPD1-aPD1 + EpP-1-1-219-2.jpg
Processesing: ../../../data/processed_data/depth/train/images/013023 4T1 EpP + aPD1-aPD1 + EpP-1-1-219-2.jpg
Processesing: ../../../data/processed_data/rgd/train/images/013023 4T1 EpP + aPD1-aPD1 + EpP-1-1-219-2.jpg
Processesing: ../../../data/processed_data/rgb/train/images/032224 MCF7 EdPIT-Control-1-45-11.jpg
Processesing: ../../../data/processed_data/depth/train/images/032224 MCF7 EdPIT-Control-1-45-11.jpg
Processesing: ../../../data/processed_data/rgd/train/images/032224 MCF7 EdPIT-Control-1-45-11.jpg
Processesing: ../../../data/processed_data/rgb/train/images/013023 4T1 EpP + aPD1-aPD1 + EpP-1-1-218-4.jpg
Processesing: ../../../data/processed_data/depth/train/images/013023 4T1 EpP + aPD1-aPD1 + EpP-1-1-218-4.jpg
Processesing: ../../../data/processed_data/rgd/train/images/013023 4T1 EpP + aPD1-aPD1 + EpP-1-1-218-4.jpg
Processesing: ../../../data/processed_data/rgb/train/images/013023 4T1 EpP + aPD1-Control-1-7-213-3.jpg
Processesing: ../../../data/processed_data/depth/train/images/013023 4T1 EpP + aPD1-Control-1-7-213-3.jpg
Processesing: ../../../data/processed_data/rgd/train/images/013023 4T1 EpP + aPD1-Control-1-7-213-3.jpg
Processesing: ../../../data/processed_data/rgb/train/images/013023 4T1 EpP + aPD1-Control-1-7-213-4.jpg
Processesing: ../../../data/processed_data/depth/train/images/013023 4T1 EpP + aPD1-Control-1-7-213-4.jpg
Processesing: ../../../data/processed_data/rgd/train/images/013023 4T1 EpP + aPD1-Control-1-7-213-4.jpg
Processesing: ../../../data/processed_data/rgb/train/images/032224 MCF7 EdPIT-EdPIT-1-49-29.jpg
Processesing: ../../../data/processed_data/depth/train/images/032224 MCF7 EdPIT-EdPIT-1-49-29.jpg
Processesing: ../../../data/processed_data/rgd/train/images/032224 MCF7 EdPIT-EdPIT-1-49-29.jpg
Processesing: ../../../data/processed_data/rgb/train/images/013023 4T1 EpP + aPD1-Control-1-2-213-1.jpg
Processesing: ../../../data/processed_data/depth/train/images/013023 4T1 EpP + aPD1-Control-1-2-213-1.jpg
Processesing: ../../../data/processed_data/rgd/train/images/013023 4T1 EpP + aPD1-Control-1-2-213-1.jpg
Processesing: ../../../data/processed_data/rgb/train/images/013023 4T1 EpP + aPD1-aPD1 + EpP-1-7-219-2.jpg
Processesing: ../../../data/processed_data/depth/train/images/013023 4T1 EpP + aPD1-aPD1 + EpP-1-7-219-2.jpg
Processesing: ../../../data/processed_data/rgd/train/images/013023 4T1 EpP + aPD1-aPD1 + EpP-1-7-219-2.jpg
Processesing: ../../../data/processed_data/rgb/train/images/013023 4T1 EpP + aPD1-Control-1-1-212-1.jpg
Processesing: ../../../data/processed_data/depth/train/images/013023 4T1 EpP + aPD1-Control-1-1-212-1.jpg
Processesing: ../../../data/processed_data/rgd/train/images/013023 4T1 EpP + aPD1-Control-1-1-212-1.jpg
Processesing: ../../../data/processed_data/rgb/train/images/013023 4T1 EpP + aPD1-aPD1 + EpP-1-1-219-3.jpg
Processesing: ../../../data/processed_data/depth/train/images/013023 4T1 EpP + aPD1-aPD1 + EpP-1-1-219-3.jpg
Processesing: ../../../data/processed_data/rgd/train/images/013023 4T1 EpP + aPD1-aPD1 + EpP-1-1-219-3.jpg
Processesing: ../../../data/processed_data/rgb/train/images/032224 MCF7 EdPIT-EdPIT-1-22-08.jpg
Processesing: ../../../data/processed_data/depth/train/images/032224 MCF7 EdPIT-EdPIT-1-22-08.jpg
Processesing: ../../../data/processed_data/rgd/train/images/032224 MCF7 EdPIT-EdPIT-1-22-08.jpg
Processesing: ../../../data/processed_data/rgb/train/images/013023 4T1 EpP + aPD1-aPD1-1-4-215-1.jpg
Processesing: ../../../data/processed_data/depth/train/images/013023 4T1 EpP + aPD1-aPD1-1-4-215-1.jpg
Processesing: ../../../data/processed_data/rgd/train/images/013023 4T1 EpP + aPD1-aPD1-1-4-215-1.jpg
Processesing: ../../../data/processed_data/rgb/train/images/013023 4T1 EpP + aPD1-aPD1 + EpP-1-1-218-2.jpg
Processesing: ../../../data/processed_data/depth/train/images/013023 4T1 EpP + aPD1-aPD1 + EpP-1-1-218-2.jpg
Processesing: ../../../data/processed_data/rgd/train/images/013023 4T1 EpP + aPD1-aPD1 + EpP-1-1-218-2.jpg
Processesing: ../../../data/processed_data/rgb/train/images/032224 MCF7 EdPIT-Control-1-43-25.jpg
Processesing: ../../../data/processed_data/depth/train/images/032224 MCF7 EdPIT-Control-1-43-25.jpg
Processesing: ../../../data/processed_data/rgd/train/images/032224 MCF7 EdPIT-Control-1-43-25.jpg
Processesing: ../../../data/processed_data/rgb/train/images/013023 4T1 EpP + aPD1-Control-1-2-212-4.jpg
Processesing: ../../../data/processed_data/depth/train/images/013023 4T1 EpP + aPD1-Control-1-2-212-4.jpg
Processesing: ../../../data/processed_data/rgd/train/images/013023 4T1 EpP + aPD1-Control-1-2-212-4.jpg
Processesing: ../../../data/processed_data/rgb/train/images/032224 MCF7 EdPIT-EdPIT-1-22-29.jpg
Processesing: ../../../data/processed_data/depth/train/images/032224 MCF7 EdPIT-EdPIT-1-22-29.jpg
Processesing: ../../../data/processed_data/rgd/train/images/032224 MCF7 EdPIT-EdPIT-1-22-29.jpg
Processesing: ../../../data/processed_data/rgb/train/images/032224 MCF7 EdPIT-Control-1-41-24.jpg
Processesing: ../../../data/processed_data/depth/train/images/032224 MCF7 EdPIT-Control-1-41-24.jpg
Processesing: ../../../data/processed_data/rgd/train/images/032224 MCF7 EdPIT-Control-1-41-24.jpg
Processesing: ../../../data/processed_data/rgb/train/images/013023 4T1 EpP + aPD1-aPD1 + EpP-1-2-219-4.jpg
Processesing: ../../../data/processed_data/depth/train/images/013023 4T1 EpP + aPD1-aPD1 + EpP-1-2-219-4.jpg
Processesing: ../../../data/processed_data/rgd/train/images/013023 4T1 EpP + aPD1-aPD1 + EpP-1-2-219-4.jpg
Processesing: ../../../data/processed_data/rgb/train/images/032224 MCF7 EdPIT-Control-1-24-18.jpg
Processesing: ../../../data/processed_data/depth/train/images/032224 MCF7 EdPIT-Control-1-24-18.jpg
Processesing: ../../../data/processed_data/rgd/train/images/032224 MCF7 EdPIT-Control-1-24-18.jpg
Processesing: ../../../data/processed_data/rgb/train/images/013023 4T1 EpP + aPD1-aPD1 + EpP-1-7-218-5.jpg
Processesing: ../../../data/processed_data/depth/train/images/013023 4T1 EpP + aPD1-aPD1 + EpP-1-7-218-5.jpg
Processesing: ../../../data/processed_data/rgd/train/images/013023 4T1 EpP + aPD1-aPD1 + EpP-1-7-218-5.jpg
Processesing: ../../../data/processed_data/rgb/train/images/032224 MCF7 EdPIT-Control-1-15-04.jpg
Processesing: ../../../data/processed_data/depth/train/images/032224 MCF7 EdPIT-Control-1-15-04.jpg
Processesing: ../../../data/processed_data/rgd/train/images/032224 MCF7 EdPIT-Control-1-15-04.jpg
Processesing: ../../../data/processed_data/rgb/train/images/032224 MCF7 EdPIT-EdPIT-1-13-17.jpg
Processesing: ../../../data/processed_data/depth/train/images/032224 MCF7 EdPIT-EdPIT-1-13-17.jpg
Processesing: ../../../data/processed_data/rgd/train/images/032224 MCF7 EdPIT-EdPIT-1-13-17.jpg
Processesing: ../../../data/processed_data/rgb/train/images/013023 4T1 EpP + aPD1-Prestudy-1-7-212-3.jpg
Processesing: ../../../data/processed_data/depth/train/images/013023 4T1 EpP + aPD1-Prestudy-1-7-212-3.jpg
Processesing: ../../../data/processed_data/rgd/train/images/013023 4T1 EpP + aPD1-Prestudy-1-7-212-3.jpg
Processesing: ../../../data/processed_data/rgb/train/images/013023 4T1 EpP + aPD1-aPD1-1-4-214-3.jpg
Processesing: ../../../data/processed_data/depth/train/images/013023 4T1 EpP + aPD1-aPD1-1-4-214-3.jpg
Processesing: ../../../data/processed_data/rgd/train/images/013023 4T1 EpP + aPD1-aPD1-1-4-214-3.jpg
Processesing: ../../../data/processed_data/rgb/train/images/013023 4T1 EpP + aPD1-aPD1 + EpP-1-2-219-5.jpg
Processesing: ../../../data/processed_data/depth/train/images/013023 4T1 EpP + aPD1-aPD1 + EpP-1-2-219-5.jpg
Processesing: ../../../data/processed_data/rgd/train/images/013023 4T1 EpP + aPD1-aPD1 + EpP-1-2-219-5.jpg
Processesing: ../../../data/processed_data/rgb/train/images/013023 4T1 EpP + aPD1-aPD1-1-3-215-5.jpg
Processesing: ../../../data/processed_data/depth/train/images/013023 4T1 EpP + aPD1-aPD1-1-3-215-5.jpg
Processesing: ../../../data/processed_data/rgd/train/images/013023 4T1 EpP + aPD1-aPD1-1-3-215-5.jpg
Processesing: ../../../data/processed_data/rgb/train/images/032224 MCF7 EdPIT-Control-1-43-28.jpg
Processesing: ../../../data/processed_data/depth/train/images/032224 MCF7 EdPIT-Control-1-43-28.jpg
Processesing: ../../../data/processed_data/rgd/train/images/032224 MCF7 EdPIT-Control-1-43-28.jpg
Processesing: ../../../data/processed_data/rgb/train/images/013023 4T1 EpP + aPD1-EpPIT-1-7-217-5.jpg
Processesing: ../../../data/processed_data/depth/train/images/013023 4T1 EpP + aPD1-EpPIT-1-7-217-5.jpg
Processesing: ../../../data/processed_data/rgd/train/images/013023 4T1 EpP + aPD1-EpPIT-1-7-217-5.jpg
Processesing: ../../../data/processed_data/rgb/train/images/013023 4T1 EpP + aPD1-aPD1 + EpP-1-2-219-1.jpg
Processesing: ../../../data/processed_data/depth/train/images/013023 4T1 EpP + aPD1-aPD1 + EpP-1-2-219-1.jpg
Processesing: ../../../data/processed_data/rgd/train/images/013023 4T1 EpP + aPD1-aPD1 + EpP-1-2-219-1.jpg
Processesing: ../../../data/processed_data/rgb/train/images/013023 4T1 EpP + aPD1-EpPIT-1-1-216-5.jpg
Processesing: ../../../data/processed_data/depth/train/images/013023 4T1 EpP + aPD1-EpPIT-1-1-216-5.jpg
Processesing: ../../../data/processed_data/rgd/train/images/013023 4T1 EpP + aPD1-EpPIT-1-1-216-5.jpg
Processesing: ../../../data/processed_data/rgb/train/images/032224 MCF7 EdPIT-Control-1-8-04.jpg
Processesing: ../../../data/processed_data/depth/train/images/032224 MCF7 EdPIT-Control-1-8-04.jpg
Processesing: ../../../data/processed_data/rgd/train/images/032224 MCF7 EdPIT-Control-1-8-04.jpg
Processesing: ../../../data/processed_data/rgb/train/images/032224 MCF7 EdPIT-Control-1-17-18.jpg
Processesing: ../../../data/processed_data/depth/train/images/032224 MCF7 EdPIT-Control-1-17-18.jpg
Processesing: ../../../data/processed_data/rgd/train/images/032224 MCF7 EdPIT-Control-1-17-18.jpg
Processesing: ../../../data/processed_data/rgb/train/images/013023 4T1 EpP + aPD1-EpPIT-1-3-217-5.jpg
Processesing: ../../../data/processed_data/depth/train/images/013023 4T1 EpP + aPD1-EpPIT-1-3-217-5.jpg
Processesing: ../../../data/processed_data/rgd/train/images/013023 4T1 EpP + aPD1-EpPIT-1-3-217-5.jpg
Processesing: ../../../data/processed_data/rgb/train/images/013023 4T1 EpP + aPD1-Control-1-1-212-4.jpg
Processesing: ../../../data/processed_data/depth/train/images/013023 4T1 EpP + aPD1-Control-1-1-212-4.jpg
Processesing: ../../../data/processed_data/rgd/train/images/013023 4T1 EpP + aPD1-Control-1-1-212-4.jpg
Processesing: ../../../data/processed_data/rgb/train/images/013023 4T1 EpP + aPD1-Control-1-4-213-3.jpg
Processesing: ../../../data/processed_data/depth/train/images/013023 4T1 EpP + aPD1-Control-1-4-213-3.jpg
Processesing: ../../../data/processed_data/rgd/train/images/013023 4T1 EpP + aPD1-Control-1-4-213-3.jpg
Processesing: ../../../data/processed_data/rgb/train/images/032224 MCF7 EdPIT-EdPIT-1-15-14.jpg
Processesing: ../../../data/processed_data/depth/train/images/032224 MCF7 EdPIT-EdPIT-1-15-14.jpg
Processesing: ../../../data/processed_data/rgd/train/images/032224 MCF7 EdPIT-EdPIT-1-15-14.jpg
Processesing: ../../../data/processed_data/rgb/train/images/013023 4T1 EpP + aPD1-aPD1-1-1-215-2.jpg
Processesing: ../../../data/processed_data/depth/train/images/013023 4T1 EpP + aPD1-aPD1-1-1-215-2.jpg
Processesing: ../../../data/processed_data/rgd/train/images/013023 4T1 EpP + aPD1-aPD1-1-1-215-2.jpg
Processesing: ../../../data/processed_data/rgb/train/images/032224 MCF7 EdPIT-EdPIT-1-13-22.jpg
Processesing: ../../../data/processed_data/depth/train/images/032224 MCF7 EdPIT-EdPIT-1-13-22.jpg
Processesing: ../../../data/processed_data/rgd/train/images/032224 MCF7 EdPIT-EdPIT-1-13-22.jpg
Processesing: ../../../data/processed_data/rgb/train/images/013023 4T1 EpP + aPD1-Prestudy-1-7-216-3.jpg
Processesing: ../../../data/processed_data/depth/train/images/013023 4T1 EpP + aPD1-Prestudy-1-7-216-3.jpg
Processesing: ../../../data/processed_data/rgd/train/images/013023 4T1 EpP + aPD1-Prestudy-1-7-216-3.jpg
Processesing: ../../../data/processed_data/rgb/train/images/032224 MCF7 EdPIT-Control-1-52-28.jpg
Processesing: ../../../data/processed_data/depth/train/images/032224 MCF7 EdPIT-Control-1-52-28.jpg
Processesing: ../../../data/processed_data/rgd/train/images/032224 MCF7 EdPIT-Control-1-52-28.jpg
Processesing: ../../../data/processed_data/rgb/train/images/013023 4T1 EpP + aPD1-EpPIT-1-2-216-2.jpg
Processesing: ../../../data/processed_data/depth/train/images/013023 4T1 EpP + aPD1-EpPIT-1-2-216-2.jpg
Processesing: ../../../data/processed_data/rgd/train/images/013023 4T1 EpP + aPD1-EpPIT-1-2-216-2.jpg
Processesing: ../../../data/processed_data/rgb/train/images/013023 4T1 EpP + aPD1-EpPIT-1-7-217-2.jpg
Processesing: ../../../data/processed_data/depth/train/images/013023 4T1 EpP + aPD1-EpPIT-1-7-217-2.jpg
Processesing: ../../../data/processed_data/rgd/train/images/013023 4T1 EpP + aPD1-EpPIT-1-7-217-2.jpg
Processesing: ../../../data/processed_data/rgb/train/images/013023 4T1 EpP + aPD1-EpPIT-1-1-216-1.jpg
Processesing: ../../../data/processed_data/depth/train/images/013023 4T1 EpP + aPD1-EpPIT-1-1-216-1.jpg
Processesing: ../../../data/processed_data/rgd/train/images/013023 4T1 EpP + aPD1-EpPIT-1-1-216-1.jpg
Processesing: ../../../data/processed_data/rgb/train/images/013023 4T1 EpP + aPD1-Control-1-4-212-2.jpg
Processesing: ../../../data/processed_data/depth/train/images/013023 4T1 EpP + aPD1-Control-1-4-212-2.jpg
Processesing: ../../../data/processed_data/rgd/train/images/013023 4T1 EpP + aPD1-Control-1-4-212-2.jpg
Processesing: ../../../data/processed_data/rgb/train/images/013023 4T1 EpP + aPD1-Prestudy-1-7-213-5.jpg
Processesing: ../../../data/processed_data/depth/train/images/013023 4T1 EpP + aPD1-Prestudy-1-7-213-5.jpg
Processesing: ../../../data/processed_data/rgd/train/images/013023 4T1 EpP + aPD1-Prestudy-1-7-213-5.jpg
Processesing: ../../../data/processed_data/rgb/train/images/032224 MCF7 EdPIT-EdPIT-1-43-22.jpg
Processesing: ../../../data/processed_data/depth/train/images/032224 MCF7 EdPIT-EdPIT-1-43-22.jpg
Processesing: ../../../data/processed_data/rgd/train/images/032224 MCF7 EdPIT-EdPIT-1-43-22.jpg
Processesing: ../../../data/processed_data/rgb/train/images/032224 MCF7 EdPIT-Control-1-24-28.jpg
Processesing: ../../../data/processed_data/depth/train/images/032224 MCF7 EdPIT-Control-1-24-28.jpg
Processesing: ../../../data/processed_data/rgd/train/images/032224 MCF7 EdPIT-Control-1-24-28.jpg
Processesing: ../../../data/processed_data/rgb/train/images/032224 MCF7 EdPIT-Control-1-36-30.jpg
Processesing: ../../../data/processed_data/depth/train/images/032224 MCF7 EdPIT-Control-1-36-30.jpg
Processesing: ../../../data/processed_data/rgd/train/images/032224 MCF7 EdPIT-Control-1-36-30.jpg
Processesing: ../../../data/processed_data/rgb/train/images/013023 4T1 EpP + aPD1-Control-1-4-212-4.jpg
Processesing: ../../../data/processed_data/depth/train/images/013023 4T1 EpP + aPD1-Control-1-4-212-4.jpg
Processesing: ../../../data/processed_data/rgd/train/images/013023 4T1 EpP + aPD1-Control-1-4-212-4.jpg
Processesing: ../../../data/processed_data/rgb/train/images/032224 MCF7 EdPIT-Control-1-8-01.jpg
Processesing: ../../../data/processed_data/depth/train/images/032224 MCF7 EdPIT-Control-1-8-01.jpg
Processesing: ../../../data/processed_data/rgd/train/images/032224 MCF7 EdPIT-Control-1-8-01.jpg
Processesing: ../../../data/processed_data/rgb/train/images/032224 MCF7 EdPIT-EdPIT-1-43-20.jpg
Processesing: ../../../data/processed_data/depth/train/images/032224 MCF7 EdPIT-EdPIT-1-43-20.jpg
Processesing: ../../../data/processed_data/rgd/train/images/032224 MCF7 EdPIT-EdPIT-1-43-20.jpg
Processesing: ../../../data/processed_data/rgb/train/images/032224 MCF7 EdPIT-Control-1-22-12.jpg
Processesing: ../../../data/processed_data/depth/train/images/032224 MCF7 EdPIT-Control-1-22-12.jpg
Processesing: ../../../data/processed_data/rgd/train/images/032224 MCF7 EdPIT-Control-1-22-12.jpg
Processesing: ../../../data/processed_data/rgb/train/images/013023 4T1 EpP + aPD1-Control-1-3-212-4.jpg
Processesing: ../../../data/processed_data/depth/train/images/013023 4T1 EpP + aPD1-Control-1-3-212-4.jpg
Processesing: ../../../data/processed_data/rgd/train/images/013023 4T1 EpP + aPD1-Control-1-3-212-4.jpg
Processesing: ../../../data/processed_data/rgb/train/images/013023 4T1 EpP + aPD1-aPD1 + EpP-1-2-219-3.jpg
Processesing: ../../../data/processed_data/depth/train/images/013023 4T1 EpP + aPD1-aPD1 + EpP-1-2-219-3.jpg
Processesing: ../../../data/processed_data/rgd/train/images/013023 4T1 EpP + aPD1-aPD1 + EpP-1-2-219-3.jpg
Processesing: ../../../data/processed_data/rgb/train/images/013023 4T1 EpP + aPD1-aPD1-1-4-215-4.jpg
Processesing: ../../../data/processed_data/depth/train/images/013023 4T1 EpP + aPD1-aPD1-1-4-215-4.jpg
Processesing: ../../../data/processed_data/rgd/train/images/013023 4T1 EpP + aPD1-aPD1-1-4-215-4.jpg
Processesing: ../../../data/processed_data/rgb/train/images/013023 4T1 EpP + aPD1-aPD1-1-4-214-2.jpg
Processesing: ../../../data/processed_data/depth/train/images/013023 4T1 EpP + aPD1-aPD1-1-4-214-2.jpg
Processesing: ../../../data/processed_data/rgd/train/images/013023 4T1 EpP + aPD1-aPD1-1-4-214-2.jpg
Processesing: ../../../data/processed_data/rgb/train/images/032224 MCF7 EdPIT-Control-1-57-11.jpg
Processesing: ../../../data/processed_data/depth/train/images/032224 MCF7 EdPIT-Control-1-57-11.jpg
Processesing: ../../../data/processed_data/rgd/train/images/032224 MCF7 EdPIT-Control-1-57-11.jpg
Processesing: ../../../data/processed_data/rgb/train/images/013023 4T1 EpP + aPD1-aPD1 + EpP-1-2-218-3.jpg
Processesing: ../../../data/processed_data/depth/train/images/013023 4T1 EpP + aPD1-aPD1 + EpP-1-2-218-3.jpg
Processesing: ../../../data/processed_data/rgd/train/images/013023 4T1 EpP + aPD1-aPD1 + EpP-1-2-218-3.jpg
Processesing: ../../../data/processed_data/rgb/train/images/013023 4T1 EpP + aPD1-aPD1 + EpP-1-1-218-1.jpg
Processesing: ../../../data/processed_data/depth/train/images/013023 4T1 EpP + aPD1-aPD1 + EpP-1-1-218-1.jpg
Processesing: ../../../data/processed_data/rgd/train/images/013023 4T1 EpP + aPD1-aPD1 + EpP-1-1-218-1.jpg
Processesing: ../../../data/processed_data/rgb/train/images/013023 4T1 EpP + aPD1-aPD1 + EpP-1-4-218-4.jpg
Processesing: ../../../data/processed_data/depth/train/images/013023 4T1 EpP + aPD1-aPD1 + EpP-1-4-218-4.jpg
Processesing: ../../../data/processed_data/rgd/train/images/013023 4T1 EpP + aPD1-aPD1 + EpP-1-4-218-4.jpg
Processesing: ../../../data/processed_data/rgb/train/images/032224 MCF7 EdPIT-EdPIT-1-52-08.jpg
Processesing: ../../../data/processed_data/depth/train/images/032224 MCF7 EdPIT-EdPIT-1-52-08.jpg
Processesing: ../../../data/processed_data/rgd/train/images/032224 MCF7 EdPIT-EdPIT-1-52-08.jpg
Processesing: ../../../data/processed_data/rgb/train/images/032224 MCF7 EdPIT-Control-1-45-25.jpg
Processesing: ../../../data/processed_data/depth/train/images/032224 MCF7 EdPIT-Control-1-45-25.jpg
Processesing: ../../../data/processed_data/rgd/train/images/032224 MCF7 EdPIT-Control-1-45-25.jpg
Processesing: ../../../data/processed_data/rgb/train/images/032224 MCF7 EdPIT-EdPIT-1-22-19.jpg
Processesing: ../../../data/processed_data/depth/train/images/032224 MCF7 EdPIT-EdPIT-1-22-19.jpg
Processesing: ../../../data/processed_data/rgd/train/images/032224 MCF7 EdPIT-EdPIT-1-22-19.jpg
Processesing: ../../../data/processed_data/rgb/train/images/013023 4T1 EpP + aPD1-Prestudy-1-7-212-4.jpg
Processesing: ../../../data/processed_data/depth/train/images/013023 4T1 EpP + aPD1-Prestudy-1-7-212-4.jpg
Processesing: ../../../data/processed_data/rgd/train/images/013023 4T1 EpP + aPD1-Prestudy-1-7-212-4.jpg
Processesing: ../../../data/processed_data/rgb/train/images/032224 MCF7 EdPIT-Control-1-8-28.jpg
Processesing: ../../../data/processed_data/depth/train/images/032224 MCF7 EdPIT-Control-1-8-28.jpg
Processesing: ../../../data/processed_data/rgd/train/images/032224 MCF7 EdPIT-Control-1-8-28.jpg
Processesing: ../../../data/processed_data/rgb/train/images/032224 MCF7 EdPIT-Control-1-55-12.jpg
Processesing: ../../../data/processed_data/depth/train/images/032224 MCF7 EdPIT-Control-1-55-12.jpg
Processesing: ../../../data/processed_data/rgd/train/images/032224 MCF7 EdPIT-Control-1-55-12.jpg
Processesing: ../../../data/processed_data/rgb/train/images/032224 MCF7 EdPIT-Control-1-34-01.jpg
Processesing: ../../../data/processed_data/depth/train/images/032224 MCF7 EdPIT-Control-1-34-01.jpg
Processesing: ../../../data/processed_data/rgd/train/images/032224 MCF7 EdPIT-Control-1-34-01.jpg
Processesing: ../../../data/processed_data/rgb/train/images/032224 MCF7 EdPIT-EdPIT-1-31-19.jpg
Processesing: ../../../data/processed_data/depth/train/images/032224 MCF7 EdPIT-EdPIT-1-31-19.jpg
Processesing: ../../../data/processed_data/rgd/train/images/032224 MCF7 EdPIT-EdPIT-1-31-19.jpg
Processesing: ../../../data/processed_data/rgb/train/images/013023 4T1 EpP + aPD1-Prestudy-1-7-213-1.jpg
Processesing: ../../../data/processed_data/depth/train/images/013023 4T1 EpP + aPD1-Prestudy-1-7-213-1.jpg
Processesing: ../../../data/processed_data/rgd/train/images/013023 4T1 EpP + aPD1-Prestudy-1-7-213-1.jpg
Processesing: ../../../data/processed_data/rgb/train/images/013023 4T1 EpP + aPD1-aPD1-1-1-215-3.jpg
Processesing: ../../../data/processed_data/depth/train/images/013023 4T1 EpP + aPD1-aPD1-1-1-215-3.jpg
Processesing: ../../../data/processed_data/rgd/train/images/013023 4T1 EpP + aPD1-aPD1-1-1-215-3.jpg
Processesing: ../../../data/processed_data/rgb/train/images/013023 4T1 EpP + aPD1-Prestudy-1-7-212-5.jpg
Processesing: ../../../data/processed_data/depth/train/images/013023 4T1 EpP + aPD1-Prestudy-1-7-212-5.jpg
Processesing: ../../../data/processed_data/rgd/train/images/013023 4T1 EpP + aPD1-Prestudy-1-7-212-5.jpg
Processesing: ../../../data/processed_data/rgb/train/images/032224 MCF7 EdPIT-EdPIT-1-36-14.jpg
Processesing: ../../../data/processed_data/depth/train/images/032224 MCF7 EdPIT-EdPIT-1-36-14.jpg
Processesing: ../../../data/processed_data/rgd/train/images/032224 MCF7 EdPIT-EdPIT-1-36-14.jpg
Processesing: ../../../data/processed_data/rgb/train/images/013023 4T1 EpP + aPD1-EpPIT-1-2-217-5.jpg
Processesing: ../../../data/processed_data/depth/train/images/013023 4T1 EpP + aPD1-EpPIT-1-2-217-5.jpg
Processesing: ../../../data/processed_data/rgd/train/images/013023 4T1 EpP + aPD1-EpPIT-1-2-217-5.jpg
Processesing: ../../../data/processed_data/rgb/train/images/013023 4T1 EpP + aPD1-EpPIT-1-7-217-3.jpg
Processesing: ../../../data/processed_data/depth/train/images/013023 4T1 EpP + aPD1-EpPIT-1-7-217-3.jpg
Processesing: ../../../data/processed_data/rgd/train/images/013023 4T1 EpP + aPD1-EpPIT-1-7-217-3.jpg
Processesing: ../../../data/processed_data/rgb/train/images/032224 MCF7 EdPIT-Control-1-34-03.jpg
Processesing: ../../../data/processed_data/depth/train/images/032224 MCF7 EdPIT-Control-1-34-03.jpg
Processesing: ../../../data/processed_data/rgd/train/images/032224 MCF7 EdPIT-Control-1-34-03.jpg
Processesing: ../../../data/processed_data/rgb/train/images/032224 MCF7 EdPIT-Control-1-36-24.jpg
Processesing: ../../../data/processed_data/depth/train/images/032224 MCF7 EdPIT-Control-1-36-24.jpg
Processesing: ../../../data/processed_data/rgd/train/images/032224 MCF7 EdPIT-Control-1-36-24.jpg
Processesing: ../../../data/processed_data/rgb/train/images/032224 MCF7 EdPIT-EdPIT-1-49-17.jpg
Processesing: ../../../data/processed_data/depth/train/images/032224 MCF7 EdPIT-EdPIT-1-49-17.jpg
Processesing: ../../../data/processed_data/rgd/train/images/032224 MCF7 EdPIT-EdPIT-1-49-17.jpg
Processesing: ../../../data/processed_data/rgb/train/images/032224 MCF7 EdPIT-Control-1-8-18.jpg
Processesing: ../../../data/processed_data/depth/train/images/032224 MCF7 EdPIT-Control-1-8-18.jpg
Processesing: ../../../data/processed_data/rgd/train/images/032224 MCF7 EdPIT-Control-1-8-18.jpg
Processesing: ../../../data/processed_data/rgb/train/images/032224 MCF7 EdPIT-Control-1-24-12.jpg
Processesing: ../../../data/processed_data/depth/train/images/032224 MCF7 EdPIT-Control-1-24-12.jpg
Processesing: ../../../data/processed_data/rgd/train/images/032224 MCF7 EdPIT-Control-1-24-12.jpg
Processesing: ../../../data/processed_data/rgb/train/images/013023 4T1 EpP + aPD1-aPD1-1-3-214-1.jpg
Processesing: ../../../data/processed_data/depth/train/images/013023 4T1 EpP + aPD1-aPD1-1-3-214-1.jpg
Processesing: ../../../data/processed_data/rgd/train/images/013023 4T1 EpP + aPD1-aPD1-1-3-214-1.jpg
Processesing: ../../../data/processed_data/rgb/train/images/013023 4T1 EpP + aPD1-aPD1 + EpP-1-1-218-5.jpg
Processesing: ../../../data/processed_data/depth/train/images/013023 4T1 EpP + aPD1-aPD1 + EpP-1-1-218-5.jpg
Processesing: ../../../data/processed_data/rgd/train/images/013023 4T1 EpP + aPD1-aPD1 + EpP-1-1-218-5.jpg
Processesing: ../../../data/processed_data/rgb/train/images/032224 MCF7 EdPIT-EdPIT-1-34-20.jpg
Processesing: ../../../data/processed_data/depth/train/images/032224 MCF7 EdPIT-EdPIT-1-34-20.jpg
Processesing: ../../../data/processed_data/rgd/train/images/032224 MCF7 EdPIT-EdPIT-1-34-20.jpg
Processesing: ../../../data/processed_data/rgb/train/images/013023 4T1 EpP + aPD1-Control-1-2-213-4.jpg
Processesing: ../../../data/processed_data/depth/train/images/013023 4T1 EpP + aPD1-Control-1-2-213-4.jpg
Processesing: ../../../data/processed_data/rgd/train/images/013023 4T1 EpP + aPD1-Control-1-2-213-4.jpg
Processesing: ../../../data/processed_data/rgb/train/images/013023 4T1 EpP + aPD1-aPD1 + EpP-1-7-218-1.jpg
Processesing: ../../../data/processed_data/depth/train/images/013023 4T1 EpP + aPD1-aPD1 + EpP-1-7-218-1.jpg
Processesing: ../../../data/processed_data/rgd/train/images/013023 4T1 EpP + aPD1-aPD1 + EpP-1-7-218-1.jpg
Processesing: ../../../data/processed_data/rgb/train/images/032224 MCF7 EdPIT-EdPIT-1-43-08.jpg
Processesing: ../../../data/processed_data/depth/train/images/032224 MCF7 EdPIT-EdPIT-1-43-08.jpg
Processesing: ../../../data/processed_data/rgd/train/images/032224 MCF7 EdPIT-EdPIT-1-43-08.jpg
Processesing: ../../../data/processed_data/rgb/train/images/013023 4T1 EpP + aPD1-Prestudy-1-7-217-4.jpg
Processesing: ../../../data/processed_data/depth/train/images/013023 4T1 EpP + aPD1-Prestudy-1-7-217-4.jpg
Processesing: ../../../data/processed_data/rgd/train/images/013023 4T1 EpP + aPD1-Prestudy-1-7-217-4.jpg
Processesing: ../../../data/processed_data/rgb/train/images/013023 4T1 EpP + aPD1-EpPIT-1-7-217-4.jpg
Processesing: ../../../data/processed_data/depth/train/images/013023 4T1 EpP + aPD1-EpPIT-1-7-217-4.jpg
Processesing: ../../../data/processed_data/rgd/train/images/013023 4T1 EpP + aPD1-EpPIT-1-7-217-4.jpg
Processesing: ../../../data/processed_data/rgb/train/images/032224 MCF7 EdPIT-EdPIT-1-22-14.jpg
Processesing: ../../../data/processed_data/depth/train/images/032224 MCF7 EdPIT-EdPIT-1-22-14.jpg
Processesing: ../../../data/processed_data/rgd/train/images/032224 MCF7 EdPIT-EdPIT-1-22-14.jpg
Processesing: ../../../data/processed_data/rgb/train/images/013023 4T1 EpP + aPD1-Prestudy-1-7-216-4.jpg
Processesing: ../../../data/processed_data/depth/train/images/013023 4T1 EpP + aPD1-Prestudy-1-7-216-4.jpg
Processesing: ../../../data/processed_data/rgd/train/images/013023 4T1 EpP + aPD1-Prestudy-1-7-216-4.jpg
Processesing: ../../../data/processed_data/rgb/train/images/032224 MCF7 EdPIT-Control-1-38-28.jpg
Processesing: ../../../data/processed_data/depth/train/images/032224 MCF7 EdPIT-Control-1-38-28.jpg
Processesing: ../../../data/processed_data/rgd/train/images/032224 MCF7 EdPIT-Control-1-38-28.jpg
Processesing: ../../../data/processed_data/rgb/train/images/013023 4T1 EpP + aPD1-aPD1-1-7-214-4.jpg
Processesing: ../../../data/processed_data/depth/train/images/013023 4T1 EpP + aPD1-aPD1-1-7-214-4.jpg
Processesing: ../../../data/processed_data/rgd/train/images/013023 4T1 EpP + aPD1-aPD1-1-7-214-4.jpg
Processesing: ../../../data/processed_data/rgb/train/images/032224 MCF7 EdPIT-Control-1-38-12.jpg
Processesing: ../../../data/processed_data/depth/train/images/032224 MCF7 EdPIT-Control-1-38-12.jpg
Processesing: ../../../data/processed_data/rgd/train/images/032224 MCF7 EdPIT-Control-1-38-12.jpg
Processesing: ../../../data/processed_data/rgb/train/images/013023 4T1 EpP + aPD1-Prestudy-1-7-217-3.jpg
Processesing: ../../../data/processed_data/depth/train/images/013023 4T1 EpP + aPD1-Prestudy-1-7-217-3.jpg
Processesing: ../../../data/processed_data/rgd/train/images/013023 4T1 EpP + aPD1-Prestudy-1-7-217-3.jpg
Processesing: ../../../data/processed_data/rgb/train/images/032224 MCF7 EdPIT-Control-1-38-03.jpg
Processesing: ../../../data/processed_data/depth/train/images/032224 MCF7 EdPIT-Control-1-38-03.jpg
Processesing: ../../../data/processed_data/rgd/train/images/032224 MCF7 EdPIT-Control-1-38-03.jpg
Processesing: ../../../data/processed_data/rgb/train/images/013023 4T1 EpP + aPD1-EpPIT-1-2-216-4.jpg
Processesing: ../../../data/processed_data/depth/train/images/013023 4T1 EpP + aPD1-EpPIT-1-2-216-4.jpg
Processesing: ../../../data/processed_data/rgd/train/images/013023 4T1 EpP + aPD1-EpPIT-1-2-216-4.jpg
Processesing: ../../../data/processed_data/rgb/train/images/013023 4T1 EpP + aPD1-EpPIT-1-4-217-2.jpg
Processesing: ../../../data/processed_data/depth/train/images/013023 4T1 EpP + aPD1-EpPIT-1-4-217-2.jpg
Processesing: ../../../data/processed_data/rgd/train/images/013023 4T1 EpP + aPD1-EpPIT-1-4-217-2.jpg
Processesing: ../../../data/processed_data/rgb/train/images/013023 4T1 EpP + aPD1-Control-1-4-212-1.jpg
Processesing: ../../../data/processed_data/depth/train/images/013023 4T1 EpP + aPD1-Control-1-4-212-1.jpg
Processesing: ../../../data/processed_data/rgd/train/images/013023 4T1 EpP + aPD1-Control-1-4-212-1.jpg
Processesing: ../../../data/processed_data/rgb/train/images/013023 4T1 EpP + aPD1-Prestudy-1-7-218-4.jpg
Processesing: ../../../data/processed_data/depth/train/images/013023 4T1 EpP + aPD1-Prestudy-1-7-218-4.jpg
Processesing: ../../../data/processed_data/rgd/train/images/013023 4T1 EpP + aPD1-Prestudy-1-7-218-4.jpg
Processesing: ../../../data/processed_data/rgb/train/images/032224 MCF7 EdPIT-Control-1-41-12.jpg
Processesing: ../../../data/processed_data/depth/train/images/032224 MCF7 EdPIT-Control-1-41-12.jpg
Processesing: ../../../data/processed_data/rgd/train/images/032224 MCF7 EdPIT-Control-1-41-12.jpg
Processesing: ../../../data/processed_data/rgb/train/images/013023 4T1 EpP + aPD1-aPD1-1-7-215-1.jpg
Processesing: ../../../data/processed_data/depth/train/images/013023 4T1 EpP + aPD1-aPD1-1-7-215-1.jpg
Processesing: ../../../data/processed_data/rgd/train/images/013023 4T1 EpP + aPD1-aPD1-1-7-215-1.jpg
Processesing: ../../../data/processed_data/rgb/train/images/032224 MCF7 EdPIT-EdPIT-1-45-17.jpg
Processesing: ../../../data/processed_data/depth/train/images/032224 MCF7 EdPIT-EdPIT-1-45-17.jpg
Processesing: ../../../data/processed_data/rgd/train/images/032224 MCF7 EdPIT-EdPIT-1-45-17.jpg
Processesing: ../../../data/processed_data/rgb/train/images/013023 4T1 EpP + aPD1-Control-1-2-213-2.jpg
Processesing: ../../../data/processed_data/depth/train/images/013023 4T1 EpP + aPD1-Control-1-2-213-2.jpg
Processesing: ../../../data/processed_data/rgd/train/images/013023 4T1 EpP + aPD1-Control-1-2-213-2.jpg
Processesing: ../../../data/processed_data/rgb/train/images/013023 4T1 EpP + aPD1-aPD1 + EpP-1-2-218-5.jpg
Processesing: ../../../data/processed_data/depth/train/images/013023 4T1 EpP + aPD1-aPD1 + EpP-1-2-218-5.jpg
Processesing: ../../../data/processed_data/rgd/train/images/013023 4T1 EpP + aPD1-aPD1 + EpP-1-2-218-5.jpg
Processesing: ../../../data/processed_data/rgb/train/images/032224 MCF7 EdPIT-EdPIT-1-49-22.jpg
Processesing: ../../../data/processed_data/depth/train/images/032224 MCF7 EdPIT-EdPIT-1-49-22.jpg
Processesing: ../../../data/processed_data/rgd/train/images/032224 MCF7 EdPIT-EdPIT-1-49-22.jpg
Processesing: ../../../data/processed_data/rgb/train/images/013023 4T1 EpP + aPD1-aPD1 + EpP-1-3-218-3.jpg
Processesing: ../../../data/processed_data/depth/train/images/013023 4T1 EpP + aPD1-aPD1 + EpP-1-3-218-3.jpg
Processesing: ../../../data/processed_data/rgd/train/images/013023 4T1 EpP + aPD1-aPD1 + EpP-1-3-218-3.jpg
Processesing: ../../../data/processed_data/rgb/train/images/032224 MCF7 EdPIT-Control-1-15-11.jpg
Processesing: ../../../data/processed_data/depth/train/images/032224 MCF7 EdPIT-Control-1-15-11.jpg
Processesing: ../../../data/processed_data/rgd/train/images/032224 MCF7 EdPIT-Control-1-15-11.jpg
Processesing: ../../../data/processed_data/rgb/train/images/032224 MCF7 EdPIT-Control-1-55-11.jpg
Processesing: ../../../data/processed_data/depth/train/images/032224 MCF7 EdPIT-Control-1-55-11.jpg
Processesing: ../../../data/processed_data/rgd/train/images/032224 MCF7 EdPIT-Control-1-55-11.jpg
Processesing: ../../../data/processed_data/rgb/train/images/013023 4T1 EpP + aPD1-Prestudy-1-7-218-5.jpg
Processesing: ../../../data/processed_data/depth/train/images/013023 4T1 EpP + aPD1-Prestudy-1-7-218-5.jpg
Processesing: ../../../data/processed_data/rgd/train/images/013023 4T1 EpP + aPD1-Prestudy-1-7-218-5.jpg
Processesing: ../../../data/processed_data/rgb/train/images/032224 MCF7 EdPIT-EdPIT-1-31-29.jpg
Processesing: ../../../data/processed_data/depth/train/images/032224 MCF7 EdPIT-EdPIT-1-31-29.jpg
Processesing: ../../../data/processed_data/rgd/train/images/032224 MCF7 EdPIT-EdPIT-1-31-29.jpg
Processesing: ../../../data/processed_data/rgb/train/images/013023 4T1 EpP + aPD1-EpPIT-1-3-217-4.jpg
Processesing: ../../../data/processed_data/depth/train/images/013023 4T1 EpP + aPD1-EpPIT-1-3-217-4.jpg
Processesing: ../../../data/processed_data/rgd/train/images/013023 4T1 EpP + aPD1-EpPIT-1-3-217-4.jpg
Processesing: ../../../data/processed_data/rgb/train/images/032224 MCF7 EdPIT-Control-1-31-28.jpg
Processesing: ../../../data/processed_data/depth/train/images/032224 MCF7 EdPIT-Control-1-31-28.jpg
Processesing: ../../../data/processed_data/rgd/train/images/032224 MCF7 EdPIT-Control-1-31-28.jpg
Processesing: ../../../data/processed_data/rgb/train/images/013023 4T1 EpP + aPD1-Prestudy-1-7-212-1.jpg
Processesing: ../../../data/processed_data/depth/train/images/013023 4T1 EpP + aPD1-Prestudy-1-7-212-1.jpg
Processesing: ../../../data/processed_data/rgd/train/images/013023 4T1 EpP + aPD1-Prestudy-1-7-212-1.jpg
Processesing: ../../../data/processed_data/rgb/train/images/032224 MCF7 EdPIT-Control-1-41-11.jpg
Processesing: ../../../data/processed_data/depth/train/images/032224 MCF7 EdPIT-Control-1-41-11.jpg
Processesing: ../../../data/processed_data/rgd/train/images/032224 MCF7 EdPIT-Control-1-41-11.jpg
Processesing: ../../../data/processed_data/rgb/train/images/032224 MCF7 EdPIT-EdPIT-1-22-20.jpg
Processesing: ../../../data/processed_data/depth/train/images/032224 MCF7 EdPIT-EdPIT-1-22-20.jpg
Processesing: ../../../data/processed_data/rgd/train/images/032224 MCF7 EdPIT-EdPIT-1-22-20.jpg
Processesing: ../../../data/processed_data/rgb/train/images/032224 MCF7 EdPIT-EdPIT-1-34-29.jpg
Processesing: ../../../data/processed_data/depth/train/images/032224 MCF7 EdPIT-EdPIT-1-34-29.jpg
Processesing: ../../../data/processed_data/rgd/train/images/032224 MCF7 EdPIT-EdPIT-1-34-29.jpg
Processesing: ../../../data/processed_data/rgb/train/images/032224 MCF7 EdPIT-Control-1-36-12.jpg
Processesing: ../../../data/processed_data/depth/train/images/032224 MCF7 EdPIT-Control-1-36-12.jpg
Processesing: ../../../data/processed_data/rgd/train/images/032224 MCF7 EdPIT-Control-1-36-12.jpg
Processesing: ../../../data/processed_data/rgb/train/images/013023 4T1 EpP + aPD1-EpPIT-1-7-216-1.jpg
Processesing: ../../../data/processed_data/depth/train/images/013023 4T1 EpP + aPD1-EpPIT-1-7-216-1.jpg
Processesing: ../../../data/processed_data/rgd/train/images/013023 4T1 EpP + aPD1-EpPIT-1-7-216-1.jpg
Processesing: ../../../data/processed_data/rgb/train/images/013023 4T1 EpP + aPD1-aPD1 + EpP-1-3-218-2.jpg
Processesing: ../../../data/processed_data/depth/train/images/013023 4T1 EpP + aPD1-aPD1 + EpP-1-3-218-2.jpg
Processesing: ../../../data/processed_data/rgd/train/images/013023 4T1 EpP + aPD1-aPD1 + EpP-1-3-218-2.jpg
Processesing: ../../../data/processed_data/rgb/train/images/032224 MCF7 EdPIT-EdPIT-1-36-22.jpg
Processesing: ../../../data/processed_data/depth/train/images/032224 MCF7 EdPIT-EdPIT-1-36-22.jpg
Processesing: ../../../data/processed_data/rgd/train/images/032224 MCF7 EdPIT-EdPIT-1-36-22.jpg
Processesing: ../../../data/processed_data/rgb/train/images/032224 MCF7 EdPIT-Control-1-8-30.jpg
Processesing: ../../../data/processed_data/depth/train/images/032224 MCF7 EdPIT-Control-1-8-30.jpg
Processesing: ../../../data/processed_data/rgd/train/images/032224 MCF7 EdPIT-Control-1-8-30.jpg
Processesing: ../../../data/processed_data/rgb/train/images/013023 4T1 EpP + aPD1-Control-1-7-212-4.jpg
Processesing: ../../../data/processed_data/depth/train/images/013023 4T1 EpP + aPD1-Control-1-7-212-4.jpg
Processesing: ../../../data/processed_data/rgd/train/images/013023 4T1 EpP + aPD1-Control-1-7-212-4.jpg
Processesing: ../../../data/processed_data/rgb/train/images/032224 MCF7 EdPIT-Control-1-34-12.jpg
Processesing: ../../../data/processed_data/depth/train/images/032224 MCF7 EdPIT-Control-1-34-12.jpg
Processesing: ../../../data/processed_data/rgd/train/images/032224 MCF7 EdPIT-Control-1-34-12.jpg
Processesing: ../../../data/processed_data/rgb/train/images/032224 MCF7 EdPIT-EdPIT-1-29-22.jpg
Processesing: ../../../data/processed_data/depth/train/images/032224 MCF7 EdPIT-EdPIT-1-29-22.jpg
Processesing: ../../../data/processed_data/rgd/train/images/032224 MCF7 EdPIT-EdPIT-1-29-22.jpg
Processesing: ../../../data/processed_data/rgb/train/images/032224 MCF7 EdPIT-EdPIT-1-15-22.jpg
Processesing: ../../../data/processed_data/depth/train/images/032224 MCF7 EdPIT-EdPIT-1-15-22.jpg
Processesing: ../../../data/processed_data/rgd/train/images/032224 MCF7 EdPIT-EdPIT-1-15-22.jpg
Processesing: ../../../data/processed_data/rgb/train/images/032224 MCF7 EdPIT-EdPIT-1-31-20.jpg
Processesing: ../../../data/processed_data/depth/train/images/032224 MCF7 EdPIT-EdPIT-1-31-20.jpg
Processesing: ../../../data/processed_data/rgd/train/images/032224 MCF7 EdPIT-EdPIT-1-31-20.jpg
Processesing: ../../../data/processed_data/rgb/train/images/032224 MCF7 EdPIT-Control-1-31-01.jpg
Processesing: ../../../data/processed_data/depth/train/images/032224 MCF7 EdPIT-Control-1-31-01.jpg
Processesing: ../../../data/processed_data/rgd/train/images/032224 MCF7 EdPIT-Control-1-31-01.jpg
Processesing: ../../../data/processed_data/rgb/train/images/013023 4T1 EpP + aPD1-aPD1 + EpP-1-4-218-1.jpg
Processesing: ../../../data/processed_data/depth/train/images/013023 4T1 EpP + aPD1-aPD1 + EpP-1-4-218-1.jpg
Processesing: ../../../data/processed_data/rgd/train/images/013023 4T1 EpP + aPD1-aPD1 + EpP-1-4-218-1.jpg
Processesing: ../../../data/processed_data/rgb/train/images/032224 MCF7 EdPIT-EdPIT-1-13-29.jpg
Processesing: ../../../data/processed_data/depth/train/images/032224 MCF7 EdPIT-EdPIT-1-13-29.jpg
Processesing: ../../../data/processed_data/rgd/train/images/032224 MCF7 EdPIT-EdPIT-1-13-29.jpg
Processesing: ../../../data/processed_data/rgb/train/images/013023 4T1 EpP + aPD1-Prestudy-1-7-217-1.jpg
Processesing: ../../../data/processed_data/depth/train/images/013023 4T1 EpP + aPD1-Prestudy-1-7-217-1.jpg
Processesing: ../../../data/processed_data/rgd/train/images/013023 4T1 EpP + aPD1-Prestudy-1-7-217-1.jpg
Processesing: ../../../data/processed_data/rgb/train/images/013023 4T1 EpP + aPD1-EpPIT-1-3-217-1.jpg
Processesing: ../../../data/processed_data/depth/train/images/013023 4T1 EpP + aPD1-EpPIT-1-3-217-1.jpg
Processesing: ../../../data/processed_data/rgd/train/images/013023 4T1 EpP + aPD1-EpPIT-1-3-217-1.jpg
Processesing: ../../../data/processed_data/rgb/train/images/013023 4T1 EpP + aPD1-Control-1-3-212-5.jpg
Processesing: ../../../data/processed_data/depth/train/images/013023 4T1 EpP + aPD1-Control-1-3-212-5.jpg
Processesing: ../../../data/processed_data/rgd/train/images/013023 4T1 EpP + aPD1-Control-1-3-212-5.jpg
Processesing: ../../../data/processed_data/rgb/train/images/032224 MCF7 EdPIT-Control-1-13-25.jpg
Processesing: ../../../data/processed_data/depth/train/images/032224 MCF7 EdPIT-Control-1-13-25.jpg
Processesing: ../../../data/processed_data/rgd/train/images/032224 MCF7 EdPIT-Control-1-13-25.jpg
Processesing: ../../../data/processed_data/rgb/train/images/032224 MCF7 EdPIT-Control-1-38-25.jpg
Processesing: ../../../data/processed_data/depth/train/images/032224 MCF7 EdPIT-Control-1-38-25.jpg
Processesing: ../../../data/processed_data/rgd/train/images/032224 MCF7 EdPIT-Control-1-38-25.jpg
Processesing: ../../../data/processed_data/rgb/train/images/013023 4T1 EpP + aPD1-Control-1-4-213-1.jpg
Processesing: ../../../data/processed_data/depth/train/images/013023 4T1 EpP + aPD1-Control-1-4-213-1.jpg
Processesing: ../../../data/processed_data/rgd/train/images/013023 4T1 EpP + aPD1-Control-1-4-213-1.jpg
Processesing: ../../../data/processed_data/rgb/train/images/013023 4T1 EpP + aPD1-aPD1-1-3-214-2.jpg
Processesing: ../../../data/processed_data/depth/train/images/013023 4T1 EpP + aPD1-aPD1-1-3-214-2.jpg
Processesing: ../../../data/processed_data/rgd/train/images/013023 4T1 EpP + aPD1-aPD1-1-3-214-2.jpg
Processesing: ../../../data/processed_data/rgb/train/images/013023 4T1 EpP + aPD1-Prestudy-1-7-219-5.jpg
Processesing: ../../../data/processed_data/depth/train/images/013023 4T1 EpP + aPD1-Prestudy-1-7-219-5.jpg
Processesing: ../../../data/processed_data/rgd/train/images/013023 4T1 EpP + aPD1-Prestudy-1-7-219-5.jpg
Processesing: ../../../data/processed_data/rgb/train/images/013023 4T1 EpP + aPD1-aPD1 + EpP-1-3-219-1.jpg
Processesing: ../../../data/processed_data/depth/train/images/013023 4T1 EpP + aPD1-aPD1 + EpP-1-3-219-1.jpg
Processesing: ../../../data/processed_data/rgd/train/images/013023 4T1 EpP + aPD1-aPD1 + EpP-1-3-219-1.jpg
Processesing: ../../../data/processed_data/rgb/train/images/032224 MCF7 EdPIT-EdPIT-1-13-20.jpg
Processesing: ../../../data/processed_data/depth/train/images/032224 MCF7 EdPIT-EdPIT-1-13-20.jpg
Processesing: ../../../data/processed_data/rgd/train/images/032224 MCF7 EdPIT-EdPIT-1-13-20.jpg
Processesing: ../../../data/processed_data/rgb/train/images/013023 4T1 EpP + aPD1-aPD1 + EpP-1-4-219-1.jpg
Processesing: ../../../data/processed_data/depth/train/images/013023 4T1 EpP + aPD1-aPD1 + EpP-1-4-219-1.jpg
Processesing: ../../../data/processed_data/rgd/train/images/013023 4T1 EpP + aPD1-aPD1 + EpP-1-4-219-1.jpg
Processesing: ../../../data/processed_data/rgb/train/images/032224 MCF7 EdPIT-EdPIT-1-15-29.jpg
Processesing: ../../../data/processed_data/depth/train/images/032224 MCF7 EdPIT-EdPIT-1-15-29.jpg
Processesing: ../../../data/processed_data/rgd/train/images/032224 MCF7 EdPIT-EdPIT-1-15-29.jpg
Processesing: ../../../data/processed_data/rgb/train/images/032224 MCF7 EdPIT-Control-1-55-25.jpg
Processesing: ../../../data/processed_data/depth/train/images/032224 MCF7 EdPIT-Control-1-55-25.jpg
Processesing: ../../../data/processed_data/rgd/train/images/032224 MCF7 EdPIT-Control-1-55-25.jpg
Processesing: ../../../data/processed_data/rgb/train/images/013023 4T1 EpP + aPD1-EpPIT-1-2-217-3.jpg
Processesing: ../../../data/processed_data/depth/train/images/013023 4T1 EpP + aPD1-EpPIT-1-2-217-3.jpg
Processesing: ../../../data/processed_data/rgd/train/images/013023 4T1 EpP + aPD1-EpPIT-1-2-217-3.jpg
Processesing: ../../../data/processed_data/rgb/train/images/013023 4T1 EpP + aPD1-Prestudy-1-7-219-4.jpg
Processesing: ../../../data/processed_data/depth/train/images/013023 4T1 EpP + aPD1-Prestudy-1-7-219-4.jpg
Processesing: ../../../data/processed_data/rgd/train/images/013023 4T1 EpP + aPD1-Prestudy-1-7-219-4.jpg
Processesing: ../../../data/processed_data/rgb/train/images/032224 MCF7 EdPIT-Control-1-43-03.jpg
Processesing: ../../../data/processed_data/depth/train/images/032224 MCF7 EdPIT-Control-1-43-03.jpg
Processesing: ../../../data/processed_data/rgd/train/images/032224 MCF7 EdPIT-Control-1-43-03.jpg
Processesing: ../../../data/processed_data/rgb/train/images/013023 4T1 EpP + aPD1-Control-1-7-213-5.jpg
Processesing: ../../../data/processed_data/depth/train/images/013023 4T1 EpP + aPD1-Control-1-7-213-5.jpg
Processesing: ../../../data/processed_data/rgd/train/images/013023 4T1 EpP + aPD1-Control-1-7-213-5.jpg
Processesing: ../../../data/processed_data/rgb/train/images/013023 4T1 EpP + aPD1-aPD1 + EpP-1-4-219-3.jpg
Processesing: ../../../data/processed_data/depth/train/images/013023 4T1 EpP + aPD1-aPD1 + EpP-1-4-219-3.jpg
Processesing: ../../../data/processed_data/rgd/train/images/013023 4T1 EpP + aPD1-aPD1 + EpP-1-4-219-3.jpg
Processesing: ../../../data/processed_data/rgb/train/images/013023 4T1 EpP + aPD1-aPD1-1-1-215-5.jpg
Processesing: ../../../data/processed_data/depth/train/images/013023 4T1 EpP + aPD1-aPD1-1-1-215-5.jpg
Processesing: ../../../data/processed_data/rgd/train/images/013023 4T1 EpP + aPD1-aPD1-1-1-215-5.jpg
Processesing: ../../../data/processed_data/rgb/train/images/013023 4T1 EpP + aPD1-aPD1-1-4-215-2.jpg
Processesing: ../../../data/processed_data/depth/train/images/013023 4T1 EpP + aPD1-aPD1-1-4-215-2.jpg
Processesing: ../../../data/processed_data/rgd/train/images/013023 4T1 EpP + aPD1-aPD1-1-4-215-2.jpg
Processesing: ../../../data/processed_data/rgb/train/images/013023 4T1 EpP + aPD1-aPD1 + EpP-1-4-219-2.jpg
Processesing: ../../../data/processed_data/depth/train/images/013023 4T1 EpP + aPD1-aPD1 + EpP-1-4-219-2.jpg
Processesing: ../../../data/processed_data/rgd/train/images/013023 4T1 EpP + aPD1-aPD1 + EpP-1-4-219-2.jpg
Processesing: ../../../data/processed_data/rgb/train/images/013023 4T1 EpP + aPD1-EpPIT-1-2-216-5.jpg
Processesing: ../../../data/processed_data/depth/train/images/013023 4T1 EpP + aPD1-EpPIT-1-2-216-5.jpg
Processesing: ../../../data/processed_data/rgd/train/images/013023 4T1 EpP + aPD1-EpPIT-1-2-216-5.jpg
Processesing: ../../../data/processed_data/rgb/train/images/032224 MCF7 EdPIT-EdPIT-1-45-19.jpg
Processesing: ../../../data/processed_data/depth/train/images/032224 MCF7 EdPIT-EdPIT-1-45-19.jpg
Processesing: ../../../data/processed_data/rgd/train/images/032224 MCF7 EdPIT-EdPIT-1-45-19.jpg
Processesing: ../../../data/processed_data/rgb/train/images/013023 4T1 EpP + aPD1-aPD1-1-4-214-4.jpg
Processesing: ../../../data/processed_data/depth/train/images/013023 4T1 EpP + aPD1-aPD1-1-4-214-4.jpg
Processesing: ../../../data/processed_data/rgd/train/images/013023 4T1 EpP + aPD1-aPD1-1-4-214-4.jpg
Processesing: ../../../data/processed_data/rgb/train/images/013023 4T1 EpP + aPD1-aPD1-1-2-215-1.jpg
Processesing: ../../../data/processed_data/depth/train/images/013023 4T1 EpP + aPD1-aPD1-1-2-215-1.jpg
Processesing: ../../../data/processed_data/rgd/train/images/013023 4T1 EpP + aPD1-aPD1-1-2-215-1.jpg
Processesing: ../../../data/processed_data/rgb/train/images/013023 4T1 EpP + aPD1-Control-1-1-213-2.jpg
Processesing: ../../../data/processed_data/depth/train/images/013023 4T1 EpP + aPD1-Control-1-1-213-2.jpg
Processesing: ../../../data/processed_data/rgd/train/images/013023 4T1 EpP + aPD1-Control-1-1-213-2.jpg
Processesing: ../../../data/processed_data/rgb/train/images/013023 4T1 EpP + aPD1-EpPIT-1-3-217-2.jpg
Processesing: ../../../data/processed_data/depth/train/images/013023 4T1 EpP + aPD1-EpPIT-1-3-217-2.jpg
Processesing: ../../../data/processed_data/rgd/train/images/013023 4T1 EpP + aPD1-EpPIT-1-3-217-2.jpg
Processesing: ../../../data/processed_data/rgb/train/images/032224 MCF7 EdPIT-EdPIT-1-36-13.jpg
Processesing: ../../../data/processed_data/depth/train/images/032224 MCF7 EdPIT-EdPIT-1-36-13.jpg
Processesing: ../../../data/processed_data/rgd/train/images/032224 MCF7 EdPIT-EdPIT-1-36-13.jpg
Processesing: ../../../data/processed_data/rgb/train/images/013023 4T1 EpP + aPD1-Control-1-2-212-2.jpg
Processesing: ../../../data/processed_data/depth/train/images/013023 4T1 EpP + aPD1-Control-1-2-212-2.jpg
Processesing: ../../../data/processed_data/rgd/train/images/013023 4T1 EpP + aPD1-Control-1-2-212-2.jpg
Processesing: ../../../data/processed_data/rgb/train/images/032224 MCF7 EdPIT-Control-1-43-24.jpg
Processesing: ../../../data/processed_data/depth/train/images/032224 MCF7 EdPIT-Control-1-43-24.jpg
Processesing: ../../../data/processed_data/rgd/train/images/032224 MCF7 EdPIT-Control-1-43-24.jpg
Processesing: ../../../data/processed_data/rgb/train/images/032224 MCF7 EdPIT-EdPIT-1-13-08.jpg
Processesing: ../../../data/processed_data/depth/train/images/032224 MCF7 EdPIT-EdPIT-1-13-08.jpg
Processesing: ../../../data/processed_data/rgd/train/images/032224 MCF7 EdPIT-EdPIT-1-13-08.jpg
Processesing: ../../../data/processed_data/rgb/train/images/032224 MCF7 EdPIT-Control-1-15-01.jpg
Processesing: ../../../data/processed_data/depth/train/images/032224 MCF7 EdPIT-Control-1-15-01.jpg
Processesing: ../../../data/processed_data/rgd/train/images/032224 MCF7 EdPIT-Control-1-15-01.jpg
Processesing: ../../../data/processed_data/rgb/train/images/013023 4T1 EpP + aPD1-aPD1-1-3-214-3.jpg
Processesing: ../../../data/processed_data/depth/train/images/013023 4T1 EpP + aPD1-aPD1-1-3-214-3.jpg
Processesing: ../../../data/processed_data/rgd/train/images/013023 4T1 EpP + aPD1-aPD1-1-3-214-3.jpg
Processesing: ../../../data/processed_data/rgb/train/images/013023 4T1 EpP + aPD1-Prestudy-1-7-215-3.jpg
Processesing: ../../../data/processed_data/depth/train/images/013023 4T1 EpP + aPD1-Prestudy-1-7-215-3.jpg
Processesing: ../../../data/processed_data/rgd/train/images/013023 4T1 EpP + aPD1-Prestudy-1-7-215-3.jpg
Processesing: ../../../data/processed_data/rgb/train/images/032224 MCF7 EdPIT-Control-1-36-03.jpg
Processesing: ../../../data/processed_data/depth/train/images/032224 MCF7 EdPIT-Control-1-36-03.jpg
Processesing: ../../../data/processed_data/rgd/train/images/032224 MCF7 EdPIT-Control-1-36-03.jpg
Processesing: ../../../data/processed_data/rgb/train/images/013023 4T1 EpP + aPD1-EpPIT-1-4-216-4.jpg
Processesing: ../../../data/processed_data/depth/train/images/013023 4T1 EpP + aPD1-EpPIT-1-4-216-4.jpg
Processesing: ../../../data/processed_data/rgd/train/images/013023 4T1 EpP + aPD1-EpPIT-1-4-216-4.jpg
Processesing: ../../../data/processed_data/rgb/train/images/013023 4T1 EpP + aPD1-aPD1-1-2-215-2.jpg
Processesing: ../../../data/processed_data/depth/train/images/013023 4T1 EpP + aPD1-aPD1-1-2-215-2.jpg
Processesing: ../../../data/processed_data/rgd/train/images/013023 4T1 EpP + aPD1-aPD1-1-2-215-2.jpg
Processesing: ../../../data/processed_data/rgb/train/images/032224 MCF7 EdPIT-Control-1-45-28.jpg
Processesing: ../../../data/processed_data/depth/train/images/032224 MCF7 EdPIT-Control-1-45-28.jpg
Processesing: ../../../data/processed_data/rgd/train/images/032224 MCF7 EdPIT-Control-1-45-28.jpg
Processesing: ../../../data/processed_data/rgb/train/images/013023 4T1 EpP + aPD1-aPD1 + EpP-1-4-219-4.jpg
Processesing: ../../../data/processed_data/depth/train/images/013023 4T1 EpP + aPD1-aPD1 + EpP-1-4-219-4.jpg
Processesing: ../../../data/processed_data/rgd/train/images/013023 4T1 EpP + aPD1-aPD1 + EpP-1-4-219-4.jpg
Processesing: ../../../data/processed_data/rgb/train/images/032224 MCF7 EdPIT-Control-1-55-28.jpg
Processesing: ../../../data/processed_data/depth/train/images/032224 MCF7 EdPIT-Control-1-55-28.jpg
Processesing: ../../../data/processed_data/rgd/train/images/032224 MCF7 EdPIT-Control-1-55-28.jpg
Processesing: ../../../data/processed_data/rgb/train/images/013023 4T1 EpP + aPD1-EpPIT-1-4-217-4.jpg
Processesing: ../../../data/processed_data/depth/train/images/013023 4T1 EpP + aPD1-EpPIT-1-4-217-4.jpg
Processesing: ../../../data/processed_data/rgd/train/images/013023 4T1 EpP + aPD1-EpPIT-1-4-217-4.jpg
Processesing: ../../../data/processed_data/rgb/train/images/032224 MCF7 EdPIT-Control-1-15-28.jpg
Processesing: ../../../data/processed_data/depth/train/images/032224 MCF7 EdPIT-Control-1-15-28.jpg
Processesing: ../../../data/processed_data/rgd/train/images/032224 MCF7 EdPIT-Control-1-15-28.jpg
Processesing: ../../../data/processed_data/rgb/train/images/013023 4T1 EpP + aPD1-EpPIT-1-4-216-1.jpg
Processesing: ../../../data/processed_data/depth/train/images/013023 4T1 EpP + aPD1-EpPIT-1-4-216-1.jpg
Processesing: ../../../data/processed_data/rgd/train/images/013023 4T1 EpP + aPD1-EpPIT-1-4-216-1.jpg
Processesing: ../../../data/processed_data/rgb/train/images/013023 4T1 EpP + aPD1-EpPIT-1-4-216-5.jpg
Processesing: ../../../data/processed_data/depth/train/images/013023 4T1 EpP + aPD1-EpPIT-1-4-216-5.jpg
Processesing: ../../../data/processed_data/rgd/train/images/013023 4T1 EpP + aPD1-EpPIT-1-4-216-5.jpg
Processesing: ../../../data/processed_data/rgb/train/images/032224 MCF7 EdPIT-EdPIT-1-22-22.jpg
Processesing: ../../../data/processed_data/depth/train/images/032224 MCF7 EdPIT-EdPIT-1-22-22.jpg
Processesing: ../../../data/processed_data/rgd/train/images/032224 MCF7 EdPIT-EdPIT-1-22-22.jpg
Processesing: ../../../data/processed_data/rgb/train/images/032224 MCF7 EdPIT-Control-1-45-12.jpg
Processesing: ../../../data/processed_data/depth/train/images/032224 MCF7 EdPIT-Control-1-45-12.jpg
Processesing: ../../../data/processed_data/rgd/train/images/032224 MCF7 EdPIT-Control-1-45-12.jpg
Processesing: ../../../data/processed_data/rgb/train/images/013023 4T1 EpP + aPD1-aPD1-1-4-214-5.jpg
Processesing: ../../../data/processed_data/depth/train/images/013023 4T1 EpP + aPD1-aPD1-1-4-214-5.jpg
Processesing: ../../../data/processed_data/rgd/train/images/013023 4T1 EpP + aPD1-aPD1-1-4-214-5.jpg
Processesing: ../../../data/processed_data/rgb/train/images/032224 MCF7 EdPIT-EdPIT-1-34-08.jpg
Processesing: ../../../data/processed_data/depth/train/images/032224 MCF7 EdPIT-EdPIT-1-34-08.jpg
Processesing: ../../../data/processed_data/rgd/train/images/032224 MCF7 EdPIT-EdPIT-1-34-08.jpg
Processesing: ../../../data/processed_data/rgb/train/images/013023 4T1 EpP + aPD1-EpPIT-1-4-216-3.jpg
Processesing: ../../../data/processed_data/depth/train/images/013023 4T1 EpP + aPD1-EpPIT-1-4-216-3.jpg
Processesing: ../../../data/processed_data/rgd/train/images/013023 4T1 EpP + aPD1-EpPIT-1-4-216-3.jpg
Processesing: ../../../data/processed_data/rgb/train/images/032224 MCF7 EdPIT-Control-1-49-24.jpg
Processesing: ../../../data/processed_data/depth/train/images/032224 MCF7 EdPIT-Control-1-49-24.jpg
Processesing: ../../../data/processed_data/rgd/train/images/032224 MCF7 EdPIT-Control-1-49-24.jpg
Processesing: ../../../data/processed_data/rgb/train/images/032224 MCF7 EdPIT-EdPIT-1-31-22.jpg
Processesing: ../../../data/processed_data/depth/train/images/032224 MCF7 EdPIT-EdPIT-1-31-22.jpg
Processesing: ../../../data/processed_data/rgd/train/images/032224 MCF7 EdPIT-EdPIT-1-31-22.jpg
Processesing: ../../../data/processed_data/rgb/train/images/013023 4T1 EpP + aPD1-aPD1 + EpP-1-7-218-4.jpg
Processesing: ../../../data/processed_data/depth/train/images/013023 4T1 EpP + aPD1-aPD1 + EpP-1-7-218-4.jpg
Processesing: ../../../data/processed_data/rgd/train/images/013023 4T1 EpP + aPD1-aPD1 + EpP-1-7-218-4.jpg
Processesing: ../../../data/processed_data/rgb/train/images/032224 MCF7 EdPIT-EdPIT-1-29-08.jpg
Processesing: ../../../data/processed_data/depth/train/images/032224 MCF7 EdPIT-EdPIT-1-29-08.jpg
Processesing: ../../../data/processed_data/rgd/train/images/032224 MCF7 EdPIT-EdPIT-1-29-08.jpg
Processesing: ../../../data/processed_data/rgb/train/images/013023 4T1 EpP + aPD1-aPD1 + EpP-1-2-218-4.jpg
Processesing: ../../../data/processed_data/depth/train/images/013023 4T1 EpP + aPD1-aPD1 + EpP-1-2-218-4.jpg
Processesing: ../../../data/processed_data/rgd/train/images/013023 4T1 EpP + aPD1-aPD1 + EpP-1-2-218-4.jpg
Processesing: ../../../data/processed_data/rgb/train/images/013023 4T1 EpP + aPD1-aPD1-1-2-215-5.jpg
Processesing: ../../../data/processed_data/depth/train/images/013023 4T1 EpP + aPD1-aPD1-1-2-215-5.jpg
Processesing: ../../../data/processed_data/rgd/train/images/013023 4T1 EpP + aPD1-aPD1-1-2-215-5.jpg
Processesing: ../../../data/processed_data/rgb/train/images/032224 MCF7 EdPIT-EdPIT-1-41-08.jpg
Processesing: ../../../data/processed_data/depth/train/images/032224 MCF7 EdPIT-EdPIT-1-41-08.jpg
Processesing: ../../../data/processed_data/rgd/train/images/032224 MCF7 EdPIT-EdPIT-1-41-08.jpg
Processesing: ../../../data/processed_data/rgb/train/images/032224 MCF7 EdPIT-EdPIT-1-31-14.jpg
Processesing: ../../../data/processed_data/depth/train/images/032224 MCF7 EdPIT-EdPIT-1-31-14.jpg
Processesing: ../../../data/processed_data/rgd/train/images/032224 MCF7 EdPIT-EdPIT-1-31-14.jpg
Processesing: ../../../data/processed_data/rgb/train/images/032224 MCF7 EdPIT-Control-1-38-30.jpg
Processesing: ../../../data/processed_data/depth/train/images/032224 MCF7 EdPIT-Control-1-38-30.jpg
Processesing: ../../../data/processed_data/rgd/train/images/032224 MCF7 EdPIT-Control-1-38-30.jpg
Processesing: ../../../data/processed_data/rgb/train/images/032224 MCF7 EdPIT-EdPIT-1-3-22.jpg
Processesing: ../../../data/processed_data/depth/train/images/032224 MCF7 EdPIT-EdPIT-1-3-22.jpg
Processesing: ../../../data/processed_data/rgd/train/images/032224 MCF7 EdPIT-EdPIT-1-3-22.jpg
Processesing: ../../../data/processed_data/rgb/train/images/032224 MCF7 EdPIT-EdPIT-1-41-19.jpg
Processesing: ../../../data/processed_data/depth/train/images/032224 MCF7 EdPIT-EdPIT-1-41-19.jpg
Processesing: ../../../data/processed_data/rgd/train/images/032224 MCF7 EdPIT-EdPIT-1-41-19.jpg
Processesing: ../../../data/processed_data/rgb/train/images/032224 MCF7 EdPIT-EdPIT-1-38-17.jpg
Processesing: ../../../data/processed_data/depth/train/images/032224 MCF7 EdPIT-EdPIT-1-38-17.jpg
Processesing: ../../../data/processed_data/rgd/train/images/032224 MCF7 EdPIT-EdPIT-1-38-17.jpg
Processesing: ../../../data/processed_data/rgb/train/images/032224 MCF7 EdPIT-EdPIT-1-45-22.jpg
Processesing: ../../../data/processed_data/depth/train/images/032224 MCF7 EdPIT-EdPIT-1-45-22.jpg
Processesing: ../../../data/processed_data/rgd/train/images/032224 MCF7 EdPIT-EdPIT-1-45-22.jpg
Processesing: ../../../data/processed_data/rgb/train/images/013023 4T1 EpP + aPD1-aPD1-1-2-214-2.jpg
Processesing: ../../../data/processed_data/depth/train/images/013023 4T1 EpP + aPD1-aPD1-1-2-214-2.jpg
Processesing: ../../../data/processed_data/rgd/train/images/013023 4T1 EpP + aPD1-aPD1-1-2-214-2.jpg
Processesing: ../../../data/processed_data/rgb/train/images/032224 MCF7 EdPIT-Control-1-34-18.jpg
Processesing: ../../../data/processed_data/depth/train/images/032224 MCF7 EdPIT-Control-1-34-18.jpg
Processesing: ../../../data/processed_data/rgd/train/images/032224 MCF7 EdPIT-Control-1-34-18.jpg
Processesing: ../../../data/processed_data/rgb/train/images/032224 MCF7 EdPIT-Control-1-34-25.jpg
Processesing: ../../../data/processed_data/depth/train/images/032224 MCF7 EdPIT-Control-1-34-25.jpg
Processesing: ../../../data/processed_data/rgd/train/images/032224 MCF7 EdPIT-Control-1-34-25.jpg
Processesing: ../../../data/processed_data/rgb/train/images/032224 MCF7 EdPIT-Control-1-49-03.jpg
Processesing: ../../../data/processed_data/depth/train/images/032224 MCF7 EdPIT-Control-1-49-03.jpg
Processesing: ../../../data/processed_data/rgd/train/images/032224 MCF7 EdPIT-Control-1-49-03.jpg
Processesing: ../../../data/processed_data/rgb/train/images/032224 MCF7 EdPIT-Control-1-41-18.jpg
Processesing: ../../../data/processed_data/depth/train/images/032224 MCF7 EdPIT-Control-1-41-18.jpg
Processesing: ../../../data/processed_data/rgd/train/images/032224 MCF7 EdPIT-Control-1-41-18.jpg
Processesing: ../../../data/processed_data/rgb/train/images/013023 4T1 EpP + aPD1-Control-1-1-213-3.jpg
Processesing: ../../../data/processed_data/depth/train/images/013023 4T1 EpP + aPD1-Control-1-1-213-3.jpg
Processesing: ../../../data/processed_data/rgd/train/images/013023 4T1 EpP + aPD1-Control-1-1-213-3.jpg
Processesing: ../../../data/processed_data/rgb/train/images/032224 MCF7 EdPIT-Control-1-13-01.jpg
Processesing: ../../../data/processed_data/depth/train/images/032224 MCF7 EdPIT-Control-1-13-01.jpg
Processesing: ../../../data/processed_data/rgd/train/images/032224 MCF7 EdPIT-Control-1-13-01.jpg
Processesing: ../../../data/processed_data/rgb/train/images/032224 MCF7 EdPIT-EdPIT-1-38-14.jpg
Processesing: ../../../data/processed_data/depth/train/images/032224 MCF7 EdPIT-EdPIT-1-38-14.jpg
Processesing: ../../../data/processed_data/rgd/train/images/032224 MCF7 EdPIT-EdPIT-1-38-14.jpg
Processesing: ../../../data/processed_data/rgb/train/images/013023 4T1 EpP + aPD1-Control-1-2-212-5.jpg
Processesing: ../../../data/processed_data/depth/train/images/013023 4T1 EpP + aPD1-Control-1-2-212-5.jpg
Processesing: ../../../data/processed_data/rgd/train/images/013023 4T1 EpP + aPD1-Control-1-2-212-5.jpg
Processesing: ../../../data/processed_data/rgb/train/images/013023 4T1 EpP + aPD1-aPD1-1-7-215-2.jpg
Processesing: ../../../data/processed_data/depth/train/images/013023 4T1 EpP + aPD1-aPD1-1-7-215-2.jpg
Processesing: ../../../data/processed_data/rgd/train/images/013023 4T1 EpP + aPD1-aPD1-1-7-215-2.jpg
Processesing: ../../../data/processed_data/rgb/train/images/013023 4T1 EpP + aPD1-Prestudy-1-7-217-5.jpg
Processesing: ../../../data/processed_data/depth/train/images/013023 4T1 EpP + aPD1-Prestudy-1-7-217-5.jpg
Processesing: ../../../data/processed_data/rgd/train/images/013023 4T1 EpP + aPD1-Prestudy-1-7-217-5.jpg
Processesing: ../../../data/processed_data/rgb/train/images/032224 MCF7 EdPIT-Control-1-24-11.jpg
Processesing: ../../../data/processed_data/depth/train/images/032224 MCF7 EdPIT-Control-1-24-11.jpg
Processesing: ../../../data/processed_data/rgd/train/images/032224 MCF7 EdPIT-Control-1-24-11.jpg
Processesing: ../../../data/processed_data/rgb/train/images/013023 4T1 EpP + aPD1-aPD1 + EpP-1-1-218-3.jpg
Processesing: ../../../data/processed_data/depth/train/images/013023 4T1 EpP + aPD1-aPD1 + EpP-1-1-218-3.jpg
Processesing: ../../../data/processed_data/rgd/train/images/013023 4T1 EpP + aPD1-aPD1 + EpP-1-1-218-3.jpg
Processesing: ../../../data/processed_data/rgb/train/images/032224 MCF7 EdPIT-Control-1-15-25.jpg
Processesing: ../../../data/processed_data/depth/train/images/032224 MCF7 EdPIT-Control-1-15-25.jpg
Processesing: ../../../data/processed_data/rgd/train/images/032224 MCF7 EdPIT-Control-1-15-25.jpg
Processesing: ../../../data/processed_data/rgb/train/images/013023 4T1 EpP + aPD1-aPD1-1-1-214-3.jpg
Processesing: ../../../data/processed_data/depth/train/images/013023 4T1 EpP + aPD1-aPD1-1-1-214-3.jpg
Processesing: ../../../data/processed_data/rgd/train/images/013023 4T1 EpP + aPD1-aPD1-1-1-214-3.jpg
Processesing: ../../../data/processed_data/rgb/train/images/032224 MCF7 EdPIT-EdPIT-1-41-14.jpg
Processesing: ../../../data/processed_data/depth/train/images/032224 MCF7 EdPIT-EdPIT-1-41-14.jpg
Processesing: ../../../data/processed_data/rgd/train/images/032224 MCF7 EdPIT-EdPIT-1-41-14.jpg
Processesing: ../../../data/processed_data/rgb/train/images/032224 MCF7 EdPIT-EdPIT-1-43-29.jpg
Processesing: ../../../data/processed_data/depth/train/images/032224 MCF7 EdPIT-EdPIT-1-43-29.jpg
Processesing: ../../../data/processed_data/rgd/train/images/032224 MCF7 EdPIT-EdPIT-1-43-29.jpg
Processesing: ../../../data/processed_data/rgb/train/images/032224 MCF7 EdPIT-Control-1-8-24.jpg
Processesing: ../../../data/processed_data/depth/train/images/032224 MCF7 EdPIT-Control-1-8-24.jpg
Processesing: ../../../data/processed_data/rgd/train/images/032224 MCF7 EdPIT-Control-1-8-24.jpg
Processesing: ../../../data/processed_data/rgb/train/images/013023 4T1 EpP + aPD1-aPD1-1-3-215-1.jpg
Processesing: ../../../data/processed_data/depth/train/images/013023 4T1 EpP + aPD1-aPD1-1-3-215-1.jpg
Processesing: ../../../data/processed_data/rgd/train/images/013023 4T1 EpP + aPD1-aPD1-1-3-215-1.jpg
Processesing: ../../../data/processed_data/rgb/train/images/032224 MCF7 EdPIT-Control-1-13-24.jpg
Processesing: ../../../data/processed_data/depth/train/images/032224 MCF7 EdPIT-Control-1-13-24.jpg
Processesing: ../../../data/processed_data/rgd/train/images/032224 MCF7 EdPIT-Control-1-13-24.jpg
Processesing: ../../../data/processed_data/rgb/train/images/013023 4T1 EpP + aPD1-Prestudy-1-7-218-2.jpg
Processesing: ../../../data/processed_data/depth/train/images/013023 4T1 EpP + aPD1-Prestudy-1-7-218-2.jpg
Processesing: ../../../data/processed_data/rgd/train/images/013023 4T1 EpP + aPD1-Prestudy-1-7-218-2.jpg
Processesing: ../../../data/processed_data/rgb/train/images/013023 4T1 EpP + aPD1-EpPIT-1-7-216-3.jpg
Processesing: ../../../data/processed_data/depth/train/images/013023 4T1 EpP + aPD1-EpPIT-1-7-216-3.jpg
Processesing: ../../../data/processed_data/rgd/train/images/013023 4T1 EpP + aPD1-EpPIT-1-7-216-3.jpg
Processesing: ../../../data/processed_data/rgb/train/images/032224 MCF7 EdPIT-EdPIT-1-52-19.jpg
Processesing: ../../../data/processed_data/depth/train/images/032224 MCF7 EdPIT-EdPIT-1-52-19.jpg
Processesing: ../../../data/processed_data/rgd/train/images/032224 MCF7 EdPIT-EdPIT-1-52-19.jpg
Processesing: ../../../data/processed_data/rgb/train/images/013023 4T1 EpP + aPD1-EpPIT-1-3-216-4.jpg
Processesing: ../../../data/processed_data/depth/train/images/013023 4T1 EpP + aPD1-EpPIT-1-3-216-4.jpg
Processesing: ../../../data/processed_data/rgd/train/images/013023 4T1 EpP + aPD1-EpPIT-1-3-216-4.jpg
Processesing: ../../../data/processed_data/rgb/train/images/013023 4T1 EpP + aPD1-aPD1-1-1-214-4.jpg
Processesing: ../../../data/processed_data/depth/train/images/013023 4T1 EpP + aPD1-aPD1-1-1-214-4.jpg
Processesing: ../../../data/processed_data/rgd/train/images/013023 4T1 EpP + aPD1-aPD1-1-1-214-4.jpg
Processesing: ../../../data/processed_data/rgb/train/images/013023 4T1 EpP + aPD1-Prestudy-1-7-217-2.jpg
Processesing: ../../../data/processed_data/depth/train/images/013023 4T1 EpP + aPD1-Prestudy-1-7-217-2.jpg
Processesing: ../../../data/processed_data/rgd/train/images/013023 4T1 EpP + aPD1-Prestudy-1-7-217-2.jpg
Processesing: ../../../data/processed_data/rgb/train/images/032224 MCF7 EdPIT-EdPIT-1-38-08.jpg
Processesing: ../../../data/processed_data/depth/train/images/032224 MCF7 EdPIT-EdPIT-1-38-08.jpg
Processesing: ../../../data/processed_data/rgd/train/images/032224 MCF7 EdPIT-EdPIT-1-38-08.jpg
Processesing: ../../../data/processed_data/rgb/train/images/013023 4T1 EpP + aPD1-Control-1-3-212-1.jpg
Processesing: ../../../data/processed_data/depth/train/images/013023 4T1 EpP + aPD1-Control-1-3-212-1.jpg
Processesing: ../../../data/processed_data/rgd/train/images/013023 4T1 EpP + aPD1-Control-1-3-212-1.jpg
Processesing: ../../../data/processed_data/rgb/train/images/032224 MCF7 EdPIT-Control-1-38-01.jpg
Processesing: ../../../data/processed_data/depth/train/images/032224 MCF7 EdPIT-Control-1-38-01.jpg
Processesing: ../../../data/processed_data/rgd/train/images/032224 MCF7 EdPIT-Control-1-38-01.jpg
Processesing: ../../../data/processed_data/rgb/train/images/032224 MCF7 EdPIT-EdPIT-1-15-19.jpg
Processesing: ../../../data/processed_data/depth/train/images/032224 MCF7 EdPIT-EdPIT-1-15-19.jpg
Processesing: ../../../data/processed_data/rgd/train/images/032224 MCF7 EdPIT-EdPIT-1-15-19.jpg
Processesing: ../../../data/processed_data/rgb/train/images/013023 4T1 EpP + aPD1-EpPIT-1-4-217-5.jpg
Processesing: ../../../data/processed_data/depth/train/images/013023 4T1 EpP + aPD1-EpPIT-1-4-217-5.jpg
Processesing: ../../../data/processed_data/rgd/train/images/013023 4T1 EpP + aPD1-EpPIT-1-4-217-5.jpg
Processesing: ../../../data/processed_data/rgb/train/images/013023 4T1 EpP + aPD1-EpPIT-1-1-216-3.jpg
Processesing: ../../../data/processed_data/depth/train/images/013023 4T1 EpP + aPD1-EpPIT-1-1-216-3.jpg
Processesing: ../../../data/processed_data/rgd/train/images/013023 4T1 EpP + aPD1-EpPIT-1-1-216-3.jpg
Processesing: ../../../data/processed_data/rgb/train/images/013023 4T1 EpP + aPD1-aPD1 + EpP-1-1-219-4.jpg
Processesing: ../../../data/processed_data/depth/train/images/013023 4T1 EpP + aPD1-aPD1 + EpP-1-1-219-4.jpg
Processesing: ../../../data/processed_data/rgd/train/images/013023 4T1 EpP + aPD1-aPD1 + EpP-1-1-219-4.jpg
Processesing: ../../../data/processed_data/rgb/train/images/013023 4T1 EpP + aPD1-aPD1-1-2-214-4.jpg
Processesing: ../../../data/processed_data/depth/train/images/013023 4T1 EpP + aPD1-aPD1-1-2-214-4.jpg
Processesing: ../../../data/processed_data/rgd/train/images/013023 4T1 EpP + aPD1-aPD1-1-2-214-4.jpg
Processesing: ../../../data/processed_data/rgb/train/images/013023 4T1 EpP + aPD1-EpPIT-1-3-216-1.jpg
Processesing: ../../../data/processed_data/depth/train/images/013023 4T1 EpP + aPD1-EpPIT-1-3-216-1.jpg
Processesing: ../../../data/processed_data/rgd/train/images/013023 4T1 EpP + aPD1-EpPIT-1-3-216-1.jpg
Processesing: ../../../data/processed_data/rgb/train/images/032224 MCF7 EdPIT-EdPIT-1-43-19.jpg
Processesing: ../../../data/processed_data/depth/train/images/032224 MCF7 EdPIT-EdPIT-1-43-19.jpg
Processesing: ../../../data/processed_data/rgd/train/images/032224 MCF7 EdPIT-EdPIT-1-43-19.jpg
Processesing: ../../../data/processed_data/rgb/train/images/013023 4T1 EpP + aPD1-aPD1-1-7-214-3.jpg
Processesing: ../../../data/processed_data/depth/train/images/013023 4T1 EpP + aPD1-aPD1-1-7-214-3.jpg
Processesing: ../../../data/processed_data/rgd/train/images/013023 4T1 EpP + aPD1-aPD1-1-7-214-3.jpg
Processesing: ../../../data/processed_data/rgb/train/images/013023 4T1 EpP + aPD1-aPD1-1-3-215-2.jpg
Processesing: ../../../data/processed_data/depth/train/images/013023 4T1 EpP + aPD1-aPD1-1-3-215-2.jpg
Processesing: ../../../data/processed_data/rgd/train/images/013023 4T1 EpP + aPD1-aPD1-1-3-215-2.jpg
Processesing: ../../../data/processed_data/rgb/train/images/032224 MCF7 EdPIT-EdPIT-1-15-17.jpg
Processesing: ../../../data/processed_data/depth/train/images/032224 MCF7 EdPIT-EdPIT-1-15-17.jpg
Processesing: ../../../data/processed_data/rgd/train/images/032224 MCF7 EdPIT-EdPIT-1-15-17.jpg
Processesing: ../../../data/processed_data/rgb/train/images/013023 4T1 EpP + aPD1-aPD1 + EpP-1-7-219-1.jpg
Processesing: ../../../data/processed_data/depth/train/images/013023 4T1 EpP + aPD1-aPD1 + EpP-1-7-219-1.jpg
Processesing: ../../../data/processed_data/rgd/train/images/013023 4T1 EpP + aPD1-aPD1 + EpP-1-7-219-1.jpg
Processesing: ../../../data/processed_data/rgb/train/images/013023 4T1 EpP + aPD1-aPD1-1-7-214-5.jpg
Processesing: ../../../data/processed_data/depth/train/images/013023 4T1 EpP + aPD1-aPD1-1-7-214-5.jpg
Processesing: ../../../data/processed_data/rgd/train/images/013023 4T1 EpP + aPD1-aPD1-1-7-214-5.jpg
Processesing: ../../../data/processed_data/rgb/train/images/013023 4T1 EpP + aPD1-Prestudy-1-7-214-1.jpg
Processesing: ../../../data/processed_data/depth/train/images/013023 4T1 EpP + aPD1-Prestudy-1-7-214-1.jpg
Processesing: ../../../data/processed_data/rgd/train/images/013023 4T1 EpP + aPD1-Prestudy-1-7-214-1.jpg
Processesing: ../../../data/processed_data/rgb/train/images/013023 4T1 EpP + aPD1-aPD1 + EpP-1-7-219-5.jpg
Processesing: ../../../data/processed_data/depth/train/images/013023 4T1 EpP + aPD1-aPD1 + EpP-1-7-219-5.jpg
Processesing: ../../../data/processed_data/rgd/train/images/013023 4T1 EpP + aPD1-aPD1 + EpP-1-7-219-5.jpg
Processesing: ../../../data/processed_data/rgb/train/images/013023 4T1 EpP + aPD1-Control-1-3-212-3.jpg
Processesing: ../../../data/processed_data/depth/train/images/013023 4T1 EpP + aPD1-Control-1-3-212-3.jpg
Processesing: ../../../data/processed_data/rgd/train/images/013023 4T1 EpP + aPD1-Control-1-3-212-3.jpg
Processesing: ../../../data/processed_data/rgb/train/images/013023 4T1 EpP + aPD1-aPD1-1-3-215-3.jpg
Processesing: ../../../data/processed_data/depth/train/images/013023 4T1 EpP + aPD1-aPD1-1-3-215-3.jpg
Processesing: ../../../data/processed_data/rgd/train/images/013023 4T1 EpP + aPD1-aPD1-1-3-215-3.jpg
Processesing: ../../../data/processed_data/rgb/train/images/013023 4T1 EpP + aPD1-EpPIT-1-1-216-4.jpg
Processesing: ../../../data/processed_data/depth/train/images/013023 4T1 EpP + aPD1-EpPIT-1-1-216-4.jpg
Processesing: ../../../data/processed_data/rgd/train/images/013023 4T1 EpP + aPD1-EpPIT-1-1-216-4.jpg
Processesing: ../../../data/processed_data/rgb/train/images/032224 MCF7 EdPIT-EdPIT-1-36-20.jpg
Processesing: ../../../data/processed_data/depth/train/images/032224 MCF7 EdPIT-EdPIT-1-36-20.jpg
Processesing: ../../../data/processed_data/rgd/train/images/032224 MCF7 EdPIT-EdPIT-1-36-20.jpg
Processesing: ../../../data/processed_data/rgb/train/images/013023 4T1 EpP + aPD1-aPD1 + EpP-1-3-219-4.jpg
Processesing: ../../../data/processed_data/depth/train/images/013023 4T1 EpP + aPD1-aPD1 + EpP-1-3-219-4.jpg
Processesing: ../../../data/processed_data/rgd/train/images/013023 4T1 EpP + aPD1-aPD1 + EpP-1-3-219-4.jpg
Processesing: ../../../data/processed_data/rgb/train/images/013023 4T1 EpP + aPD1-aPD1-1-7-215-5.jpg
Processesing: ../../../data/processed_data/depth/train/images/013023 4T1 EpP + aPD1-aPD1-1-7-215-5.jpg
Processesing: ../../../data/processed_data/rgd/train/images/013023 4T1 EpP + aPD1-aPD1-1-7-215-5.jpg
Processesing: ../../../data/processed_data/rgb/train/images/032224 MCF7 EdPIT-Control-1-38-18.jpg
Processesing: ../../../data/processed_data/depth/train/images/032224 MCF7 EdPIT-Control-1-38-18.jpg
Processesing: ../../../data/processed_data/rgd/train/images/032224 MCF7 EdPIT-Control-1-38-18.jpg
Processesing: ../../../data/processed_data/rgb/train/images/032224 MCF7 EdPIT-Control-1-15-24.jpg
Processesing: ../../../data/processed_data/depth/train/images/032224 MCF7 EdPIT-Control-1-15-24.jpg
Processesing: ../../../data/processed_data/rgd/train/images/032224 MCF7 EdPIT-Control-1-15-24.jpg
Processesing: ../../../data/processed_data/rgb/train/images/032224 MCF7 EdPIT-Control-1-41-01.jpg
Processesing: ../../../data/processed_data/depth/train/images/032224 MCF7 EdPIT-Control-1-41-01.jpg
Processesing: ../../../data/processed_data/rgd/train/images/032224 MCF7 EdPIT-Control-1-41-01.jpg
Processesing: ../../../data/processed_data/rgb/train/images/013023 4T1 EpP + aPD1-Control-1-3-213-4.jpg
Processesing: ../../../data/processed_data/depth/train/images/013023 4T1 EpP + aPD1-Control-1-3-213-4.jpg
Processesing: ../../../data/processed_data/rgd/train/images/013023 4T1 EpP + aPD1-Control-1-3-213-4.jpg
Processesing: ../../../data/processed_data/rgb/train/images/032224 MCF7 EdPIT-Control-1-13-12.jpg
Processesing: ../../../data/processed_data/depth/train/images/032224 MCF7 EdPIT-Control-1-13-12.jpg
Processesing: ../../../data/processed_data/rgd/train/images/032224 MCF7 EdPIT-Control-1-13-12.jpg
Processesing: ../../../data/processed_data/rgb/train/images/032224 MCF7 EdPIT-Control-1-8-03.jpg
Processesing: ../../../data/processed_data/depth/train/images/032224 MCF7 EdPIT-Control-1-8-03.jpg
Processesing: ../../../data/processed_data/rgd/train/images/032224 MCF7 EdPIT-Control-1-8-03.jpg
Processesing: ../../../data/processed_data/rgb/train/images/013023 4T1 EpP + aPD1-aPD1 + EpP-1-4-219-5.jpg
Processesing: ../../../data/processed_data/depth/train/images/013023 4T1 EpP + aPD1-aPD1 + EpP-1-4-219-5.jpg
Processesing: ../../../data/processed_data/rgd/train/images/013023 4T1 EpP + aPD1-aPD1 + EpP-1-4-219-5.jpg
Processesing: ../../../data/processed_data/rgb/train/images/013023 4T1 EpP + aPD1-aPD1-1-3-215-4.jpg
Processesing: ../../../data/processed_data/depth/train/images/013023 4T1 EpP + aPD1-aPD1-1-3-215-4.jpg
Processesing: ../../../data/processed_data/rgd/train/images/013023 4T1 EpP + aPD1-aPD1-1-3-215-4.jpg
Processesing: ../../../data/processed_data/rgb/train/images/032224 MCF7 EdPIT-Control-1-49-25.jpg
Processesing: ../../../data/processed_data/depth/train/images/032224 MCF7 EdPIT-Control-1-49-25.jpg
Processesing: ../../../data/processed_data/rgd/train/images/032224 MCF7 EdPIT-Control-1-49-25.jpg
Processesing: ../../../data/processed_data/rgb/train/images/013023 4T1 EpP + aPD1-aPD1-1-7-215-3.jpg
Processesing: ../../../data/processed_data/depth/train/images/013023 4T1 EpP + aPD1-aPD1-1-7-215-3.jpg
Processesing: ../../../data/processed_data/rgd/train/images/013023 4T1 EpP + aPD1-aPD1-1-7-215-3.jpg
Processesing: ../../../data/processed_data/rgb/train/images/032224 MCF7 EdPIT-Control-1-49-11.jpg
Processesing: ../../../data/processed_data/depth/train/images/032224 MCF7 EdPIT-Control-1-49-11.jpg
Processesing: ../../../data/processed_data/rgd/train/images/032224 MCF7 EdPIT-Control-1-49-11.jpg
Processesing: ../../../data/processed_data/rgb/train/images/013023 4T1 EpP + aPD1-EpPIT-1-3-216-5.jpg
Processesing: ../../../data/processed_data/depth/train/images/013023 4T1 EpP + aPD1-EpPIT-1-3-216-5.jpg
Processesing: ../../../data/processed_data/rgd/train/images/013023 4T1 EpP + aPD1-EpPIT-1-3-216-5.jpg
Processesing: ../../../data/processed_data/rgb/train/images/032224 MCF7 EdPIT-Control-1-15-18.jpg
Processesing: ../../../data/processed_data/depth/train/images/032224 MCF7 EdPIT-Control-1-15-18.jpg
Processesing: ../../../data/processed_data/rgd/train/images/032224 MCF7 EdPIT-Control-1-15-18.jpg
Processesing: ../../../data/processed_data/rgb/train/images/032224 MCF7 EdPIT-EdPIT-1-43-14.jpg
Processesing: ../../../data/processed_data/depth/train/images/032224 MCF7 EdPIT-EdPIT-1-43-14.jpg
Processesing: ../../../data/processed_data/rgd/train/images/032224 MCF7 EdPIT-EdPIT-1-43-14.jpg
Processesing: ../../../data/processed_data/rgb/train/images/013023 4T1 EpP + aPD1-EpPIT-1-7-216-4.jpg
Processesing: ../../../data/processed_data/depth/train/images/013023 4T1 EpP + aPD1-EpPIT-1-7-216-4.jpg
Processesing: ../../../data/processed_data/rgd/train/images/013023 4T1 EpP + aPD1-EpPIT-1-7-216-4.jpg
Processesing: ../../../data/processed_data/rgb/train/images/032224 MCF7 EdPIT-EdPIT-1-52-17.jpg
Processesing: ../../../data/processed_data/depth/train/images/032224 MCF7 EdPIT-EdPIT-1-52-17.jpg
Processesing: ../../../data/processed_data/rgd/train/images/032224 MCF7 EdPIT-EdPIT-1-52-17.jpg
Processesing: ../../../data/processed_data/rgb/train/images/013023 4T1 EpP + aPD1-aPD1-1-2-215-4.jpg
Processesing: ../../../data/processed_data/depth/train/images/013023 4T1 EpP + aPD1-aPD1-1-2-215-4.jpg
Processesing: ../../../data/processed_data/rgd/train/images/013023 4T1 EpP + aPD1-aPD1-1-2-215-4.jpg
Processesing: ../../../data/processed_data/rgb/train/images/032224 MCF7 EdPIT-Control-1-8-25.jpg
Processesing: ../../../data/processed_data/depth/train/images/032224 MCF7 EdPIT-Control-1-8-25.jpg
Processesing: ../../../data/processed_data/rgd/train/images/032224 MCF7 EdPIT-Control-1-8-25.jpg
Processesing: ../../../data/processed_data/rgb/train/images/032224 MCF7 EdPIT-Control-1-34-11.jpg
Processesing: ../../../data/processed_data/depth/train/images/032224 MCF7 EdPIT-Control-1-34-11.jpg
Processesing: ../../../data/processed_data/rgd/train/images/032224 MCF7 EdPIT-Control-1-34-11.jpg
Processesing: ../../../data/processed_data/rgb/train/images/032224 MCF7 EdPIT-Control-1-34-30.jpg
Processesing: ../../../data/processed_data/depth/train/images/032224 MCF7 EdPIT-Control-1-34-30.jpg
Processesing: ../../../data/processed_data/rgd/train/images/032224 MCF7 EdPIT-Control-1-34-30.jpg
Processesing: ../../../data/processed_data/rgb/train/images/013023 4T1 EpP + aPD1-Control-1-3-212-2.jpg
Processesing: ../../../data/processed_data/depth/train/images/013023 4T1 EpP + aPD1-Control-1-3-212-2.jpg
Processesing: ../../../data/processed_data/rgd/train/images/013023 4T1 EpP + aPD1-Control-1-3-212-2.jpg
Processesing: ../../../data/processed_data/rgb/train/images/013023 4T1 EpP + aPD1-aPD1 + EpP-1-3-219-5.jpg
Processesing: ../../../data/processed_data/depth/train/images/013023 4T1 EpP + aPD1-aPD1 + EpP-1-3-219-5.jpg
Processesing: ../../../data/processed_data/rgd/train/images/013023 4T1 EpP + aPD1-aPD1 + EpP-1-3-219-5.jpg
Processesing: ../../../data/processed_data/rgb/train/images/032224 MCF7 EdPIT-EdPIT-1-31-13.jpg
Processesing: ../../../data/processed_data/depth/train/images/032224 MCF7 EdPIT-EdPIT-1-31-13.jpg
Processesing: ../../../data/processed_data/rgd/train/images/032224 MCF7 EdPIT-EdPIT-1-31-13.jpg
Processesing: ../../../data/processed_data/rgb/train/images/013023 4T1 EpP + aPD1-Control-1-7-213-2.jpg
Processesing: ../../../data/processed_data/depth/train/images/013023 4T1 EpP + aPD1-Control-1-7-213-2.jpg
Processesing: ../../../data/processed_data/rgd/train/images/013023 4T1 EpP + aPD1-Control-1-7-213-2.jpg
Processesing: ../../../data/processed_data/rgb/train/images/013023 4T1 EpP + aPD1-aPD1-1-4-214-1.jpg
Processesing: ../../../data/processed_data/depth/train/images/013023 4T1 EpP + aPD1-aPD1-1-4-214-1.jpg
Processesing: ../../../data/processed_data/rgd/train/images/013023 4T1 EpP + aPD1-aPD1-1-4-214-1.jpg
Processesing: ../../../data/processed_data/rgb/train/images/032224 MCF7 EdPIT-EdPIT-1-43-17.jpg
Processesing: ../../../data/processed_data/depth/train/images/032224 MCF7 EdPIT-EdPIT-1-43-17.jpg
Processesing: ../../../data/processed_data/rgd/train/images/032224 MCF7 EdPIT-EdPIT-1-43-17.jpg
Processesing: ../../../data/processed_data/rgb/train/images/032224 MCF7 EdPIT-EdPIT-1-45-29.jpg
Processesing: ../../../data/processed_data/depth/train/images/032224 MCF7 EdPIT-EdPIT-1-45-29.jpg
Processesing: ../../../data/processed_data/rgd/train/images/032224 MCF7 EdPIT-EdPIT-1-45-29.jpg
Processesing: ../../../data/processed_data/rgb/train/images/032224 MCF7 EdPIT-EdPIT-1-29-19.jpg
Processesing: ../../../data/processed_data/depth/train/images/032224 MCF7 EdPIT-EdPIT-1-29-19.jpg
Processesing: ../../../data/processed_data/rgd/train/images/032224 MCF7 EdPIT-EdPIT-1-29-19.jpg
Processesing: ../../../data/processed_data/rgb/train/images/013023 4T1 EpP + aPD1-aPD1 + EpP-1-2-218-1.jpg
Processesing: ../../../data/processed_data/depth/train/images/013023 4T1 EpP + aPD1-aPD1 + EpP-1-2-218-1.jpg
Processesing: ../../../data/processed_data/rgd/train/images/013023 4T1 EpP + aPD1-aPD1 + EpP-1-2-218-1.jpg
Processesing: ../../../data/processed_data/rgb/train/images/013023 4T1 EpP + aPD1-EpPIT-1-3-216-3.jpg
Processesing: ../../../data/processed_data/depth/train/images/013023 4T1 EpP + aPD1-EpPIT-1-3-216-3.jpg
Processesing: ../../../data/processed_data/rgd/train/images/013023 4T1 EpP + aPD1-EpPIT-1-3-216-3.jpg
Processesing: ../../../data/processed_data/rgb/train/images/013023 4T1 EpP + aPD1-aPD1 + EpP-1-3-218-5.jpg
Processesing: ../../../data/processed_data/depth/train/images/013023 4T1 EpP + aPD1-aPD1 + EpP-1-3-218-5.jpg
Processesing: ../../../data/processed_data/rgd/train/images/013023 4T1 EpP + aPD1-aPD1 + EpP-1-3-218-5.jpg
Processesing: ../../../data/processed_data/rgb/train/images/013023 4T1 EpP + aPD1-Control-1-7-212-5.jpg
Processesing: ../../../data/processed_data/depth/train/images/013023 4T1 EpP + aPD1-Control-1-7-212-5.jpg
Processesing: ../../../data/processed_data/rgd/train/images/013023 4T1 EpP + aPD1-Control-1-7-212-5.jpg
Processesing: ../../../data/processed_data/rgb/train/images/013023 4T1 EpP + aPD1-aPD1 + EpP-1-7-218-3.jpg
Processesing: ../../../data/processed_data/depth/train/images/013023 4T1 EpP + aPD1-aPD1 + EpP-1-7-218-3.jpg
Processesing: ../../../data/processed_data/rgd/train/images/013023 4T1 EpP + aPD1-aPD1 + EpP-1-7-218-3.jpg
Processesing: ../../../data/processed_data/rgb/train/images/032224 MCF7 EdPIT-EdPIT-1-29-20.jpg
Processesing: ../../../data/processed_data/depth/train/images/032224 MCF7 EdPIT-EdPIT-1-29-20.jpg
Processesing: ../../../data/processed_data/rgd/train/images/032224 MCF7 EdPIT-EdPIT-1-29-20.jpg
Processesing: ../../../data/processed_data/rgb/train/images/032224 MCF7 EdPIT-Control-1-31-30.jpg
Processesing: ../../../data/processed_data/depth/train/images/032224 MCF7 EdPIT-Control-1-31-30.jpg
Processesing: ../../../data/processed_data/rgd/train/images/032224 MCF7 EdPIT-Control-1-31-30.jpg
Processesing: ../../../data/processed_data/rgb/train/images/032224 MCF7 EdPIT-EdPIT-1-13-13.jpg
Processesing: ../../../data/processed_data/depth/train/images/032224 MCF7 EdPIT-EdPIT-1-13-13.jpg
Processesing: ../../../data/processed_data/rgd/train/images/032224 MCF7 EdPIT-EdPIT-1-13-13.jpg
Processesing: ../../../data/processed_data/rgb/train/images/032224 MCF7 EdPIT-EdPIT-1-49-19.jpg
Processesing: ../../../data/processed_data/depth/train/images/032224 MCF7 EdPIT-EdPIT-1-49-19.jpg
Processesing: ../../../data/processed_data/rgd/train/images/032224 MCF7 EdPIT-EdPIT-1-49-19.jpg
Processesing: ../../../data/processed_data/rgb/train/images/013023 4T1 EpP + aPD1-aPD1-1-2-214-5.jpg
Processesing: ../../../data/processed_data/depth/train/images/013023 4T1 EpP + aPD1-aPD1-1-2-214-5.jpg
Processesing: ../../../data/processed_data/rgd/train/images/013023 4T1 EpP + aPD1-aPD1-1-2-214-5.jpg
Processesing: ../../../data/processed_data/rgb/train/images/032224 MCF7 EdPIT-EdPIT-1-34-13.jpg
Processesing: ../../../data/processed_data/depth/train/images/032224 MCF7 EdPIT-EdPIT-1-34-13.jpg
Processesing: ../../../data/processed_data/rgd/train/images/032224 MCF7 EdPIT-EdPIT-1-34-13.jpg
Processesing: ../../../data/processed_data/rgb/train/images/013023 4T1 EpP + aPD1-EpPIT-1-2-217-2.jpg
Processesing: ../../../data/processed_data/depth/train/images/013023 4T1 EpP + aPD1-EpPIT-1-2-217-2.jpg
Processesing: ../../../data/processed_data/rgd/train/images/013023 4T1 EpP + aPD1-EpPIT-1-2-217-2.jpg
Processesing: ../../../data/processed_data/rgb/train/images/032224 MCF7 EdPIT-Control-1-38-11.jpg
Processesing: ../../../data/processed_data/depth/train/images/032224 MCF7 EdPIT-Control-1-38-11.jpg
Processesing: ../../../data/processed_data/rgd/train/images/032224 MCF7 EdPIT-Control-1-38-11.jpg
Processesing: ../../../data/processed_data/rgb/train/images/013023 4T1 EpP + aPD1-Prestudy-1-7-214-4.jpg
Processesing: ../../../data/processed_data/depth/train/images/013023 4T1 EpP + aPD1-Prestudy-1-7-214-4.jpg
Processesing: ../../../data/processed_data/rgd/train/images/013023 4T1 EpP + aPD1-Prestudy-1-7-214-4.jpg
Processesing: ../../../data/processed_data/rgb/train/images/032224 MCF7 EdPIT-Control-1-34-24.jpg
Processesing: ../../../data/processed_data/depth/train/images/032224 MCF7 EdPIT-Control-1-34-24.jpg
Processesing: ../../../data/processed_data/rgd/train/images/032224 MCF7 EdPIT-Control-1-34-24.jpg
Processesing: ../../../data/processed_data/rgb/train/images/013023 4T1 EpP + aPD1-aPD1-1-4-215-5.jpg
Processesing: ../../../data/processed_data/depth/train/images/013023 4T1 EpP + aPD1-aPD1-1-4-215-5.jpg
Processesing: ../../../data/processed_data/rgd/train/images/013023 4T1 EpP + aPD1-aPD1-1-4-215-5.jpg
Processesing: ../../../data/processed_data/rgb/train/images/032224 MCF7 EdPIT-EdPIT-1-41-29.jpg
Processesing: ../../../data/processed_data/depth/train/images/032224 MCF7 EdPIT-EdPIT-1-41-29.jpg
Processesing: ../../../data/processed_data/rgd/train/images/032224 MCF7 EdPIT-EdPIT-1-41-29.jpg
Processesing: ../../../data/processed_data/rgb/train/images/032224 MCF7 EdPIT-EdPIT-1-49-08.jpg
Processesing: ../../../data/processed_data/depth/train/images/032224 MCF7 EdPIT-EdPIT-1-49-08.jpg
Processesing: ../../../data/processed_data/rgd/train/images/032224 MCF7 EdPIT-EdPIT-1-49-08.jpg
Processesing: ../../../data/processed_data/rgb/train/images/032224 MCF7 EdPIT-Control-1-31-11.jpg
Processesing: ../../../data/processed_data/depth/train/images/032224 MCF7 EdPIT-Control-1-31-11.jpg
Processesing: ../../../data/processed_data/rgd/train/images/032224 MCF7 EdPIT-Control-1-31-11.jpg
Processesing: ../../../data/processed_data/rgb/train/images/013023 4T1 EpP + aPD1-Prestudy-1-7-218-3.jpg
Processesing: ../../../data/processed_data/depth/train/images/013023 4T1 EpP + aPD1-Prestudy-1-7-218-3.jpg
Processesing: ../../../data/processed_data/rgd/train/images/013023 4T1 EpP + aPD1-Prestudy-1-7-218-3.jpg
Processesing: ../../../data/processed_data/rgb/train/images/013023 4T1 EpP + aPD1-Prestudy-1-7-215-2.jpg
Processesing: ../../../data/processed_data/depth/train/images/013023 4T1 EpP + aPD1-Prestudy-1-7-215-2.jpg
Processesing: ../../../data/processed_data/rgd/train/images/013023 4T1 EpP + aPD1-Prestudy-1-7-215-2.jpg
Processesing: ../../../data/processed_data/rgb/train/images/013023 4T1 EpP + aPD1-aPD1-1-3-214-5.jpg
Processesing: ../../../data/processed_data/depth/train/images/013023 4T1 EpP + aPD1-aPD1-1-3-214-5.jpg
Processesing: ../../../data/processed_data/rgd/train/images/013023 4T1 EpP + aPD1-aPD1-1-3-214-5.jpg
Processesing: ../../../data/processed_data/rgb/train/images/032224 MCF7 EdPIT-Control-1-8-11.jpg
Processesing: ../../../data/processed_data/depth/train/images/032224 MCF7 EdPIT-Control-1-8-11.jpg
Processesing: ../../../data/processed_data/rgd/train/images/032224 MCF7 EdPIT-Control-1-8-11.jpg
Processesing: ../../../data/processed_data/rgb/train/images/013023 4T1 EpP + aPD1-Control-1-1-213-1.jpg
Processesing: ../../../data/processed_data/depth/train/images/013023 4T1 EpP + aPD1-Control-1-1-213-1.jpg
Processesing: ../../../data/processed_data/rgd/train/images/013023 4T1 EpP + aPD1-Control-1-1-213-1.jpg
Processesing: ../../../data/processed_data/rgb/train/images/013023 4T1 EpP + aPD1-EpPIT-1-3-216-2.jpg
Processesing: ../../../data/processed_data/depth/train/images/013023 4T1 EpP + aPD1-EpPIT-1-3-216-2.jpg
Processesing: ../../../data/processed_data/rgd/train/images/013023 4T1 EpP + aPD1-EpPIT-1-3-216-2.jpg
Processesing: ../../../data/processed_data/rgb/train/images/013023 4T1 EpP + aPD1-Prestudy-1-7-219-2.jpg
Processesing: ../../../data/processed_data/depth/train/images/013023 4T1 EpP + aPD1-Prestudy-1-7-219-2.jpg
Processesing: ../../../data/processed_data/rgd/train/images/013023 4T1 EpP + aPD1-Prestudy-1-7-219-2.jpg
Processesing: ../../../data/processed_data/rgb/train/images/032224 MCF7 EdPIT-Control-1-22-03.jpg
Processesing: ../../../data/processed_data/depth/train/images/032224 MCF7 EdPIT-Control-1-22-03.jpg
Processesing: ../../../data/processed_data/rgd/train/images/032224 MCF7 EdPIT-Control-1-22-03.jpg
Processesing: ../../../data/processed_data/rgb/train/images/013023 4T1 EpP + aPD1-aPD1-1-1-214-1.jpg
Processesing: ../../../data/processed_data/depth/train/images/013023 4T1 EpP + aPD1-aPD1-1-1-214-1.jpg
Processesing: ../../../data/processed_data/rgd/train/images/013023 4T1 EpP + aPD1-aPD1-1-1-214-1.jpg
Processesing: ../../../data/processed_data/rgb/train/images/013023 4T1 EpP + aPD1-aPD1 + EpP-1-7-219-4.jpg
Processesing: ../../../data/processed_data/depth/train/images/013023 4T1 EpP + aPD1-aPD1 + EpP-1-7-219-4.jpg
Processesing: ../../../data/processed_data/rgd/train/images/013023 4T1 EpP + aPD1-aPD1 + EpP-1-7-219-4.jpg
Processesing: ../../../data/processed_data/rgb/train/images/032224 MCF7 EdPIT-EdPIT-1-49-14.jpg
Processesing: ../../../data/processed_data/depth/train/images/032224 MCF7 EdPIT-EdPIT-1-49-14.jpg
Processesing: ../../../data/processed_data/rgd/train/images/032224 MCF7 EdPIT-EdPIT-1-49-14.jpg
Processesing: ../../../data/processed_data/rgb/train/images/032224 MCF7 EdPIT-Control-1-36-01.jpg
Processesing: ../../../data/processed_data/depth/train/images/032224 MCF7 EdPIT-Control-1-36-01.jpg
Processesing: ../../../data/processed_data/rgd/train/images/032224 MCF7 EdPIT-Control-1-36-01.jpg
Processesing: ../../../data/processed_data/rgb/train/images/013023 4T1 EpP + aPD1-Control-1-7-212-2.jpg
Processesing: ../../../data/processed_data/depth/train/images/013023 4T1 EpP + aPD1-Control-1-7-212-2.jpg
Processesing: ../../../data/processed_data/rgd/train/images/013023 4T1 EpP + aPD1-Control-1-7-212-2.jpg
Processesing: ../../../data/processed_data/rgb/train/images/013023 4T1 EpP + aPD1-EpPIT-1-4-217-1.jpg
Processesing: ../../../data/processed_data/depth/train/images/013023 4T1 EpP + aPD1-EpPIT-1-4-217-1.jpg
Processesing: ../../../data/processed_data/rgd/train/images/013023 4T1 EpP + aPD1-EpPIT-1-4-217-1.jpg
Processesing: ../../../data/processed_data/rgb/train/images/032224 MCF7 EdPIT-Control-1-52-25.jpg
Processesing: ../../../data/processed_data/depth/train/images/032224 MCF7 EdPIT-Control-1-52-25.jpg
Processesing: ../../../data/processed_data/rgd/train/images/032224 MCF7 EdPIT-Control-1-52-25.jpg
Processesing: ../../../data/processed_data/rgb/train/images/032224 MCF7 EdPIT-EdPIT-1-34-17.jpg
Processesing: ../../../data/processed_data/depth/train/images/032224 MCF7 EdPIT-EdPIT-1-34-17.jpg
Processesing: ../../../data/processed_data/rgd/train/images/032224 MCF7 EdPIT-EdPIT-1-34-17.jpg
Processesing: ../../../data/processed_data/rgb/train/images/032224 MCF7 EdPIT-Control-1-24-03.jpg
Processesing: ../../../data/processed_data/depth/train/images/032224 MCF7 EdPIT-Control-1-24-03.jpg
Processesing: ../../../data/processed_data/rgd/train/images/032224 MCF7 EdPIT-Control-1-24-03.jpg
Processesing: ../../../data/processed_data/rgb/train/images/013023 4T1 EpP + aPD1-Control-1-3-213-3.jpg
Processesing: ../../../data/processed_data/depth/train/images/013023 4T1 EpP + aPD1-Control-1-3-213-3.jpg
Processesing: ../../../data/processed_data/rgd/train/images/013023 4T1 EpP + aPD1-Control-1-3-213-3.jpg
Processesing: ../../../data/processed_data/rgb/train/images/032224 MCF7 EdPIT-Control-1-15-12.jpg
Processesing: ../../../data/processed_data/depth/train/images/032224 MCF7 EdPIT-Control-1-15-12.jpg
Processesing: ../../../data/processed_data/rgd/train/images/032224 MCF7 EdPIT-Control-1-15-12.jpg
Processesing: ../../../data/processed_data/rgb/train/images/032224 MCF7 EdPIT-EdPIT-1-36-29.jpg
Processesing: ../../../data/processed_data/depth/train/images/032224 MCF7 EdPIT-EdPIT-1-36-29.jpg
Processesing: ../../../data/processed_data/rgd/train/images/032224 MCF7 EdPIT-EdPIT-1-36-29.jpg
Processesing: ../../../data/processed_data/rgb/train/images/013023 4T1 EpP + aPD1-aPD1 + EpP-1-2-219-2.jpg
Processesing: ../../../data/processed_data/depth/train/images/013023 4T1 EpP + aPD1-aPD1 + EpP-1-2-219-2.jpg
Processesing: ../../../data/processed_data/rgd/train/images/013023 4T1 EpP + aPD1-aPD1 + EpP-1-2-219-2.jpg
Processesing: ../../../data/processed_data/rgb/train/images/013023 4T1 EpP + aPD1-aPD1 + EpP-1-2-218-2.jpg
Processesing: ../../../data/processed_data/depth/train/images/013023 4T1 EpP + aPD1-aPD1 + EpP-1-2-218-2.jpg
Processesing: ../../../data/processed_data/rgd/train/images/013023 4T1 EpP + aPD1-aPD1 + EpP-1-2-218-2.jpg
Processesing: ../../../data/processed_data/rgb/train/images/032224 MCF7 EdPIT-Control-1-49-12.jpg
Processesing: ../../../data/processed_data/depth/train/images/032224 MCF7 EdPIT-Control-1-49-12.jpg
Processesing: ../../../data/processed_data/rgd/train/images/032224 MCF7 EdPIT-Control-1-49-12.jpg
Processesing: ../../../data/processed_data/rgb/train/images/013023 4T1 EpP + aPD1-EpPIT-1-2-217-4.jpg
Processesing: ../../../data/processed_data/depth/train/images/013023 4T1 EpP + aPD1-EpPIT-1-2-217-4.jpg
Processesing: ../../../data/processed_data/rgd/train/images/013023 4T1 EpP + aPD1-EpPIT-1-2-217-4.jpg
Processesing: ../../../data/processed_data/rgb/train/images/032224 MCF7 EdPIT-Control-1-36-18.jpg
Processesing: ../../../data/processed_data/depth/train/images/032224 MCF7 EdPIT-Control-1-36-18.jpg
Processesing: ../../../data/processed_data/rgd/train/images/032224 MCF7 EdPIT-Control-1-36-18.jpg
Processesing: ../../../data/processed_data/rgb/train/images/032224 MCF7 EdPIT-EdPIT-1-15-08.jpg
Processesing: ../../../data/processed_data/depth/train/images/032224 MCF7 EdPIT-EdPIT-1-15-08.jpg
Processesing: ../../../data/processed_data/rgd/train/images/032224 MCF7 EdPIT-EdPIT-1-15-08.jpg
Processesing: ../../../data/processed_data/rgb/train/images/032224 MCF7 EdPIT-EdPIT-1-29-17.jpg
Processesing: ../../../data/processed_data/depth/train/images/032224 MCF7 EdPIT-EdPIT-1-29-17.jpg
Processesing: ../../../data/processed_data/rgd/train/images/032224 MCF7 EdPIT-EdPIT-1-29-17.jpg
Processesing: ../../../data/processed_data/rgb/train/images/013023 4T1 EpP + aPD1-Control-1-4-213-5.jpg
Processesing: ../../../data/processed_data/depth/train/images/013023 4T1 EpP + aPD1-Control-1-4-213-5.jpg
Processesing: ../../../data/processed_data/rgd/train/images/013023 4T1 EpP + aPD1-Control-1-4-213-5.jpg
Processesing: ../../../data/processed_data/rgb/train/images/013023 4T1 EpP + aPD1-EpPIT-1-3-217-3.jpg
Processesing: ../../../data/processed_data/depth/train/images/013023 4T1 EpP + aPD1-EpPIT-1-3-217-3.jpg
Processesing: ../../../data/processed_data/rgd/train/images/013023 4T1 EpP + aPD1-EpPIT-1-3-217-3.jpg
Processesing: ../../../data/processed_data/rgb/train/images/013023 4T1 EpP + aPD1-Prestudy-1-7-215-5.jpg
Processesing: ../../../data/processed_data/depth/train/images/013023 4T1 EpP + aPD1-Prestudy-1-7-215-5.jpg
Processesing: ../../../data/processed_data/rgd/train/images/013023 4T1 EpP + aPD1-Prestudy-1-7-215-5.jpg
Processesing: ../../../data/processed_data/rgb/train/images/013023 4T1 EpP + aPD1-Prestudy-1-7-214-3.jpg
Processesing: ../../../data/processed_data/depth/train/images/013023 4T1 EpP + aPD1-Prestudy-1-7-214-3.jpg
Processesing: ../../../data/processed_data/rgd/train/images/013023 4T1 EpP + aPD1-Prestudy-1-7-214-3.jpg
Processesing: ../../../data/processed_data/rgb/train/images/032224 MCF7 EdPIT-EdPIT-1-45-14.jpg
Processesing: ../../../data/processed_data/depth/train/images/032224 MCF7 EdPIT-EdPIT-1-45-14.jpg
Processesing: ../../../data/processed_data/rgd/train/images/032224 MCF7 EdPIT-EdPIT-1-45-14.jpg
Processesing: ../../../data/processed_data/rgb/train/images/013023 4T1 EpP + aPD1-aPD1-1-2-215-3.jpg
Processesing: ../../../data/processed_data/depth/train/images/013023 4T1 EpP + aPD1-aPD1-1-2-215-3.jpg
Processesing: ../../../data/processed_data/rgd/train/images/013023 4T1 EpP + aPD1-aPD1-1-2-215-3.jpg
Processesing: ../../../data/processed_data/rgb/train/images/013023 4T1 EpP + aPD1-Prestudy-1-7-213-2.jpg
Processesing: ../../../data/processed_data/depth/train/images/013023 4T1 EpP + aPD1-Prestudy-1-7-213-2.jpg
Processesing: ../../../data/processed_data/rgd/train/images/013023 4T1 EpP + aPD1-Prestudy-1-7-213-2.jpg
Processesing: ../../../data/processed_data/rgb/train/images/013023 4T1 EpP + aPD1-Control-1-4-213-2.jpg
Processesing: ../../../data/processed_data/depth/train/images/013023 4T1 EpP + aPD1-Control-1-4-213-2.jpg
Processesing: ../../../data/processed_data/rgd/train/images/013023 4T1 EpP + aPD1-Control-1-4-213-2.jpg
Processesing: ../../../data/processed_data/rgb/train/images/013023 4T1 EpP + aPD1-EpPIT-1-1-217-5.jpg
Processesing: ../../../data/processed_data/depth/train/images/013023 4T1 EpP + aPD1-EpPIT-1-1-217-5.jpg
Processesing: ../../../data/processed_data/rgd/train/images/013023 4T1 EpP + aPD1-EpPIT-1-1-217-5.jpg
Processesing: ../../../data/processed_data/rgb/train/images/032224 MCF7 EdPIT-Control-1-17-11.jpg
Processesing: ../../../data/processed_data/depth/train/images/032224 MCF7 EdPIT-Control-1-17-11.jpg
Processesing: ../../../data/processed_data/rgd/train/images/032224 MCF7 EdPIT-Control-1-17-11.jpg
Processesing: ../../../data/processed_data/rgb/train/images/032224 MCF7 EdPIT-Control-1-45-03.jpg
Processesing: ../../../data/processed_data/depth/train/images/032224 MCF7 EdPIT-Control-1-45-03.jpg
Processesing: ../../../data/processed_data/rgd/train/images/032224 MCF7 EdPIT-Control-1-45-03.jpg
Processesing: ../../../data/processed_data/rgb/train/images/013023 4T1 EpP + aPD1-EpPIT-1-7-216-5.jpg
Processesing: ../../../data/processed_data/depth/train/images/013023 4T1 EpP + aPD1-EpPIT-1-7-216-5.jpg
Processesing: ../../../data/processed_data/rgd/train/images/013023 4T1 EpP + aPD1-EpPIT-1-7-216-5.jpg
Processesing: ../../../data/processed_data/rgb/train/images/032224 MCF7 EdPIT-Control-1-36-28.jpg
Processesing: ../../../data/processed_data/depth/train/images/032224 MCF7 EdPIT-Control-1-36-28.jpg
Processesing: ../../../data/processed_data/rgd/train/images/032224 MCF7 EdPIT-Control-1-36-28.jpg
Processesing: ../../../data/processed_data/rgb/train/images/013023 4T1 EpP + aPD1-aPD1-1-1-215-4.jpg
Processesing: ../../../data/processed_data/depth/train/images/013023 4T1 EpP + aPD1-aPD1-1-1-215-4.jpg
Processesing: ../../../data/processed_data/rgd/train/images/013023 4T1 EpP + aPD1-aPD1-1-1-215-4.jpg
Processesing: ../../../data/processed_data/rgb/train/images/013023 4T1 EpP + aPD1-Prestudy-1-7-215-1.jpg
Processesing: ../../../data/processed_data/depth/train/images/013023 4T1 EpP + aPD1-Prestudy-1-7-215-1.jpg
Processesing: ../../../data/processed_data/rgd/train/images/013023 4T1 EpP + aPD1-Prestudy-1-7-215-1.jpg
Processesing: ../../../data/processed_data/rgb/train/images/032224 MCF7 EdPIT-Control-1-31-25.jpg
Processesing: ../../../data/processed_data/depth/train/images/032224 MCF7 EdPIT-Control-1-31-25.jpg
Processesing: ../../../data/processed_data/rgd/train/images/032224 MCF7 EdPIT-Control-1-31-25.jpg
Processesing: ../../../data/processed_data/rgb/train/images/032224 MCF7 EdPIT-Control-1-24-01.jpg
Processesing: ../../../data/processed_data/depth/train/images/032224 MCF7 EdPIT-Control-1-24-01.jpg
Processesing: ../../../data/processed_data/rgd/train/images/032224 MCF7 EdPIT-Control-1-24-01.jpg
Processesing: ../../../data/processed_data/rgb/train/images/013023 4T1 EpP + aPD1-aPD1 + EpP-1-1-219-5.jpg
Processesing: ../../../data/processed_data/depth/train/images/013023 4T1 EpP + aPD1-aPD1 + EpP-1-1-219-5.jpg
Processesing: ../../../data/processed_data/rgd/train/images/013023 4T1 EpP + aPD1-aPD1 + EpP-1-1-219-5.jpg
Processesing: ../../../data/processed_data/rgb/train/images/013023 4T1 EpP + aPD1-aPD1 + EpP-1-3-219-2.jpg
Processesing: ../../../data/processed_data/depth/train/images/013023 4T1 EpP + aPD1-aPD1 + EpP-1-3-219-2.jpg
Processesing: ../../../data/processed_data/rgd/train/images/013023 4T1 EpP + aPD1-aPD1 + EpP-1-3-219-2.jpg
Processesing: ../../../data/processed_data/rgb/train/images/013023 4T1 EpP + aPD1-Control-1-7-212-3.jpg
Processesing: ../../../data/processed_data/depth/train/images/013023 4T1 EpP + aPD1-Control-1-7-212-3.jpg
Processesing: ../../../data/processed_data/rgd/train/images/013023 4T1 EpP + aPD1-Control-1-7-212-3.jpg
Processesing: ../../../data/processed_data/rgb/train/images/013023 4T1 EpP + aPD1-Prestudy-1-7-213-3.jpg
Processesing: ../../../data/processed_data/depth/train/images/013023 4T1 EpP + aPD1-Prestudy-1-7-213-3.jpg
Processesing: ../../../data/processed_data/rgd/train/images/013023 4T1 EpP + aPD1-Prestudy-1-7-213-3.jpg
Processesing: ../../../data/processed_data/rgb/train/images/013023 4T1 EpP + aPD1-Prestudy-1-7-213-4.jpg
Processesing: ../../../data/processed_data/depth/train/images/013023 4T1 EpP + aPD1-Prestudy-1-7-213-4.jpg
Processesing: ../../../data/processed_data/rgd/train/images/013023 4T1 EpP + aPD1-Prestudy-1-7-213-4.jpg
Processesing: ../../../data/processed_data/rgb/train/images/013023 4T1 EpP + aPD1-EpPIT-1-2-216-1.jpg
Processesing: ../../../data/processed_data/depth/train/images/013023 4T1 EpP + aPD1-EpPIT-1-2-216-1.jpg
Processesing: ../../../data/processed_data/rgd/train/images/013023 4T1 EpP + aPD1-EpPIT-1-2-216-1.jpg
Processesing: ../../../data/processed_data/rgb/train/images/013023 4T1 EpP + aPD1-Control-1-1-212-5.jpg
Processesing: ../../../data/processed_data/depth/train/images/013023 4T1 EpP + aPD1-Control-1-1-212-5.jpg
Processesing: ../../../data/processed_data/rgd/train/images/013023 4T1 EpP + aPD1-Control-1-1-212-5.jpg
Processesing: ../../../data/processed_data/rgb/train/images/013023 4T1 EpP + aPD1-Prestudy-1-7-216-1.jpg
Processesing: ../../../data/processed_data/depth/train/images/013023 4T1 EpP + aPD1-Prestudy-1-7-216-1.jpg
Processesing: ../../../data/processed_data/rgd/train/images/013023 4T1 EpP + aPD1-Prestudy-1-7-216-1.jpg
Processesing: ../../../data/processed_data/rgb/train/images/013023 4T1 EpP + aPD1-aPD1 + EpP-1-3-218-4.jpg
Processesing: ../../../data/processed_data/depth/train/images/013023 4T1 EpP + aPD1-aPD1 + EpP-1-3-218-4.jpg
Processesing: ../../../data/processed_data/rgd/train/images/013023 4T1 EpP + aPD1-aPD1 + EpP-1-3-218-4.jpg
Processesing: ../../../data/processed_data/rgb/train/images/013023 4T1 EpP + aPD1-EpPIT-1-7-217-1.jpg
Processesing: ../../../data/processed_data/depth/train/images/013023 4T1 EpP + aPD1-EpPIT-1-7-217-1.jpg
Processesing: ../../../data/processed_data/rgd/train/images/013023 4T1 EpP + aPD1-EpPIT-1-7-217-1.jpg
Processesing: ../../../data/processed_data/rgb/train/images/013023 4T1 EpP + aPD1-aPD1 + EpP-1-7-219-3.jpg
Processesing: ../../../data/processed_data/depth/train/images/013023 4T1 EpP + aPD1-aPD1 + EpP-1-7-219-3.jpg
Processesing: ../../../data/processed_data/rgd/train/images/013023 4T1 EpP + aPD1-aPD1 + EpP-1-7-219-3.jpg
Processesing: ../../../data/processed_data/rgb/val/images/032224 MCF7 EdPIT-iv only-1-13-07.jpg
Processesing: ../../../data/processed_data/depth/val/images/032224 MCF7 EdPIT-iv only-1-13-07.jpg
Processesing: ../../../data/processed_data/rgd/val/images/032224 MCF7 EdPIT-iv only-1-13-07.jpg
Processesing: ../../../data/processed_data/rgb/val/images/032224 MCF7 EdPIT-iv only-1-15-16.jpg
Processesing: ../../../data/processed_data/depth/val/images/032224 MCF7 EdPIT-iv only-1-15-16.jpg
Processesing: ../../../data/processed_data/rgd/val/images/032224 MCF7 EdPIT-iv only-1-15-16.jpg
Processesing: ../../../data/processed_data/rgb/val/images/032224 MCF7 EdPIT-EdPIT-1-57-20.jpg
Processesing: ../../../data/processed_data/depth/val/images/032224 MCF7 EdPIT-EdPIT-1-57-20.jpg
Processesing: ../../../data/processed_data/rgd/val/images/032224 MCF7 EdPIT-EdPIT-1-57-20.jpg
Processesing: ../../../data/processed_data/rgb/val/images/032224 MCF7 EdPIT-EdPIT-1-52-29.jpg
Processesing: ../../../data/processed_data/depth/val/images/032224 MCF7 EdPIT-EdPIT-1-52-29.jpg
Processesing: ../../../data/processed_data/rgd/val/images/032224 MCF7 EdPIT-EdPIT-1-52-29.jpg
Processesing: ../../../data/processed_data/rgb/val/images/032224 MCF7 EdPIT-iv only-1-13-23.jpg
Processesing: ../../../data/processed_data/depth/val/images/032224 MCF7 EdPIT-iv only-1-13-23.jpg
Processesing: ../../../data/processed_data/rgd/val/images/032224 MCF7 EdPIT-iv only-1-13-23.jpg
Processesing: ../../../data/processed_data/rgb/val/images/032224 MCF7 EdPIT-EdPIT-1-55-22.jpg
Processesing: ../../../data/processed_data/depth/val/images/032224 MCF7 EdPIT-EdPIT-1-55-22.jpg
Processesing: ../../../data/processed_data/rgd/val/images/032224 MCF7 EdPIT-EdPIT-1-55-22.jpg
Processesing: ../../../data/processed_data/rgb/val/images/032224 MCF7 EdPIT-EdPIT-1-6-13.jpg
Processesing: ../../../data/processed_data/depth/val/images/032224 MCF7 EdPIT-EdPIT-1-6-13.jpg
Processesing: ../../../data/processed_data/rgd/val/images/032224 MCF7 EdPIT-EdPIT-1-6-13.jpg
Processesing: ../../../data/processed_data/rgb/val/images/032224 MCF7 EdPIT-iv only-1-24-05.jpg
Processesing: ../../../data/processed_data/depth/val/images/032224 MCF7 EdPIT-iv only-1-24-05.jpg
Processesing: ../../../data/processed_data/rgd/val/images/032224 MCF7 EdPIT-iv only-1-24-05.jpg
Processesing: ../../../data/processed_data/rgb/val/images/032224 MCF7 EdPIT-iv only-1-15-23.jpg
Processesing: ../../../data/processed_data/depth/val/images/032224 MCF7 EdPIT-iv only-1-15-23.jpg
Processesing: ../../../data/processed_data/rgd/val/images/032224 MCF7 EdPIT-iv only-1-15-23.jpg
Processesing: ../../../data/processed_data/rgb/val/images/032224 MCF7 EdPIT-iv only-1-24-02.jpg
Processesing: ../../../data/processed_data/depth/val/images/032224 MCF7 EdPIT-iv only-1-24-02.jpg
Processesing: ../../../data/processed_data/rgd/val/images/032224 MCF7 EdPIT-iv only-1-24-02.jpg
Processesing: ../../../data/processed_data/rgb/val/images/032224 MCF7 EdPIT-iv only-1-27-09.jpg
Processesing: ../../../data/processed_data/depth/val/images/032224 MCF7 EdPIT-iv only-1-27-09.jpg
Processesing: ../../../data/processed_data/rgd/val/images/032224 MCF7 EdPIT-iv only-1-27-09.jpg
Processesing: ../../../data/processed_data/rgb/val/images/032224 MCF7 EdPIT-iv only-1-22-27.jpg
Processesing: ../../../data/processed_data/depth/val/images/032224 MCF7 EdPIT-iv only-1-22-27.jpg
Processesing: ../../../data/processed_data/rgd/val/images/032224 MCF7 EdPIT-iv only-1-22-27.jpg
Processesing: ../../../data/processed_data/rgb/val/images/032224 MCF7 EdPIT-EdPIT-1-6-15.jpg
Processesing: ../../../data/processed_data/depth/val/images/032224 MCF7 EdPIT-EdPIT-1-6-15.jpg
Processesing: ../../../data/processed_data/rgd/val/images/032224 MCF7 EdPIT-EdPIT-1-6-15.jpg
Processesing: ../../../data/processed_data/rgb/val/images/032224 MCF7 EdPIT-iv only-1-15-07.jpg
Processesing: ../../../data/processed_data/depth/val/images/032224 MCF7 EdPIT-iv only-1-15-07.jpg
Processesing: ../../../data/processed_data/rgd/val/images/032224 MCF7 EdPIT-iv only-1-15-07.jpg
Processesing: ../../../data/processed_data/rgb/val/images/032224 MCF7 EdPIT-EdPIT-1-6-19.jpg
Processesing: ../../../data/processed_data/depth/val/images/032224 MCF7 EdPIT-EdPIT-1-6-19.jpg
Processesing: ../../../data/processed_data/rgd/val/images/032224 MCF7 EdPIT-EdPIT-1-6-19.jpg
Processesing: ../../../data/processed_data/rgb/val/images/032224 MCF7 EdPIT-EdPIT-1-55-17.jpg
Processesing: ../../../data/processed_data/depth/val/images/032224 MCF7 EdPIT-EdPIT-1-55-17.jpg
Processesing: ../../../data/processed_data/rgd/val/images/032224 MCF7 EdPIT-EdPIT-1-55-17.jpg
Processesing: ../../../data/processed_data/rgb/val/images/032224 MCF7 EdPIT-iv only-1-22-16.jpg
Processesing: ../../../data/processed_data/depth/val/images/032224 MCF7 EdPIT-iv only-1-22-16.jpg
Processesing: ../../../data/processed_data/rgd/val/images/032224 MCF7 EdPIT-iv only-1-22-16.jpg
Processesing: ../../../data/processed_data/rgb/val/images/032224 MCF7 EdPIT-iv only-1-13-02.jpg
Processesing: ../../../data/processed_data/depth/val/images/032224 MCF7 EdPIT-iv only-1-13-02.jpg
Processesing: ../../../data/processed_data/rgd/val/images/032224 MCF7 EdPIT-iv only-1-13-02.jpg
Processesing: ../../../data/processed_data/rgb/val/images/032224 MCF7 EdPIT-EdPIT-1-55-20.jpg
Processesing: ../../../data/processed_data/depth/val/images/032224 MCF7 EdPIT-EdPIT-1-55-20.jpg
Processesing: ../../../data/processed_data/rgd/val/images/032224 MCF7 EdPIT-EdPIT-1-55-20.jpg
Processesing: ../../../data/processed_data/rgb/val/images/032224 MCF7 EdPIT-iv only-1-17-29.jpg
Processesing: ../../../data/processed_data/depth/val/images/032224 MCF7 EdPIT-iv only-1-17-29.jpg
Processesing: ../../../data/processed_data/rgd/val/images/032224 MCF7 EdPIT-iv only-1-17-29.jpg
Processesing: ../../../data/processed_data/rgb/val/images/032224 MCF7 EdPIT-EdPIT-1-57-19.jpg
Processesing: ../../../data/processed_data/depth/val/images/032224 MCF7 EdPIT-EdPIT-1-57-19.jpg
Processesing: ../../../data/processed_data/rgd/val/images/032224 MCF7 EdPIT-EdPIT-1-57-19.jpg
Processesing: ../../../data/processed_data/rgb/val/images/032224 MCF7 EdPIT-iv only-1-15-05.jpg
Processesing: ../../../data/processed_data/depth/val/images/032224 MCF7 EdPIT-iv only-1-15-05.jpg
Processesing: ../../../data/processed_data/rgd/val/images/032224 MCF7 EdPIT-iv only-1-15-05.jpg
Processesing: ../../../data/processed_data/rgb/val/images/032224 MCF7 EdPIT-EdPIT-1-55-29.jpg
Processesing: ../../../data/processed_data/depth/val/images/032224 MCF7 EdPIT-EdPIT-1-55-29.jpg
Processesing: ../../../data/processed_data/rgd/val/images/032224 MCF7 EdPIT-EdPIT-1-55-29.jpg
Processesing: ../../../data/processed_data/rgb/val/images/032224 MCF7 EdPIT-iv only-1-22-10.jpg
Processesing: ../../../data/processed_data/depth/val/images/032224 MCF7 EdPIT-iv only-1-22-10.jpg
Processesing: ../../../data/processed_data/rgd/val/images/032224 MCF7 EdPIT-iv only-1-22-10.jpg
Processesing: ../../../data/processed_data/rgb/val/images/032224 MCF7 EdPIT-iv only-1-15-26.jpg
Processesing: ../../../data/processed_data/depth/val/images/032224 MCF7 EdPIT-iv only-1-15-26.jpg
Processesing: ../../../data/processed_data/rgd/val/images/032224 MCF7 EdPIT-iv only-1-15-26.jpg
Processesing: ../../../data/processed_data/rgb/val/images/032224 MCF7 EdPIT-iv only-1-22-26.jpg
Processesing: ../../../data/processed_data/depth/val/images/032224 MCF7 EdPIT-iv only-1-22-26.jpg
Processesing: ../../../data/processed_data/rgd/val/images/032224 MCF7 EdPIT-iv only-1-22-26.jpg
Processesing: ../../../data/processed_data/rgb/val/images/032224 MCF7 EdPIT-iv only-1-13-27.jpg
Processesing: ../../../data/processed_data/depth/val/images/032224 MCF7 EdPIT-iv only-1-13-27.jpg
Processesing: ../../../data/processed_data/rgd/val/images/032224 MCF7 EdPIT-iv only-1-13-27.jpg
Processesing: ../../../data/processed_data/rgb/val/images/032224 MCF7 EdPIT-iv only-1-15-10.jpg
Processesing: ../../../data/processed_data/depth/val/images/032224 MCF7 EdPIT-iv only-1-15-10.jpg
Processesing: ../../../data/processed_data/rgd/val/images/032224 MCF7 EdPIT-iv only-1-15-10.jpg
Processesing: ../../../data/processed_data/rgb/val/images/032224 MCF7 EdPIT-EdPIT-1-6-29.jpg
Processesing: ../../../data/processed_data/depth/val/images/032224 MCF7 EdPIT-EdPIT-1-6-29.jpg
Processesing: ../../../data/processed_data/rgd/val/images/032224 MCF7 EdPIT-EdPIT-1-6-29.jpg
Processesing: ../../../data/processed_data/rgb/val/images/032224 MCF7 EdPIT-iv only-1-13-16.jpg
Processesing: ../../../data/processed_data/depth/val/images/032224 MCF7 EdPIT-iv only-1-13-16.jpg
Processesing: ../../../data/processed_data/rgd/val/images/032224 MCF7 EdPIT-iv only-1-13-16.jpg
Processesing: ../../../data/processed_data/rgb/val/images/032224 MCF7 EdPIT-iv only-1-13-26.jpg
Processesing: ../../../data/processed_data/depth/val/images/032224 MCF7 EdPIT-iv only-1-13-26.jpg
Processesing: ../../../data/processed_data/rgd/val/images/032224 MCF7 EdPIT-iv only-1-13-26.jpg
Processesing: ../../../data/processed_data/rgb/val/images/032224 MCF7 EdPIT-iv only-1-22-09.jpg
Processesing: ../../../data/processed_data/depth/val/images/032224 MCF7 EdPIT-iv only-1-22-09.jpg
Processesing: ../../../data/processed_data/rgd/val/images/032224 MCF7 EdPIT-iv only-1-22-09.jpg
Processesing: ../../../data/processed_data/rgb/val/images/032224 MCF7 EdPIT-iv only-1-13-21.jpg
Processesing: ../../../data/processed_data/depth/val/images/032224 MCF7 EdPIT-iv only-1-13-21.jpg
Processesing: ../../../data/processed_data/rgd/val/images/032224 MCF7 EdPIT-iv only-1-13-21.jpg
Processesing: ../../../data/processed_data/rgb/val/images/032224 MCF7 EdPIT-iv only-1-17-22.jpg
Processesing: ../../../data/processed_data/depth/val/images/032224 MCF7 EdPIT-iv only-1-17-22.jpg
Processesing: ../../../data/processed_data/rgd/val/images/032224 MCF7 EdPIT-iv only-1-17-22.jpg
Processesing: ../../../data/processed_data/rgb/val/images/032224 MCF7 EdPIT-EdPIT-1-61-22.jpg
Processesing: ../../../data/processed_data/depth/val/images/032224 MCF7 EdPIT-EdPIT-1-61-22.jpg
Processesing: ../../../data/processed_data/rgd/val/images/032224 MCF7 EdPIT-EdPIT-1-61-22.jpg
Processesing: ../../../data/processed_data/rgb/val/images/032224 MCF7 EdPIT-Prestudy-1-18-06.jpg
Processesing: ../../../data/processed_data/depth/val/images/032224 MCF7 EdPIT-Prestudy-1-18-06.jpg
Processesing: ../../../data/processed_data/rgd/val/images/032224 MCF7 EdPIT-Prestudy-1-18-06.jpg
Processesing: ../../../data/processed_data/rgb/val/images/032224 MCF7 EdPIT-iv only-1-22-05.jpg
Processesing: ../../../data/processed_data/depth/val/images/032224 MCF7 EdPIT-iv only-1-22-05.jpg
Processesing: ../../../data/processed_data/rgd/val/images/032224 MCF7 EdPIT-iv only-1-22-05.jpg
Processesing: ../../../data/processed_data/rgb/val/images/032224 MCF7 EdPIT-iv only-1-15-27.jpg
Processesing: ../../../data/processed_data/depth/val/images/032224 MCF7 EdPIT-iv only-1-15-27.jpg
Processesing: ../../../data/processed_data/rgd/val/images/032224 MCF7 EdPIT-iv only-1-15-27.jpg
Processesing: ../../../data/processed_data/rgb/val/images/032224 MCF7 EdPIT-iv only-1-13-10.jpg
Processesing: ../../../data/processed_data/depth/val/images/032224 MCF7 EdPIT-iv only-1-13-10.jpg
Processesing: ../../../data/processed_data/rgd/val/images/032224 MCF7 EdPIT-iv only-1-13-10.jpg
Processesing: ../../../data/processed_data/rgb/val/images/032224 MCF7 EdPIT-EdPIT-1-57-29.jpg
Processesing: ../../../data/processed_data/depth/val/images/032224 MCF7 EdPIT-EdPIT-1-57-29.jpg
Processesing: ../../../data/processed_data/rgd/val/images/032224 MCF7 EdPIT-EdPIT-1-57-29.jpg
Processesing: ../../../data/processed_data/rgb/val/images/032224 MCF7 EdPIT-EdPIT-1-6-20.jpg
Processesing: ../../../data/processed_data/depth/val/images/032224 MCF7 EdPIT-EdPIT-1-6-20.jpg
Processesing: ../../../data/processed_data/rgd/val/images/032224 MCF7 EdPIT-EdPIT-1-6-20.jpg
Processesing: ../../../data/processed_data/rgb/val/images/032224 MCF7 EdPIT-EdPIT-1-55-19.jpg
Processesing: ../../../data/processed_data/depth/val/images/032224 MCF7 EdPIT-EdPIT-1-55-19.jpg
Processesing: ../../../data/processed_data/rgd/val/images/032224 MCF7 EdPIT-EdPIT-1-55-19.jpg
Processesing: ../../../data/processed_data/rgb/val/images/032224 MCF7 EdPIT-iv only-1-15-21.jpg
Processesing: ../../../data/processed_data/depth/val/images/032224 MCF7 EdPIT-iv only-1-15-21.jpg
Processesing: ../../../data/processed_data/rgd/val/images/032224 MCF7 EdPIT-iv only-1-15-21.jpg
Processesing: ../../../data/processed_data/rgb/val/images/032224 MCF7 EdPIT-iv only-1-15-02.jpg
Processesing: ../../../data/processed_data/depth/val/images/032224 MCF7 EdPIT-iv only-1-15-02.jpg
Processesing: ../../../data/processed_data/rgd/val/images/032224 MCF7 EdPIT-iv only-1-15-02.jpg
Processesing: ../../../data/processed_data/rgb/val/images/032224 MCF7 EdPIT-iv only-1-13-09.jpg
Processesing: ../../../data/processed_data/depth/val/images/032224 MCF7 EdPIT-iv only-1-13-09.jpg
Processesing: ../../../data/processed_data/rgd/val/images/032224 MCF7 EdPIT-iv only-1-13-09.jpg
Processesing: ../../../data/processed_data/rgb/val/images/032224 MCF7 EdPIT-EdPIT-1-6-22.jpg
Processesing: ../../../data/processed_data/depth/val/images/032224 MCF7 EdPIT-EdPIT-1-6-22.jpg
Processesing: ../../../data/processed_data/rgd/val/images/032224 MCF7 EdPIT-EdPIT-1-6-22.jpg
Processesing: ../../../data/processed_data/rgb/val/images/032224 MCF7 EdPIT-EdPIT-1-6-06.jpg
Processesing: ../../../data/processed_data/depth/val/images/032224 MCF7 EdPIT-EdPIT-1-6-06.jpg
Processesing: ../../../data/processed_data/rgd/val/images/032224 MCF7 EdPIT-EdPIT-1-6-06.jpg
Processesing: ../../../data/processed_data/rgb/val/images/032224 MCF7 EdPIT-iv only-1-22-23.jpg
Processesing: ../../../data/processed_data/depth/val/images/032224 MCF7 EdPIT-iv only-1-22-23.jpg
Processesing: ../../../data/processed_data/rgd/val/images/032224 MCF7 EdPIT-iv only-1-22-23.jpg
Processesing: ../../../data/processed_data/rgb/val/images/032224 MCF7 EdPIT-EdPIT-1-52-20.jpg
Processesing: ../../../data/processed_data/depth/val/images/032224 MCF7 EdPIT-EdPIT-1-52-20.jpg
Processesing: ../../../data/processed_data/rgd/val/images/032224 MCF7 EdPIT-EdPIT-1-52-20.jpg
Processesing: ../../../data/processed_data/rgb/val/images/032224 MCF7 EdPIT-iv only-1-15-09.jpg
Processesing: ../../../data/processed_data/depth/val/images/032224 MCF7 EdPIT-iv only-1-15-09.jpg
Processesing: ../../../data/processed_data/rgd/val/images/032224 MCF7 EdPIT-iv only-1-15-09.jpg
Processesing: ../../../data/processed_data/rgb/val/images/032224 MCF7 EdPIT-iv only-1-22-21.jpg
Processesing: ../../../data/processed_data/depth/val/images/032224 MCF7 EdPIT-iv only-1-22-21.jpg
Processesing: ../../../data/processed_data/rgd/val/images/032224 MCF7 EdPIT-iv only-1-22-21.jpg
Processesing: ../../../data/processed_data/rgb/val/images/032224 MCF7 EdPIT-EdPIT-1-57-22.jpg
Processesing: ../../../data/processed_data/depth/val/images/032224 MCF7 EdPIT-EdPIT-1-57-22.jpg
Processesing: ../../../data/processed_data/rgd/val/images/032224 MCF7 EdPIT-EdPIT-1-57-22.jpg
Processesing: ../../../data/processed_data/rgb/val/images/032224 MCF7 EdPIT-EdPIT-1-6-17.jpg
Processesing: ../../../data/processed_data/depth/val/images/032224 MCF7 EdPIT-EdPIT-1-6-17.jpg
Processesing: ../../../data/processed_data/rgd/val/images/032224 MCF7 EdPIT-EdPIT-1-6-17.jpg
Processesing: ../../../data/processed_data/rgb/val/images/032224 MCF7 EdPIT-EdPIT-1-6-08.jpg
Processesing: ../../../data/processed_data/depth/val/images/032224 MCF7 EdPIT-EdPIT-1-6-08.jpg
Processesing: ../../../data/processed_data/rgd/val/images/032224 MCF7 EdPIT-EdPIT-1-6-08.jpg
Processesing: ../../../data/processed_data/rgb/val/images/032224 MCF7 EdPIT-EdPIT-1-61-20.jpg
Processesing: ../../../data/processed_data/depth/val/images/032224 MCF7 EdPIT-EdPIT-1-61-20.jpg
Processesing: ../../../data/processed_data/rgd/val/images/032224 MCF7 EdPIT-EdPIT-1-61-20.jpg
Processesing: ../../../data/processed_data/rgb/val/images/032224 MCF7 EdPIT-iv only-1-22-07.jpg
Processesing: ../../../data/processed_data/depth/val/images/032224 MCF7 EdPIT-iv only-1-22-07.jpg
Processesing: ../../../data/processed_data/rgd/val/images/032224 MCF7 EdPIT-iv only-1-22-07.jpg
Processesing: ../../../data/processed_data/rgb/val/images/032224 MCF7 EdPIT-Prestudy-1-18-14.jpg
Processesing: ../../../data/processed_data/depth/val/images/032224 MCF7 EdPIT-Prestudy-1-18-14.jpg
Processesing: ../../../data/processed_data/rgd/val/images/032224 MCF7 EdPIT-Prestudy-1-18-14.jpg
Processesing: ../../../data/processed_data/rgb/val/images/032224 MCF7 EdPIT-EdPIT-1-52-22.jpg
Processesing: ../../../data/processed_data/depth/val/images/032224 MCF7 EdPIT-EdPIT-1-52-22.jpg
Processesing: ../../../data/processed_data/rgd/val/images/032224 MCF7 EdPIT-EdPIT-1-52-22.jpg
Processesing: ../../../data/processed_data/rgb/test/images/032224 MCF7 EdPIT-iv only-1-43-23.jpg
Processesing: ../../../data/processed_data/depth/test/images/032224 MCF7 EdPIT-iv only-1-43-23.jpg
Processesing: ../../../data/processed_data/rgd/test/images/032224 MCF7 EdPIT-iv only-1-43-23.jpg
Processesing: ../../../data/processed_data/rgb/test/images/032224 MCF7 EdPIT-iv only-1-57-02.jpg
Processesing: ../../../data/processed_data/depth/test/images/032224 MCF7 EdPIT-iv only-1-57-02.jpg
Processesing: ../../../data/processed_data/rgd/test/images/032224 MCF7 EdPIT-iv only-1-57-02.jpg
Processesing: ../../../data/processed_data/rgb/test/images/032224 MCF7 EdPIT-iv only-1-43-16.jpg
Processesing: ../../../data/processed_data/depth/test/images/032224 MCF7 EdPIT-iv only-1-43-16.jpg
Processesing: ../../../data/processed_data/rgd/test/images/032224 MCF7 EdPIT-iv only-1-43-16.jpg
Processesing: ../../../data/processed_data/rgb/test/images/032224 MCF7 EdPIT-iv only-1-49-21.jpg
Processesing: ../../../data/processed_data/depth/test/images/032224 MCF7 EdPIT-iv only-1-49-21.jpg
Processesing: ../../../data/processed_data/rgd/test/images/032224 MCF7 EdPIT-iv only-1-49-21.jpg
Processesing: ../../../data/processed_data/rgb/test/images/032224 MCF7 EdPIT-iv only-1-49-26.jpg
Processesing: ../../../data/processed_data/depth/test/images/032224 MCF7 EdPIT-iv only-1-49-26.jpg
Processesing: ../../../data/processed_data/rgd/test/images/032224 MCF7 EdPIT-iv only-1-49-26.jpg
Processesing: ../../../data/processed_data/rgb/test/images/032224 MCF7 EdPIT-iv only-1-8-05.jpg
Processesing: ../../../data/processed_data/depth/test/images/032224 MCF7 EdPIT-iv only-1-8-05.jpg
Processesing: ../../../data/processed_data/rgd/test/images/032224 MCF7 EdPIT-iv only-1-8-05.jpg
Processesing: ../../../data/processed_data/rgb/test/images/032224 MCF7 EdPIT-iv only-1-49-09.jpg
Processesing: ../../../data/processed_data/depth/test/images/032224 MCF7 EdPIT-iv only-1-49-09.jpg
Processesing: ../../../data/processed_data/rgd/test/images/032224 MCF7 EdPIT-iv only-1-49-09.jpg
Processesing: ../../../data/processed_data/rgb/test/images/032224 MCF7 EdPIT-iv only-1-41-16.jpg
Processesing: ../../../data/processed_data/depth/test/images/032224 MCF7 EdPIT-iv only-1-41-16.jpg
Processesing: ../../../data/processed_data/rgd/test/images/032224 MCF7 EdPIT-iv only-1-41-16.jpg
Processesing: ../../../data/processed_data/rgb/test/images/032224 MCF7 EdPIT-iv only-1-43-05.jpg
Processesing: ../../../data/processed_data/depth/test/images/032224 MCF7 EdPIT-iv only-1-43-05.jpg
Processesing: ../../../data/processed_data/rgd/test/images/032224 MCF7 EdPIT-iv only-1-43-05.jpg
Processesing: ../../../data/processed_data/rgb/test/images/032224 MCF7 EdPIT-iv only-1-8-10.jpg
Processesing: ../../../data/processed_data/depth/test/images/032224 MCF7 EdPIT-iv only-1-8-10.jpg
Processesing: ../../../data/processed_data/rgd/test/images/032224 MCF7 EdPIT-iv only-1-8-10.jpg
Processesing: ../../../data/processed_data/rgb/test/images/032224 MCF7 EdPIT-iv only-1-41-26.jpg
Processesing: ../../../data/processed_data/depth/test/images/032224 MCF7 EdPIT-iv only-1-41-26.jpg
Processesing: ../../../data/processed_data/rgd/test/images/032224 MCF7 EdPIT-iv only-1-41-26.jpg
Processesing: ../../../data/processed_data/rgb/test/images/032224 MCF7 EdPIT-iv only-1-38-02.jpg
Processesing: ../../../data/processed_data/depth/test/images/032224 MCF7 EdPIT-iv only-1-38-02.jpg
Processesing: ../../../data/processed_data/rgd/test/images/032224 MCF7 EdPIT-iv only-1-38-02.jpg
Processesing: ../../../data/processed_data/rgb/test/images/032224 MCF7 EdPIT-iv only-1-52-27.jpg
Processesing: ../../../data/processed_data/depth/test/images/032224 MCF7 EdPIT-iv only-1-52-27.jpg
Processesing: ../../../data/processed_data/rgd/test/images/032224 MCF7 EdPIT-iv only-1-52-27.jpg
Processesing: ../../../data/processed_data/rgb/test/images/032224 MCF7 EdPIT-iv only-1-41-09.jpg
Processesing: ../../../data/processed_data/depth/test/images/032224 MCF7 EdPIT-iv only-1-41-09.jpg
Processesing: ../../../data/processed_data/rgd/test/images/032224 MCF7 EdPIT-iv only-1-41-09.jpg
Processesing: ../../../data/processed_data/rgb/test/images/032224 MCF7 EdPIT-iv only-1-43-26.jpg
Processesing: ../../../data/processed_data/depth/test/images/032224 MCF7 EdPIT-iv only-1-43-26.jpg
Processesing: ../../../data/processed_data/rgd/test/images/032224 MCF7 EdPIT-iv only-1-43-26.jpg
Processesing: ../../../data/processed_data/rgb/test/images/032224 MCF7 EdPIT-iv only-1-45-16.jpg
Processesing: ../../../data/processed_data/depth/test/images/032224 MCF7 EdPIT-iv only-1-45-16.jpg
Processesing: ../../../data/processed_data/rgd/test/images/032224 MCF7 EdPIT-iv only-1-45-16.jpg
Processesing: ../../../data/processed_data/rgb/test/images/032224 MCF7 EdPIT-iv only-1-43-09.jpg
Processesing: ../../../data/processed_data/depth/test/images/032224 MCF7 EdPIT-iv only-1-43-09.jpg
Processesing: ../../../data/processed_data/rgd/test/images/032224 MCF7 EdPIT-iv only-1-43-09.jpg
Processesing: ../../../data/processed_data/rgb/test/images/032224 MCF7 EdPIT-iv only-1-43-21.jpg
Processesing: ../../../data/processed_data/depth/test/images/032224 MCF7 EdPIT-iv only-1-43-21.jpg
Processesing: ../../../data/processed_data/rgd/test/images/032224 MCF7 EdPIT-iv only-1-43-21.jpg
Processesing: ../../../data/processed_data/rgb/test/images/032224 MCF7 EdPIT-iv only-1-61-02.jpg
Processesing: ../../../data/processed_data/depth/test/images/032224 MCF7 EdPIT-iv only-1-61-02.jpg
Processesing: ../../../data/processed_data/rgd/test/images/032224 MCF7 EdPIT-iv only-1-61-02.jpg
Processesing: ../../../data/processed_data/rgb/test/images/032224 MCF7 EdPIT-iv only-1-38-16.jpg
Processesing: ../../../data/processed_data/depth/test/images/032224 MCF7 EdPIT-iv only-1-38-16.jpg
Processesing: ../../../data/processed_data/rgd/test/images/032224 MCF7 EdPIT-iv only-1-38-16.jpg
Processesing: ../../../data/processed_data/rgb/test/images/032224 MCF7 EdPIT-iv only-1-63-02.jpg
Processesing: ../../../data/processed_data/depth/test/images/032224 MCF7 EdPIT-iv only-1-63-02.jpg
Processesing: ../../../data/processed_data/rgd/test/images/032224 MCF7 EdPIT-iv only-1-63-02.jpg
Processesing: ../../../data/processed_data/rgb/test/images/032224 MCF7 EdPIT-iv only-1-8-02.jpg
Processesing: ../../../data/processed_data/depth/test/images/032224 MCF7 EdPIT-iv only-1-8-02.jpg
Processesing: ../../../data/processed_data/rgd/test/images/032224 MCF7 EdPIT-iv only-1-8-02.jpg
Processesing: ../../../data/processed_data/rgb/test/images/032224 MCF7 EdPIT-iv only-1-52-09.jpg
Processesing: ../../../data/processed_data/depth/test/images/032224 MCF7 EdPIT-iv only-1-52-09.jpg
Processesing: ../../../data/processed_data/rgd/test/images/032224 MCF7 EdPIT-iv only-1-52-09.jpg
Processesing: ../../../data/processed_data/rgb/test/images/032224 MCF7 EdPIT-iv only-1-41-05.jpg
Processesing: ../../../data/processed_data/depth/test/images/032224 MCF7 EdPIT-iv only-1-41-05.jpg
Processesing: ../../../data/processed_data/rgd/test/images/032224 MCF7 EdPIT-iv only-1-41-05.jpg
Processesing: ../../../data/processed_data/rgb/test/images/032224 MCF7 EdPIT-iv only-1-55-27.jpg
Processesing: ../../../data/processed_data/depth/test/images/032224 MCF7 EdPIT-iv only-1-55-27.jpg
Processesing: ../../../data/processed_data/rgd/test/images/032224 MCF7 EdPIT-iv only-1-55-27.jpg
Processesing: ../../../data/processed_data/rgb/test/images/032224 MCF7 EdPIT-iv only-1-52-26.jpg
Processesing: ../../../data/processed_data/depth/test/images/032224 MCF7 EdPIT-iv only-1-52-26.jpg
Processesing: ../../../data/processed_data/rgd/test/images/032224 MCF7 EdPIT-iv only-1-52-26.jpg
Processesing: ../../../data/processed_data/rgb/test/images/032224 MCF7 EdPIT-iv only-1-49-16.jpg
Processesing: ../../../data/processed_data/depth/test/images/032224 MCF7 EdPIT-iv only-1-49-16.jpg
Processesing: ../../../data/processed_data/rgd/test/images/032224 MCF7 EdPIT-iv only-1-49-16.jpg
Processesing: ../../../data/processed_data/rgb/test/images/032224 MCF7 EdPIT-iv only-1-38-05.jpg
Processesing: ../../../data/processed_data/depth/test/images/032224 MCF7 EdPIT-iv only-1-38-05.jpg
Processesing: ../../../data/processed_data/rgd/test/images/032224 MCF7 EdPIT-iv only-1-38-05.jpg
Processesing: ../../../data/processed_data/rgb/test/images/032224 MCF7 EdPIT-iv only-1-41-02.jpg
Processesing: ../../../data/processed_data/depth/test/images/032224 MCF7 EdPIT-iv only-1-41-02.jpg
Processesing: ../../../data/processed_data/rgd/test/images/032224 MCF7 EdPIT-iv only-1-41-02.jpg
Processesing: ../../../data/processed_data/rgb/test/images/032224 MCF7 EdPIT-iv only-1-8-23.jpg
Processesing: ../../../data/processed_data/depth/test/images/032224 MCF7 EdPIT-iv only-1-8-23.jpg
Processesing: ../../../data/processed_data/rgd/test/images/032224 MCF7 EdPIT-iv only-1-8-23.jpg
Processesing: ../../../data/processed_data/rgb/test/images/032224 MCF7 EdPIT-iv only-1-45-26.jpg
Processesing: ../../../data/processed_data/depth/test/images/032224 MCF7 EdPIT-iv only-1-45-26.jpg
Processesing: ../../../data/processed_data/rgd/test/images/032224 MCF7 EdPIT-iv only-1-45-26.jpg
Processesing: ../../../data/processed_data/rgb/test/images/032224 MCF7 EdPIT-iv only-1-49-02.jpg
Processesing: ../../../data/processed_data/depth/test/images/032224 MCF7 EdPIT-iv only-1-49-02.jpg
Processesing: ../../../data/processed_data/rgd/test/images/032224 MCF7 EdPIT-iv only-1-49-02.jpg
Processesing: ../../../data/processed_data/rgb/test/images/032224 MCF7 EdPIT-iv only-1-6-05.jpg
Processesing: ../../../data/processed_data/depth/test/images/032224 MCF7 EdPIT-iv only-1-6-05.jpg
Processesing: ../../../data/processed_data/rgd/test/images/032224 MCF7 EdPIT-iv only-1-6-05.jpg
Processesing: ../../../data/processed_data/rgb/test/images/032224 MCF7 EdPIT-iv only-1-45-21.jpg
Processesing: ../../../data/processed_data/depth/test/images/032224 MCF7 EdPIT-iv only-1-45-21.jpg
Processesing: ../../../data/processed_data/rgd/test/images/032224 MCF7 EdPIT-iv only-1-45-21.jpg
Processesing: ../../../data/processed_data/rgb/test/images/032224 MCF7 EdPIT-iv only-1-38-23.jpg
Processesing: ../../../data/processed_data/depth/test/images/032224 MCF7 EdPIT-iv only-1-38-23.jpg
Processesing: ../../../data/processed_data/rgd/test/images/032224 MCF7 EdPIT-iv only-1-38-23.jpg
Processesing: ../../../data/processed_data/rgb/test/images/032224 MCF7 EdPIT-iv only-1-41-23.jpg
Processesing: ../../../data/processed_data/depth/test/images/032224 MCF7 EdPIT-iv only-1-41-23.jpg
Processesing: ../../../data/processed_data/rgd/test/images/032224 MCF7 EdPIT-iv only-1-41-23.jpg
Processesing: ../../../data/processed_data/rgb/test/images/032224 MCF7 EdPIT-iv only-1-43-02.jpg
Processesing: ../../../data/processed_data/depth/test/images/032224 MCF7 EdPIT-iv only-1-43-02.jpg
Processesing: ../../../data/processed_data/rgd/test/images/032224 MCF7 EdPIT-iv only-1-43-02.jpg
Processesing: ../../../data/processed_data/rgb/test/images/032224 MCF7 EdPIT-iv only-1-41-21.jpg
Processesing: ../../../data/processed_data/depth/test/images/032224 MCF7 EdPIT-iv only-1-41-21.jpg
Processesing: ../../../data/processed_data/rgd/test/images/032224 MCF7 EdPIT-iv only-1-41-21.jpg
Processesing: ../../../data/processed_data/rgb/test/images/032224 MCF7 EdPIT-iv only-1-57-27.jpg
Processesing: ../../../data/processed_data/depth/test/images/032224 MCF7 EdPIT-iv only-1-57-27.jpg
Processesing: ../../../data/processed_data/rgd/test/images/032224 MCF7 EdPIT-iv only-1-57-27.jpg
Processesing: ../../../data/processed_data/rgb/test/images/032224 MCF7 EdPIT-iv only-1-55-02.jpg
Processesing: ../../../data/processed_data/depth/test/images/032224 MCF7 EdPIT-iv only-1-55-02.jpg
Processesing: ../../../data/processed_data/rgd/test/images/032224 MCF7 EdPIT-iv only-1-55-02.jpg
Processesing: ../../../data/processed_data/rgb/test/images/032224 MCF7 EdPIT-iv only-1-55-09.jpg
Processesing: ../../../data/processed_data/depth/test/images/032224 MCF7 EdPIT-iv only-1-55-09.jpg
Processesing: ../../../data/processed_data/rgd/test/images/032224 MCF7 EdPIT-iv only-1-55-09.jpg
Processesing: ../../../data/processed_data/rgb/test/images/032224 MCF7 EdPIT-iv only-1-52-02.jpg
Processesing: ../../../data/processed_data/depth/test/images/032224 MCF7 EdPIT-iv only-1-52-02.jpg
Processesing: ../../../data/processed_data/rgd/test/images/032224 MCF7 EdPIT-iv only-1-52-02.jpg
Processesing: ../../../data/processed_data/rgb/test/images/032224 MCF7 EdPIT-iv only-1-61-27.jpg
Processesing: ../../../data/processed_data/depth/test/images/032224 MCF7 EdPIT-iv only-1-61-27.jpg
Processesing: ../../../data/processed_data/rgd/test/images/032224 MCF7 EdPIT-iv only-1-61-27.jpg
Processesing: ../../../data/processed_data/rgb/test/images/032224 MCF7 EdPIT-iv only-1-45-02.jpg
Processesing: ../../../data/processed_data/depth/test/images/032224 MCF7 EdPIT-iv only-1-45-02.jpg
Processesing: ../../../data/processed_data/rgd/test/images/032224 MCF7 EdPIT-iv only-1-45-02.jpg
Processesing: ../../../data/processed_data/rgb/test/images/032224 MCF7 EdPIT-iv only-1-8-16.jpg
Processesing: ../../../data/processed_data/depth/test/images/032224 MCF7 EdPIT-iv only-1-8-16.jpg
Processesing: ../../../data/processed_data/rgd/test/images/032224 MCF7 EdPIT-iv only-1-8-16.jpg
Processesing: ../../../data/processed_data/rgb/test/images/032224 MCF7 EdPIT-iv only-1-38-26.jpg
Processesing: ../../../data/processed_data/depth/test/images/032224 MCF7 EdPIT-iv only-1-38-26.jpg
Processesing: ../../../data/processed_data/rgd/test/images/032224 MCF7 EdPIT-iv only-1-38-26.jpg
Processesing: ../../../data/processed_data/rgb/test/images/032224 MCF7 EdPIT-iv only-1-43-27.jpg
Processesing: ../../../data/processed_data/depth/test/images/032224 MCF7 EdPIT-iv only-1-43-27.jpg
Processesing: ../../../data/processed_data/rgd/test/images/032224 MCF7 EdPIT-iv only-1-43-27.jpg
Processesing: ../../../data/processed_data/rgb/test/images/032224 MCF7 EdPIT-iv only-1-38-27.jpg
Processesing: ../../../data/processed_data/depth/test/images/032224 MCF7 EdPIT-iv only-1-38-27.jpg
Processesing: ../../../data/processed_data/rgd/test/images/032224 MCF7 EdPIT-iv only-1-38-27.jpg
Processesing: ../../../data/processed_data/rgb/test/images/032224 MCF7 EdPIT-iv only-1-45-27.jpg
Processesing: ../../../data/processed_data/depth/test/images/032224 MCF7 EdPIT-iv only-1-45-27.jpg
Processesing: ../../../data/processed_data/rgd/test/images/032224 MCF7 EdPIT-iv only-1-45-27.jpg
Processesing: ../../../data/processed_data/rgb/test/images/032224 MCF7 EdPIT-iv only-1-52-16.jpg
Processesing: ../../../data/processed_data/depth/test/images/032224 MCF7 EdPIT-iv only-1-52-16.jpg
Processesing: ../../../data/processed_data/rgd/test/images/032224 MCF7 EdPIT-iv only-1-52-16.jpg
Processesing: ../../../data/processed_data/rgb/test/images/032224 MCF7 EdPIT-iv only-1-8-09.jpg
Processesing: ../../../data/processed_data/depth/test/images/032224 MCF7 EdPIT-iv only-1-8-09.jpg
Processesing: ../../../data/processed_data/rgd/test/images/032224 MCF7 EdPIT-iv only-1-8-09.jpg
Processesing: ../../../data/processed_data/rgb/test/images/032224 MCF7 EdPIT-iv only-1-8-21.jpg
Processesing: ../../../data/processed_data/depth/test/images/032224 MCF7 EdPIT-iv only-1-8-21.jpg
Processesing: ../../../data/processed_data/rgd/test/images/032224 MCF7 EdPIT-iv only-1-8-21.jpg
Processesing: ../../../data/processed_data/rgb/test/images/032224 MCF7 EdPIT-iv only-1-45-09.jpg
Processesing: ../../../data/processed_data/depth/test/images/032224 MCF7 EdPIT-iv only-1-45-09.jpg
Processesing: ../../../data/processed_data/rgd/test/images/032224 MCF7 EdPIT-iv only-1-45-09.jpg
Processesing: ../../../data/processed_data/rgb/test/images/032224 MCF7 EdPIT-iv only-1-8-07.jpg
Processesing: ../../../data/processed_data/depth/test/images/032224 MCF7 EdPIT-iv only-1-8-07.jpg
Processesing: ../../../data/processed_data/rgd/test/images/032224 MCF7 EdPIT-iv only-1-8-07.jpg
Processesing: ../../../data/processed_data/rgb/test/images/032224 MCF7 EdPIT-iv only-1-49-27.jpg
Processesing: ../../../data/processed_data/depth/test/images/032224 MCF7 EdPIT-iv only-1-49-27.jpg
Processesing: ../../../data/processed_data/rgd/test/images/032224 MCF7 EdPIT-iv only-1-49-27.jpg
Processesing: ../../../data/processed_data/rgb/test/images/032224 MCF7 EdPIT-iv only-1-38-09.jpg
Processesing: ../../../data/processed_data/depth/test/images/032224 MCF7 EdPIT-iv only-1-38-09.jpg
Processesing: ../../../data/processed_data/rgd/test/images/032224 MCF7 EdPIT-iv only-1-38-09.jpg
Processesing: ../../../data/processed_data/rgb/test/images/032224 MCF7 EdPIT-iv only-1-38-21.jpg
Processesing: ../../../data/processed_data/depth/test/images/032224 MCF7 EdPIT-iv only-1-38-21.jpg
Processesing: ../../../data/processed_data/rgd/test/images/032224 MCF7 EdPIT-iv only-1-38-21.jpg
Processesing: ../../../data/processed_data/rgb/test/images/032224 MCF7 EdPIT-iv only-1-41-27.jpg
Processesing: ../../../data/processed_data/depth/test/images/032224 MCF7 EdPIT-iv only-1-41-27.jpg
Processesing: ../../../data/processed_data/rgd/test/images/032224 MCF7 EdPIT-iv only-1-41-27.jpg
