Check logs below to see if args are correct:
Name: depth-5000-1
Iterations: 5000
RGB: false
Depth: true
RGD: false
Split Cashe: false
Path: ../../
Running tests...
Skipping tests as SKIP_TEST=true
Running training script...
Init Dataset
--DEBUGGING SPLIT_CASHE----
SPLIT_CASHE is False
Created 411 annotations for images in folder: /projects/PUCHALLA/LLP2024/tumor-segmentation/data/processed_data/rgb/train/masks
Created 88 annotations for images in folder: /projects/PUCHALLA/LLP2024/tumor-segmentation/data/processed_data/rgb/val/masks
Created 89 annotations for images in folder: /projects/PUCHALLA/LLP2024/tumor-segmentation/data/processed_data/rgb/test/masks
Created 411 annotations for images in folder: /projects/PUCHALLA/LLP2024/tumor-segmentation/data/processed_data/depth/train/masks
Created 88 annotations for images in folder: /projects/PUCHALLA/LLP2024/tumor-segmentation/data/processed_data/depth/val/masks
Created 89 annotations for images in folder: /projects/PUCHALLA/LLP2024/tumor-segmentation/data/processed_data/depth/test/masks
Created 411 annotations for images in folder: /projects/PUCHALLA/LLP2024/tumor-segmentation/data/processed_data/rgd/train/masks
Created 88 annotations for images in folder: /projects/PUCHALLA/LLP2024/tumor-segmentation/data/processed_data/rgd/val/masks
Created 89 annotations for images in folder: /projects/PUCHALLA/LLP2024/tumor-segmentation/data/processed_data/rgd/test/masks
[08/15 07:10:43 d2.data.datasets.coco]: Loaded 411 images in COCO format from /projects/PUCHALLA/LLP2024/tumor-segmentation/data/processed_data/depth/train/images/train.json
[08/15 07:10:43 d2.data.datasets.coco]: Loaded 88 images in COCO format from /projects/PUCHALLA/LLP2024/tumor-segmentation/data/processed_data/depth/val/images/val.json
[08/15 07:10:43 d2.data.datasets.coco]: Loaded 89 images in COCO format from /projects/PUCHALLA/LLP2024/tumor-segmentation/data/processed_data/depth/test/images/test.json
[08/15 07:10:43 d2.engine.defaults]: Model:
GeneralizedRCNN(
  (backbone): FPN(
    (fpn_lateral2): Conv2d(256, 256, kernel_size=(1, 1), stride=(1, 1))
    (fpn_output2): Conv2d(256, 256, kernel_size=(3, 3), stride=(1, 1), padding=(1, 1))
    (fpn_lateral3): Conv2d(512, 256, kernel_size=(1, 1), stride=(1, 1))
    (fpn_output3): Conv2d(256, 256, kernel_size=(3, 3), stride=(1, 1), padding=(1, 1))
    (fpn_lateral4): Conv2d(1024, 256, kernel_size=(1, 1), stride=(1, 1))
    (fpn_output4): Conv2d(256, 256, kernel_size=(3, 3), stride=(1, 1), padding=(1, 1))
    (fpn_lateral5): Conv2d(2048, 256, kernel_size=(1, 1), stride=(1, 1))
    (fpn_output5): Conv2d(256, 256, kernel_size=(3, 3), stride=(1, 1), padding=(1, 1))
    (top_block): LastLevelMaxPool()
    (bottom_up): ResNet(
      (stem): BasicStem(
        (conv1): Conv2d(
          3, 64, kernel_size=(7, 7), stride=(2, 2), padding=(3, 3), bias=False
          (norm): FrozenBatchNorm2d(num_features=64, eps=1e-05)
        )
      )
      (res2): Sequential(
        (0): BottleneckBlock(
          (shortcut): Conv2d(
            64, 256, kernel_size=(1, 1), stride=(1, 1), bias=False
            (norm): FrozenBatchNorm2d(num_features=256, eps=1e-05)
          )
          (conv1): Conv2d(
            64, 64, kernel_size=(1, 1), stride=(1, 1), bias=False
            (norm): FrozenBatchNorm2d(num_features=64, eps=1e-05)
          )
          (conv2): Conv2d(
            64, 64, kernel_size=(3, 3), stride=(1, 1), padding=(1, 1), bias=False
            (norm): FrozenBatchNorm2d(num_features=64, eps=1e-05)
          )
          (conv3): Conv2d(
            64, 256, kernel_size=(1, 1), stride=(1, 1), bias=False
            (norm): FrozenBatchNorm2d(num_features=256, eps=1e-05)
          )
        )
        (1): BottleneckBlock(
          (conv1): Conv2d(
            256, 64, kernel_size=(1, 1), stride=(1, 1), bias=False
            (norm): FrozenBatchNorm2d(num_features=64, eps=1e-05)
          )
          (conv2): Conv2d(
            64, 64, kernel_size=(3, 3), stride=(1, 1), padding=(1, 1), bias=False
            (norm): FrozenBatchNorm2d(num_features=64, eps=1e-05)
          )
          (conv3): Conv2d(
            64, 256, kernel_size=(1, 1), stride=(1, 1), bias=False
            (norm): FrozenBatchNorm2d(num_features=256, eps=1e-05)
          )
        )
        (2): BottleneckBlock(
          (conv1): Conv2d(
            256, 64, kernel_size=(1, 1), stride=(1, 1), bias=False
            (norm): FrozenBatchNorm2d(num_features=64, eps=1e-05)
          )
          (conv2): Conv2d(
            64, 64, kernel_size=(3, 3), stride=(1, 1), padding=(1, 1), bias=False
            (norm): FrozenBatchNorm2d(num_features=64, eps=1e-05)
          )
          (conv3): Conv2d(
            64, 256, kernel_size=(1, 1), stride=(1, 1), bias=False
            (norm): FrozenBatchNorm2d(num_features=256, eps=1e-05)
          )
        )
      )
      (res3): Sequential(
        (0): BottleneckBlock(
          (shortcut): Conv2d(
            256, 512, kernel_size=(1, 1), stride=(2, 2), bias=False
            (norm): FrozenBatchNorm2d(num_features=512, eps=1e-05)
          )
          (conv1): Conv2d(
            256, 128, kernel_size=(1, 1), stride=(2, 2), bias=False
            (norm): FrozenBatchNorm2d(num_features=128, eps=1e-05)
          )
          (conv2): Conv2d(
            128, 128, kernel_size=(3, 3), stride=(1, 1), padding=(1, 1), bias=False
            (norm): FrozenBatchNorm2d(num_features=128, eps=1e-05)
          )
          (conv3): Conv2d(
            128, 512, kernel_size=(1, 1), stride=(1, 1), bias=False
            (norm): FrozenBatchNorm2d(num_features=512, eps=1e-05)
          )
        )
        (1): BottleneckBlock(
          (conv1): Conv2d(
            512, 128, kernel_size=(1, 1), stride=(1, 1), bias=False
            (norm): FrozenBatchNorm2d(num_features=128, eps=1e-05)
          )
          (conv2): Conv2d(
            128, 128, kernel_size=(3, 3), stride=(1, 1), padding=(1, 1), bias=False
            (norm): FrozenBatchNorm2d(num_features=128, eps=1e-05)
          )
          (conv3): Conv2d(
            128, 512, kernel_size=(1, 1), stride=(1, 1), bias=False
            (norm): FrozenBatchNorm2d(num_features=512, eps=1e-05)
          )
        )
        (2): BottleneckBlock(
          (conv1): Conv2d(
            512, 128, kernel_size=(1, 1), stride=(1, 1), bias=False
            (norm): FrozenBatchNorm2d(num_features=128, eps=1e-05)
          )
          (conv2): Conv2d(
            128, 128, kernel_size=(3, 3), stride=(1, 1), padding=(1, 1), bias=False
            (norm): FrozenBatchNorm2d(num_features=128, eps=1e-05)
          )
          (conv3): Conv2d(
            128, 512, kernel_size=(1, 1), stride=(1, 1), bias=False
            (norm): FrozenBatchNorm2d(num_features=512, eps=1e-05)
          )
        )
        (3): BottleneckBlock(
          (conv1): Conv2d(
            512, 128, kernel_size=(1, 1), stride=(1, 1), bias=False
            (norm): FrozenBatchNorm2d(num_features=128, eps=1e-05)
          )
          (conv2): Conv2d(
            128, 128, kernel_size=(3, 3), stride=(1, 1), padding=(1, 1), bias=False
            (norm): FrozenBatchNorm2d(num_features=128, eps=1e-05)
          )
          (conv3): Conv2d(
            128, 512, kernel_size=(1, 1), stride=(1, 1), bias=False
            (norm): FrozenBatchNorm2d(num_features=512, eps=1e-05)
          )
        )
      )
      (res4): Sequential(
        (0): BottleneckBlock(
          (shortcut): Conv2d(
            512, 1024, kernel_size=(1, 1), stride=(2, 2), bias=False
            (norm): FrozenBatchNorm2d(num_features=1024, eps=1e-05)
          )
          (conv1): Conv2d(
            512, 256, kernel_size=(1, 1), stride=(2, 2), bias=False
            (norm): FrozenBatchNorm2d(num_features=256, eps=1e-05)
          )
          (conv2): Conv2d(
            256, 256, kernel_size=(3, 3), stride=(1, 1), padding=(1, 1), bias=False
            (norm): FrozenBatchNorm2d(num_features=256, eps=1e-05)
          )
          (conv3): Conv2d(
            256, 1024, kernel_size=(1, 1), stride=(1, 1), bias=False
            (norm): FrozenBatchNorm2d(num_features=1024, eps=1e-05)
          )
        )
        (1): BottleneckBlock(
          (conv1): Conv2d(
            1024, 256, kernel_size=(1, 1), stride=(1, 1), bias=False
            (norm): FrozenBatchNorm2d(num_features=256, eps=1e-05)
          )
          (conv2): Conv2d(
            256, 256, kernel_size=(3, 3), stride=(1, 1), padding=(1, 1), bias=False
            (norm): FrozenBatchNorm2d(num_features=256, eps=1e-05)
          )
          (conv3): Conv2d(
            256, 1024, kernel_size=(1, 1), stride=(1, 1), bias=False
            (norm): FrozenBatchNorm2d(num_features=1024, eps=1e-05)
          )
        )
        (2): BottleneckBlock(
          (conv1): Conv2d(
            1024, 256, kernel_size=(1, 1), stride=(1, 1), bias=False
            (norm): FrozenBatchNorm2d(num_features=256, eps=1e-05)
          )
          (conv2): Conv2d(
            256, 256, kernel_size=(3, 3), stride=(1, 1), padding=(1, 1), bias=False
            (norm): FrozenBatchNorm2d(num_features=256, eps=1e-05)
          )
          (conv3): Conv2d(
            256, 1024, kernel_size=(1, 1), stride=(1, 1), bias=False
            (norm): FrozenBatchNorm2d(num_features=1024, eps=1e-05)
          )
        )
        (3): BottleneckBlock(
          (conv1): Conv2d(
            1024, 256, kernel_size=(1, 1), stride=(1, 1), bias=False
            (norm): FrozenBatchNorm2d(num_features=256, eps=1e-05)
          )
          (conv2): Conv2d(
            256, 256, kernel_size=(3, 3), stride=(1, 1), padding=(1, 1), bias=False
            (norm): FrozenBatchNorm2d(num_features=256, eps=1e-05)
          )
          (conv3): Conv2d(
            256, 1024, kernel_size=(1, 1), stride=(1, 1), bias=False
            (norm): FrozenBatchNorm2d(num_features=1024, eps=1e-05)
          )
        )
        (4): BottleneckBlock(
          (conv1): Conv2d(
            1024, 256, kernel_size=(1, 1), stride=(1, 1), bias=False
            (norm): FrozenBatchNorm2d(num_features=256, eps=1e-05)
          )
          (conv2): Conv2d(
            256, 256, kernel_size=(3, 3), stride=(1, 1), padding=(1, 1), bias=False
            (norm): FrozenBatchNorm2d(num_features=256, eps=1e-05)
          )
          (conv3): Conv2d(
            256, 1024, kernel_size=(1, 1), stride=(1, 1), bias=False
            (norm): FrozenBatchNorm2d(num_features=1024, eps=1e-05)
          )
        )
        (5): BottleneckBlock(
          (conv1): Conv2d(
            1024, 256, kernel_size=(1, 1), stride=(1, 1), bias=False
            (norm): FrozenBatchNorm2d(num_features=256, eps=1e-05)
          )
          (conv2): Conv2d(
            256, 256, kernel_size=(3, 3), stride=(1, 1), padding=(1, 1), bias=False
            (norm): FrozenBatchNorm2d(num_features=256, eps=1e-05)
          )
          (conv3): Conv2d(
            256, 1024, kernel_size=(1, 1), stride=(1, 1), bias=False
            (norm): FrozenBatchNorm2d(num_features=1024, eps=1e-05)
          )
        )
      )
      (res5): Sequential(
        (0): BottleneckBlock(
          (shortcut): Conv2d(
            1024, 2048, kernel_size=(1, 1), stride=(2, 2), bias=False
            (norm): FrozenBatchNorm2d(num_features=2048, eps=1e-05)
          )
          (conv1): Conv2d(
            1024, 512, kernel_size=(1, 1), stride=(2, 2), bias=False
            (norm): FrozenBatchNorm2d(num_features=512, eps=1e-05)
          )
          (conv2): Conv2d(
            512, 512, kernel_size=(3, 3), stride=(1, 1), padding=(1, 1), bias=False
            (norm): FrozenBatchNorm2d(num_features=512, eps=1e-05)
          )
          (conv3): Conv2d(
            512, 2048, kernel_size=(1, 1), stride=(1, 1), bias=False
            (norm): FrozenBatchNorm2d(num_features=2048, eps=1e-05)
          )
        )
        (1): BottleneckBlock(
          (conv1): Conv2d(
            2048, 512, kernel_size=(1, 1), stride=(1, 1), bias=False
            (norm): FrozenBatchNorm2d(num_features=512, eps=1e-05)
          )
          (conv2): Conv2d(
            512, 512, kernel_size=(3, 3), stride=(1, 1), padding=(1, 1), bias=False
            (norm): FrozenBatchNorm2d(num_features=512, eps=1e-05)
          )
          (conv3): Conv2d(
            512, 2048, kernel_size=(1, 1), stride=(1, 1), bias=False
            (norm): FrozenBatchNorm2d(num_features=2048, eps=1e-05)
          )
        )
        (2): BottleneckBlock(
          (conv1): Conv2d(
            2048, 512, kernel_size=(1, 1), stride=(1, 1), bias=False
            (norm): FrozenBatchNorm2d(num_features=512, eps=1e-05)
          )
          (conv2): Conv2d(
            512, 512, kernel_size=(3, 3), stride=(1, 1), padding=(1, 1), bias=False
            (norm): FrozenBatchNorm2d(num_features=512, eps=1e-05)
          )
          (conv3): Conv2d(
            512, 2048, kernel_size=(1, 1), stride=(1, 1), bias=False
            (norm): FrozenBatchNorm2d(num_features=2048, eps=1e-05)
          )
        )
      )
    )
  )
  (proposal_generator): RPN(
    (rpn_head): StandardRPNHead(
      (conv): Conv2d(
        256, 256, kernel_size=(3, 3), stride=(1, 1), padding=(1, 1)
        (activation): ReLU()
      )
      (objectness_logits): Conv2d(256, 3, kernel_size=(1, 1), stride=(1, 1))
      (anchor_deltas): Conv2d(256, 12, kernel_size=(1, 1), stride=(1, 1))
    )
    (anchor_generator): DefaultAnchorGenerator(
      (cell_anchors): BufferList()
    )
  )
  (roi_heads): StandardROIHeads(
    (box_pooler): ROIPooler(
      (level_poolers): ModuleList(
        (0): ROIAlign(output_size=(7, 7), spatial_scale=0.25, sampling_ratio=0, aligned=True)
        (1): ROIAlign(output_size=(7, 7), spatial_scale=0.125, sampling_ratio=0, aligned=True)
        (2): ROIAlign(output_size=(7, 7), spatial_scale=0.0625, sampling_ratio=0, aligned=True)
        (3): ROIAlign(output_size=(7, 7), spatial_scale=0.03125, sampling_ratio=0, aligned=True)
      )
    )
    (box_head): FastRCNNConvFCHead(
      (flatten): Flatten(start_dim=1, end_dim=-1)
      (fc1): Linear(in_features=12544, out_features=1024, bias=True)
      (fc_relu1): ReLU()
      (fc2): Linear(in_features=1024, out_features=1024, bias=True)
      (fc_relu2): ReLU()
    )
    (box_predictor): FastRCNNOutputLayers(
      (cls_score): Linear(in_features=1024, out_features=2, bias=True)
      (bbox_pred): Linear(in_features=1024, out_features=4, bias=True)
    )
    (mask_pooler): ROIPooler(
      (level_poolers): ModuleList(
        (0): ROIAlign(output_size=(14, 14), spatial_scale=0.25, sampling_ratio=0, aligned=True)
        (1): ROIAlign(output_size=(14, 14), spatial_scale=0.125, sampling_ratio=0, aligned=True)
        (2): ROIAlign(output_size=(14, 14), spatial_scale=0.0625, sampling_ratio=0, aligned=True)
        (3): ROIAlign(output_size=(14, 14), spatial_scale=0.03125, sampling_ratio=0, aligned=True)
      )
    )
    (mask_head): MaskRCNNConvUpsampleHead(
      (mask_fcn1): Conv2d(
        256, 256, kernel_size=(3, 3), stride=(1, 1), padding=(1, 1)
        (activation): ReLU()
      )
      (mask_fcn2): Conv2d(
        256, 256, kernel_size=(3, 3), stride=(1, 1), padding=(1, 1)
        (activation): ReLU()
      )
      (mask_fcn3): Conv2d(
        256, 256, kernel_size=(3, 3), stride=(1, 1), padding=(1, 1)
        (activation): ReLU()
      )
      (mask_fcn4): Conv2d(
        256, 256, kernel_size=(3, 3), stride=(1, 1), padding=(1, 1)
        (activation): ReLU()
      )
      (deconv): ConvTranspose2d(256, 256, kernel_size=(2, 2), stride=(2, 2))
      (deconv_relu): ReLU()
      (predictor): Conv2d(256, 1, kernel_size=(1, 1), stride=(1, 1))
    )
  )
)
[08/15 07:10:43 d2.data.dataset_mapper]: [DatasetMapper] Augmentations used in training: [ResizeShortestEdge(short_edge_length=(640, 672, 704, 736, 768, 800), max_size=1333, sample_style='choice'), RandomFlip()]
[08/15 07:10:43 d2.data.datasets.coco]: Loaded 411 images in COCO format from /projects/PUCHALLA/LLP2024/tumor-segmentation/data/processed_data/depth/train/images/train.json
[08/15 07:10:43 d2.data.datasets.coco]: Loaded 88 images in COCO format from /projects/PUCHALLA/LLP2024/tumor-segmentation/data/processed_data/depth/val/images/val.json
[08/15 07:10:43 d2.data.build]: Distribution of instances among all 1 categories:
|  category  | #instances   |
|:----------:|:-------------|
|   Tumor    | 499          |
|            |              |
[08/15 07:10:43 d2.data.build]: Using training sampler TrainingSampler
[08/15 07:10:43 d2.data.common]: Serializing the dataset using: <class 'detectron2.data.common._TorchSerializedList'>
[08/15 07:10:43 d2.data.common]: Serializing 499 elements to byte tensors and concatenating them all ...
[08/15 07:10:43 d2.data.common]: Serialized dataset takes 0.36 MiB
[08/15 07:10:43 d2.data.build]: Making batched data loader with batch_size=2
[08/15 07:10:43 d2.data.dataset_mapper]: [DatasetMapper] Augmentations used in inference: [ResizeShortestEdge(short_edge_length=(800, 800), max_size=1333, sample_style='choice')]
[08/15 07:10:43 d2.data.datasets.coco]: Loaded 89 images in COCO format from /projects/PUCHALLA/LLP2024/tumor-segmentation/data/processed_data/depth/test/images/test.json
[08/15 07:10:43 d2.data.build]: Distribution of instances among all 1 categories:
|  category  | #instances   |
|:----------:|:-------------|
|   Tumor    | 89           |
|            |              |
[08/15 07:10:43 d2.data.common]: Serializing the dataset using: <class 'detectron2.data.common._TorchSerializedList'>
[08/15 07:10:43 d2.data.common]: Serializing 89 elements to byte tensors and concatenating them all ...
[08/15 07:10:43 d2.data.common]: Serialized dataset takes 0.07 MiB
[08/15 07:10:43 d2.checkpoint.detection_checkpoint]: [DetectionCheckpointer] Loading from https://dl.fbaipublicfiles.com/detectron2/COCO-InstanceSegmentation/mask_rcnn_R_50_FPN_3x/137849600/model_final_f10217.pkl ...
[08/15 07:10:45 d2.engine.train_loop]: Starting training from iteration 0
[08/15 07:10:48 d2.utils.events]:  eta: 0:06:38  iter: 19  total_loss: 1.278  loss_cls: 0.4408  loss_box_reg: 0.1664  loss_mask: 0.6775  loss_rpn_cls: 0.004427  loss_rpn_loc: 0.006329    time: 0.0864  last_time: 0.0731  data_time: 0.0141  last_data_time: 0.0018   lr: 6.0688e-05  max_mem: 1575M
[08/15 07:10:51 d2.utils.events]:  eta: 0:06:17  iter: 39  total_loss: 0.8713  loss_cls: 0.1313  loss_box_reg: 0.1614  loss_mask: 0.5993  loss_rpn_cls: 0.00425  loss_rpn_loc: 0.006307    time: 0.0808  last_time: 0.0762  data_time: 0.0019  last_data_time: 0.0019   lr: 7.1938e-05  max_mem: 1575M
[08/15 07:10:52 d2.utils.events]:  eta: 0:06:12  iter: 59  total_loss: 0.7592  loss_cls: 0.09465  loss_box_reg: 0.1355  loss_mask: 0.5183  loss_rpn_cls: 0.002922  loss_rpn_loc: 0.006131    time: 0.0784  last_time: 0.0661  data_time: 0.0019  last_data_time: 0.0019   lr: 8.3187e-05  max_mem: 1608M
[08/15 07:10:54 d2.utils.events]:  eta: 0:06:11  iter: 79  total_loss: 0.6664  loss_cls: 0.08801  loss_box_reg: 0.1688  loss_mask: 0.4007  loss_rpn_cls: 0.0008517  loss_rpn_loc: 0.003914    time: 0.0784  last_time: 0.0766  data_time: 0.0020  last_data_time: 0.0020   lr: 9.4438e-05  max_mem: 1610M
[08/15 07:10:55 d2.utils.events]:  eta: 0:06:09  iter: 99  total_loss: 0.6091  loss_cls: 0.07757  loss_box_reg: 0.1594  loss_mask: 0.3579  loss_rpn_cls: 0.0009309  loss_rpn_loc: 0.004677    time: 0.0772  last_time: 0.0762  data_time: 0.0020  last_data_time: 0.0019   lr: 0.00010569  max_mem: 1610M
[08/15 07:10:55 d2.evaluation.coco_evaluation]: Fast COCO eval is not built. Falling back to official COCO eval.
[08/15 07:10:55 d2.data.datasets.coco]: Loaded 89 images in COCO format from /projects/PUCHALLA/LLP2024/tumor-segmentation/data/processed_data/depth/test/images/test.json
[08/15 07:10:55 d2.data.dataset_mapper]: [DatasetMapper] Augmentations used in inference: [ResizeShortestEdge(short_edge_length=(800, 800), max_size=1333, sample_style='choice')]
[08/15 07:10:55 d2.data.common]: Serializing the dataset using: <class 'detectron2.data.common._TorchSerializedList'>
[08/15 07:10:55 d2.data.common]: Serializing 89 elements to byte tensors and concatenating them all ...
[08/15 07:10:55 d2.data.common]: Serialized dataset takes 0.07 MiB
[08/15 07:10:55 d2.evaluation.evaluator]: Start inference on 89 batches
[08/15 07:10:56 d2.evaluation.evaluator]: Inference done 11/89. Dataloading: 0.0009 s/iter. Inference: 0.0198 s/iter. Eval: 0.0003 s/iter. Total: 0.0210 s/iter. ETA=0:00:01
[08/15 07:10:57 d2.evaluation.evaluator]: Total inference time: 0:00:01.747233 (0.020800 s / iter per device, on 1 devices)
[08/15 07:10:57 d2.evaluation.evaluator]: Total inference pure compute time: 0:00:01 (0.019468 s / iter per device, on 1 devices)
[08/15 07:10:57 d2.evaluation.coco_evaluation]: Preparing results for COCO format ...
[08/15 07:10:57 d2.evaluation.coco_evaluation]: Saving results to ../../../../../models/rgb-testing/depth-5000-1/coco_instances_results.json
[08/15 07:10:57 d2.evaluation.coco_evaluation]: Evaluating predictions with official COCO API...
Loading and preparing results...
DONE (t=0.00s)
creating index...
index created!
Running per image evaluation...
Evaluate annotation type *bbox*
DONE (t=0.01s).
Accumulating evaluation results...
DONE (t=0.01s).
 Average Precision  (AP) @[ IoU=0.50:0.95 | area=   all | maxDets=100 ] = 0.275
 Average Precision  (AP) @[ IoU=0.50      | area=   all | maxDets=100 ] = 0.828
 Average Precision  (AP) @[ IoU=0.75      | area=   all | maxDets=100 ] = 0.132
 Average Precision  (AP) @[ IoU=0.50:0.95 | area= small | maxDets=100 ] = -1.000
 Average Precision  (AP) @[ IoU=0.50:0.95 | area=medium | maxDets=100 ] = 0.246
 Average Precision  (AP) @[ IoU=0.50:0.95 | area= large | maxDets=100 ] = 0.279
 Average Recall     (AR) @[ IoU=0.50:0.95 | area=   all | maxDets=  1 ] = 0.351
 Average Recall     (AR) @[ IoU=0.50:0.95 | area=   all | maxDets= 10 ] = 0.366
 Average Recall     (AR) @[ IoU=0.50:0.95 | area=   all | maxDets=100 ] = 0.366
 Average Recall     (AR) @[ IoU=0.50:0.95 | area= small | maxDets=100 ] = -1.000
 Average Recall     (AR) @[ IoU=0.50:0.95 | area=medium | maxDets=100 ] = 0.270
 Average Recall     (AR) @[ IoU=0.50:0.95 | area= large | maxDets=100 ] = 0.378
[08/15 07:10:57 d2.evaluation.coco_evaluation]: Evaluation results for bbox: 
|   AP   |  AP50  |  AP75  |  APs  |  APm   |  APl   |
|:------:|:------:|:------:|:-----:|:------:|:------:|
| 27.539 | 82.799 | 13.190 |  nan  | 24.625 | 27.933 |
[08/15 07:10:57 d2.evaluation.coco_evaluation]: Some metrics cannot be computed and is shown as NaN.
Loading and preparing results...
DONE (t=0.00s)
creating index...
index created!
Running per image evaluation...
Evaluate annotation type *segm*
DONE (t=0.02s).
Accumulating evaluation results...
DONE (t=0.01s).
 Average Precision  (AP) @[ IoU=0.50:0.95 | area=   all | maxDets=100 ] = 0.428
 Average Precision  (AP) @[ IoU=0.50      | area=   all | maxDets=100 ] = 0.859
 Average Precision  (AP) @[ IoU=0.75      | area=   all | maxDets=100 ] = 0.290
 Average Precision  (AP) @[ IoU=0.50:0.95 | area= small | maxDets=100 ] = -1.000
 Average Precision  (AP) @[ IoU=0.50:0.95 | area=medium | maxDets=100 ] = 0.278
 Average Precision  (AP) @[ IoU=0.50:0.95 | area= large | maxDets=100 ] = 0.464
 Average Recall     (AR) @[ IoU=0.50:0.95 | area=   all | maxDets=  1 ] = 0.465
 Average Recall     (AR) @[ IoU=0.50:0.95 | area=   all | maxDets= 10 ] = 0.485
 Average Recall     (AR) @[ IoU=0.50:0.95 | area=   all | maxDets=100 ] = 0.485
 Average Recall     (AR) @[ IoU=0.50:0.95 | area= small | maxDets=100 ] = -1.000
 Average Recall     (AR) @[ IoU=0.50:0.95 | area=medium | maxDets=100 ] = 0.320
 Average Recall     (AR) @[ IoU=0.50:0.95 | area= large | maxDets=100 ] = 0.506
[08/15 07:10:57 d2.evaluation.coco_evaluation]: Evaluation results for segm: 
|   AP   |  AP50  |  AP75  |  APs  |  APm   |  APl   |
|:------:|:------:|:------:|:-----:|:------:|:------:|
| 42.836 | 85.918 | 28.998 |  nan  | 27.792 | 46.418 |
[08/15 07:10:57 d2.evaluation.coco_evaluation]: Some metrics cannot be computed and is shown as NaN.
[Iter 2 AP] → mAP@[.5:.95] = 42.836
[08/15 07:10:57 d2.data.datasets.coco]: Loaded 89 images in COCO format from /projects/PUCHALLA/LLP2024/tumor-segmentation/data/processed_data/depth/test/images/test.json
[08/15 07:10:57 d2.data.datasets.coco]: Loaded 89 images in COCO format from /projects/PUCHALLA/LLP2024/tumor-segmentation/data/processed_data/depth/test/images/test.json
[08/15 07:10:57 d2.data.dataset_mapper]: [DatasetMapper] Augmentations used in inference: [ResizeShortestEdge(short_edge_length=(800, 800), max_size=1333, sample_style='choice')]
[08/15 07:10:57 d2.data.common]: Serializing the dataset using: <class 'detectron2.data.common._TorchSerializedList'>
[08/15 07:10:57 d2.data.common]: Serializing 89 elements to byte tensors and concatenating them all ...
[08/15 07:10:57 d2.data.common]: Serialized dataset takes 0.07 MiB
[08/15 07:10:57 d2.evaluation.evaluator]: Start inference on 89 batches
[08/15 07:11:00 d2.evaluation.evaluator]: Total inference time: 0:00:02.034335 (0.024218 s / iter per device, on 1 devices)
[08/15 07:11:00 d2.evaluation.evaluator]: Total inference pure compute time: 0:00:01 (0.023135 s / iter per device, on 1 devices)
[08/15 07:11:01 d2.utils.events]:  eta: 0:06:07  iter: 119  total_loss: 0.5573  loss_cls: 0.06686  loss_box_reg: 0.1563  loss_mask: 0.3153  loss_rpn_cls: 0.0004275  loss_rpn_loc: 0.003508    time: 0.0777  last_time: 0.0701  data_time: 0.0019  last_data_time: 0.0018   lr: 0.00011694  max_mem: 1612M
[08/15 07:11:03 d2.utils.events]:  eta: 0:06:02  iter: 139  total_loss: 0.5398  loss_cls: 0.06354  loss_box_reg: 0.1589  loss_mask: 0.3066  loss_rpn_cls: 0.001205  loss_rpn_loc: 0.003885    time: 0.0768  last_time: 0.0722  data_time: 0.0019  last_data_time: 0.0019   lr: 0.00012819  max_mem: 1612M
[08/15 07:11:04 d2.utils.events]:  eta: 0:06:03  iter: 159  total_loss: 0.5197  loss_cls: 0.05859  loss_box_reg: 0.1627  loss_mask: 0.2779  loss_rpn_cls: 0.0002784  loss_rpn_loc: 0.004555    time: 0.0766  last_time: 0.0818  data_time: 0.0020  last_data_time: 0.0020   lr: 0.00013944  max_mem: 1612M
[08/15 07:11:06 d2.utils.events]:  eta: 0:06:01  iter: 179  total_loss: 0.5139  loss_cls: 0.05783  loss_box_reg: 0.1772  loss_mask: 0.2546  loss_rpn_cls: 7.823e-05  loss_rpn_loc: 0.003738    time: 0.0764  last_time: 0.0723  data_time: 0.0020  last_data_time: 0.0019   lr: 0.00015069  max_mem: 1612M
[08/15 07:11:07 d2.utils.events]:  eta: 0:05:59  iter: 199  total_loss: 0.4913  loss_cls: 0.05251  loss_box_reg: 0.1442  loss_mask: 0.2768  loss_rpn_cls: 0.0001096  loss_rpn_loc: 0.004524    time: 0.0761  last_time: 0.0722  data_time: 0.0020  last_data_time: 0.0019   lr: 0.00016194  max_mem: 1621M
[08/15 07:11:07 d2.evaluation.coco_evaluation]: Fast COCO eval is not built. Falling back to official COCO eval.
[08/15 07:11:07 d2.data.datasets.coco]: Loaded 89 images in COCO format from /projects/PUCHALLA/LLP2024/tumor-segmentation/data/processed_data/depth/test/images/test.json
[08/15 07:11:07 d2.data.dataset_mapper]: [DatasetMapper] Augmentations used in inference: [ResizeShortestEdge(short_edge_length=(800, 800), max_size=1333, sample_style='choice')]
[08/15 07:11:07 d2.data.common]: Serializing the dataset using: <class 'detectron2.data.common._TorchSerializedList'>
[08/15 07:11:07 d2.data.common]: Serializing 89 elements to byte tensors and concatenating them all ...
[08/15 07:11:07 d2.data.common]: Serialized dataset takes 0.07 MiB
[08/15 07:11:07 d2.evaluation.evaluator]: Start inference on 89 batches
[08/15 07:11:08 d2.evaluation.evaluator]: Inference done 11/89. Dataloading: 0.0005 s/iter. Inference: 0.0232 s/iter. Eval: 0.0003 s/iter. Total: 0.0240 s/iter. ETA=0:00:01
[08/15 07:11:10 d2.evaluation.evaluator]: Total inference time: 0:00:02.054267 (0.024456 s / iter per device, on 1 devices)
[08/15 07:11:10 d2.evaluation.evaluator]: Total inference pure compute time: 0:00:01 (0.023319 s / iter per device, on 1 devices)
[08/15 07:11:10 d2.evaluation.coco_evaluation]: Preparing results for COCO format ...
[08/15 07:11:10 d2.evaluation.coco_evaluation]: Saving results to ../../../../../models/rgb-testing/depth-5000-1/coco_instances_results.json
[08/15 07:11:10 d2.evaluation.coco_evaluation]: Evaluating predictions with official COCO API...
Loading and preparing results...
DONE (t=0.00s)
creating index...
index created!
Running per image evaluation...
Evaluate annotation type *bbox*
DONE (t=0.01s).
Accumulating evaluation results...
DONE (t=0.01s).
 Average Precision  (AP) @[ IoU=0.50:0.95 | area=   all | maxDets=100 ] = 0.338
 Average Precision  (AP) @[ IoU=0.50      | area=   all | maxDets=100 ] = 0.905
 Average Precision  (AP) @[ IoU=0.75      | area=   all | maxDets=100 ] = 0.134
 Average Precision  (AP) @[ IoU=0.50:0.95 | area= small | maxDets=100 ] = -1.000
 Average Precision  (AP) @[ IoU=0.50:0.95 | area=medium | maxDets=100 ] = 0.306
 Average Precision  (AP) @[ IoU=0.50:0.95 | area= large | maxDets=100 ] = 0.344
 Average Recall     (AR) @[ IoU=0.50:0.95 | area=   all | maxDets=  1 ] = 0.436
 Average Recall     (AR) @[ IoU=0.50:0.95 | area=   all | maxDets= 10 ] = 0.442
 Average Recall     (AR) @[ IoU=0.50:0.95 | area=   all | maxDets=100 ] = 0.442
 Average Recall     (AR) @[ IoU=0.50:0.95 | area= small | maxDets=100 ] = -1.000
 Average Recall     (AR) @[ IoU=0.50:0.95 | area=medium | maxDets=100 ] = 0.310
 Average Recall     (AR) @[ IoU=0.50:0.95 | area= large | maxDets=100 ] = 0.458
[08/15 07:11:10 d2.evaluation.coco_evaluation]: Evaluation results for bbox: 
|   AP   |  AP50  |  AP75  |  APs  |  APm   |  APl   |
|:------:|:------:|:------:|:-----:|:------:|:------:|
| 33.769 | 90.491 | 13.378 |  nan  | 30.572 | 34.396 |
[08/15 07:11:10 d2.evaluation.coco_evaluation]: Some metrics cannot be computed and is shown as NaN.
Loading and preparing results...
DONE (t=0.00s)
creating index...
index created!
Running per image evaluation...
Evaluate annotation type *segm*
DONE (t=0.02s).
Accumulating evaluation results...
DONE (t=0.01s).
 Average Precision  (AP) @[ IoU=0.50:0.95 | area=   all | maxDets=100 ] = 0.470
 Average Precision  (AP) @[ IoU=0.50      | area=   all | maxDets=100 ] = 0.905
 Average Precision  (AP) @[ IoU=0.75      | area=   all | maxDets=100 ] = 0.379
 Average Precision  (AP) @[ IoU=0.50:0.95 | area= small | maxDets=100 ] = -1.000
 Average Precision  (AP) @[ IoU=0.50:0.95 | area=medium | maxDets=100 ] = 0.354
 Average Precision  (AP) @[ IoU=0.50:0.95 | area= large | maxDets=100 ] = 0.492
 Average Recall     (AR) @[ IoU=0.50:0.95 | area=   all | maxDets=  1 ] = 0.524
 Average Recall     (AR) @[ IoU=0.50:0.95 | area=   all | maxDets= 10 ] = 0.539
 Average Recall     (AR) @[ IoU=0.50:0.95 | area=   all | maxDets=100 ] = 0.539
 Average Recall     (AR) @[ IoU=0.50:0.95 | area= small | maxDets=100 ] = -1.000
 Average Recall     (AR) @[ IoU=0.50:0.95 | area=medium | maxDets=100 ] = 0.400
 Average Recall     (AR) @[ IoU=0.50:0.95 | area= large | maxDets=100 ] = 0.557
[08/15 07:11:10 d2.evaluation.coco_evaluation]: Evaluation results for segm: 
|   AP   |  AP50  |  AP75  |  APs  |  APm   |  APl   |
|:------:|:------:|:------:|:-----:|:------:|:------:|
| 47.038 | 90.491 | 37.900 |  nan  | 35.448 | 49.206 |
[08/15 07:11:10 d2.evaluation.coco_evaluation]: Some metrics cannot be computed and is shown as NaN.
[Iter 2 AP] → mAP@[.5:.95] = 47.038
[08/15 07:11:10 d2.data.datasets.coco]: Loaded 89 images in COCO format from /projects/PUCHALLA/LLP2024/tumor-segmentation/data/processed_data/depth/test/images/test.json
[08/15 07:11:10 d2.data.datasets.coco]: Loaded 89 images in COCO format from /projects/PUCHALLA/LLP2024/tumor-segmentation/data/processed_data/depth/test/images/test.json
[08/15 07:11:10 d2.data.dataset_mapper]: [DatasetMapper] Augmentations used in inference: [ResizeShortestEdge(short_edge_length=(800, 800), max_size=1333, sample_style='choice')]
[08/15 07:11:10 d2.data.common]: Serializing the dataset using: <class 'detectron2.data.common._TorchSerializedList'>
[08/15 07:11:10 d2.data.common]: Serializing 89 elements to byte tensors and concatenating them all ...
[08/15 07:11:10 d2.data.common]: Serialized dataset takes 0.07 MiB
[08/15 07:11:10 d2.evaluation.evaluator]: Start inference on 89 batches
[08/15 07:11:12 d2.evaluation.evaluator]: Total inference time: 0:00:02.071749 (0.024664 s / iter per device, on 1 devices)
[08/15 07:11:12 d2.evaluation.evaluator]: Total inference pure compute time: 0:00:01 (0.023540 s / iter per device, on 1 devices)
[08/15 07:11:13 d2.utils.events]:  eta: 0:05:58  iter: 219  total_loss: 0.4563  loss_cls: 0.04849  loss_box_reg: 0.1494  loss_mask: 0.2514  loss_rpn_cls: 0.0001719  loss_rpn_loc: 0.004035    time: 0.0759  last_time: 0.0712  data_time: 0.0020  last_data_time: 0.0019   lr: 0.00017319  max_mem: 1621M
[08/15 07:11:15 d2.utils.events]:  eta: 0:05:54  iter: 239  total_loss: 0.4517  loss_cls: 0.04762  loss_box_reg: 0.1445  loss_mask: 0.2637  loss_rpn_cls: 3.797e-05  loss_rpn_loc: 0.003592    time: 0.0756  last_time: 0.0685  data_time: 0.0020  last_data_time: 0.0019   lr: 0.00018444  max_mem: 1621M
[08/15 07:11:16 d2.utils.events]:  eta: 0:05:54  iter: 259  total_loss: 0.4588  loss_cls: 0.04693  loss_box_reg: 0.1418  loss_mask: 0.2578  loss_rpn_cls: 6.805e-05  loss_rpn_loc: 0.003515    time: 0.0756  last_time: 0.0803  data_time: 0.0022  last_data_time: 0.0029   lr: 0.00019569  max_mem: 1636M
[08/15 07:11:18 d2.utils.events]:  eta: 0:05:54  iter: 279  total_loss: 0.4626  loss_cls: 0.0461  loss_box_reg: 0.1343  loss_mask: 0.2912  loss_rpn_cls: 0.0001258  loss_rpn_loc: 0.004087    time: 0.0756  last_time: 0.0765  data_time: 0.0025  last_data_time: 0.0029   lr: 0.00020694  max_mem: 1636M
[08/15 07:11:19 d2.utils.events]:  eta: 0:05:53  iter: 299  total_loss: 0.4037  loss_cls: 0.04152  loss_box_reg: 0.1186  loss_mask: 0.2569  loss_rpn_cls: 3.958e-05  loss_rpn_loc: 0.003374    time: 0.0757  last_time: 0.0775  data_time: 0.0027  last_data_time: 0.0029   lr: 0.00021819  max_mem: 1636M
[08/15 07:11:19 d2.evaluation.coco_evaluation]: Fast COCO eval is not built. Falling back to official COCO eval.
[08/15 07:11:19 d2.data.datasets.coco]: Loaded 89 images in COCO format from /projects/PUCHALLA/LLP2024/tumor-segmentation/data/processed_data/depth/test/images/test.json
[08/15 07:11:19 d2.data.dataset_mapper]: [DatasetMapper] Augmentations used in inference: [ResizeShortestEdge(short_edge_length=(800, 800), max_size=1333, sample_style='choice')]
[08/15 07:11:19 d2.data.common]: Serializing the dataset using: <class 'detectron2.data.common._TorchSerializedList'>
[08/15 07:11:19 d2.data.common]: Serializing 89 elements to byte tensors and concatenating them all ...
[08/15 07:11:19 d2.data.common]: Serialized dataset takes 0.07 MiB
[08/15 07:11:19 d2.evaluation.evaluator]: Start inference on 89 batches
[08/15 07:11:20 d2.evaluation.evaluator]: Inference done 11/89. Dataloading: 0.0005 s/iter. Inference: 0.0232 s/iter. Eval: 0.0003 s/iter. Total: 0.0241 s/iter. ETA=0:00:01
[08/15 07:11:22 d2.evaluation.evaluator]: Total inference time: 0:00:02.039376 (0.024278 s / iter per device, on 1 devices)
[08/15 07:11:22 d2.evaluation.evaluator]: Total inference pure compute time: 0:00:01 (0.023135 s / iter per device, on 1 devices)
[08/15 07:11:22 d2.evaluation.coco_evaluation]: Preparing results for COCO format ...
[08/15 07:11:22 d2.evaluation.coco_evaluation]: Saving results to ../../../../../models/rgb-testing/depth-5000-1/coco_instances_results.json
[08/15 07:11:22 d2.evaluation.coco_evaluation]: Evaluating predictions with official COCO API...
Loading and preparing results...
DONE (t=0.00s)
creating index...
index created!
Running per image evaluation...
Evaluate annotation type *bbox*
DONE (t=0.01s).
Accumulating evaluation results...
DONE (t=0.01s).
 Average Precision  (AP) @[ IoU=0.50:0.95 | area=   all | maxDets=100 ] = 0.456
 Average Precision  (AP) @[ IoU=0.50      | area=   all | maxDets=100 ] = 0.925
 Average Precision  (AP) @[ IoU=0.75      | area=   all | maxDets=100 ] = 0.451
 Average Precision  (AP) @[ IoU=0.50:0.95 | area= small | maxDets=100 ] = -1.000
 Average Precision  (AP) @[ IoU=0.50:0.95 | area=medium | maxDets=100 ] = 0.343
 Average Precision  (AP) @[ IoU=0.50:0.95 | area= large | maxDets=100 ] = 0.472
 Average Recall     (AR) @[ IoU=0.50:0.95 | area=   all | maxDets=  1 ] = 0.543
 Average Recall     (AR) @[ IoU=0.50:0.95 | area=   all | maxDets= 10 ] = 0.543
 Average Recall     (AR) @[ IoU=0.50:0.95 | area=   all | maxDets=100 ] = 0.543
 Average Recall     (AR) @[ IoU=0.50:0.95 | area= small | maxDets=100 ] = -1.000
 Average Recall     (AR) @[ IoU=0.50:0.95 | area=medium | maxDets=100 ] = 0.360
 Average Recall     (AR) @[ IoU=0.50:0.95 | area= large | maxDets=100 ] = 0.566
[08/15 07:11:22 d2.evaluation.coco_evaluation]: Evaluation results for bbox: 
|   AP   |  AP50  |  AP75  |  APs  |  APm   |  APl   |
|:------:|:------:|:------:|:-----:|:------:|:------:|
| 45.600 | 92.502 | 45.145 |  nan  | 34.264 | 47.214 |
[08/15 07:11:22 d2.evaluation.coco_evaluation]: Some metrics cannot be computed and is shown as NaN.
Loading and preparing results...
DONE (t=0.00s)
creating index...
index created!
Running per image evaluation...
Evaluate annotation type *segm*
DONE (t=0.02s).
Accumulating evaluation results...
DONE (t=0.01s).
 Average Precision  (AP) @[ IoU=0.50:0.95 | area=   all | maxDets=100 ] = 0.493
 Average Precision  (AP) @[ IoU=0.50      | area=   all | maxDets=100 ] = 0.898
 Average Precision  (AP) @[ IoU=0.75      | area=   all | maxDets=100 ] = 0.491
 Average Precision  (AP) @[ IoU=0.50:0.95 | area= small | maxDets=100 ] = -1.000
 Average Precision  (AP) @[ IoU=0.50:0.95 | area=medium | maxDets=100 ] = 0.371
 Average Precision  (AP) @[ IoU=0.50:0.95 | area= large | maxDets=100 ] = 0.511
 Average Recall     (AR) @[ IoU=0.50:0.95 | area=   all | maxDets=  1 ] = 0.561
 Average Recall     (AR) @[ IoU=0.50:0.95 | area=   all | maxDets= 10 ] = 0.561
 Average Recall     (AR) @[ IoU=0.50:0.95 | area=   all | maxDets=100 ] = 0.561
 Average Recall     (AR) @[ IoU=0.50:0.95 | area= small | maxDets=100 ] = -1.000
 Average Recall     (AR) @[ IoU=0.50:0.95 | area=medium | maxDets=100 ] = 0.400
 Average Recall     (AR) @[ IoU=0.50:0.95 | area= large | maxDets=100 ] = 0.581
[08/15 07:11:22 d2.evaluation.coco_evaluation]: Evaluation results for segm: 
|   AP   |  AP50  |  AP75  |  APs  |  APm   |  APl   |
|:------:|:------:|:------:|:-----:|:------:|:------:|
| 49.296 | 89.807 | 49.090 |  nan  | 37.112 | 51.137 |
[08/15 07:11:22 d2.evaluation.coco_evaluation]: Some metrics cannot be computed and is shown as NaN.
[Iter 2 AP] → mAP@[.5:.95] = 49.296
[08/15 07:11:22 d2.data.datasets.coco]: Loaded 89 images in COCO format from /projects/PUCHALLA/LLP2024/tumor-segmentation/data/processed_data/depth/test/images/test.json
[08/15 07:11:22 d2.data.datasets.coco]: Loaded 89 images in COCO format from /projects/PUCHALLA/LLP2024/tumor-segmentation/data/processed_data/depth/test/images/test.json
[08/15 07:11:22 d2.data.dataset_mapper]: [DatasetMapper] Augmentations used in inference: [ResizeShortestEdge(short_edge_length=(800, 800), max_size=1333, sample_style='choice')]
[08/15 07:11:22 d2.data.common]: Serializing the dataset using: <class 'detectron2.data.common._TorchSerializedList'>
[08/15 07:11:22 d2.data.common]: Serializing 89 elements to byte tensors and concatenating them all ...
[08/15 07:11:22 d2.data.common]: Serialized dataset takes 0.07 MiB
[08/15 07:11:22 d2.evaluation.evaluator]: Start inference on 89 batches
[08/15 07:11:24 d2.evaluation.evaluator]: Total inference time: 0:00:02.058396 (0.024505 s / iter per device, on 1 devices)
[08/15 07:11:24 d2.evaluation.evaluator]: Total inference pure compute time: 0:00:01 (0.023391 s / iter per device, on 1 devices)
[08/15 07:11:25 d2.utils.events]:  eta: 0:05:52  iter: 319  total_loss: 0.3872  loss_cls: 0.03804  loss_box_reg: 0.0982  loss_mask: 0.246  loss_rpn_cls: 7.023e-05  loss_rpn_loc: 0.003458    time: 0.0757  last_time: 0.0727  data_time: 0.0025  last_data_time: 0.0019   lr: 0.00022944  max_mem: 1649M
[08/15 07:11:27 d2.utils.events]:  eta: 0:05:51  iter: 339  total_loss: 0.3921  loss_cls: 0.03598  loss_box_reg: 0.089  loss_mask: 0.2461  loss_rpn_cls: 2.978e-05  loss_rpn_loc: 0.003278    time: 0.0758  last_time: 0.0792  data_time: 0.0025  last_data_time: 0.0028   lr: 0.00024069  max_mem: 1649M
[08/15 07:11:28 d2.utils.events]:  eta: 0:05:49  iter: 359  total_loss: 0.3878  loss_cls: 0.03633  loss_box_reg: 0.08497  loss_mask: 0.2548  loss_rpn_cls: 2.559e-05  loss_rpn_loc: 0.003255    time: 0.0758  last_time: 0.0786  data_time: 0.0027  last_data_time: 0.0019   lr: 0.00025194  max_mem: 1649M
[08/15 07:11:30 d2.utils.events]:  eta: 0:05:48  iter: 379  total_loss: 0.369  loss_cls: 0.03554  loss_box_reg: 0.0915  loss_mask: 0.2415  loss_rpn_cls: 3.303e-05  loss_rpn_loc: 0.003692    time: 0.0759  last_time: 0.0718  data_time: 0.0026  last_data_time: 0.0020   lr: 0.00026319  max_mem: 1649M
[08/15 07:11:32 d2.utils.events]:  eta: 0:05:46  iter: 399  total_loss: 0.3542  loss_cls: 0.03585  loss_box_reg: 0.07814  loss_mask: 0.2331  loss_rpn_cls: 2.216e-05  loss_rpn_loc: 0.003391    time: 0.0759  last_time: 0.0780  data_time: 0.0025  last_data_time: 0.0028   lr: 0.00027444  max_mem: 1649M
[08/15 07:11:32 d2.evaluation.coco_evaluation]: Fast COCO eval is not built. Falling back to official COCO eval.
[08/15 07:11:32 d2.data.datasets.coco]: Loaded 89 images in COCO format from /projects/PUCHALLA/LLP2024/tumor-segmentation/data/processed_data/depth/test/images/test.json
[08/15 07:11:32 d2.data.dataset_mapper]: [DatasetMapper] Augmentations used in inference: [ResizeShortestEdge(short_edge_length=(800, 800), max_size=1333, sample_style='choice')]
[08/15 07:11:32 d2.data.common]: Serializing the dataset using: <class 'detectron2.data.common._TorchSerializedList'>
[08/15 07:11:32 d2.data.common]: Serializing 89 elements to byte tensors and concatenating them all ...
[08/15 07:11:32 d2.data.common]: Serialized dataset takes 0.07 MiB
[08/15 07:11:32 d2.evaluation.evaluator]: Start inference on 89 batches
[08/15 07:11:32 d2.evaluation.evaluator]: Inference done 11/89. Dataloading: 0.0004 s/iter. Inference: 0.0233 s/iter. Eval: 0.0003 s/iter. Total: 0.0241 s/iter. ETA=0:00:01
[08/15 07:11:34 d2.evaluation.evaluator]: Total inference time: 0:00:02.046873 (0.024368 s / iter per device, on 1 devices)
[08/15 07:11:34 d2.evaluation.evaluator]: Total inference pure compute time: 0:00:01 (0.023222 s / iter per device, on 1 devices)
[08/15 07:11:34 d2.evaluation.coco_evaluation]: Preparing results for COCO format ...
[08/15 07:11:34 d2.evaluation.coco_evaluation]: Saving results to ../../../../../models/rgb-testing/depth-5000-1/coco_instances_results.json
[08/15 07:11:34 d2.evaluation.coco_evaluation]: Evaluating predictions with official COCO API...
Loading and preparing results...
DONE (t=0.00s)
creating index...
index created!
Running per image evaluation...
Evaluate annotation type *bbox*
DONE (t=0.01s).
Accumulating evaluation results...
DONE (t=0.01s).
 Average Precision  (AP) @[ IoU=0.50:0.95 | area=   all | maxDets=100 ] = 0.475
 Average Precision  (AP) @[ IoU=0.50      | area=   all | maxDets=100 ] = 0.951
 Average Precision  (AP) @[ IoU=0.75      | area=   all | maxDets=100 ] = 0.349
 Average Precision  (AP) @[ IoU=0.50:0.95 | area= small | maxDets=100 ] = -1.000
 Average Precision  (AP) @[ IoU=0.50:0.95 | area=medium | maxDets=100 ] = 0.312
 Average Precision  (AP) @[ IoU=0.50:0.95 | area= large | maxDets=100 ] = 0.495
 Average Recall     (AR) @[ IoU=0.50:0.95 | area=   all | maxDets=  1 ] = 0.536
 Average Recall     (AR) @[ IoU=0.50:0.95 | area=   all | maxDets= 10 ] = 0.536
 Average Recall     (AR) @[ IoU=0.50:0.95 | area=   all | maxDets=100 ] = 0.536
 Average Recall     (AR) @[ IoU=0.50:0.95 | area= small | maxDets=100 ] = -1.000
 Average Recall     (AR) @[ IoU=0.50:0.95 | area=medium | maxDets=100 ] = 0.320
 Average Recall     (AR) @[ IoU=0.50:0.95 | area= large | maxDets=100 ] = 0.563
[08/15 07:11:34 d2.evaluation.coco_evaluation]: Evaluation results for bbox: 
|   AP   |  AP50  |  AP75  |  APs  |  APm   |  APl   |
|:------:|:------:|:------:|:-----:|:------:|:------:|
| 47.490 | 95.135 | 34.863 |  nan  | 31.158 | 49.525 |
[08/15 07:11:34 d2.evaluation.coco_evaluation]: Some metrics cannot be computed and is shown as NaN.
Loading and preparing results...
DONE (t=0.00s)
creating index...
index created!
Running per image evaluation...
Evaluate annotation type *segm*
DONE (t=0.02s).
Accumulating evaluation results...
DONE (t=0.01s).
 Average Precision  (AP) @[ IoU=0.50:0.95 | area=   all | maxDets=100 ] = 0.531
 Average Precision  (AP) @[ IoU=0.50      | area=   all | maxDets=100 ] = 0.934
 Average Precision  (AP) @[ IoU=0.75      | area=   all | maxDets=100 ] = 0.580
 Average Precision  (AP) @[ IoU=0.50:0.95 | area= small | maxDets=100 ] = -1.000
 Average Precision  (AP) @[ IoU=0.50:0.95 | area=medium | maxDets=100 ] = 0.363
 Average Precision  (AP) @[ IoU=0.50:0.95 | area= large | maxDets=100 ] = 0.551
 Average Recall     (AR) @[ IoU=0.50:0.95 | area=   all | maxDets=  1 ] = 0.579
 Average Recall     (AR) @[ IoU=0.50:0.95 | area=   all | maxDets= 10 ] = 0.579
 Average Recall     (AR) @[ IoU=0.50:0.95 | area=   all | maxDets=100 ] = 0.579
 Average Recall     (AR) @[ IoU=0.50:0.95 | area= small | maxDets=100 ] = -1.000
 Average Recall     (AR) @[ IoU=0.50:0.95 | area=medium | maxDets=100 ] = 0.380
 Average Recall     (AR) @[ IoU=0.50:0.95 | area= large | maxDets=100 ] = 0.604
[08/15 07:11:34 d2.evaluation.coco_evaluation]: Evaluation results for segm: 
|   AP   |  AP50  |  AP75  |  APs  |  APm   |  APl   |
|:------:|:------:|:------:|:-----:|:------:|:------:|
| 53.097 | 93.355 | 57.975 |  nan  | 36.256 | 55.136 |
[08/15 07:11:34 d2.evaluation.coco_evaluation]: Some metrics cannot be computed and is shown as NaN.
[Iter 2 AP] → mAP@[.5:.95] = 53.097
[08/15 07:11:34 d2.data.datasets.coco]: Loaded 89 images in COCO format from /projects/PUCHALLA/LLP2024/tumor-segmentation/data/processed_data/depth/test/images/test.json
[08/15 07:11:34 d2.data.datasets.coco]: Loaded 89 images in COCO format from /projects/PUCHALLA/LLP2024/tumor-segmentation/data/processed_data/depth/test/images/test.json
[08/15 07:11:34 d2.data.dataset_mapper]: [DatasetMapper] Augmentations used in inference: [ResizeShortestEdge(short_edge_length=(800, 800), max_size=1333, sample_style='choice')]
[08/15 07:11:34 d2.data.common]: Serializing the dataset using: <class 'detectron2.data.common._TorchSerializedList'>
[08/15 07:11:34 d2.data.common]: Serializing 89 elements to byte tensors and concatenating them all ...
[08/15 07:11:34 d2.data.common]: Serialized dataset takes 0.07 MiB
[08/15 07:11:34 d2.evaluation.evaluator]: Start inference on 89 batches
[08/15 07:11:36 d2.evaluation.evaluator]: Total inference time: 0:00:02.033231 (0.024205 s / iter per device, on 1 devices)
[08/15 07:11:36 d2.evaluation.evaluator]: Total inference pure compute time: 0:00:01 (0.023083 s / iter per device, on 1 devices)
[08/15 07:11:38 d2.utils.events]:  eta: 0:05:45  iter: 419  total_loss: 0.3696  loss_cls: 0.03282  loss_box_reg: 0.08483  loss_mask: 0.2356  loss_rpn_cls: 5.289e-06  loss_rpn_loc: 0.003248    time: 0.0759  last_time: 0.0731  data_time: 0.0024  last_data_time: 0.0028   lr: 0.00028569  max_mem: 1649M
[08/15 07:11:39 d2.utils.events]:  eta: 0:05:43  iter: 439  total_loss: 0.3413  loss_cls: 0.02935  loss_box_reg: 0.07574  loss_mask: 0.233  loss_rpn_cls: 4.227e-06  loss_rpn_loc: 0.002602    time: 0.0759  last_time: 0.0688  data_time: 0.0023  last_data_time: 0.0018   lr: 0.00029694  max_mem: 1649M
[08/15 07:11:41 d2.utils.events]:  eta: 0:05:42  iter: 459  total_loss: 0.3504  loss_cls: 0.03344  loss_box_reg: 0.07955  loss_mask: 0.2409  loss_rpn_cls: 1.561e-05  loss_rpn_loc: 0.002924    time: 0.0759  last_time: 0.0744  data_time: 0.0025  last_data_time: 0.0029   lr: 0.00030819  max_mem: 1649M
[08/15 07:11:42 d2.utils.events]:  eta: 0:05:41  iter: 479  total_loss: 0.3325  loss_cls: 0.03275  loss_box_reg: 0.0798  loss_mask: 0.2183  loss_rpn_cls: 5.821e-06  loss_rpn_loc: 0.003262    time: 0.0758  last_time: 0.0754  data_time: 0.0023  last_data_time: 0.0020   lr: 0.00031944  max_mem: 1649M
[08/15 07:11:44 d2.utils.events]:  eta: 0:05:39  iter: 499  total_loss: 0.3416  loss_cls: 0.03267  loss_box_reg: 0.06605  loss_mask: 0.2426  loss_rpn_cls: 3.814e-06  loss_rpn_loc: 0.003176    time: 0.0758  last_time: 0.0756  data_time: 0.0025  last_data_time: 0.0028   lr: 0.00033069  max_mem: 1649M
[08/15 07:11:44 d2.evaluation.coco_evaluation]: Fast COCO eval is not built. Falling back to official COCO eval.
[08/15 07:11:44 d2.data.datasets.coco]: Loaded 89 images in COCO format from /projects/PUCHALLA/LLP2024/tumor-segmentation/data/processed_data/depth/test/images/test.json
[08/15 07:11:44 d2.data.dataset_mapper]: [DatasetMapper] Augmentations used in inference: [ResizeShortestEdge(short_edge_length=(800, 800), max_size=1333, sample_style='choice')]
[08/15 07:11:44 d2.data.common]: Serializing the dataset using: <class 'detectron2.data.common._TorchSerializedList'>
[08/15 07:11:44 d2.data.common]: Serializing 89 elements to byte tensors and concatenating them all ...
[08/15 07:11:44 d2.data.common]: Serialized dataset takes 0.07 MiB
[08/15 07:11:44 d2.evaluation.evaluator]: Start inference on 89 batches
[08/15 07:11:44 d2.evaluation.evaluator]: Inference done 11/89. Dataloading: 0.0004 s/iter. Inference: 0.0248 s/iter. Eval: 0.0003 s/iter. Total: 0.0256 s/iter. ETA=0:00:01
[08/15 07:11:46 d2.evaluation.evaluator]: Total inference time: 0:00:02.095584 (0.024947 s / iter per device, on 1 devices)
[08/15 07:11:46 d2.evaluation.evaluator]: Total inference pure compute time: 0:00:01 (0.023804 s / iter per device, on 1 devices)
[08/15 07:11:46 d2.evaluation.coco_evaluation]: Preparing results for COCO format ...
[08/15 07:11:46 d2.evaluation.coco_evaluation]: Saving results to ../../../../../models/rgb-testing/depth-5000-1/coco_instances_results.json
[08/15 07:11:46 d2.evaluation.coco_evaluation]: Evaluating predictions with official COCO API...
Loading and preparing results...
DONE (t=0.00s)
creating index...
index created!
Running per image evaluation...
Evaluate annotation type *bbox*
DONE (t=0.01s).
Accumulating evaluation results...
DONE (t=0.01s).
 Average Precision  (AP) @[ IoU=0.50:0.95 | area=   all | maxDets=100 ] = 0.435
 Average Precision  (AP) @[ IoU=0.50      | area=   all | maxDets=100 ] = 0.910
 Average Precision  (AP) @[ IoU=0.75      | area=   all | maxDets=100 ] = 0.253
 Average Precision  (AP) @[ IoU=0.50:0.95 | area= small | maxDets=100 ] = -1.000
 Average Precision  (AP) @[ IoU=0.50:0.95 | area=medium | maxDets=100 ] = 0.314
 Average Precision  (AP) @[ IoU=0.50:0.95 | area= large | maxDets=100 ] = 0.451
 Average Recall     (AR) @[ IoU=0.50:0.95 | area=   all | maxDets=  1 ] = 0.492
 Average Recall     (AR) @[ IoU=0.50:0.95 | area=   all | maxDets= 10 ] = 0.492
 Average Recall     (AR) @[ IoU=0.50:0.95 | area=   all | maxDets=100 ] = 0.492
 Average Recall     (AR) @[ IoU=0.50:0.95 | area= small | maxDets=100 ] = -1.000
 Average Recall     (AR) @[ IoU=0.50:0.95 | area=medium | maxDets=100 ] = 0.330
 Average Recall     (AR) @[ IoU=0.50:0.95 | area= large | maxDets=100 ] = 0.513
[08/15 07:11:46 d2.evaluation.coco_evaluation]: Evaluation results for bbox: 
|   AP   |  AP50  |  AP75  |  APs  |  APm   |  APl   |
|:------:|:------:|:------:|:-----:|:------:|:------:|
| 43.487 | 90.962 | 25.274 |  nan  | 31.386 | 45.126 |
[08/15 07:11:46 d2.evaluation.coco_evaluation]: Some metrics cannot be computed and is shown as NaN.
Loading and preparing results...
DONE (t=0.00s)
creating index...
index created!
Running per image evaluation...
Evaluate annotation type *segm*
DONE (t=0.02s).
Accumulating evaluation results...
DONE (t=0.01s).
 Average Precision  (AP) @[ IoU=0.50:0.95 | area=   all | maxDets=100 ] = 0.481
 Average Precision  (AP) @[ IoU=0.50      | area=   all | maxDets=100 ] = 0.899
 Average Precision  (AP) @[ IoU=0.75      | area=   all | maxDets=100 ] = 0.492
 Average Precision  (AP) @[ IoU=0.50:0.95 | area= small | maxDets=100 ] = -1.000
 Average Precision  (AP) @[ IoU=0.50:0.95 | area=medium | maxDets=100 ] = 0.315
 Average Precision  (AP) @[ IoU=0.50:0.95 | area= large | maxDets=100 ] = 0.501
 Average Recall     (AR) @[ IoU=0.50:0.95 | area=   all | maxDets=  1 ] = 0.521
 Average Recall     (AR) @[ IoU=0.50:0.95 | area=   all | maxDets= 10 ] = 0.521
 Average Recall     (AR) @[ IoU=0.50:0.95 | area=   all | maxDets=100 ] = 0.521
 Average Recall     (AR) @[ IoU=0.50:0.95 | area= small | maxDets=100 ] = -1.000
 Average Recall     (AR) @[ IoU=0.50:0.95 | area=medium | maxDets=100 ] = 0.330
 Average Recall     (AR) @[ IoU=0.50:0.95 | area= large | maxDets=100 ] = 0.546
[08/15 07:11:46 d2.evaluation.coco_evaluation]: Evaluation results for segm: 
|   AP   |  AP50  |  AP75  |  APs  |  APm   |  APl   |
|:------:|:------:|:------:|:-----:|:------:|:------:|
| 48.096 | 89.918 | 49.209 |  nan  | 31.460 | 50.122 |
[08/15 07:11:46 d2.evaluation.coco_evaluation]: Some metrics cannot be computed and is shown as NaN.
[Iter 2 AP] → mAP@[.5:.95] = 48.096
[08/15 07:11:46 d2.data.datasets.coco]: Loaded 89 images in COCO format from /projects/PUCHALLA/LLP2024/tumor-segmentation/data/processed_data/depth/test/images/test.json
[08/15 07:11:46 d2.data.datasets.coco]: Loaded 89 images in COCO format from /projects/PUCHALLA/LLP2024/tumor-segmentation/data/processed_data/depth/test/images/test.json
[08/15 07:11:46 d2.data.dataset_mapper]: [DatasetMapper] Augmentations used in inference: [ResizeShortestEdge(short_edge_length=(800, 800), max_size=1333, sample_style='choice')]
[08/15 07:11:46 d2.data.common]: Serializing the dataset using: <class 'detectron2.data.common._TorchSerializedList'>
[08/15 07:11:46 d2.data.common]: Serializing 89 elements to byte tensors and concatenating them all ...
[08/15 07:11:46 d2.data.common]: Serialized dataset takes 0.07 MiB
[08/15 07:11:46 d2.evaluation.evaluator]: Start inference on 89 batches
[08/15 07:11:48 d2.evaluation.evaluator]: Total inference time: 0:00:02.071192 (0.024657 s / iter per device, on 1 devices)
[08/15 07:11:48 d2.evaluation.evaluator]: Total inference pure compute time: 0:00:01 (0.023548 s / iter per device, on 1 devices)
[08/15 07:11:50 d2.utils.events]:  eta: 0:05:38  iter: 519  total_loss: 0.2964  loss_cls: 0.02754  loss_box_reg: 0.05844  loss_mask: 0.2116  loss_rpn_cls: 3.52e-06  loss_rpn_loc: 0.002827    time: 0.0758  last_time: 0.0742  data_time: 0.0025  last_data_time: 0.0020   lr: 0.00034194  max_mem: 1649M
[08/15 07:11:51 d2.utils.events]:  eta: 0:05:36  iter: 539  total_loss: 0.3087  loss_cls: 0.03269  loss_box_reg: 0.0709  loss_mask: 0.205  loss_rpn_cls: 0.0001039  loss_rpn_loc: 0.002636    time: 0.0758  last_time: 0.0784  data_time: 0.0025  last_data_time: 0.0020   lr: 0.00035319  max_mem: 1657M
[08/15 07:11:53 d2.utils.events]:  eta: 0:05:35  iter: 559  total_loss: 0.3468  loss_cls: 0.03315  loss_box_reg: 0.07613  loss_mask: 0.2363  loss_rpn_cls: 4.152e-05  loss_rpn_loc: 0.003875    time: 0.0758  last_time: 0.0795  data_time: 0.0023  last_data_time: 0.0029   lr: 0.00036444  max_mem: 1657M
[08/15 07:11:55 d2.utils.events]:  eta: 0:05:33  iter: 579  total_loss: 0.3157  loss_cls: 0.03533  loss_box_reg: 0.07225  loss_mask: 0.2166  loss_rpn_cls: 2.98e-05  loss_rpn_loc: 0.003435    time: 0.0761  last_time: 0.0732  data_time: 0.0027  last_data_time: 0.0021   lr: 0.00037569  max_mem: 1657M
[08/15 07:11:56 d2.utils.events]:  eta: 0:05:32  iter: 599  total_loss: 0.325  loss_cls: 0.02855  loss_box_reg: 0.06858  loss_mask: 0.2274  loss_rpn_cls: 8.842e-05  loss_rpn_loc: 0.003186    time: 0.0760  last_time: 0.0772  data_time: 0.0024  last_data_time: 0.0020   lr: 0.00038694  max_mem: 1657M
[08/15 07:11:56 d2.evaluation.coco_evaluation]: Fast COCO eval is not built. Falling back to official COCO eval.
[08/15 07:11:56 d2.data.datasets.coco]: Loaded 89 images in COCO format from /projects/PUCHALLA/LLP2024/tumor-segmentation/data/processed_data/depth/test/images/test.json
[08/15 07:11:56 d2.data.dataset_mapper]: [DatasetMapper] Augmentations used in inference: [ResizeShortestEdge(short_edge_length=(800, 800), max_size=1333, sample_style='choice')]
[08/15 07:11:56 d2.data.common]: Serializing the dataset using: <class 'detectron2.data.common._TorchSerializedList'>
[08/15 07:11:56 d2.data.common]: Serializing 89 elements to byte tensors and concatenating them all ...
[08/15 07:11:56 d2.data.common]: Serialized dataset takes 0.07 MiB
[08/15 07:11:56 d2.evaluation.evaluator]: Start inference on 89 batches
[08/15 07:11:56 d2.evaluation.evaluator]: Inference done 11/89. Dataloading: 0.0004 s/iter. Inference: 0.0233 s/iter. Eval: 0.0003 s/iter. Total: 0.0240 s/iter. ETA=0:00:01
[08/15 07:11:58 d2.evaluation.evaluator]: Total inference time: 0:00:02.047320 (0.024373 s / iter per device, on 1 devices)
[08/15 07:11:58 d2.evaluation.evaluator]: Total inference pure compute time: 0:00:01 (0.023233 s / iter per device, on 1 devices)
[08/15 07:11:58 d2.evaluation.coco_evaluation]: Preparing results for COCO format ...
[08/15 07:11:58 d2.evaluation.coco_evaluation]: Saving results to ../../../../../models/rgb-testing/depth-5000-1/coco_instances_results.json
[08/15 07:11:58 d2.evaluation.coco_evaluation]: Evaluating predictions with official COCO API...
Loading and preparing results...
DONE (t=0.00s)
creating index...
index created!
Running per image evaluation...
Evaluate annotation type *bbox*
DONE (t=0.01s).
Accumulating evaluation results...
DONE (t=0.01s).
 Average Precision  (AP) @[ IoU=0.50:0.95 | area=   all | maxDets=100 ] = 0.418
 Average Precision  (AP) @[ IoU=0.50      | area=   all | maxDets=100 ] = 0.920
 Average Precision  (AP) @[ IoU=0.75      | area=   all | maxDets=100 ] = 0.246
 Average Precision  (AP) @[ IoU=0.50:0.95 | area= small | maxDets=100 ] = -1.000
 Average Precision  (AP) @[ IoU=0.50:0.95 | area=medium | maxDets=100 ] = 0.287
 Average Precision  (AP) @[ IoU=0.50:0.95 | area= large | maxDets=100 ] = 0.436
 Average Recall     (AR) @[ IoU=0.50:0.95 | area=   all | maxDets=  1 ] = 0.471
 Average Recall     (AR) @[ IoU=0.50:0.95 | area=   all | maxDets= 10 ] = 0.471
 Average Recall     (AR) @[ IoU=0.50:0.95 | area=   all | maxDets=100 ] = 0.471
 Average Recall     (AR) @[ IoU=0.50:0.95 | area= small | maxDets=100 ] = -1.000
 Average Recall     (AR) @[ IoU=0.50:0.95 | area=medium | maxDets=100 ] = 0.290
 Average Recall     (AR) @[ IoU=0.50:0.95 | area= large | maxDets=100 ] = 0.494
[08/15 07:11:58 d2.evaluation.coco_evaluation]: Evaluation results for bbox: 
|   AP   |  AP50  |  AP75  |  APs  |  APm   |  APl   |
|:------:|:------:|:------:|:-----:|:------:|:------:|
| 41.787 | 91.993 | 24.597 |  nan  | 28.693 | 43.562 |
[08/15 07:11:58 d2.evaluation.coco_evaluation]: Some metrics cannot be computed and is shown as NaN.
Loading and preparing results...
DONE (t=0.00s)
creating index...
index created!
Running per image evaluation...
Evaluate annotation type *segm*
DONE (t=0.02s).
Accumulating evaluation results...
DONE (t=0.01s).
 Average Precision  (AP) @[ IoU=0.50:0.95 | area=   all | maxDets=100 ] = 0.480
 Average Precision  (AP) @[ IoU=0.50      | area=   all | maxDets=100 ] = 0.909
 Average Precision  (AP) @[ IoU=0.75      | area=   all | maxDets=100 ] = 0.399
 Average Precision  (AP) @[ IoU=0.50:0.95 | area= small | maxDets=100 ] = -1.000
 Average Precision  (AP) @[ IoU=0.50:0.95 | area=medium | maxDets=100 ] = 0.294
 Average Precision  (AP) @[ IoU=0.50:0.95 | area= large | maxDets=100 ] = 0.500
 Average Recall     (AR) @[ IoU=0.50:0.95 | area=   all | maxDets=  1 ] = 0.518
 Average Recall     (AR) @[ IoU=0.50:0.95 | area=   all | maxDets= 10 ] = 0.518
 Average Recall     (AR) @[ IoU=0.50:0.95 | area=   all | maxDets=100 ] = 0.518
 Average Recall     (AR) @[ IoU=0.50:0.95 | area= small | maxDets=100 ] = -1.000
 Average Recall     (AR) @[ IoU=0.50:0.95 | area=medium | maxDets=100 ] = 0.330
 Average Recall     (AR) @[ IoU=0.50:0.95 | area= large | maxDets=100 ] = 0.542
[08/15 07:11:58 d2.evaluation.coco_evaluation]: Evaluation results for segm: 
|   AP   |  AP50  |  AP75  |  APs  |  APm   |  APl   |
|:------:|:------:|:------:|:-----:|:------:|:------:|
| 48.009 | 90.922 | 39.905 |  nan  | 29.426 | 50.018 |
[08/15 07:11:58 d2.evaluation.coco_evaluation]: Some metrics cannot be computed and is shown as NaN.
[Iter 2 AP] → mAP@[.5:.95] = 48.009
[08/15 07:11:58 d2.data.datasets.coco]: Loaded 89 images in COCO format from /projects/PUCHALLA/LLP2024/tumor-segmentation/data/processed_data/depth/test/images/test.json
[08/15 07:11:58 d2.data.datasets.coco]: Loaded 89 images in COCO format from /projects/PUCHALLA/LLP2024/tumor-segmentation/data/processed_data/depth/test/images/test.json
[08/15 07:11:58 d2.data.dataset_mapper]: [DatasetMapper] Augmentations used in inference: [ResizeShortestEdge(short_edge_length=(800, 800), max_size=1333, sample_style='choice')]
[08/15 07:11:58 d2.data.common]: Serializing the dataset using: <class 'detectron2.data.common._TorchSerializedList'>
[08/15 07:11:58 d2.data.common]: Serializing 89 elements to byte tensors and concatenating them all ...
[08/15 07:11:58 d2.data.common]: Serialized dataset takes 0.07 MiB
[08/15 07:11:58 d2.evaluation.evaluator]: Start inference on 89 batches
[08/15 07:12:01 d2.evaluation.evaluator]: Total inference time: 0:00:02.065700 (0.024592 s / iter per device, on 1 devices)
[08/15 07:12:01 d2.evaluation.evaluator]: Total inference pure compute time: 0:00:01 (0.023475 s / iter per device, on 1 devices)
[08/15 07:12:02 d2.utils.events]:  eta: 0:05:30  iter: 619  total_loss: 0.3421  loss_cls: 0.03271  loss_box_reg: 0.06877  loss_mask: 0.228  loss_rpn_cls: 2.45e-05  loss_rpn_loc: 0.002526    time: 0.0760  last_time: 0.0781  data_time: 0.0024  last_data_time: 0.0030   lr: 0.00039819  max_mem: 1680M
[08/15 07:12:04 d2.utils.events]:  eta: 0:05:29  iter: 639  total_loss: 0.3141  loss_cls: 0.03175  loss_box_reg: 0.06881  loss_mask: 0.2122  loss_rpn_cls: 3.55e-05  loss_rpn_loc: 0.003042    time: 0.0760  last_time: 0.0805  data_time: 0.0023  last_data_time: 0.0030   lr: 0.00040944  max_mem: 1680M
[08/15 07:12:05 d2.utils.events]:  eta: 0:05:27  iter: 659  total_loss: 0.3116  loss_cls: 0.03039  loss_box_reg: 0.07289  loss_mask: 0.2063  loss_rpn_cls: 8.773e-06  loss_rpn_loc: 0.003104    time: 0.0760  last_time: 0.0711  data_time: 0.0025  last_data_time: 0.0019   lr: 0.00042069  max_mem: 1680M
[08/15 07:12:07 d2.utils.events]:  eta: 0:05:26  iter: 679  total_loss: 0.3528  loss_cls: 0.03477  loss_box_reg: 0.0752  loss_mask: 0.2449  loss_rpn_cls: 1.309e-05  loss_rpn_loc: 0.002984    time: 0.0760  last_time: 0.0742  data_time: 0.0024  last_data_time: 0.0031   lr: 0.00043194  max_mem: 1680M
[08/15 07:12:08 d2.utils.events]:  eta: 0:05:24  iter: 699  total_loss: 0.3216  loss_cls: 0.02759  loss_box_reg: 0.0606  loss_mask: 0.2118  loss_rpn_cls: 1.423e-05  loss_rpn_loc: 0.002424    time: 0.0760  last_time: 0.0744  data_time: 0.0024  last_data_time: 0.0021   lr: 0.00044319  max_mem: 1680M
[08/15 07:12:08 d2.evaluation.coco_evaluation]: Fast COCO eval is not built. Falling back to official COCO eval.
[08/15 07:12:08 d2.data.datasets.coco]: Loaded 89 images in COCO format from /projects/PUCHALLA/LLP2024/tumor-segmentation/data/processed_data/depth/test/images/test.json
[08/15 07:12:08 d2.data.dataset_mapper]: [DatasetMapper] Augmentations used in inference: [ResizeShortestEdge(short_edge_length=(800, 800), max_size=1333, sample_style='choice')]
[08/15 07:12:08 d2.data.common]: Serializing the dataset using: <class 'detectron2.data.common._TorchSerializedList'>
[08/15 07:12:08 d2.data.common]: Serializing 89 elements to byte tensors and concatenating them all ...
[08/15 07:12:08 d2.data.common]: Serialized dataset takes 0.07 MiB
[08/15 07:12:08 d2.evaluation.evaluator]: Start inference on 89 batches
[08/15 07:12:09 d2.evaluation.evaluator]: Inference done 11/89. Dataloading: 0.0004 s/iter. Inference: 0.0232 s/iter. Eval: 0.0003 s/iter. Total: 0.0239 s/iter. ETA=0:00:01
[08/15 07:12:11 d2.evaluation.evaluator]: Total inference time: 0:00:02.049736 (0.024402 s / iter per device, on 1 devices)
[08/15 07:12:11 d2.evaluation.evaluator]: Total inference pure compute time: 0:00:01 (0.023277 s / iter per device, on 1 devices)
[08/15 07:12:11 d2.evaluation.coco_evaluation]: Preparing results for COCO format ...
[08/15 07:12:11 d2.evaluation.coco_evaluation]: Saving results to ../../../../../models/rgb-testing/depth-5000-1/coco_instances_results.json
[08/15 07:12:11 d2.evaluation.coco_evaluation]: Evaluating predictions with official COCO API...
Loading and preparing results...
DONE (t=0.00s)
creating index...
index created!
Running per image evaluation...
Evaluate annotation type *bbox*
DONE (t=0.01s).
Accumulating evaluation results...
DONE (t=0.01s).
 Average Precision  (AP) @[ IoU=0.50:0.95 | area=   all | maxDets=100 ] = 0.723
 Average Precision  (AP) @[ IoU=0.50      | area=   all | maxDets=100 ] = 0.953
 Average Precision  (AP) @[ IoU=0.75      | area=   all | maxDets=100 ] = 0.884
 Average Precision  (AP) @[ IoU=0.50:0.95 | area= small | maxDets=100 ] = -1.000
 Average Precision  (AP) @[ IoU=0.50:0.95 | area=medium | maxDets=100 ] = 0.510
 Average Precision  (AP) @[ IoU=0.50:0.95 | area= large | maxDets=100 ] = 0.752
 Average Recall     (AR) @[ IoU=0.50:0.95 | area=   all | maxDets=  1 ] = 0.765
 Average Recall     (AR) @[ IoU=0.50:0.95 | area=   all | maxDets= 10 ] = 0.765
 Average Recall     (AR) @[ IoU=0.50:0.95 | area=   all | maxDets=100 ] = 0.765
 Average Recall     (AR) @[ IoU=0.50:0.95 | area= small | maxDets=100 ] = -1.000
 Average Recall     (AR) @[ IoU=0.50:0.95 | area=medium | maxDets=100 ] = 0.510
 Average Recall     (AR) @[ IoU=0.50:0.95 | area= large | maxDets=100 ] = 0.797
[08/15 07:12:11 d2.evaluation.coco_evaluation]: Evaluation results for bbox: 
|   AP   |  AP50  |  AP75  |  APs  |  APm   |  APl   |
|:------:|:------:|:------:|:-----:|:------:|:------:|
| 72.287 | 95.276 | 88.442 |  nan  | 51.045 | 75.199 |
[08/15 07:12:11 d2.evaluation.coco_evaluation]: Some metrics cannot be computed and is shown as NaN.
Loading and preparing results...
DONE (t=0.00s)
creating index...
index created!
Running per image evaluation...
Evaluate annotation type *segm*
DONE (t=0.02s).
Accumulating evaluation results...
DONE (t=0.01s).
 Average Precision  (AP) @[ IoU=0.50:0.95 | area=   all | maxDets=100 ] = 0.719
 Average Precision  (AP) @[ IoU=0.50      | area=   all | maxDets=100 ] = 0.953
 Average Precision  (AP) @[ IoU=0.75      | area=   all | maxDets=100 ] = 0.913
 Average Precision  (AP) @[ IoU=0.50:0.95 | area= small | maxDets=100 ] = -1.000
 Average Precision  (AP) @[ IoU=0.50:0.95 | area=medium | maxDets=100 ] = 0.533
 Average Precision  (AP) @[ IoU=0.50:0.95 | area= large | maxDets=100 ] = 0.742
 Average Recall     (AR) @[ IoU=0.50:0.95 | area=   all | maxDets=  1 ] = 0.751
 Average Recall     (AR) @[ IoU=0.50:0.95 | area=   all | maxDets= 10 ] = 0.751
 Average Recall     (AR) @[ IoU=0.50:0.95 | area=   all | maxDets=100 ] = 0.751
 Average Recall     (AR) @[ IoU=0.50:0.95 | area= small | maxDets=100 ] = -1.000
 Average Recall     (AR) @[ IoU=0.50:0.95 | area=medium | maxDets=100 ] = 0.550
 Average Recall     (AR) @[ IoU=0.50:0.95 | area= large | maxDets=100 ] = 0.776
[08/15 07:12:11 d2.evaluation.coco_evaluation]: Evaluation results for segm: 
|   AP   |  AP50  |  AP75  |  APs  |  APm   |  APl   |
|:------:|:------:|:------:|:-----:|:------:|:------:|
| 71.948 | 95.276 | 91.289 |  nan  | 53.274 | 74.154 |
[08/15 07:12:11 d2.evaluation.coco_evaluation]: Some metrics cannot be computed and is shown as NaN.
[Iter 2 AP] → mAP@[.5:.95] = 71.948
[08/15 07:12:11 d2.data.datasets.coco]: Loaded 89 images in COCO format from /projects/PUCHALLA/LLP2024/tumor-segmentation/data/processed_data/depth/test/images/test.json
[08/15 07:12:11 d2.data.datasets.coco]: Loaded 89 images in COCO format from /projects/PUCHALLA/LLP2024/tumor-segmentation/data/processed_data/depth/test/images/test.json
[08/15 07:12:11 d2.data.dataset_mapper]: [DatasetMapper] Augmentations used in inference: [ResizeShortestEdge(short_edge_length=(800, 800), max_size=1333, sample_style='choice')]
[08/15 07:12:11 d2.data.common]: Serializing the dataset using: <class 'detectron2.data.common._TorchSerializedList'>
[08/15 07:12:11 d2.data.common]: Serializing 89 elements to byte tensors and concatenating them all ...
[08/15 07:12:11 d2.data.common]: Serialized dataset takes 0.07 MiB
[08/15 07:12:11 d2.evaluation.evaluator]: Start inference on 89 batches
[08/15 07:12:13 d2.evaluation.evaluator]: Total inference time: 0:00:02.058334 (0.024504 s / iter per device, on 1 devices)
[08/15 07:12:13 d2.evaluation.evaluator]: Total inference pure compute time: 0:00:01 (0.023373 s / iter per device, on 1 devices)
[08/15 07:12:14 d2.utils.events]:  eta: 0:05:23  iter: 719  total_loss: 0.301  loss_cls: 0.03005  loss_box_reg: 0.06562  loss_mask: 0.2045  loss_rpn_cls: 6.473e-06  loss_rpn_loc: 0.002648    time: 0.0760  last_time: 0.0718  data_time: 0.0023  last_data_time: 0.0029   lr: 0.00045444  max_mem: 1680M
[08/15 07:12:16 d2.utils.events]:  eta: 0:05:21  iter: 739  total_loss: 0.2931  loss_cls: 0.02949  loss_box_reg: 0.06915  loss_mask: 0.2046  loss_rpn_cls: 4.393e-06  loss_rpn_loc: 0.002877    time: 0.0759  last_time: 0.0758  data_time: 0.0024  last_data_time: 0.0029   lr: 0.00046569  max_mem: 1680M
[08/15 07:12:17 d2.utils.events]:  eta: 0:05:20  iter: 759  total_loss: 0.3011  loss_cls: 0.03281  loss_box_reg: 0.0675  loss_mask: 0.1975  loss_rpn_cls: 4.283e-05  loss_rpn_loc: 0.002736    time: 0.0759  last_time: 0.0753  data_time: 0.0024  last_data_time: 0.0029   lr: 0.00047694  max_mem: 1680M
[08/15 07:12:19 d2.utils.events]:  eta: 0:05:18  iter: 779  total_loss: 0.3304  loss_cls: 0.02705  loss_box_reg: 0.06612  loss_mask: 0.2368  loss_rpn_cls: 9.912e-06  loss_rpn_loc: 0.002519    time: 0.0759  last_time: 0.0745  data_time: 0.0024  last_data_time: 0.0021   lr: 0.00048819  max_mem: 1680M
[08/15 07:12:20 d2.utils.events]:  eta: 0:05:17  iter: 799  total_loss: 0.3012  loss_cls: 0.02561  loss_box_reg: 0.05385  loss_mask: 0.2084  loss_rpn_cls: 5.801e-06  loss_rpn_loc: 0.002455    time: 0.0759  last_time: 0.0756  data_time: 0.0025  last_data_time: 0.0029   lr: 0.00049944  max_mem: 1680M
[08/15 07:12:20 d2.evaluation.coco_evaluation]: Fast COCO eval is not built. Falling back to official COCO eval.
[08/15 07:12:20 d2.data.datasets.coco]: Loaded 89 images in COCO format from /projects/PUCHALLA/LLP2024/tumor-segmentation/data/processed_data/depth/test/images/test.json
[08/15 07:12:20 d2.data.dataset_mapper]: [DatasetMapper] Augmentations used in inference: [ResizeShortestEdge(short_edge_length=(800, 800), max_size=1333, sample_style='choice')]
[08/15 07:12:20 d2.data.common]: Serializing the dataset using: <class 'detectron2.data.common._TorchSerializedList'>
[08/15 07:12:20 d2.data.common]: Serializing 89 elements to byte tensors and concatenating them all ...
[08/15 07:12:20 d2.data.common]: Serialized dataset takes 0.07 MiB
[08/15 07:12:20 d2.evaluation.evaluator]: Start inference on 89 batches
[08/15 07:12:21 d2.evaluation.evaluator]: Inference done 11/89. Dataloading: 0.0004 s/iter. Inference: 0.0237 s/iter. Eval: 0.0003 s/iter. Total: 0.0245 s/iter. ETA=0:00:01
[08/15 07:12:23 d2.evaluation.evaluator]: Total inference time: 0:00:02.050711 (0.024413 s / iter per device, on 1 devices)
[08/15 07:12:23 d2.evaluation.evaluator]: Total inference pure compute time: 0:00:01 (0.023280 s / iter per device, on 1 devices)
[08/15 07:12:23 d2.evaluation.coco_evaluation]: Preparing results for COCO format ...
[08/15 07:12:23 d2.evaluation.coco_evaluation]: Saving results to ../../../../../models/rgb-testing/depth-5000-1/coco_instances_results.json
[08/15 07:12:23 d2.evaluation.coco_evaluation]: Evaluating predictions with official COCO API...
Loading and preparing results...
DONE (t=0.00s)
creating index...
index created!
Running per image evaluation...
Evaluate annotation type *bbox*
DONE (t=0.01s).
Accumulating evaluation results...
DONE (t=0.01s).
 Average Precision  (AP) @[ IoU=0.50:0.95 | area=   all | maxDets=100 ] = 0.603
 Average Precision  (AP) @[ IoU=0.50      | area=   all | maxDets=100 ] = 0.942
 Average Precision  (AP) @[ IoU=0.75      | area=   all | maxDets=100 ] = 0.762
 Average Precision  (AP) @[ IoU=0.50:0.95 | area= small | maxDets=100 ] = -1.000
 Average Precision  (AP) @[ IoU=0.50:0.95 | area=medium | maxDets=100 ] = 0.394
 Average Precision  (AP) @[ IoU=0.50:0.95 | area= large | maxDets=100 ] = 0.628
 Average Recall     (AR) @[ IoU=0.50:0.95 | area=   all | maxDets=  1 ] = 0.661
 Average Recall     (AR) @[ IoU=0.50:0.95 | area=   all | maxDets= 10 ] = 0.661
 Average Recall     (AR) @[ IoU=0.50:0.95 | area=   all | maxDets=100 ] = 0.661
 Average Recall     (AR) @[ IoU=0.50:0.95 | area= small | maxDets=100 ] = -1.000
 Average Recall     (AR) @[ IoU=0.50:0.95 | area=medium | maxDets=100 ] = 0.430
 Average Recall     (AR) @[ IoU=0.50:0.95 | area= large | maxDets=100 ] = 0.690
[08/15 07:12:23 d2.evaluation.coco_evaluation]: Evaluation results for bbox: 
|   AP   |  AP50  |  AP75  |  APs  |  APm   |  APl   |
|:------:|:------:|:------:|:-----:|:------:|:------:|
| 60.317 | 94.223 | 76.155 |  nan  | 39.389 | 62.804 |
[08/15 07:12:23 d2.evaluation.coco_evaluation]: Some metrics cannot be computed and is shown as NaN.
Loading and preparing results...
DONE (t=0.00s)
creating index...
index created!
Running per image evaluation...
Evaluate annotation type *segm*
DONE (t=0.02s).
Accumulating evaluation results...
DONE (t=0.01s).
 Average Precision  (AP) @[ IoU=0.50:0.95 | area=   all | maxDets=100 ] = 0.630
 Average Precision  (AP) @[ IoU=0.50      | area=   all | maxDets=100 ] = 0.942
 Average Precision  (AP) @[ IoU=0.75      | area=   all | maxDets=100 ] = 0.839
 Average Precision  (AP) @[ IoU=0.50:0.95 | area= small | maxDets=100 ] = -1.000
 Average Precision  (AP) @[ IoU=0.50:0.95 | area=medium | maxDets=100 ] = 0.475
 Average Precision  (AP) @[ IoU=0.50:0.95 | area= large | maxDets=100 ] = 0.649
 Average Recall     (AR) @[ IoU=0.50:0.95 | area=   all | maxDets=  1 ] = 0.676
 Average Recall     (AR) @[ IoU=0.50:0.95 | area=   all | maxDets= 10 ] = 0.676
 Average Recall     (AR) @[ IoU=0.50:0.95 | area=   all | maxDets=100 ] = 0.676
 Average Recall     (AR) @[ IoU=0.50:0.95 | area= small | maxDets=100 ] = -1.000
 Average Recall     (AR) @[ IoU=0.50:0.95 | area=medium | maxDets=100 ] = 0.510
 Average Recall     (AR) @[ IoU=0.50:0.95 | area= large | maxDets=100 ] = 0.697
[08/15 07:12:23 d2.evaluation.coco_evaluation]: Evaluation results for segm: 
|   AP   |  AP50  |  AP75  |  APs  |  APm   |  APl   |
|:------:|:------:|:------:|:-----:|:------:|:------:|
| 63.028 | 94.223 | 83.908 |  nan  | 47.465 | 64.896 |
[08/15 07:12:23 d2.evaluation.coco_evaluation]: Some metrics cannot be computed and is shown as NaN.
[Iter 2 AP] → mAP@[.5:.95] = 63.028
[08/15 07:12:23 d2.data.datasets.coco]: Loaded 89 images in COCO format from /projects/PUCHALLA/LLP2024/tumor-segmentation/data/processed_data/depth/test/images/test.json
[08/15 07:12:23 d2.data.datasets.coco]: Loaded 89 images in COCO format from /projects/PUCHALLA/LLP2024/tumor-segmentation/data/processed_data/depth/test/images/test.json
[08/15 07:12:23 d2.data.dataset_mapper]: [DatasetMapper] Augmentations used in inference: [ResizeShortestEdge(short_edge_length=(800, 800), max_size=1333, sample_style='choice')]
[08/15 07:12:23 d2.data.common]: Serializing the dataset using: <class 'detectron2.data.common._TorchSerializedList'>
[08/15 07:12:23 d2.data.common]: Serializing 89 elements to byte tensors and concatenating them all ...
[08/15 07:12:23 d2.data.common]: Serialized dataset takes 0.07 MiB
[08/15 07:12:23 d2.evaluation.evaluator]: Start inference on 89 batches
[08/15 07:12:25 d2.evaluation.evaluator]: Total inference time: 0:00:02.020065 (0.024048 s / iter per device, on 1 devices)
[08/15 07:12:25 d2.evaluation.evaluator]: Total inference pure compute time: 0:00:01 (0.022920 s / iter per device, on 1 devices)
[08/15 07:12:26 d2.utils.events]:  eta: 0:05:15  iter: 819  total_loss: 0.2981  loss_cls: 0.03151  loss_box_reg: 0.06497  loss_mask: 0.1943  loss_rpn_cls: 7.261e-06  loss_rpn_loc: 0.002547    time: 0.0760  last_time: 0.0713  data_time: 0.0025  last_data_time: 0.0019   lr: 0.0005  max_mem: 1680M
[08/15 07:12:28 d2.utils.events]:  eta: 0:05:14  iter: 839  total_loss: 0.2871  loss_cls: 0.02714  loss_box_reg: 0.0576  loss_mask: 0.2054  loss_rpn_cls: 1.051e-05  loss_rpn_loc: 0.002354    time: 0.0759  last_time: 0.0785  data_time: 0.0023  last_data_time: 0.0029   lr: 0.0005  max_mem: 1680M
[08/15 07:12:29 d2.utils.events]:  eta: 0:05:12  iter: 859  total_loss: 0.3087  loss_cls: 0.03142  loss_box_reg: 0.06305  loss_mask: 0.1983  loss_rpn_cls: 5.436e-06  loss_rpn_loc: 0.002379    time: 0.0759  last_time: 0.0812  data_time: 0.0022  last_data_time: 0.0020   lr: 0.0005  max_mem: 1680M
[08/15 07:12:31 d2.utils.events]:  eta: 0:05:11  iter: 879  total_loss: 0.3275  loss_cls: 0.03228  loss_box_reg: 0.07163  loss_mask: 0.2137  loss_rpn_cls: 3.958e-05  loss_rpn_loc: 0.003097    time: 0.0759  last_time: 0.0737  data_time: 0.0023  last_data_time: 0.0020   lr: 0.0005  max_mem: 1680M
[08/15 07:12:32 d2.utils.events]:  eta: 0:05:09  iter: 899  total_loss: 0.2978  loss_cls: 0.03122  loss_box_reg: 0.06237  loss_mask: 0.1941  loss_rpn_cls: 2.669e-06  loss_rpn_loc: 0.00319    time: 0.0759  last_time: 0.0790  data_time: 0.0021  last_data_time: 0.0020   lr: 0.0005  max_mem: 1680M
[08/15 07:12:33 d2.evaluation.coco_evaluation]: Fast COCO eval is not built. Falling back to official COCO eval.
[08/15 07:12:33 d2.data.datasets.coco]: Loaded 89 images in COCO format from /projects/PUCHALLA/LLP2024/tumor-segmentation/data/processed_data/depth/test/images/test.json
[08/15 07:12:33 d2.data.dataset_mapper]: [DatasetMapper] Augmentations used in inference: [ResizeShortestEdge(short_edge_length=(800, 800), max_size=1333, sample_style='choice')]
[08/15 07:12:33 d2.data.common]: Serializing the dataset using: <class 'detectron2.data.common._TorchSerializedList'>
[08/15 07:12:33 d2.data.common]: Serializing 89 elements to byte tensors and concatenating them all ...
[08/15 07:12:33 d2.data.common]: Serialized dataset takes 0.07 MiB
[08/15 07:12:33 d2.evaluation.evaluator]: Start inference on 89 batches
[08/15 07:12:33 d2.evaluation.evaluator]: Inference done 11/89. Dataloading: 0.0004 s/iter. Inference: 0.0232 s/iter. Eval: 0.0003 s/iter. Total: 0.0239 s/iter. ETA=0:00:01
[08/15 07:12:35 d2.evaluation.evaluator]: Total inference time: 0:00:02.039518 (0.024280 s / iter per device, on 1 devices)
[08/15 07:12:35 d2.evaluation.evaluator]: Total inference pure compute time: 0:00:01 (0.023157 s / iter per device, on 1 devices)
[08/15 07:12:35 d2.evaluation.coco_evaluation]: Preparing results for COCO format ...
[08/15 07:12:35 d2.evaluation.coco_evaluation]: Saving results to ../../../../../models/rgb-testing/depth-5000-1/coco_instances_results.json
[08/15 07:12:35 d2.evaluation.coco_evaluation]: Evaluating predictions with official COCO API...
Loading and preparing results...
DONE (t=0.00s)
creating index...
index created!
Running per image evaluation...
Evaluate annotation type *bbox*
DONE (t=0.01s).
Accumulating evaluation results...
DONE (t=0.01s).
 Average Precision  (AP) @[ IoU=0.50:0.95 | area=   all | maxDets=100 ] = 0.651
 Average Precision  (AP) @[ IoU=0.50      | area=   all | maxDets=100 ] = 0.940
 Average Precision  (AP) @[ IoU=0.75      | area=   all | maxDets=100 ] = 0.811
 Average Precision  (AP) @[ IoU=0.50:0.95 | area= small | maxDets=100 ] = -1.000
 Average Precision  (AP) @[ IoU=0.50:0.95 | area=medium | maxDets=100 ] = 0.440
 Average Precision  (AP) @[ IoU=0.50:0.95 | area= large | maxDets=100 ] = 0.680
 Average Recall     (AR) @[ IoU=0.50:0.95 | area=   all | maxDets=  1 ] = 0.699
 Average Recall     (AR) @[ IoU=0.50:0.95 | area=   all | maxDets= 10 ] = 0.699
 Average Recall     (AR) @[ IoU=0.50:0.95 | area=   all | maxDets=100 ] = 0.699
 Average Recall     (AR) @[ IoU=0.50:0.95 | area= small | maxDets=100 ] = -1.000
 Average Recall     (AR) @[ IoU=0.50:0.95 | area=medium | maxDets=100 ] = 0.440
 Average Recall     (AR) @[ IoU=0.50:0.95 | area= large | maxDets=100 ] = 0.732
[08/15 07:12:35 d2.evaluation.coco_evaluation]: Evaluation results for bbox: 
|   AP   |  AP50  |  AP75  |  APs  |  APm   |  APl   |
|:------:|:------:|:------:|:-----:|:------:|:------:|
| 65.145 | 94.009 | 81.108 |  nan  | 44.037 | 67.978 |
[08/15 07:12:35 d2.evaluation.coco_evaluation]: Some metrics cannot be computed and is shown as NaN.
Loading and preparing results...
DONE (t=0.00s)
creating index...
index created!
Running per image evaluation...
Evaluate annotation type *segm*
DONE (t=0.02s).
Accumulating evaluation results...
DONE (t=0.01s).
 Average Precision  (AP) @[ IoU=0.50:0.95 | area=   all | maxDets=100 ] = 0.666
 Average Precision  (AP) @[ IoU=0.50      | area=   all | maxDets=100 ] = 0.940
 Average Precision  (AP) @[ IoU=0.75      | area=   all | maxDets=100 ] = 0.844
 Average Precision  (AP) @[ IoU=0.50:0.95 | area= small | maxDets=100 ] = -1.000
 Average Precision  (AP) @[ IoU=0.50:0.95 | area=medium | maxDets=100 ] = 0.500
 Average Precision  (AP) @[ IoU=0.50:0.95 | area= large | maxDets=100 ] = 0.687
 Average Recall     (AR) @[ IoU=0.50:0.95 | area=   all | maxDets=  1 ] = 0.697
 Average Recall     (AR) @[ IoU=0.50:0.95 | area=   all | maxDets= 10 ] = 0.697
 Average Recall     (AR) @[ IoU=0.50:0.95 | area=   all | maxDets=100 ] = 0.697
 Average Recall     (AR) @[ IoU=0.50:0.95 | area= small | maxDets=100 ] = -1.000
 Average Recall     (AR) @[ IoU=0.50:0.95 | area=medium | maxDets=100 ] = 0.510
 Average Recall     (AR) @[ IoU=0.50:0.95 | area= large | maxDets=100 ] = 0.720
[08/15 07:12:35 d2.evaluation.coco_evaluation]: Evaluation results for segm: 
|   AP   |  AP50  |  AP75  |  APs  |  APm   |  APl   |
|:------:|:------:|:------:|:-----:|:------:|:------:|
| 66.570 | 94.009 | 84.409 |  nan  | 49.970 | 68.685 |
[08/15 07:12:35 d2.evaluation.coco_evaluation]: Some metrics cannot be computed and is shown as NaN.
[Iter 2 AP] → mAP@[.5:.95] = 66.570
[08/15 07:12:35 d2.data.datasets.coco]: Loaded 89 images in COCO format from /projects/PUCHALLA/LLP2024/tumor-segmentation/data/processed_data/depth/test/images/test.json
[08/15 07:12:35 d2.data.datasets.coco]: Loaded 89 images in COCO format from /projects/PUCHALLA/LLP2024/tumor-segmentation/data/processed_data/depth/test/images/test.json
[08/15 07:12:35 d2.data.dataset_mapper]: [DatasetMapper] Augmentations used in inference: [ResizeShortestEdge(short_edge_length=(800, 800), max_size=1333, sample_style='choice')]
[08/15 07:12:35 d2.data.common]: Serializing the dataset using: <class 'detectron2.data.common._TorchSerializedList'>
[08/15 07:12:35 d2.data.common]: Serializing 89 elements to byte tensors and concatenating them all ...
[08/15 07:12:35 d2.data.common]: Serialized dataset takes 0.07 MiB
[08/15 07:12:35 d2.evaluation.evaluator]: Start inference on 89 batches
[08/15 07:12:37 d2.evaluation.evaluator]: Total inference time: 0:00:02.050812 (0.024414 s / iter per device, on 1 devices)
[08/15 07:12:37 d2.evaluation.evaluator]: Total inference pure compute time: 0:00:01 (0.023297 s / iter per device, on 1 devices)
[08/15 07:12:38 d2.utils.events]:  eta: 0:05:07  iter: 919  total_loss: 0.2676  loss_cls: 0.02719  loss_box_reg: 0.05885  loss_mask: 0.1831  loss_rpn_cls: 2.865e-06  loss_rpn_loc: 0.002638    time: 0.0758  last_time: 0.0761  data_time: 0.0024  last_data_time: 0.0030   lr: 0.0005  max_mem: 1680M
[08/15 07:12:40 d2.utils.events]:  eta: 0:05:06  iter: 939  total_loss: 0.2634  loss_cls: 0.03093  loss_box_reg: 0.06328  loss_mask: 0.1655  loss_rpn_cls: 3.518e-05  loss_rpn_loc: 0.002981    time: 0.0758  last_time: 0.0751  data_time: 0.0026  last_data_time: 0.0020   lr: 0.0005  max_mem: 1680M
[08/15 07:12:42 d2.utils.events]:  eta: 0:05:04  iter: 959  total_loss: 0.2739  loss_cls: 0.02582  loss_box_reg: 0.0593  loss_mask: 0.1854  loss_rpn_cls: 4.83e-05  loss_rpn_loc: 0.002457    time: 0.0758  last_time: 0.0792  data_time: 0.0023  last_data_time: 0.0020   lr: 0.0005  max_mem: 1680M
[08/15 07:12:43 d2.utils.events]:  eta: 0:05:03  iter: 979  total_loss: 0.2997  loss_cls: 0.02843  loss_box_reg: 0.0683  loss_mask: 0.1913  loss_rpn_cls: 1.166e-05  loss_rpn_loc: 0.0032    time: 0.0758  last_time: 0.0803  data_time: 0.0022  last_data_time: 0.0020   lr: 0.0005  max_mem: 1680M
[08/15 07:12:45 d2.utils.events]:  eta: 0:05:01  iter: 999  total_loss: 0.2681  loss_cls: 0.02921  loss_box_reg: 0.06425  loss_mask: 0.1675  loss_rpn_cls: 1.587e-05  loss_rpn_loc: 0.00312    time: 0.0758  last_time: 0.0772  data_time: 0.0027  last_data_time: 0.0029   lr: 0.0005  max_mem: 1680M
[08/15 07:12:45 d2.evaluation.coco_evaluation]: Fast COCO eval is not built. Falling back to official COCO eval.
[08/15 07:12:45 d2.data.datasets.coco]: Loaded 89 images in COCO format from /projects/PUCHALLA/LLP2024/tumor-segmentation/data/processed_data/depth/test/images/test.json
[08/15 07:12:45 d2.data.dataset_mapper]: [DatasetMapper] Augmentations used in inference: [ResizeShortestEdge(short_edge_length=(800, 800), max_size=1333, sample_style='choice')]
[08/15 07:12:45 d2.data.common]: Serializing the dataset using: <class 'detectron2.data.common._TorchSerializedList'>
[08/15 07:12:45 d2.data.common]: Serializing 89 elements to byte tensors and concatenating them all ...
[08/15 07:12:45 d2.data.common]: Serialized dataset takes 0.07 MiB
[08/15 07:12:45 d2.evaluation.evaluator]: Start inference on 89 batches
[08/15 07:12:45 d2.evaluation.evaluator]: Inference done 11/89. Dataloading: 0.0004 s/iter. Inference: 0.0230 s/iter. Eval: 0.0003 s/iter. Total: 0.0237 s/iter. ETA=0:00:01
[08/15 07:12:47 d2.evaluation.evaluator]: Total inference time: 0:00:02.043848 (0.024332 s / iter per device, on 1 devices)
[08/15 07:12:47 d2.evaluation.evaluator]: Total inference pure compute time: 0:00:01 (0.023194 s / iter per device, on 1 devices)
[08/15 07:12:47 d2.evaluation.coco_evaluation]: Preparing results for COCO format ...
[08/15 07:12:47 d2.evaluation.coco_evaluation]: Saving results to ../../../../../models/rgb-testing/depth-5000-1/coco_instances_results.json
[08/15 07:12:47 d2.evaluation.coco_evaluation]: Evaluating predictions with official COCO API...
Loading and preparing results...
DONE (t=0.00s)
creating index...
index created!
Running per image evaluation...
Evaluate annotation type *bbox*
DONE (t=0.02s).
Accumulating evaluation results...
DONE (t=0.01s).
 Average Precision  (AP) @[ IoU=0.50:0.95 | area=   all | maxDets=100 ] = 0.702
 Average Precision  (AP) @[ IoU=0.50      | area=   all | maxDets=100 ] = 0.959
 Average Precision  (AP) @[ IoU=0.75      | area=   all | maxDets=100 ] = 0.869
 Average Precision  (AP) @[ IoU=0.50:0.95 | area= small | maxDets=100 ] = -1.000
 Average Precision  (AP) @[ IoU=0.50:0.95 | area=medium | maxDets=100 ] = 0.559
 Average Precision  (AP) @[ IoU=0.50:0.95 | area= large | maxDets=100 ] = 0.725
 Average Recall     (AR) @[ IoU=0.50:0.95 | area=   all | maxDets=  1 ] = 0.751
 Average Recall     (AR) @[ IoU=0.50:0.95 | area=   all | maxDets= 10 ] = 0.756
 Average Recall     (AR) @[ IoU=0.50:0.95 | area=   all | maxDets=100 ] = 0.756
 Average Recall     (AR) @[ IoU=0.50:0.95 | area= small | maxDets=100 ] = -1.000
 Average Recall     (AR) @[ IoU=0.50:0.95 | area=medium | maxDets=100 ] = 0.560
 Average Recall     (AR) @[ IoU=0.50:0.95 | area= large | maxDets=100 ] = 0.781
[08/15 07:12:47 d2.evaluation.coco_evaluation]: Evaluation results for bbox: 
|   AP   |  AP50  |  AP75  |  APs  |  APm   |  APl   |
|:------:|:------:|:------:|:-----:|:------:|:------:|
| 70.212 | 95.922 | 86.908 |  nan  | 55.941 | 72.490 |
[08/15 07:12:47 d2.evaluation.coco_evaluation]: Some metrics cannot be computed and is shown as NaN.
Loading and preparing results...
DONE (t=0.00s)
creating index...
index created!
Running per image evaluation...
Evaluate annotation type *segm*
DONE (t=0.02s).
Accumulating evaluation results...
DONE (t=0.01s).
 Average Precision  (AP) @[ IoU=0.50:0.95 | area=   all | maxDets=100 ] = 0.668
 Average Precision  (AP) @[ IoU=0.50      | area=   all | maxDets=100 ] = 0.949
 Average Precision  (AP) @[ IoU=0.75      | area=   all | maxDets=100 ] = 0.862
 Average Precision  (AP) @[ IoU=0.50:0.95 | area= small | maxDets=100 ] = -1.000
 Average Precision  (AP) @[ IoU=0.50:0.95 | area=medium | maxDets=100 ] = 0.579
 Average Precision  (AP) @[ IoU=0.50:0.95 | area= large | maxDets=100 ] = 0.683
 Average Recall     (AR) @[ IoU=0.50:0.95 | area=   all | maxDets=  1 ] = 0.709
 Average Recall     (AR) @[ IoU=0.50:0.95 | area=   all | maxDets= 10 ] = 0.715
 Average Recall     (AR) @[ IoU=0.50:0.95 | area=   all | maxDets=100 ] = 0.715
 Average Recall     (AR) @[ IoU=0.50:0.95 | area= small | maxDets=100 ] = -1.000
 Average Recall     (AR) @[ IoU=0.50:0.95 | area=medium | maxDets=100 ] = 0.600
 Average Recall     (AR) @[ IoU=0.50:0.95 | area= large | maxDets=100 ] = 0.729
[08/15 07:12:47 d2.evaluation.coco_evaluation]: Evaluation results for segm: 
|   AP   |  AP50  |  AP75  |  APs  |  APm   |  APl   |
|:------:|:------:|:------:|:-----:|:------:|:------:|
| 66.769 | 94.939 | 86.178 |  nan  | 57.874 | 68.275 |
[08/15 07:12:47 d2.evaluation.coco_evaluation]: Some metrics cannot be computed and is shown as NaN.
[Iter 2 AP] → mAP@[.5:.95] = 66.769
[08/15 07:12:47 d2.data.datasets.coco]: Loaded 89 images in COCO format from /projects/PUCHALLA/LLP2024/tumor-segmentation/data/processed_data/depth/test/images/test.json
[08/15 07:12:47 d2.data.datasets.coco]: Loaded 89 images in COCO format from /projects/PUCHALLA/LLP2024/tumor-segmentation/data/processed_data/depth/test/images/test.json
[08/15 07:12:47 d2.data.dataset_mapper]: [DatasetMapper] Augmentations used in inference: [ResizeShortestEdge(short_edge_length=(800, 800), max_size=1333, sample_style='choice')]
[08/15 07:12:47 d2.data.common]: Serializing the dataset using: <class 'detectron2.data.common._TorchSerializedList'>
[08/15 07:12:47 d2.data.common]: Serializing 89 elements to byte tensors and concatenating them all ...
[08/15 07:12:47 d2.data.common]: Serialized dataset takes 0.07 MiB
[08/15 07:12:47 d2.evaluation.evaluator]: Start inference on 89 batches
[08/15 07:12:49 d2.evaluation.evaluator]: Total inference time: 0:00:02.031298 (0.024182 s / iter per device, on 1 devices)
[08/15 07:12:49 d2.evaluation.evaluator]: Total inference pure compute time: 0:00:01 (0.023051 s / iter per device, on 1 devices)
[08/15 07:12:51 d2.utils.events]:  eta: 0:05:00  iter: 1019  total_loss: 0.2819  loss_cls: 0.03164  loss_box_reg: 0.06082  loss_mask: 0.1912  loss_rpn_cls: 1.929e-05  loss_rpn_loc: 0.002611    time: 0.0758  last_time: 0.0749  data_time: 0.0023  last_data_time: 0.0019   lr: 0.0005  max_mem: 1680M
[08/15 07:12:52 d2.utils.events]:  eta: 0:04:58  iter: 1039  total_loss: 0.2744  loss_cls: 0.03317  loss_box_reg: 0.07082  loss_mask: 0.1681  loss_rpn_cls: 8.602e-06  loss_rpn_loc: 0.002716    time: 0.0759  last_time: 0.0684  data_time: 0.0021  last_data_time: 0.0029   lr: 0.0005  max_mem: 1680M
[08/15 07:12:54 d2.utils.events]:  eta: 0:04:57  iter: 1059  total_loss: 0.2546  loss_cls: 0.02997  loss_box_reg: 0.05323  loss_mask: 0.1607  loss_rpn_cls: 9.684e-06  loss_rpn_loc: 0.002128    time: 0.0759  last_time: 0.0718  data_time: 0.0024  last_data_time: 0.0020   lr: 0.0005  max_mem: 1680M
[08/15 07:12:55 d2.utils.events]:  eta: 0:04:56  iter: 1079  total_loss: 0.2475  loss_cls: 0.02803  loss_box_reg: 0.06115  loss_mask: 0.1659  loss_rpn_cls: 7.154e-05  loss_rpn_loc: 0.002514    time: 0.0759  last_time: 0.0716  data_time: 0.0024  last_data_time: 0.0020   lr: 0.0005  max_mem: 1680M
[08/15 07:12:57 d2.utils.events]:  eta: 0:04:54  iter: 1099  total_loss: 0.2584  loss_cls: 0.02749  loss_box_reg: 0.06403  loss_mask: 0.1575  loss_rpn_cls: 3.731e-07  loss_rpn_loc: 0.002486    time: 0.0759  last_time: 0.0755  data_time: 0.0020  last_data_time: 0.0020   lr: 0.0005  max_mem: 1680M
[08/15 07:12:57 d2.evaluation.coco_evaluation]: Fast COCO eval is not built. Falling back to official COCO eval.
[08/15 07:12:57 d2.data.datasets.coco]: Loaded 89 images in COCO format from /projects/PUCHALLA/LLP2024/tumor-segmentation/data/processed_data/depth/test/images/test.json
[08/15 07:12:57 d2.data.dataset_mapper]: [DatasetMapper] Augmentations used in inference: [ResizeShortestEdge(short_edge_length=(800, 800), max_size=1333, sample_style='choice')]
[08/15 07:12:57 d2.data.common]: Serializing the dataset using: <class 'detectron2.data.common._TorchSerializedList'>
[08/15 07:12:57 d2.data.common]: Serializing 89 elements to byte tensors and concatenating them all ...
[08/15 07:12:57 d2.data.common]: Serialized dataset takes 0.07 MiB
[08/15 07:12:57 d2.evaluation.evaluator]: Start inference on 89 batches
[08/15 07:12:57 d2.evaluation.evaluator]: Inference done 11/89. Dataloading: 0.0004 s/iter. Inference: 0.0233 s/iter. Eval: 0.0003 s/iter. Total: 0.0240 s/iter. ETA=0:00:01
[08/15 07:12:59 d2.evaluation.evaluator]: Total inference time: 0:00:02.038794 (0.024271 s / iter per device, on 1 devices)
[08/15 07:12:59 d2.evaluation.evaluator]: Total inference pure compute time: 0:00:01 (0.023143 s / iter per device, on 1 devices)
[08/15 07:12:59 d2.evaluation.coco_evaluation]: Preparing results for COCO format ...
[08/15 07:12:59 d2.evaluation.coco_evaluation]: Saving results to ../../../../../models/rgb-testing/depth-5000-1/coco_instances_results.json
[08/15 07:12:59 d2.evaluation.coco_evaluation]: Evaluating predictions with official COCO API...
Loading and preparing results...
DONE (t=0.00s)
creating index...
index created!
Running per image evaluation...
Evaluate annotation type *bbox*
DONE (t=0.01s).
Accumulating evaluation results...
DONE (t=0.01s).
 Average Precision  (AP) @[ IoU=0.50:0.95 | area=   all | maxDets=100 ] = 0.704
 Average Precision  (AP) @[ IoU=0.50      | area=   all | maxDets=100 ] = 0.941
 Average Precision  (AP) @[ IoU=0.75      | area=   all | maxDets=100 ] = 0.866
 Average Precision  (AP) @[ IoU=0.50:0.95 | area= small | maxDets=100 ] = -1.000
 Average Precision  (AP) @[ IoU=0.50:0.95 | area=medium | maxDets=100 ] = 0.521
 Average Precision  (AP) @[ IoU=0.50:0.95 | area= large | maxDets=100 ] = 0.729
 Average Recall     (AR) @[ IoU=0.50:0.95 | area=   all | maxDets=  1 ] = 0.749
 Average Recall     (AR) @[ IoU=0.50:0.95 | area=   all | maxDets= 10 ] = 0.749
 Average Recall     (AR) @[ IoU=0.50:0.95 | area=   all | maxDets=100 ] = 0.749
 Average Recall     (AR) @[ IoU=0.50:0.95 | area= small | maxDets=100 ] = -1.000
 Average Recall     (AR) @[ IoU=0.50:0.95 | area=medium | maxDets=100 ] = 0.530
 Average Recall     (AR) @[ IoU=0.50:0.95 | area= large | maxDets=100 ] = 0.777
[08/15 07:12:59 d2.evaluation.coco_evaluation]: Evaluation results for bbox: 
|   AP   |  AP50  |  AP75  |  APs  |  APm   |  APl   |
|:------:|:------:|:------:|:-----:|:------:|:------:|
| 70.395 | 94.066 | 86.639 |  nan  | 52.092 | 72.918 |
[08/15 07:12:59 d2.evaluation.coco_evaluation]: Some metrics cannot be computed and is shown as NaN.
Loading and preparing results...
DONE (t=0.00s)
creating index...
index created!
Running per image evaluation...
Evaluate annotation type *segm*
DONE (t=0.02s).
Accumulating evaluation results...
DONE (t=0.01s).
 Average Precision  (AP) @[ IoU=0.50:0.95 | area=   all | maxDets=100 ] = 0.707
 Average Precision  (AP) @[ IoU=0.50      | area=   all | maxDets=100 ] = 0.941
 Average Precision  (AP) @[ IoU=0.75      | area=   all | maxDets=100 ] = 0.857
 Average Precision  (AP) @[ IoU=0.50:0.95 | area= small | maxDets=100 ] = -1.000
 Average Precision  (AP) @[ IoU=0.50:0.95 | area=medium | maxDets=100 ] = 0.558
 Average Precision  (AP) @[ IoU=0.50:0.95 | area= large | maxDets=100 ] = 0.726
 Average Recall     (AR) @[ IoU=0.50:0.95 | area=   all | maxDets=  1 ] = 0.740
 Average Recall     (AR) @[ IoU=0.50:0.95 | area=   all | maxDets= 10 ] = 0.740
 Average Recall     (AR) @[ IoU=0.50:0.95 | area=   all | maxDets=100 ] = 0.740
 Average Recall     (AR) @[ IoU=0.50:0.95 | area= small | maxDets=100 ] = -1.000
 Average Recall     (AR) @[ IoU=0.50:0.95 | area=medium | maxDets=100 ] = 0.580
 Average Recall     (AR) @[ IoU=0.50:0.95 | area= large | maxDets=100 ] = 0.761
[08/15 07:12:59 d2.evaluation.coco_evaluation]: Evaluation results for segm: 
|   AP   |  AP50  |  AP75  |  APs  |  APm   |  APl   |
|:------:|:------:|:------:|:-----:|:------:|:------:|
| 70.684 | 94.066 | 85.749 |  nan  | 55.836 | 72.554 |
[08/15 07:12:59 d2.evaluation.coco_evaluation]: Some metrics cannot be computed and is shown as NaN.
[Iter 2 AP] → mAP@[.5:.95] = 70.684
[08/15 07:12:59 d2.data.datasets.coco]: Loaded 89 images in COCO format from /projects/PUCHALLA/LLP2024/tumor-segmentation/data/processed_data/depth/test/images/test.json
[08/15 07:12:59 d2.data.datasets.coco]: Loaded 89 images in COCO format from /projects/PUCHALLA/LLP2024/tumor-segmentation/data/processed_data/depth/test/images/test.json
[08/15 07:12:59 d2.data.dataset_mapper]: [DatasetMapper] Augmentations used in inference: [ResizeShortestEdge(short_edge_length=(800, 800), max_size=1333, sample_style='choice')]
[08/15 07:12:59 d2.data.common]: Serializing the dataset using: <class 'detectron2.data.common._TorchSerializedList'>
[08/15 07:12:59 d2.data.common]: Serializing 89 elements to byte tensors and concatenating them all ...
[08/15 07:12:59 d2.data.common]: Serialized dataset takes 0.07 MiB
[08/15 07:12:59 d2.evaluation.evaluator]: Start inference on 89 batches
[08/15 07:13:01 d2.evaluation.evaluator]: Total inference time: 0:00:02.068355 (0.024623 s / iter per device, on 1 devices)
[08/15 07:13:01 d2.evaluation.evaluator]: Total inference pure compute time: 0:00:01 (0.023516 s / iter per device, on 1 devices)
[08/15 07:13:03 d2.utils.events]:  eta: 0:04:53  iter: 1119  total_loss: 0.2671  loss_cls: 0.02972  loss_box_reg: 0.06298  loss_mask: 0.189  loss_rpn_cls: 6.4e-06  loss_rpn_loc: 0.002721    time: 0.0759  last_time: 0.0664  data_time: 0.0024  last_data_time: 0.0019   lr: 0.0005  max_mem: 1680M
[08/15 07:13:04 d2.utils.events]:  eta: 0:04:51  iter: 1139  total_loss: 0.2755  loss_cls: 0.02739  loss_box_reg: 0.06383  loss_mask: 0.1729  loss_rpn_cls: 2.484e-05  loss_rpn_loc: 0.002714    time: 0.0759  last_time: 0.0719  data_time: 0.0022  last_data_time: 0.0019   lr: 0.0005  max_mem: 1680M
[08/15 07:13:06 d2.utils.events]:  eta: 0:04:50  iter: 1159  total_loss: 0.269  loss_cls: 0.02889  loss_box_reg: 0.0609  loss_mask: 0.1733  loss_rpn_cls: 1.163e-05  loss_rpn_loc: 0.002749    time: 0.0759  last_time: 0.0764  data_time: 0.0022  last_data_time: 0.0028   lr: 0.0005  max_mem: 1680M
[08/15 07:13:08 d2.utils.events]:  eta: 0:04:48  iter: 1179  total_loss: 0.262  loss_cls: 0.03037  loss_box_reg: 0.06292  loss_mask: 0.1622  loss_rpn_cls: 2.929e-05  loss_rpn_loc: 0.002674    time: 0.0759  last_time: 0.0748  data_time: 0.0026  last_data_time: 0.0028   lr: 0.0005  max_mem: 1680M
[08/15 07:13:09 d2.utils.events]:  eta: 0:04:47  iter: 1199  total_loss: 0.2426  loss_cls: 0.0251  loss_box_reg: 0.06242  loss_mask: 0.1627  loss_rpn_cls: 1.687e-06  loss_rpn_loc: 0.00316    time: 0.0759  last_time: 0.0756  data_time: 0.0023  last_data_time: 0.0030   lr: 0.0005  max_mem: 1680M
[08/15 07:13:09 d2.evaluation.coco_evaluation]: Fast COCO eval is not built. Falling back to official COCO eval.
[08/15 07:13:09 d2.data.datasets.coco]: Loaded 89 images in COCO format from /projects/PUCHALLA/LLP2024/tumor-segmentation/data/processed_data/depth/test/images/test.json
[08/15 07:13:09 d2.data.dataset_mapper]: [DatasetMapper] Augmentations used in inference: [ResizeShortestEdge(short_edge_length=(800, 800), max_size=1333, sample_style='choice')]
[08/15 07:13:09 d2.data.common]: Serializing the dataset using: <class 'detectron2.data.common._TorchSerializedList'>
[08/15 07:13:09 d2.data.common]: Serializing 89 elements to byte tensors and concatenating them all ...
[08/15 07:13:09 d2.data.common]: Serialized dataset takes 0.07 MiB
[08/15 07:13:09 d2.evaluation.evaluator]: Start inference on 89 batches
[08/15 07:13:09 d2.evaluation.evaluator]: Inference done 11/89. Dataloading: 0.0004 s/iter. Inference: 0.0229 s/iter. Eval: 0.0004 s/iter. Total: 0.0237 s/iter. ETA=0:00:01
[08/15 07:13:11 d2.evaluation.evaluator]: Total inference time: 0:00:02.065889 (0.024594 s / iter per device, on 1 devices)
[08/15 07:13:11 d2.evaluation.evaluator]: Total inference pure compute time: 0:00:01 (0.023455 s / iter per device, on 1 devices)
[08/15 07:13:11 d2.evaluation.coco_evaluation]: Preparing results for COCO format ...
[08/15 07:13:11 d2.evaluation.coco_evaluation]: Saving results to ../../../../../models/rgb-testing/depth-5000-1/coco_instances_results.json
[08/15 07:13:11 d2.evaluation.coco_evaluation]: Evaluating predictions with official COCO API...
Loading and preparing results...
DONE (t=0.00s)
creating index...
index created!
Running per image evaluation...
Evaluate annotation type *bbox*
DONE (t=0.01s).
Accumulating evaluation results...
DONE (t=0.01s).
 Average Precision  (AP) @[ IoU=0.50:0.95 | area=   all | maxDets=100 ] = 0.709
 Average Precision  (AP) @[ IoU=0.50      | area=   all | maxDets=100 ] = 0.965
 Average Precision  (AP) @[ IoU=0.75      | area=   all | maxDets=100 ] = 0.885
 Average Precision  (AP) @[ IoU=0.50:0.95 | area= small | maxDets=100 ] = -1.000
 Average Precision  (AP) @[ IoU=0.50:0.95 | area=medium | maxDets=100 ] = 0.525
 Average Precision  (AP) @[ IoU=0.50:0.95 | area= large | maxDets=100 ] = 0.735
 Average Recall     (AR) @[ IoU=0.50:0.95 | area=   all | maxDets=  1 ] = 0.737
 Average Recall     (AR) @[ IoU=0.50:0.95 | area=   all | maxDets= 10 ] = 0.745
 Average Recall     (AR) @[ IoU=0.50:0.95 | area=   all | maxDets=100 ] = 0.745
 Average Recall     (AR) @[ IoU=0.50:0.95 | area= small | maxDets=100 ] = -1.000
 Average Recall     (AR) @[ IoU=0.50:0.95 | area=medium | maxDets=100 ] = 0.530
 Average Recall     (AR) @[ IoU=0.50:0.95 | area= large | maxDets=100 ] = 0.772
[08/15 07:13:11 d2.evaluation.coco_evaluation]: Evaluation results for bbox: 
|   AP   |  AP50  |  AP75  |  APs  |  APm   |  APl   |
|:------:|:------:|:------:|:-----:|:------:|:------:|
| 70.913 | 96.477 | 88.469 |  nan  | 52.453 | 73.479 |
[08/15 07:13:11 d2.evaluation.coco_evaluation]: Some metrics cannot be computed and is shown as NaN.
Loading and preparing results...
DONE (t=0.00s)
creating index...
index created!
Running per image evaluation...
Evaluate annotation type *segm*
DONE (t=0.02s).
Accumulating evaluation results...
DONE (t=0.01s).
 Average Precision  (AP) @[ IoU=0.50:0.95 | area=   all | maxDets=100 ] = 0.713
 Average Precision  (AP) @[ IoU=0.50      | area=   all | maxDets=100 ] = 0.965
 Average Precision  (AP) @[ IoU=0.75      | area=   all | maxDets=100 ] = 0.855
 Average Precision  (AP) @[ IoU=0.50:0.95 | area= small | maxDets=100 ] = -1.000
 Average Precision  (AP) @[ IoU=0.50:0.95 | area=medium | maxDets=100 ] = 0.529
 Average Precision  (AP) @[ IoU=0.50:0.95 | area= large | maxDets=100 ] = 0.737
 Average Recall     (AR) @[ IoU=0.50:0.95 | area=   all | maxDets=  1 ] = 0.740
 Average Recall     (AR) @[ IoU=0.50:0.95 | area=   all | maxDets= 10 ] = 0.746
 Average Recall     (AR) @[ IoU=0.50:0.95 | area=   all | maxDets=100 ] = 0.746
 Average Recall     (AR) @[ IoU=0.50:0.95 | area= small | maxDets=100 ] = -1.000
 Average Recall     (AR) @[ IoU=0.50:0.95 | area=medium | maxDets=100 ] = 0.540
 Average Recall     (AR) @[ IoU=0.50:0.95 | area= large | maxDets=100 ] = 0.772
[08/15 07:13:11 d2.evaluation.coco_evaluation]: Evaluation results for segm: 
|   AP   |  AP50  |  AP75  |  APs  |  APm   |  APl   |
|:------:|:------:|:------:|:-----:|:------:|:------:|
| 71.325 | 96.477 | 85.463 |  nan  | 52.935 | 73.702 |
[08/15 07:13:11 d2.evaluation.coco_evaluation]: Some metrics cannot be computed and is shown as NaN.
[Iter 2 AP] → mAP@[.5:.95] = 71.325
[08/15 07:13:11 d2.data.datasets.coco]: Loaded 89 images in COCO format from /projects/PUCHALLA/LLP2024/tumor-segmentation/data/processed_data/depth/test/images/test.json
[08/15 07:13:11 d2.data.datasets.coco]: Loaded 89 images in COCO format from /projects/PUCHALLA/LLP2024/tumor-segmentation/data/processed_data/depth/test/images/test.json
[08/15 07:13:11 d2.data.dataset_mapper]: [DatasetMapper] Augmentations used in inference: [ResizeShortestEdge(short_edge_length=(800, 800), max_size=1333, sample_style='choice')]
[08/15 07:13:11 d2.data.common]: Serializing the dataset using: <class 'detectron2.data.common._TorchSerializedList'>
[08/15 07:13:11 d2.data.common]: Serializing 89 elements to byte tensors and concatenating them all ...
[08/15 07:13:11 d2.data.common]: Serialized dataset takes 0.07 MiB
[08/15 07:13:11 d2.evaluation.evaluator]: Start inference on 89 batches
[08/15 07:13:14 d2.evaluation.evaluator]: Total inference time: 0:00:02.062339 (0.024552 s / iter per device, on 1 devices)
[08/15 07:13:14 d2.evaluation.evaluator]: Total inference pure compute time: 0:00:01 (0.023405 s / iter per device, on 1 devices)
[08/15 07:13:15 d2.utils.events]:  eta: 0:04:46  iter: 1219  total_loss: 0.2977  loss_cls: 0.03251  loss_box_reg: 0.0661  loss_mask: 0.1861  loss_rpn_cls: 2.456e-05  loss_rpn_loc: 0.002942    time: 0.0759  last_time: 0.0803  data_time: 0.0027  last_data_time: 0.0020   lr: 0.0005  max_mem: 1680M
[08/15 07:13:17 d2.utils.events]:  eta: 0:04:44  iter: 1239  total_loss: 0.2516  loss_cls: 0.02744  loss_box_reg: 0.0551  loss_mask: 0.1649  loss_rpn_cls: 1.555e-05  loss_rpn_loc: 0.002819    time: 0.0759  last_time: 0.0646  data_time: 0.0024  last_data_time: 0.0030   lr: 0.0005  max_mem: 1680M
[08/15 07:13:18 d2.utils.events]:  eta: 0:04:43  iter: 1259  total_loss: 0.2311  loss_cls: 0.02516  loss_box_reg: 0.0526  loss_mask: 0.1494  loss_rpn_cls: 1.395e-05  loss_rpn_loc: 0.003052    time: 0.0759  last_time: 0.0684  data_time: 0.0025  last_data_time: 0.0030   lr: 0.0005  max_mem: 1680M
[08/15 07:13:20 d2.utils.events]:  eta: 0:04:41  iter: 1279  total_loss: 0.24  loss_cls: 0.02867  loss_box_reg: 0.05257  loss_mask: 0.1665  loss_rpn_cls: 1.968e-05  loss_rpn_loc: 0.002846    time: 0.0759  last_time: 0.0759  data_time: 0.0027  last_data_time: 0.0029   lr: 0.0005  max_mem: 1680M
[08/15 07:13:21 d2.utils.events]:  eta: 0:04:40  iter: 1299  total_loss: 0.2129  loss_cls: 0.02296  loss_box_reg: 0.05121  loss_mask: 0.1329  loss_rpn_cls: 1.054e-05  loss_rpn_loc: 0.003077    time: 0.0759  last_time: 0.0742  data_time: 0.0023  last_data_time: 0.0029   lr: 0.0005  max_mem: 1680M
[08/15 07:13:21 d2.evaluation.coco_evaluation]: Fast COCO eval is not built. Falling back to official COCO eval.
[08/15 07:13:21 d2.data.datasets.coco]: Loaded 89 images in COCO format from /projects/PUCHALLA/LLP2024/tumor-segmentation/data/processed_data/depth/test/images/test.json
[08/15 07:13:21 d2.data.dataset_mapper]: [DatasetMapper] Augmentations used in inference: [ResizeShortestEdge(short_edge_length=(800, 800), max_size=1333, sample_style='choice')]
[08/15 07:13:21 d2.data.common]: Serializing the dataset using: <class 'detectron2.data.common._TorchSerializedList'>
[08/15 07:13:21 d2.data.common]: Serializing 89 elements to byte tensors and concatenating them all ...
[08/15 07:13:21 d2.data.common]: Serialized dataset takes 0.07 MiB
[08/15 07:13:21 d2.evaluation.evaluator]: Start inference on 89 batches
[08/15 07:13:22 d2.evaluation.evaluator]: Inference done 11/89. Dataloading: 0.0004 s/iter. Inference: 0.0235 s/iter. Eval: 0.0003 s/iter. Total: 0.0242 s/iter. ETA=0:00:01
[08/15 07:13:24 d2.evaluation.evaluator]: Total inference time: 0:00:02.062460 (0.024553 s / iter per device, on 1 devices)
[08/15 07:13:24 d2.evaluation.evaluator]: Total inference pure compute time: 0:00:01 (0.023401 s / iter per device, on 1 devices)
[08/15 07:13:24 d2.evaluation.coco_evaluation]: Preparing results for COCO format ...
[08/15 07:13:24 d2.evaluation.coco_evaluation]: Saving results to ../../../../../models/rgb-testing/depth-5000-1/coco_instances_results.json
[08/15 07:13:24 d2.evaluation.coco_evaluation]: Evaluating predictions with official COCO API...
Loading and preparing results...
DONE (t=0.00s)
creating index...
index created!
Running per image evaluation...
Evaluate annotation type *bbox*
DONE (t=0.01s).
Accumulating evaluation results...
DONE (t=0.01s).
 Average Precision  (AP) @[ IoU=0.50:0.95 | area=   all | maxDets=100 ] = 0.732
 Average Precision  (AP) @[ IoU=0.50      | area=   all | maxDets=100 ] = 0.975
 Average Precision  (AP) @[ IoU=0.75      | area=   all | maxDets=100 ] = 0.911
 Average Precision  (AP) @[ IoU=0.50:0.95 | area= small | maxDets=100 ] = -1.000
 Average Precision  (AP) @[ IoU=0.50:0.95 | area=medium | maxDets=100 ] = 0.661
 Average Precision  (AP) @[ IoU=0.50:0.95 | area= large | maxDets=100 ] = 0.744
 Average Recall     (AR) @[ IoU=0.50:0.95 | area=   all | maxDets=  1 ] = 0.780
 Average Recall     (AR) @[ IoU=0.50:0.95 | area=   all | maxDets= 10 ] = 0.784
 Average Recall     (AR) @[ IoU=0.50:0.95 | area=   all | maxDets=100 ] = 0.784
 Average Recall     (AR) @[ IoU=0.50:0.95 | area= small | maxDets=100 ] = -1.000
 Average Recall     (AR) @[ IoU=0.50:0.95 | area=medium | maxDets=100 ] = 0.670
 Average Recall     (AR) @[ IoU=0.50:0.95 | area= large | maxDets=100 ] = 0.799
[08/15 07:13:24 d2.evaluation.coco_evaluation]: Evaluation results for bbox: 
|   AP   |  AP50  |  AP75  |  APs  |  APm   |  APl   |
|:------:|:------:|:------:|:-----:|:------:|:------:|
| 73.163 | 97.527 | 91.133 |  nan  | 66.079 | 74.391 |
[08/15 07:13:24 d2.evaluation.coco_evaluation]: Some metrics cannot be computed and is shown as NaN.
Loading and preparing results...
DONE (t=0.00s)
creating index...
index created!
Running per image evaluation...
Evaluate annotation type *segm*
DONE (t=0.02s).
Accumulating evaluation results...
DONE (t=0.01s).
 Average Precision  (AP) @[ IoU=0.50:0.95 | area=   all | maxDets=100 ] = 0.731
 Average Precision  (AP) @[ IoU=0.50      | area=   all | maxDets=100 ] = 0.965
 Average Precision  (AP) @[ IoU=0.75      | area=   all | maxDets=100 ] = 0.902
 Average Precision  (AP) @[ IoU=0.50:0.95 | area= small | maxDets=100 ] = -1.000
 Average Precision  (AP) @[ IoU=0.50:0.95 | area=medium | maxDets=100 ] = 0.673
 Average Precision  (AP) @[ IoU=0.50:0.95 | area= large | maxDets=100 ] = 0.740
 Average Recall     (AR) @[ IoU=0.50:0.95 | area=   all | maxDets=  1 ] = 0.764
 Average Recall     (AR) @[ IoU=0.50:0.95 | area=   all | maxDets= 10 ] = 0.767
 Average Recall     (AR) @[ IoU=0.50:0.95 | area=   all | maxDets=100 ] = 0.767
 Average Recall     (AR) @[ IoU=0.50:0.95 | area= small | maxDets=100 ] = -1.000
 Average Recall     (AR) @[ IoU=0.50:0.95 | area=medium | maxDets=100 ] = 0.690
 Average Recall     (AR) @[ IoU=0.50:0.95 | area= large | maxDets=100 ] = 0.777
[08/15 07:13:24 d2.evaluation.coco_evaluation]: Evaluation results for segm: 
|   AP   |  AP50  |  AP75  |  APs  |  APm   |  APl   |
|:------:|:------:|:------:|:-----:|:------:|:------:|
| 73.108 | 96.517 | 90.207 |  nan  | 67.340 | 74.027 |
[08/15 07:13:24 d2.evaluation.coco_evaluation]: Some metrics cannot be computed and is shown as NaN.
[Iter 2 AP] → mAP@[.5:.95] = 73.108
[08/15 07:13:24 d2.data.datasets.coco]: Loaded 89 images in COCO format from /projects/PUCHALLA/LLP2024/tumor-segmentation/data/processed_data/depth/test/images/test.json
[08/15 07:13:24 d2.data.datasets.coco]: Loaded 89 images in COCO format from /projects/PUCHALLA/LLP2024/tumor-segmentation/data/processed_data/depth/test/images/test.json
[08/15 07:13:24 d2.data.dataset_mapper]: [DatasetMapper] Augmentations used in inference: [ResizeShortestEdge(short_edge_length=(800, 800), max_size=1333, sample_style='choice')]
[08/15 07:13:24 d2.data.common]: Serializing the dataset using: <class 'detectron2.data.common._TorchSerializedList'>
[08/15 07:13:24 d2.data.common]: Serializing 89 elements to byte tensors and concatenating them all ...
[08/15 07:13:24 d2.data.common]: Serialized dataset takes 0.07 MiB
[08/15 07:13:24 d2.evaluation.evaluator]: Start inference on 89 batches
[08/15 07:13:26 d2.evaluation.evaluator]: Total inference time: 0:00:02.076420 (0.024719 s / iter per device, on 1 devices)
[08/15 07:13:26 d2.evaluation.evaluator]: Total inference pure compute time: 0:00:01 (0.023583 s / iter per device, on 1 devices)
[08/15 07:13:27 d2.utils.events]:  eta: 0:04:38  iter: 1319  total_loss: 0.2518  loss_cls: 0.02507  loss_box_reg: 0.05751  loss_mask: 0.1691  loss_rpn_cls: 1.099e-05  loss_rpn_loc: 0.002506    time: 0.0759  last_time: 0.0760  data_time: 0.0026  last_data_time: 0.0020   lr: 0.0005  max_mem: 1680M
[08/15 07:13:29 d2.utils.events]:  eta: 0:04:37  iter: 1339  total_loss: 0.249  loss_cls: 0.0287  loss_box_reg: 0.05984  loss_mask: 0.1559  loss_rpn_cls: 1.633e-05  loss_rpn_loc: 0.004121    time: 0.0759  last_time: 0.0809  data_time: 0.0023  last_data_time: 0.0020   lr: 0.0005  max_mem: 1680M
[08/15 07:13:30 d2.utils.events]:  eta: 0:04:35  iter: 1359  total_loss: 0.2337  loss_cls: 0.02563  loss_box_reg: 0.06558  loss_mask: 0.1534  loss_rpn_cls: 2.392e-05  loss_rpn_loc: 0.003082    time: 0.0759  last_time: 0.0736  data_time: 0.0024  last_data_time: 0.0029   lr: 0.0005  max_mem: 1680M
[08/15 07:13:32 d2.utils.events]:  eta: 0:04:34  iter: 1379  total_loss: 0.2458  loss_cls: 0.02778  loss_box_reg: 0.06033  loss_mask: 0.146  loss_rpn_cls: 3.183e-05  loss_rpn_loc: 0.003148    time: 0.0759  last_time: 0.0734  data_time: 0.0027  last_data_time: 0.0029   lr: 0.0005  max_mem: 1680M
[08/15 07:13:33 d2.utils.events]:  eta: 0:04:32  iter: 1399  total_loss: 0.2552  loss_cls: 0.02867  loss_box_reg: 0.05641  loss_mask: 0.1628  loss_rpn_cls: 2.154e-05  loss_rpn_loc: 0.002848    time: 0.0759  last_time: 0.0798  data_time: 0.0022  last_data_time: 0.0021   lr: 0.0005  max_mem: 1680M
[08/15 07:13:34 d2.evaluation.coco_evaluation]: Fast COCO eval is not built. Falling back to official COCO eval.
[08/15 07:13:34 d2.data.datasets.coco]: Loaded 89 images in COCO format from /projects/PUCHALLA/LLP2024/tumor-segmentation/data/processed_data/depth/test/images/test.json
[08/15 07:13:34 d2.data.dataset_mapper]: [DatasetMapper] Augmentations used in inference: [ResizeShortestEdge(short_edge_length=(800, 800), max_size=1333, sample_style='choice')]
[08/15 07:13:34 d2.data.common]: Serializing the dataset using: <class 'detectron2.data.common._TorchSerializedList'>
[08/15 07:13:34 d2.data.common]: Serializing 89 elements to byte tensors and concatenating them all ...
[08/15 07:13:34 d2.data.common]: Serialized dataset takes 0.07 MiB
[08/15 07:13:34 d2.evaluation.evaluator]: Start inference on 89 batches
[08/15 07:13:34 d2.evaluation.evaluator]: Inference done 11/89. Dataloading: 0.0004 s/iter. Inference: 0.0235 s/iter. Eval: 0.0003 s/iter. Total: 0.0243 s/iter. ETA=0:00:01
[08/15 07:13:36 d2.evaluation.evaluator]: Total inference time: 0:00:02.078759 (0.024747 s / iter per device, on 1 devices)
[08/15 07:13:36 d2.evaluation.evaluator]: Total inference pure compute time: 0:00:01 (0.023601 s / iter per device, on 1 devices)
[08/15 07:13:36 d2.evaluation.coco_evaluation]: Preparing results for COCO format ...
[08/15 07:13:36 d2.evaluation.coco_evaluation]: Saving results to ../../../../../models/rgb-testing/depth-5000-1/coco_instances_results.json
[08/15 07:13:36 d2.evaluation.coco_evaluation]: Evaluating predictions with official COCO API...
Loading and preparing results...
DONE (t=0.00s)
creating index...
index created!
Running per image evaluation...
Evaluate annotation type *bbox*
DONE (t=0.01s).
Accumulating evaluation results...
DONE (t=0.01s).
 Average Precision  (AP) @[ IoU=0.50:0.95 | area=   all | maxDets=100 ] = 0.705
 Average Precision  (AP) @[ IoU=0.50      | area=   all | maxDets=100 ] = 0.952
 Average Precision  (AP) @[ IoU=0.75      | area=   all | maxDets=100 ] = 0.849
 Average Precision  (AP) @[ IoU=0.50:0.95 | area= small | maxDets=100 ] = -1.000
 Average Precision  (AP) @[ IoU=0.50:0.95 | area=medium | maxDets=100 ] = 0.560
 Average Precision  (AP) @[ IoU=0.50:0.95 | area= large | maxDets=100 ] = 0.724
 Average Recall     (AR) @[ IoU=0.50:0.95 | area=   all | maxDets=  1 ] = 0.746
 Average Recall     (AR) @[ IoU=0.50:0.95 | area=   all | maxDets= 10 ] = 0.749
 Average Recall     (AR) @[ IoU=0.50:0.95 | area=   all | maxDets=100 ] = 0.749
 Average Recall     (AR) @[ IoU=0.50:0.95 | area= small | maxDets=100 ] = -1.000
 Average Recall     (AR) @[ IoU=0.50:0.95 | area=medium | maxDets=100 ] = 0.580
 Average Recall     (AR) @[ IoU=0.50:0.95 | area= large | maxDets=100 ] = 0.771
[08/15 07:13:36 d2.evaluation.coco_evaluation]: Evaluation results for bbox: 
|   AP   |  AP50  |  AP75  |  APs  |  APm   |  APl   |
|:------:|:------:|:------:|:-----:|:------:|:------:|
| 70.521 | 95.243 | 84.941 |  nan  | 56.043 | 72.421 |
[08/15 07:13:36 d2.evaluation.coco_evaluation]: Some metrics cannot be computed and is shown as NaN.
Loading and preparing results...
DONE (t=0.00s)
creating index...
index created!
Running per image evaluation...
Evaluate annotation type *segm*
DONE (t=0.02s).
Accumulating evaluation results...
DONE (t=0.01s).
 Average Precision  (AP) @[ IoU=0.50:0.95 | area=   all | maxDets=100 ] = 0.681
 Average Precision  (AP) @[ IoU=0.50      | area=   all | maxDets=100 ] = 0.952
 Average Precision  (AP) @[ IoU=0.75      | area=   all | maxDets=100 ] = 0.860
 Average Precision  (AP) @[ IoU=0.50:0.95 | area= small | maxDets=100 ] = -1.000
 Average Precision  (AP) @[ IoU=0.50:0.95 | area=medium | maxDets=100 ] = 0.488
 Average Precision  (AP) @[ IoU=0.50:0.95 | area= large | maxDets=100 ] = 0.706
 Average Recall     (AR) @[ IoU=0.50:0.95 | area=   all | maxDets=  1 ] = 0.716
 Average Recall     (AR) @[ IoU=0.50:0.95 | area=   all | maxDets= 10 ] = 0.718
 Average Recall     (AR) @[ IoU=0.50:0.95 | area=   all | maxDets=100 ] = 0.718
 Average Recall     (AR) @[ IoU=0.50:0.95 | area= small | maxDets=100 ] = -1.000
 Average Recall     (AR) @[ IoU=0.50:0.95 | area=medium | maxDets=100 ] = 0.530
 Average Recall     (AR) @[ IoU=0.50:0.95 | area= large | maxDets=100 ] = 0.742
[08/15 07:13:36 d2.evaluation.coco_evaluation]: Evaluation results for segm: 
|   AP   |  AP50  |  AP75  |  APs  |  APm   |  APl   |
|:------:|:------:|:------:|:-----:|:------:|:------:|
| 68.140 | 95.243 | 85.977 |  nan  | 48.824 | 70.600 |
[08/15 07:13:36 d2.evaluation.coco_evaluation]: Some metrics cannot be computed and is shown as NaN.
[Iter 2 AP] → mAP@[.5:.95] = 68.140
[08/15 07:13:36 d2.data.datasets.coco]: Loaded 89 images in COCO format from /projects/PUCHALLA/LLP2024/tumor-segmentation/data/processed_data/depth/test/images/test.json
[08/15 07:13:36 d2.data.datasets.coco]: Loaded 89 images in COCO format from /projects/PUCHALLA/LLP2024/tumor-segmentation/data/processed_data/depth/test/images/test.json
[08/15 07:13:36 d2.data.dataset_mapper]: [DatasetMapper] Augmentations used in inference: [ResizeShortestEdge(short_edge_length=(800, 800), max_size=1333, sample_style='choice')]
[08/15 07:13:36 d2.data.common]: Serializing the dataset using: <class 'detectron2.data.common._TorchSerializedList'>
[08/15 07:13:36 d2.data.common]: Serializing 89 elements to byte tensors and concatenating them all ...
[08/15 07:13:36 d2.data.common]: Serialized dataset takes 0.07 MiB
[08/15 07:13:36 d2.evaluation.evaluator]: Start inference on 89 batches
[08/15 07:13:38 d2.evaluation.evaluator]: Total inference time: 0:00:02.052498 (0.024434 s / iter per device, on 1 devices)
[08/15 07:13:38 d2.evaluation.evaluator]: Total inference pure compute time: 0:00:01 (0.023286 s / iter per device, on 1 devices)
[08/15 07:13:40 d2.utils.events]:  eta: 0:04:30  iter: 1419  total_loss: 0.241  loss_cls: 0.02491  loss_box_reg: 0.05516  loss_mask: 0.1571  loss_rpn_cls: 1.121e-05  loss_rpn_loc: 0.002457    time: 0.0759  last_time: 0.0815  data_time: 0.0023  last_data_time: 0.0029   lr: 0.0005  max_mem: 1680M
[08/15 07:13:41 d2.utils.events]:  eta: 0:04:29  iter: 1439  total_loss: 0.2045  loss_cls: 0.02578  loss_box_reg: 0.05434  loss_mask: 0.1272  loss_rpn_cls: 4.559e-06  loss_rpn_loc: 0.002305    time: 0.0759  last_time: 0.0788  data_time: 0.0026  last_data_time: 0.0029   lr: 0.0005  max_mem: 1680M
[08/15 07:13:43 d2.utils.events]:  eta: 0:04:28  iter: 1459  total_loss: 0.2191  loss_cls: 0.02439  loss_box_reg: 0.04691  loss_mask: 0.1381  loss_rpn_cls: 4.087e-05  loss_rpn_loc: 0.002879    time: 0.0759  last_time: 0.0783  data_time: 0.0025  last_data_time: 0.0019   lr: 0.0005  max_mem: 1680M
[08/15 07:13:44 d2.utils.events]:  eta: 0:04:26  iter: 1479  total_loss: 0.2004  loss_cls: 0.02295  loss_box_reg: 0.04109  loss_mask: 0.1391  loss_rpn_cls: 2.529e-05  loss_rpn_loc: 0.002729    time: 0.0759  last_time: 0.0801  data_time: 0.0025  last_data_time: 0.0029   lr: 0.0005  max_mem: 1680M
[08/15 07:13:46 d2.utils.events]:  eta: 0:04:25  iter: 1499  total_loss: 0.2154  loss_cls: 0.02055  loss_box_reg: 0.04697  loss_mask: 0.1408  loss_rpn_cls: 5.885e-06  loss_rpn_loc: 0.002488    time: 0.0759  last_time: 0.0757  data_time: 0.0027  last_data_time: 0.0019   lr: 0.0005  max_mem: 1680M
[08/15 07:13:46 d2.evaluation.coco_evaluation]: Fast COCO eval is not built. Falling back to official COCO eval.
[08/15 07:13:46 d2.data.datasets.coco]: Loaded 89 images in COCO format from /projects/PUCHALLA/LLP2024/tumor-segmentation/data/processed_data/depth/test/images/test.json
[08/15 07:13:46 d2.data.dataset_mapper]: [DatasetMapper] Augmentations used in inference: [ResizeShortestEdge(short_edge_length=(800, 800), max_size=1333, sample_style='choice')]
[08/15 07:13:46 d2.data.common]: Serializing the dataset using: <class 'detectron2.data.common._TorchSerializedList'>
[08/15 07:13:46 d2.data.common]: Serializing 89 elements to byte tensors and concatenating them all ...
[08/15 07:13:46 d2.data.common]: Serialized dataset takes 0.07 MiB
[08/15 07:13:46 d2.evaluation.evaluator]: Start inference on 89 batches
[08/15 07:13:46 d2.evaluation.evaluator]: Inference done 11/89. Dataloading: 0.0004 s/iter. Inference: 0.0234 s/iter. Eval: 0.0003 s/iter. Total: 0.0242 s/iter. ETA=0:00:01
[08/15 07:13:48 d2.evaluation.evaluator]: Total inference time: 0:00:02.063163 (0.024561 s / iter per device, on 1 devices)
[08/15 07:13:48 d2.evaluation.evaluator]: Total inference pure compute time: 0:00:01 (0.023419 s / iter per device, on 1 devices)
[08/15 07:13:48 d2.evaluation.coco_evaluation]: Preparing results for COCO format ...
[08/15 07:13:48 d2.evaluation.coco_evaluation]: Saving results to ../../../../../models/rgb-testing/depth-5000-1/coco_instances_results.json
[08/15 07:13:48 d2.evaluation.coco_evaluation]: Evaluating predictions with official COCO API...
Loading and preparing results...
DONE (t=0.00s)
creating index...
index created!
Running per image evaluation...
Evaluate annotation type *bbox*
DONE (t=0.01s).
Accumulating evaluation results...
DONE (t=0.01s).
 Average Precision  (AP) @[ IoU=0.50:0.95 | area=   all | maxDets=100 ] = 0.722
 Average Precision  (AP) @[ IoU=0.50      | area=   all | maxDets=100 ] = 0.961
 Average Precision  (AP) @[ IoU=0.75      | area=   all | maxDets=100 ] = 0.910
 Average Precision  (AP) @[ IoU=0.50:0.95 | area= small | maxDets=100 ] = -1.000
 Average Precision  (AP) @[ IoU=0.50:0.95 | area=medium | maxDets=100 ] = 0.640
 Average Precision  (AP) @[ IoU=0.50:0.95 | area= large | maxDets=100 ] = 0.738
 Average Recall     (AR) @[ IoU=0.50:0.95 | area=   all | maxDets=  1 ] = 0.769
 Average Recall     (AR) @[ IoU=0.50:0.95 | area=   all | maxDets= 10 ] = 0.773
 Average Recall     (AR) @[ IoU=0.50:0.95 | area=   all | maxDets=100 ] = 0.773
 Average Recall     (AR) @[ IoU=0.50:0.95 | area= small | maxDets=100 ] = -1.000
 Average Recall     (AR) @[ IoU=0.50:0.95 | area=medium | maxDets=100 ] = 0.640
 Average Recall     (AR) @[ IoU=0.50:0.95 | area= large | maxDets=100 ] = 0.790
[08/15 07:13:48 d2.evaluation.coco_evaluation]: Evaluation results for bbox: 
|   AP   |  AP50  |  AP75  |  APs  |  APm   |  APl   |
|:------:|:------:|:------:|:-----:|:------:|:------:|
| 72.177 | 96.120 | 91.000 |  nan  | 63.960 | 73.759 |
[08/15 07:13:48 d2.evaluation.coco_evaluation]: Some metrics cannot be computed and is shown as NaN.
Loading and preparing results...
DONE (t=0.00s)
creating index...
index created!
Running per image evaluation...
Evaluate annotation type *segm*
DONE (t=0.02s).
Accumulating evaluation results...
DONE (t=0.01s).
 Average Precision  (AP) @[ IoU=0.50:0.95 | area=   all | maxDets=100 ] = 0.710
 Average Precision  (AP) @[ IoU=0.50      | area=   all | maxDets=100 ] = 0.961
 Average Precision  (AP) @[ IoU=0.75      | area=   all | maxDets=100 ] = 0.899
 Average Precision  (AP) @[ IoU=0.50:0.95 | area= small | maxDets=100 ] = -1.000
 Average Precision  (AP) @[ IoU=0.50:0.95 | area=medium | maxDets=100 ] = 0.627
 Average Precision  (AP) @[ IoU=0.50:0.95 | area= large | maxDets=100 ] = 0.723
 Average Recall     (AR) @[ IoU=0.50:0.95 | area=   all | maxDets=  1 ] = 0.745
 Average Recall     (AR) @[ IoU=0.50:0.95 | area=   all | maxDets= 10 ] = 0.748
 Average Recall     (AR) @[ IoU=0.50:0.95 | area=   all | maxDets=100 ] = 0.748
 Average Recall     (AR) @[ IoU=0.50:0.95 | area= small | maxDets=100 ] = -1.000
 Average Recall     (AR) @[ IoU=0.50:0.95 | area=medium | maxDets=100 ] = 0.640
 Average Recall     (AR) @[ IoU=0.50:0.95 | area= large | maxDets=100 ] = 0.762
[08/15 07:13:48 d2.evaluation.coco_evaluation]: Evaluation results for segm: 
|   AP   |  AP50  |  AP75  |  APs  |  APm   |  APl   |
|:------:|:------:|:------:|:-----:|:------:|:------:|
| 71.003 | 96.120 | 89.904 |  nan  | 62.673 | 72.335 |
[08/15 07:13:48 d2.evaluation.coco_evaluation]: Some metrics cannot be computed and is shown as NaN.
[Iter 2 AP] → mAP@[.5:.95] = 71.003
[08/15 07:13:48 d2.data.datasets.coco]: Loaded 89 images in COCO format from /projects/PUCHALLA/LLP2024/tumor-segmentation/data/processed_data/depth/test/images/test.json
[08/15 07:13:48 d2.data.datasets.coco]: Loaded 89 images in COCO format from /projects/PUCHALLA/LLP2024/tumor-segmentation/data/processed_data/depth/test/images/test.json
[08/15 07:13:48 d2.data.dataset_mapper]: [DatasetMapper] Augmentations used in inference: [ResizeShortestEdge(short_edge_length=(800, 800), max_size=1333, sample_style='choice')]
[08/15 07:13:48 d2.data.common]: Serializing the dataset using: <class 'detectron2.data.common._TorchSerializedList'>
[08/15 07:13:48 d2.data.common]: Serializing 89 elements to byte tensors and concatenating them all ...
[08/15 07:13:48 d2.data.common]: Serialized dataset takes 0.07 MiB
[08/15 07:13:48 d2.evaluation.evaluator]: Start inference on 89 batches
[08/15 07:13:50 d2.evaluation.evaluator]: Total inference time: 0:00:02.059007 (0.024512 s / iter per device, on 1 devices)
[08/15 07:13:50 d2.evaluation.evaluator]: Total inference pure compute time: 0:00:01 (0.023375 s / iter per device, on 1 devices)
[08/15 07:13:52 d2.utils.events]:  eta: 0:04:23  iter: 1519  total_loss: 0.2035  loss_cls: 0.02296  loss_box_reg: 0.05086  loss_mask: 0.1333  loss_rpn_cls: 4.482e-06  loss_rpn_loc: 0.002051    time: 0.0759  last_time: 0.0781  data_time: 0.0024  last_data_time: 0.0021   lr: 0.0005  max_mem: 1680M
[08/15 07:13:53 d2.utils.events]:  eta: 0:04:22  iter: 1539  total_loss: 0.2211  loss_cls: 0.021  loss_box_reg: 0.04435  loss_mask: 0.148  loss_rpn_cls: 3.22e-05  loss_rpn_loc: 0.002029    time: 0.0759  last_time: 0.0786  data_time: 0.0025  last_data_time: 0.0022   lr: 0.0005  max_mem: 1680M
[08/15 07:13:55 d2.utils.events]:  eta: 0:04:20  iter: 1559  total_loss: 0.2154  loss_cls: 0.02251  loss_box_reg: 0.05743  loss_mask: 0.1468  loss_rpn_cls: 2.251e-05  loss_rpn_loc: 0.002665    time: 0.0759  last_time: 0.0844  data_time: 0.0024  last_data_time: 0.0023   lr: 0.0005  max_mem: 1680M
[08/15 07:13:57 d2.utils.events]:  eta: 0:04:19  iter: 1579  total_loss: 0.2111  loss_cls: 0.02131  loss_box_reg: 0.04419  loss_mask: 0.1377  loss_rpn_cls: 2.03e-05  loss_rpn_loc: 0.002123    time: 0.0759  last_time: 0.0753  data_time: 0.0024  last_data_time: 0.0021   lr: 0.0005  max_mem: 1680M
[08/15 07:13:58 d2.utils.events]:  eta: 0:04:17  iter: 1599  total_loss: 0.2301  loss_cls: 0.02343  loss_box_reg: 0.05486  loss_mask: 0.1449  loss_rpn_cls: 4.277e-05  loss_rpn_loc: 0.003214    time: 0.0759  last_time: 0.0793  data_time: 0.0021  last_data_time: 0.0022   lr: 0.0005  max_mem: 1680M
[08/15 07:13:58 d2.evaluation.coco_evaluation]: Fast COCO eval is not built. Falling back to official COCO eval.
[08/15 07:13:58 d2.data.datasets.coco]: Loaded 89 images in COCO format from /projects/PUCHALLA/LLP2024/tumor-segmentation/data/processed_data/depth/test/images/test.json
[08/15 07:13:58 d2.data.dataset_mapper]: [DatasetMapper] Augmentations used in inference: [ResizeShortestEdge(short_edge_length=(800, 800), max_size=1333, sample_style='choice')]
[08/15 07:13:58 d2.data.common]: Serializing the dataset using: <class 'detectron2.data.common._TorchSerializedList'>
[08/15 07:13:58 d2.data.common]: Serializing 89 elements to byte tensors and concatenating them all ...
[08/15 07:13:58 d2.data.common]: Serialized dataset takes 0.07 MiB
[08/15 07:13:58 d2.evaluation.evaluator]: Start inference on 89 batches
[08/15 07:13:58 d2.evaluation.evaluator]: Inference done 11/89. Dataloading: 0.0004 s/iter. Inference: 0.0234 s/iter. Eval: 0.0003 s/iter. Total: 0.0242 s/iter. ETA=0:00:01
[08/15 07:14:00 d2.evaluation.evaluator]: Total inference time: 0:00:02.064746 (0.024580 s / iter per device, on 1 devices)
[08/15 07:14:00 d2.evaluation.evaluator]: Total inference pure compute time: 0:00:01 (0.023434 s / iter per device, on 1 devices)
[08/15 07:14:00 d2.evaluation.coco_evaluation]: Preparing results for COCO format ...
[08/15 07:14:00 d2.evaluation.coco_evaluation]: Saving results to ../../../../../models/rgb-testing/depth-5000-1/coco_instances_results.json
[08/15 07:14:00 d2.evaluation.coco_evaluation]: Evaluating predictions with official COCO API...
Loading and preparing results...
DONE (t=0.00s)
creating index...
index created!
Running per image evaluation...
Evaluate annotation type *bbox*
DONE (t=0.01s).
Accumulating evaluation results...
DONE (t=0.01s).
 Average Precision  (AP) @[ IoU=0.50:0.95 | area=   all | maxDets=100 ] = 0.704
 Average Precision  (AP) @[ IoU=0.50      | area=   all | maxDets=100 ] = 0.968
 Average Precision  (AP) @[ IoU=0.75      | area=   all | maxDets=100 ] = 0.884
 Average Precision  (AP) @[ IoU=0.50:0.95 | area= small | maxDets=100 ] = -1.000
 Average Precision  (AP) @[ IoU=0.50:0.95 | area=medium | maxDets=100 ] = 0.591
 Average Precision  (AP) @[ IoU=0.50:0.95 | area= large | maxDets=100 ] = 0.721
 Average Recall     (AR) @[ IoU=0.50:0.95 | area=   all | maxDets=  1 ] = 0.747
 Average Recall     (AR) @[ IoU=0.50:0.95 | area=   all | maxDets= 10 ] = 0.751
 Average Recall     (AR) @[ IoU=0.50:0.95 | area=   all | maxDets=100 ] = 0.751
 Average Recall     (AR) @[ IoU=0.50:0.95 | area= small | maxDets=100 ] = -1.000
 Average Recall     (AR) @[ IoU=0.50:0.95 | area=medium | maxDets=100 ] = 0.590
 Average Recall     (AR) @[ IoU=0.50:0.95 | area= large | maxDets=100 ] = 0.771
[08/15 07:14:00 d2.evaluation.coco_evaluation]: Evaluation results for bbox: 
|   AP   |  AP50  |  AP75  |  APs  |  APm   |  APl   |
|:------:|:------:|:------:|:-----:|:------:|:------:|
| 70.436 | 96.760 | 88.353 |  nan  | 59.087 | 72.146 |
[08/15 07:14:00 d2.evaluation.coco_evaluation]: Some metrics cannot be computed and is shown as NaN.
Loading and preparing results...
DONE (t=0.00s)
creating index...
index created!
Running per image evaluation...
Evaluate annotation type *segm*
DONE (t=0.02s).
Accumulating evaluation results...
DONE (t=0.01s).
 Average Precision  (AP) @[ IoU=0.50:0.95 | area=   all | maxDets=100 ] = 0.746
 Average Precision  (AP) @[ IoU=0.50      | area=   all | maxDets=100 ] = 0.966
 Average Precision  (AP) @[ IoU=0.75      | area=   all | maxDets=100 ] = 0.916
 Average Precision  (AP) @[ IoU=0.50:0.95 | area= small | maxDets=100 ] = -1.000
 Average Precision  (AP) @[ IoU=0.50:0.95 | area=medium | maxDets=100 ] = 0.629
 Average Precision  (AP) @[ IoU=0.50:0.95 | area= large | maxDets=100 ] = 0.762
 Average Recall     (AR) @[ IoU=0.50:0.95 | area=   all | maxDets=  1 ] = 0.771
 Average Recall     (AR) @[ IoU=0.50:0.95 | area=   all | maxDets= 10 ] = 0.774
 Average Recall     (AR) @[ IoU=0.50:0.95 | area=   all | maxDets=100 ] = 0.774
 Average Recall     (AR) @[ IoU=0.50:0.95 | area= small | maxDets=100 ] = -1.000
 Average Recall     (AR) @[ IoU=0.50:0.95 | area=medium | maxDets=100 ] = 0.630
 Average Recall     (AR) @[ IoU=0.50:0.95 | area= large | maxDets=100 ] = 0.792
[08/15 07:14:00 d2.evaluation.coco_evaluation]: Evaluation results for segm: 
|   AP   |  AP50  |  AP75  |  APs  |  APm   |  APl   |
|:------:|:------:|:------:|:-----:|:------:|:------:|
| 74.592 | 96.561 | 91.589 |  nan  | 62.926 | 76.173 |
[08/15 07:14:00 d2.evaluation.coco_evaluation]: Some metrics cannot be computed and is shown as NaN.
[Iter 2 AP] → mAP@[.5:.95] = 74.592
[08/15 07:14:00 d2.data.datasets.coco]: Loaded 89 images in COCO format from /projects/PUCHALLA/LLP2024/tumor-segmentation/data/processed_data/depth/test/images/test.json
[08/15 07:14:00 d2.data.datasets.coco]: Loaded 89 images in COCO format from /projects/PUCHALLA/LLP2024/tumor-segmentation/data/processed_data/depth/test/images/test.json
[08/15 07:14:00 d2.data.dataset_mapper]: [DatasetMapper] Augmentations used in inference: [ResizeShortestEdge(short_edge_length=(800, 800), max_size=1333, sample_style='choice')]
[08/15 07:14:00 d2.data.common]: Serializing the dataset using: <class 'detectron2.data.common._TorchSerializedList'>
[08/15 07:14:00 d2.data.common]: Serializing 89 elements to byte tensors and concatenating them all ...
[08/15 07:14:00 d2.data.common]: Serialized dataset takes 0.07 MiB
[08/15 07:14:00 d2.evaluation.evaluator]: Start inference on 89 batches
[08/15 07:14:03 d2.evaluation.evaluator]: Total inference time: 0:00:02.066633 (0.024603 s / iter per device, on 1 devices)
[08/15 07:14:03 d2.evaluation.evaluator]: Total inference pure compute time: 0:00:01 (0.023447 s / iter per device, on 1 devices)
[08/15 07:14:04 d2.utils.events]:  eta: 0:04:16  iter: 1619  total_loss: 0.258  loss_cls: 0.02543  loss_box_reg: 0.05103  loss_mask: 0.1735  loss_rpn_cls: 9.268e-05  loss_rpn_loc: 0.002882    time: 0.0759  last_time: 0.0748  data_time: 0.0026  last_data_time: 0.0030   lr: 0.0005  max_mem: 1680M
[08/15 07:14:06 d2.utils.events]:  eta: 0:04:14  iter: 1639  total_loss: 0.2175  loss_cls: 0.02304  loss_box_reg: 0.05181  loss_mask: 0.1501  loss_rpn_cls: 2.044e-05  loss_rpn_loc: 0.002523    time: 0.0759  last_time: 0.0778  data_time: 0.0028  last_data_time: 0.0029   lr: 0.0005  max_mem: 1680M
[08/15 07:14:07 d2.utils.events]:  eta: 0:04:13  iter: 1659  total_loss: 0.1989  loss_cls: 0.02125  loss_box_reg: 0.04786  loss_mask: 0.1289  loss_rpn_cls: 1.467e-05  loss_rpn_loc: 0.002465    time: 0.0759  last_time: 0.0785  data_time: 0.0025  last_data_time: 0.0019   lr: 0.0005  max_mem: 1680M
[08/15 07:14:09 d2.utils.events]:  eta: 0:04:11  iter: 1679  total_loss: 0.2191  loss_cls: 0.02604  loss_box_reg: 0.05315  loss_mask: 0.1497  loss_rpn_cls: 1.586e-05  loss_rpn_loc: 0.002163    time: 0.0759  last_time: 0.0818  data_time: 0.0023  last_data_time: 0.0031   lr: 0.0005  max_mem: 1680M
[08/15 07:14:10 d2.utils.events]:  eta: 0:04:10  iter: 1699  total_loss: 0.2014  loss_cls: 0.02329  loss_box_reg: 0.04845  loss_mask: 0.1336  loss_rpn_cls: 1.625e-05  loss_rpn_loc: 0.002456    time: 0.0759  last_time: 0.0735  data_time: 0.0028  last_data_time: 0.0029   lr: 0.0005  max_mem: 1680M
[08/15 07:14:10 d2.evaluation.coco_evaluation]: Fast COCO eval is not built. Falling back to official COCO eval.
[08/15 07:14:10 d2.data.datasets.coco]: Loaded 89 images in COCO format from /projects/PUCHALLA/LLP2024/tumor-segmentation/data/processed_data/depth/test/images/test.json
[08/15 07:14:10 d2.data.dataset_mapper]: [DatasetMapper] Augmentations used in inference: [ResizeShortestEdge(short_edge_length=(800, 800), max_size=1333, sample_style='choice')]
[08/15 07:14:10 d2.data.common]: Serializing the dataset using: <class 'detectron2.data.common._TorchSerializedList'>
[08/15 07:14:10 d2.data.common]: Serializing 89 elements to byte tensors and concatenating them all ...
[08/15 07:14:10 d2.data.common]: Serialized dataset takes 0.07 MiB
[08/15 07:14:10 d2.evaluation.evaluator]: Start inference on 89 batches
[08/15 07:14:11 d2.evaluation.evaluator]: Inference done 11/89. Dataloading: 0.0004 s/iter. Inference: 0.0236 s/iter. Eval: 0.0003 s/iter. Total: 0.0244 s/iter. ETA=0:00:01
[08/15 07:14:13 d2.evaluation.evaluator]: Total inference time: 0:00:02.084965 (0.024821 s / iter per device, on 1 devices)
[08/15 07:14:13 d2.evaluation.evaluator]: Total inference pure compute time: 0:00:01 (0.023673 s / iter per device, on 1 devices)
[08/15 07:14:13 d2.evaluation.coco_evaluation]: Preparing results for COCO format ...
[08/15 07:14:13 d2.evaluation.coco_evaluation]: Saving results to ../../../../../models/rgb-testing/depth-5000-1/coco_instances_results.json
[08/15 07:14:13 d2.evaluation.coco_evaluation]: Evaluating predictions with official COCO API...
Loading and preparing results...
DONE (t=0.00s)
creating index...
index created!
Running per image evaluation...
Evaluate annotation type *bbox*
DONE (t=0.01s).
Accumulating evaluation results...
DONE (t=0.01s).
 Average Precision  (AP) @[ IoU=0.50:0.95 | area=   all | maxDets=100 ] = 0.727
 Average Precision  (AP) @[ IoU=0.50      | area=   all | maxDets=100 ] = 0.953
 Average Precision  (AP) @[ IoU=0.75      | area=   all | maxDets=100 ] = 0.914
 Average Precision  (AP) @[ IoU=0.50:0.95 | area= small | maxDets=100 ] = -1.000
 Average Precision  (AP) @[ IoU=0.50:0.95 | area=medium | maxDets=100 ] = 0.564
 Average Precision  (AP) @[ IoU=0.50:0.95 | area= large | maxDets=100 ] = 0.749
 Average Recall     (AR) @[ IoU=0.50:0.95 | area=   all | maxDets=  1 ] = 0.771
 Average Recall     (AR) @[ IoU=0.50:0.95 | area=   all | maxDets= 10 ] = 0.771
 Average Recall     (AR) @[ IoU=0.50:0.95 | area=   all | maxDets=100 ] = 0.771
 Average Recall     (AR) @[ IoU=0.50:0.95 | area= small | maxDets=100 ] = -1.000
 Average Recall     (AR) @[ IoU=0.50:0.95 | area=medium | maxDets=100 ] = 0.570
 Average Recall     (AR) @[ IoU=0.50:0.95 | area= large | maxDets=100 ] = 0.796
[08/15 07:14:13 d2.evaluation.coco_evaluation]: Evaluation results for bbox: 
|   AP   |  AP50  |  AP75  |  APs  |  APm   |  APl   |
|:------:|:------:|:------:|:-----:|:------:|:------:|
| 72.706 | 95.316 | 91.391 |  nan  | 56.376 | 74.856 |
[08/15 07:14:13 d2.evaluation.coco_evaluation]: Some metrics cannot be computed and is shown as NaN.
Loading and preparing results...
DONE (t=0.00s)
creating index...
index created!
Running per image evaluation...
Evaluate annotation type *segm*
DONE (t=0.02s).
Accumulating evaluation results...
DONE (t=0.01s).
 Average Precision  (AP) @[ IoU=0.50:0.95 | area=   all | maxDets=100 ] = 0.755
 Average Precision  (AP) @[ IoU=0.50      | area=   all | maxDets=100 ] = 0.953
 Average Precision  (AP) @[ IoU=0.75      | area=   all | maxDets=100 ] = 0.915
 Average Precision  (AP) @[ IoU=0.50:0.95 | area= small | maxDets=100 ] = -1.000
 Average Precision  (AP) @[ IoU=0.50:0.95 | area=medium | maxDets=100 ] = 0.620
 Average Precision  (AP) @[ IoU=0.50:0.95 | area= large | maxDets=100 ] = 0.773
 Average Recall     (AR) @[ IoU=0.50:0.95 | area=   all | maxDets=  1 ] = 0.784
 Average Recall     (AR) @[ IoU=0.50:0.95 | area=   all | maxDets= 10 ] = 0.784
 Average Recall     (AR) @[ IoU=0.50:0.95 | area=   all | maxDets=100 ] = 0.784
 Average Recall     (AR) @[ IoU=0.50:0.95 | area= small | maxDets=100 ] = -1.000
 Average Recall     (AR) @[ IoU=0.50:0.95 | area=medium | maxDets=100 ] = 0.630
 Average Recall     (AR) @[ IoU=0.50:0.95 | area= large | maxDets=100 ] = 0.804
[08/15 07:14:13 d2.evaluation.coco_evaluation]: Evaluation results for segm: 
|   AP   |  AP50  |  AP75  |  APs  |  APm   |  APl   |
|:------:|:------:|:------:|:-----:|:------:|:------:|
| 75.487 | 95.316 | 91.451 |  nan  | 61.987 | 77.326 |
[08/15 07:14:13 d2.evaluation.coco_evaluation]: Some metrics cannot be computed and is shown as NaN.
[Iter 2 AP] → mAP@[.5:.95] = 75.487
[08/15 07:14:13 d2.data.datasets.coco]: Loaded 89 images in COCO format from /projects/PUCHALLA/LLP2024/tumor-segmentation/data/processed_data/depth/test/images/test.json
[08/15 07:14:13 d2.data.datasets.coco]: Loaded 89 images in COCO format from /projects/PUCHALLA/LLP2024/tumor-segmentation/data/processed_data/depth/test/images/test.json
[08/15 07:14:13 d2.data.dataset_mapper]: [DatasetMapper] Augmentations used in inference: [ResizeShortestEdge(short_edge_length=(800, 800), max_size=1333, sample_style='choice')]
[08/15 07:14:13 d2.data.common]: Serializing the dataset using: <class 'detectron2.data.common._TorchSerializedList'>
[08/15 07:14:13 d2.data.common]: Serializing 89 elements to byte tensors and concatenating them all ...
[08/15 07:14:13 d2.data.common]: Serialized dataset takes 0.07 MiB
[08/15 07:14:13 d2.evaluation.evaluator]: Start inference on 89 batches
[08/15 07:14:15 d2.evaluation.evaluator]: Total inference time: 0:00:02.072862 (0.024677 s / iter per device, on 1 devices)
[08/15 07:14:15 d2.evaluation.evaluator]: Total inference pure compute time: 0:00:01 (0.023517 s / iter per device, on 1 devices)
[08/15 07:14:16 d2.utils.events]:  eta: 0:04:08  iter: 1719  total_loss: 0.2401  loss_cls: 0.02469  loss_box_reg: 0.05162  loss_mask: 0.159  loss_rpn_cls: 1.319e-05  loss_rpn_loc: 0.002817    time: 0.0760  last_time: 0.0754  data_time: 0.0025  last_data_time: 0.0020   lr: 0.0005  max_mem: 1680M
[08/15 07:14:18 d2.utils.events]:  eta: 0:04:07  iter: 1739  total_loss: 0.246  loss_cls: 0.02778  loss_box_reg: 0.05234  loss_mask: 0.17  loss_rpn_cls: 5.211e-06  loss_rpn_loc: 0.002758    time: 0.0760  last_time: 0.0815  data_time: 0.0025  last_data_time: 0.0020   lr: 0.0005  max_mem: 1680M
[08/15 07:14:20 d2.utils.events]:  eta: 0:04:06  iter: 1759  total_loss: 0.1674  loss_cls: 0.01987  loss_box_reg: 0.03732  loss_mask: 0.1102  loss_rpn_cls: 1.117e-05  loss_rpn_loc: 0.002495    time: 0.0760  last_time: 0.0819  data_time: 0.0025  last_data_time: 0.0020   lr: 0.0005  max_mem: 1680M
[08/15 07:14:21 d2.utils.events]:  eta: 0:04:04  iter: 1779  total_loss: 0.1868  loss_cls: 0.02162  loss_box_reg: 0.04104  loss_mask: 0.1306  loss_rpn_cls: 1.834e-05  loss_rpn_loc: 0.002257    time: 0.0760  last_time: 0.0722  data_time: 0.0026  last_data_time: 0.0028   lr: 0.0005  max_mem: 1680M
[08/15 07:14:23 d2.utils.events]:  eta: 0:04:03  iter: 1799  total_loss: 0.2067  loss_cls: 0.01887  loss_box_reg: 0.04255  loss_mask: 0.1413  loss_rpn_cls: 2.694e-05  loss_rpn_loc: 0.002753    time: 0.0760  last_time: 0.0710  data_time: 0.0024  last_data_time: 0.0020   lr: 0.0005  max_mem: 1680M
[08/15 07:14:23 d2.evaluation.coco_evaluation]: Fast COCO eval is not built. Falling back to official COCO eval.
[08/15 07:14:23 d2.data.datasets.coco]: Loaded 89 images in COCO format from /projects/PUCHALLA/LLP2024/tumor-segmentation/data/processed_data/depth/test/images/test.json
[08/15 07:14:23 d2.data.dataset_mapper]: [DatasetMapper] Augmentations used in inference: [ResizeShortestEdge(short_edge_length=(800, 800), max_size=1333, sample_style='choice')]
[08/15 07:14:23 d2.data.common]: Serializing the dataset using: <class 'detectron2.data.common._TorchSerializedList'>
[08/15 07:14:23 d2.data.common]: Serializing 89 elements to byte tensors and concatenating them all ...
[08/15 07:14:23 d2.data.common]: Serialized dataset takes 0.07 MiB
[08/15 07:14:23 d2.evaluation.evaluator]: Start inference on 89 batches
[08/15 07:14:23 d2.evaluation.evaluator]: Inference done 11/89. Dataloading: 0.0004 s/iter. Inference: 0.0237 s/iter. Eval: 0.0004 s/iter. Total: 0.0244 s/iter. ETA=0:00:01
[08/15 07:14:25 d2.evaluation.evaluator]: Total inference time: 0:00:02.062830 (0.024557 s / iter per device, on 1 devices)
[08/15 07:14:25 d2.evaluation.evaluator]: Total inference pure compute time: 0:00:01 (0.023428 s / iter per device, on 1 devices)
[08/15 07:14:25 d2.evaluation.coco_evaluation]: Preparing results for COCO format ...
[08/15 07:14:25 d2.evaluation.coco_evaluation]: Saving results to ../../../../../models/rgb-testing/depth-5000-1/coco_instances_results.json
[08/15 07:14:25 d2.evaluation.coco_evaluation]: Evaluating predictions with official COCO API...
Loading and preparing results...
DONE (t=0.00s)
creating index...
index created!
Running per image evaluation...
Evaluate annotation type *bbox*
DONE (t=0.02s).
Accumulating evaluation results...
DONE (t=0.01s).
 Average Precision  (AP) @[ IoU=0.50:0.95 | area=   all | maxDets=100 ] = 0.750
 Average Precision  (AP) @[ IoU=0.50      | area=   all | maxDets=100 ] = 0.962
 Average Precision  (AP) @[ IoU=0.75      | area=   all | maxDets=100 ] = 0.908
 Average Precision  (AP) @[ IoU=0.50:0.95 | area= small | maxDets=100 ] = -1.000
 Average Precision  (AP) @[ IoU=0.50:0.95 | area=medium | maxDets=100 ] = 0.625
 Average Precision  (AP) @[ IoU=0.50:0.95 | area= large | maxDets=100 ] = 0.769
 Average Recall     (AR) @[ IoU=0.50:0.95 | area=   all | maxDets=  1 ] = 0.792
 Average Recall     (AR) @[ IoU=0.50:0.95 | area=   all | maxDets= 10 ] = 0.796
 Average Recall     (AR) @[ IoU=0.50:0.95 | area=   all | maxDets=100 ] = 0.796
 Average Recall     (AR) @[ IoU=0.50:0.95 | area= small | maxDets=100 ] = -1.000
 Average Recall     (AR) @[ IoU=0.50:0.95 | area=medium | maxDets=100 ] = 0.640
 Average Recall     (AR) @[ IoU=0.50:0.95 | area= large | maxDets=100 ] = 0.815
[08/15 07:14:25 d2.evaluation.coco_evaluation]: Evaluation results for bbox: 
|   AP   |  AP50  |  AP75  |  APs  |  APm   |  APl   |
|:------:|:------:|:------:|:-----:|:------:|:------:|
| 74.985 | 96.248 | 90.840 |  nan  | 62.462 | 76.926 |
[08/15 07:14:25 d2.evaluation.coco_evaluation]: Some metrics cannot be computed and is shown as NaN.
Loading and preparing results...
DONE (t=0.00s)
creating index...
index created!
Running per image evaluation...
Evaluate annotation type *segm*
DONE (t=0.02s).
Accumulating evaluation results...
DONE (t=0.01s).
 Average Precision  (AP) @[ IoU=0.50:0.95 | area=   all | maxDets=100 ] = 0.732
 Average Precision  (AP) @[ IoU=0.50      | area=   all | maxDets=100 ] = 0.953
 Average Precision  (AP) @[ IoU=0.75      | area=   all | maxDets=100 ] = 0.895
 Average Precision  (AP) @[ IoU=0.50:0.95 | area= small | maxDets=100 ] = -1.000
 Average Precision  (AP) @[ IoU=0.50:0.95 | area=medium | maxDets=100 ] = 0.641
 Average Precision  (AP) @[ IoU=0.50:0.95 | area= large | maxDets=100 ] = 0.745
 Average Recall     (AR) @[ IoU=0.50:0.95 | area=   all | maxDets=  1 ] = 0.767
 Average Recall     (AR) @[ IoU=0.50:0.95 | area=   all | maxDets= 10 ] = 0.767
 Average Recall     (AR) @[ IoU=0.50:0.95 | area=   all | maxDets=100 ] = 0.767
 Average Recall     (AR) @[ IoU=0.50:0.95 | area= small | maxDets=100 ] = -1.000
 Average Recall     (AR) @[ IoU=0.50:0.95 | area=medium | maxDets=100 ] = 0.650
 Average Recall     (AR) @[ IoU=0.50:0.95 | area= large | maxDets=100 ] = 0.782
[08/15 07:14:25 d2.evaluation.coco_evaluation]: Evaluation results for segm: 
|   AP   |  AP50  |  AP75  |  APs  |  APm   |  APl   |
|:------:|:------:|:------:|:-----:|:------:|:------:|
| 73.177 | 95.312 | 89.525 |  nan  | 64.079 | 74.489 |
[08/15 07:14:25 d2.evaluation.coco_evaluation]: Some metrics cannot be computed and is shown as NaN.
[Iter 2 AP] → mAP@[.5:.95] = 73.177
[08/15 07:14:25 d2.data.datasets.coco]: Loaded 89 images in COCO format from /projects/PUCHALLA/LLP2024/tumor-segmentation/data/processed_data/depth/test/images/test.json
[08/15 07:14:25 d2.data.datasets.coco]: Loaded 89 images in COCO format from /projects/PUCHALLA/LLP2024/tumor-segmentation/data/processed_data/depth/test/images/test.json
[08/15 07:14:25 d2.data.dataset_mapper]: [DatasetMapper] Augmentations used in inference: [ResizeShortestEdge(short_edge_length=(800, 800), max_size=1333, sample_style='choice')]
[08/15 07:14:25 d2.data.common]: Serializing the dataset using: <class 'detectron2.data.common._TorchSerializedList'>
[08/15 07:14:25 d2.data.common]: Serializing 89 elements to byte tensors and concatenating them all ...
[08/15 07:14:25 d2.data.common]: Serialized dataset takes 0.07 MiB
[08/15 07:14:25 d2.evaluation.evaluator]: Start inference on 89 batches
[08/15 07:14:27 d2.evaluation.evaluator]: Total inference time: 0:00:02.053864 (0.024451 s / iter per device, on 1 devices)
[08/15 07:14:27 d2.evaluation.evaluator]: Total inference pure compute time: 0:00:01 (0.023308 s / iter per device, on 1 devices)
[08/15 07:14:29 d2.utils.events]:  eta: 0:04:01  iter: 1819  total_loss: 0.2169  loss_cls: 0.02525  loss_box_reg: 0.05195  loss_mask: 0.1463  loss_rpn_cls: 3.583e-06  loss_rpn_loc: 0.0023    time: 0.0760  last_time: 0.0791  data_time: 0.0023  last_data_time: 0.0020   lr: 0.0005  max_mem: 1680M
[08/15 07:14:30 d2.utils.events]:  eta: 0:04:00  iter: 1839  total_loss: 0.1804  loss_cls: 0.0192  loss_box_reg: 0.04304  loss_mask: 0.1214  loss_rpn_cls: 4.077e-05  loss_rpn_loc: 0.002367    time: 0.0760  last_time: 0.0725  data_time: 0.0024  last_data_time: 0.0021   lr: 0.0005  max_mem: 1680M
[08/15 07:14:32 d2.utils.events]:  eta: 0:03:58  iter: 1859  total_loss: 0.173  loss_cls: 0.01811  loss_box_reg: 0.04279  loss_mask: 0.1165  loss_rpn_cls: 1.835e-05  loss_rpn_loc: 0.002604    time: 0.0760  last_time: 0.0806  data_time: 0.0022  last_data_time: 0.0021   lr: 0.0005  max_mem: 1680M
[08/15 07:14:33 d2.utils.events]:  eta: 0:03:57  iter: 1879  total_loss: 0.1713  loss_cls: 0.01971  loss_box_reg: 0.04466  loss_mask: 0.1136  loss_rpn_cls: 1.226e-05  loss_rpn_loc: 0.002485    time: 0.0760  last_time: 0.0752  data_time: 0.0022  last_data_time: 0.0020   lr: 0.0005  max_mem: 1680M
[08/15 07:14:35 d2.utils.events]:  eta: 0:03:55  iter: 1899  total_loss: 0.1949  loss_cls: 0.02267  loss_box_reg: 0.04603  loss_mask: 0.1235  loss_rpn_cls: 1.584e-05  loss_rpn_loc: 0.002754    time: 0.0760  last_time: 0.0752  data_time: 0.0022  last_data_time: 0.0020   lr: 0.0005  max_mem: 1680M
[08/15 07:14:35 d2.evaluation.coco_evaluation]: Fast COCO eval is not built. Falling back to official COCO eval.
[08/15 07:14:35 d2.data.datasets.coco]: Loaded 89 images in COCO format from /projects/PUCHALLA/LLP2024/tumor-segmentation/data/processed_data/depth/test/images/test.json
[08/15 07:14:35 d2.data.dataset_mapper]: [DatasetMapper] Augmentations used in inference: [ResizeShortestEdge(short_edge_length=(800, 800), max_size=1333, sample_style='choice')]
[08/15 07:14:35 d2.data.common]: Serializing the dataset using: <class 'detectron2.data.common._TorchSerializedList'>
[08/15 07:14:35 d2.data.common]: Serializing 89 elements to byte tensors and concatenating them all ...
[08/15 07:14:35 d2.data.common]: Serialized dataset takes 0.07 MiB
[08/15 07:14:35 d2.evaluation.evaluator]: Start inference on 89 batches
[08/15 07:14:35 d2.evaluation.evaluator]: Inference done 11/89. Dataloading: 0.0004 s/iter. Inference: 0.0233 s/iter. Eval: 0.0003 s/iter. Total: 0.0241 s/iter. ETA=0:00:01
[08/15 07:14:37 d2.evaluation.evaluator]: Total inference time: 0:00:02.044489 (0.024339 s / iter per device, on 1 devices)
[08/15 07:14:37 d2.evaluation.evaluator]: Total inference pure compute time: 0:00:01 (0.023191 s / iter per device, on 1 devices)
[08/15 07:14:37 d2.evaluation.coco_evaluation]: Preparing results for COCO format ...
[08/15 07:14:37 d2.evaluation.coco_evaluation]: Saving results to ../../../../../models/rgb-testing/depth-5000-1/coco_instances_results.json
[08/15 07:14:37 d2.evaluation.coco_evaluation]: Evaluating predictions with official COCO API...
Loading and preparing results...
DONE (t=0.00s)
creating index...
index created!
Running per image evaluation...
Evaluate annotation type *bbox*
DONE (t=0.01s).
Accumulating evaluation results...
DONE (t=0.01s).
 Average Precision  (AP) @[ IoU=0.50:0.95 | area=   all | maxDets=100 ] = 0.676
 Average Precision  (AP) @[ IoU=0.50      | area=   all | maxDets=100 ] = 0.947
 Average Precision  (AP) @[ IoU=0.75      | area=   all | maxDets=100 ] = 0.832
 Average Precision  (AP) @[ IoU=0.50:0.95 | area= small | maxDets=100 ] = -1.000
 Average Precision  (AP) @[ IoU=0.50:0.95 | area=medium | maxDets=100 ] = 0.490
 Average Precision  (AP) @[ IoU=0.50:0.95 | area= large | maxDets=100 ] = 0.698
 Average Recall     (AR) @[ IoU=0.50:0.95 | area=   all | maxDets=  1 ] = 0.717
 Average Recall     (AR) @[ IoU=0.50:0.95 | area=   all | maxDets= 10 ] = 0.719
 Average Recall     (AR) @[ IoU=0.50:0.95 | area=   all | maxDets=100 ] = 0.719
 Average Recall     (AR) @[ IoU=0.50:0.95 | area= small | maxDets=100 ] = -1.000
 Average Recall     (AR) @[ IoU=0.50:0.95 | area=medium | maxDets=100 ] = 0.520
 Average Recall     (AR) @[ IoU=0.50:0.95 | area= large | maxDets=100 ] = 0.744
[08/15 07:14:37 d2.evaluation.coco_evaluation]: Evaluation results for bbox: 
|   AP   |  AP50  |  AP75  |  APs  |  APm   |  APl   |
|:------:|:------:|:------:|:-----:|:------:|:------:|
| 67.575 | 94.686 | 83.189 |  nan  | 49.005 | 69.801 |
[08/15 07:14:37 d2.evaluation.coco_evaluation]: Some metrics cannot be computed and is shown as NaN.
Loading and preparing results...
DONE (t=0.00s)
creating index...
index created!
Running per image evaluation...
Evaluate annotation type *segm*
DONE (t=0.02s).
Accumulating evaluation results...
DONE (t=0.01s).
 Average Precision  (AP) @[ IoU=0.50:0.95 | area=   all | maxDets=100 ] = 0.684
 Average Precision  (AP) @[ IoU=0.50      | area=   all | maxDets=100 ] = 0.944
 Average Precision  (AP) @[ IoU=0.75      | area=   all | maxDets=100 ] = 0.824
 Average Precision  (AP) @[ IoU=0.50:0.95 | area= small | maxDets=100 ] = -1.000
 Average Precision  (AP) @[ IoU=0.50:0.95 | area=medium | maxDets=100 ] = 0.523
 Average Precision  (AP) @[ IoU=0.50:0.95 | area= large | maxDets=100 ] = 0.705
 Average Recall     (AR) @[ IoU=0.50:0.95 | area=   all | maxDets=  1 ] = 0.718
 Average Recall     (AR) @[ IoU=0.50:0.95 | area=   all | maxDets= 10 ] = 0.720
 Average Recall     (AR) @[ IoU=0.50:0.95 | area=   all | maxDets=100 ] = 0.720
 Average Recall     (AR) @[ IoU=0.50:0.95 | area= small | maxDets=100 ] = -1.000
 Average Recall     (AR) @[ IoU=0.50:0.95 | area=medium | maxDets=100 ] = 0.560
 Average Recall     (AR) @[ IoU=0.50:0.95 | area= large | maxDets=100 ] = 0.741
[08/15 07:14:37 d2.evaluation.coco_evaluation]: Evaluation results for segm: 
|   AP   |  AP50  |  AP75  |  APs  |  APm   |  APl   |
|:------:|:------:|:------:|:-----:|:------:|:------:|
| 68.350 | 94.358 | 82.356 |  nan  | 52.320 | 70.450 |
[08/15 07:14:37 d2.evaluation.coco_evaluation]: Some metrics cannot be computed and is shown as NaN.
[Iter 2 AP] → mAP@[.5:.95] = 68.350
[08/15 07:14:37 d2.data.datasets.coco]: Loaded 89 images in COCO format from /projects/PUCHALLA/LLP2024/tumor-segmentation/data/processed_data/depth/test/images/test.json
[08/15 07:14:37 d2.data.datasets.coco]: Loaded 89 images in COCO format from /projects/PUCHALLA/LLP2024/tumor-segmentation/data/processed_data/depth/test/images/test.json
[08/15 07:14:37 d2.data.dataset_mapper]: [DatasetMapper] Augmentations used in inference: [ResizeShortestEdge(short_edge_length=(800, 800), max_size=1333, sample_style='choice')]
[08/15 07:14:37 d2.data.common]: Serializing the dataset using: <class 'detectron2.data.common._TorchSerializedList'>
[08/15 07:14:37 d2.data.common]: Serializing 89 elements to byte tensors and concatenating them all ...
[08/15 07:14:37 d2.data.common]: Serialized dataset takes 0.07 MiB
[08/15 07:14:37 d2.evaluation.evaluator]: Start inference on 89 batches
[08/15 07:14:40 d2.evaluation.evaluator]: Total inference time: 0:00:02.036376 (0.024243 s / iter per device, on 1 devices)
[08/15 07:14:40 d2.evaluation.evaluator]: Total inference pure compute time: 0:00:01 (0.023113 s / iter per device, on 1 devices)
[08/15 07:14:41 d2.utils.events]:  eta: 0:03:54  iter: 1919  total_loss: 0.2226  loss_cls: 0.02375  loss_box_reg: 0.04857  loss_mask: 0.1598  loss_rpn_cls: 1.858e-05  loss_rpn_loc: 0.002513    time: 0.0761  last_time: 0.0812  data_time: 0.0025  last_data_time: 0.0030   lr: 0.0005  max_mem: 1680M
[08/15 07:14:43 d2.utils.events]:  eta: 0:03:52  iter: 1939  total_loss: 0.1897  loss_cls: 0.01998  loss_box_reg: 0.03767  loss_mask: 0.1266  loss_rpn_cls: 5.022e-05  loss_rpn_loc: 0.002612    time: 0.0761  last_time: 0.0744  data_time: 0.0022  last_data_time: 0.0020   lr: 0.0005  max_mem: 1680M
[08/15 07:14:44 d2.utils.events]:  eta: 0:03:51  iter: 1959  total_loss: 0.1958  loss_cls: 0.01856  loss_box_reg: 0.04477  loss_mask: 0.1317  loss_rpn_cls: 1.713e-05  loss_rpn_loc: 0.003099    time: 0.0761  last_time: 0.0778  data_time: 0.0022  last_data_time: 0.0020   lr: 0.0005  max_mem: 1680M
[08/15 07:14:46 d2.utils.events]:  eta: 0:03:49  iter: 1979  total_loss: 0.1822  loss_cls: 0.01827  loss_box_reg: 0.0432  loss_mask: 0.1211  loss_rpn_cls: 4.974e-05  loss_rpn_loc: 0.00205    time: 0.0761  last_time: 0.0767  data_time: 0.0021  last_data_time: 0.0021   lr: 0.0005  max_mem: 1680M
[08/15 07:14:47 d2.utils.events]:  eta: 0:03:48  iter: 1999  total_loss: 0.2041  loss_cls: 0.01949  loss_box_reg: 0.04263  loss_mask: 0.1319  loss_rpn_cls: 4.292e-05  loss_rpn_loc: 0.002495    time: 0.0761  last_time: 0.0761  data_time: 0.0023  last_data_time: 0.0028   lr: 0.0005  max_mem: 1680M
[08/15 07:14:47 d2.evaluation.coco_evaluation]: Fast COCO eval is not built. Falling back to official COCO eval.
[08/15 07:14:47 d2.data.datasets.coco]: Loaded 89 images in COCO format from /projects/PUCHALLA/LLP2024/tumor-segmentation/data/processed_data/depth/test/images/test.json
[08/15 07:14:47 d2.data.dataset_mapper]: [DatasetMapper] Augmentations used in inference: [ResizeShortestEdge(short_edge_length=(800, 800), max_size=1333, sample_style='choice')]
[08/15 07:14:47 d2.data.common]: Serializing the dataset using: <class 'detectron2.data.common._TorchSerializedList'>
[08/15 07:14:47 d2.data.common]: Serializing 89 elements to byte tensors and concatenating them all ...
[08/15 07:14:47 d2.data.common]: Serialized dataset takes 0.07 MiB
[08/15 07:14:47 d2.evaluation.evaluator]: Start inference on 89 batches
[08/15 07:14:48 d2.evaluation.evaluator]: Inference done 11/89. Dataloading: 0.0004 s/iter. Inference: 0.0234 s/iter. Eval: 0.0003 s/iter. Total: 0.0241 s/iter. ETA=0:00:01
[08/15 07:14:50 d2.evaluation.evaluator]: Total inference time: 0:00:02.080099 (0.024763 s / iter per device, on 1 devices)
[08/15 07:14:50 d2.evaluation.evaluator]: Total inference pure compute time: 0:00:01 (0.023632 s / iter per device, on 1 devices)
[08/15 07:14:50 d2.evaluation.coco_evaluation]: Preparing results for COCO format ...
[08/15 07:14:50 d2.evaluation.coco_evaluation]: Saving results to ../../../../../models/rgb-testing/depth-5000-1/coco_instances_results.json
[08/15 07:14:50 d2.evaluation.coco_evaluation]: Evaluating predictions with official COCO API...
Loading and preparing results...
DONE (t=0.00s)
creating index...
index created!
Running per image evaluation...
Evaluate annotation type *bbox*
DONE (t=0.01s).
Accumulating evaluation results...
DONE (t=0.01s).
 Average Precision  (AP) @[ IoU=0.50:0.95 | area=   all | maxDets=100 ] = 0.741
 Average Precision  (AP) @[ IoU=0.50      | area=   all | maxDets=100 ] = 0.965
 Average Precision  (AP) @[ IoU=0.75      | area=   all | maxDets=100 ] = 0.902
 Average Precision  (AP) @[ IoU=0.50:0.95 | area= small | maxDets=100 ] = -1.000
 Average Precision  (AP) @[ IoU=0.50:0.95 | area=medium | maxDets=100 ] = 0.631
 Average Precision  (AP) @[ IoU=0.50:0.95 | area= large | maxDets=100 ] = 0.755
 Average Recall     (AR) @[ IoU=0.50:0.95 | area=   all | maxDets=  1 ] = 0.784
 Average Recall     (AR) @[ IoU=0.50:0.95 | area=   all | maxDets= 10 ] = 0.784
 Average Recall     (AR) @[ IoU=0.50:0.95 | area=   all | maxDets=100 ] = 0.784
 Average Recall     (AR) @[ IoU=0.50:0.95 | area= small | maxDets=100 ] = -1.000
 Average Recall     (AR) @[ IoU=0.50:0.95 | area=medium | maxDets=100 ] = 0.640
 Average Recall     (AR) @[ IoU=0.50:0.95 | area= large | maxDets=100 ] = 0.803
[08/15 07:14:50 d2.evaluation.coco_evaluation]: Evaluation results for bbox: 
|   AP   |  AP50  |  AP75  |  APs  |  APm   |  APl   |
|:------:|:------:|:------:|:-----:|:------:|:------:|
| 74.064 | 96.494 | 90.231 |  nan  | 63.059 | 75.485 |
[08/15 07:14:50 d2.evaluation.coco_evaluation]: Some metrics cannot be computed and is shown as NaN.
Loading and preparing results...
DONE (t=0.00s)
creating index...
index created!
Running per image evaluation...
Evaluate annotation type *segm*
DONE (t=0.02s).
Accumulating evaluation results...
DONE (t=0.01s).
 Average Precision  (AP) @[ IoU=0.50:0.95 | area=   all | maxDets=100 ] = 0.748
 Average Precision  (AP) @[ IoU=0.50      | area=   all | maxDets=100 ] = 0.955
 Average Precision  (AP) @[ IoU=0.75      | area=   all | maxDets=100 ] = 0.871
 Average Precision  (AP) @[ IoU=0.50:0.95 | area= small | maxDets=100 ] = -1.000
 Average Precision  (AP) @[ IoU=0.50:0.95 | area=medium | maxDets=100 ] = 0.656
 Average Precision  (AP) @[ IoU=0.50:0.95 | area= large | maxDets=100 ] = 0.760
 Average Recall     (AR) @[ IoU=0.50:0.95 | area=   all | maxDets=  1 ] = 0.782
 Average Recall     (AR) @[ IoU=0.50:0.95 | area=   all | maxDets= 10 ] = 0.782
 Average Recall     (AR) @[ IoU=0.50:0.95 | area=   all | maxDets=100 ] = 0.782
 Average Recall     (AR) @[ IoU=0.50:0.95 | area= small | maxDets=100 ] = -1.000
 Average Recall     (AR) @[ IoU=0.50:0.95 | area=medium | maxDets=100 ] = 0.670
 Average Recall     (AR) @[ IoU=0.50:0.95 | area= large | maxDets=100 ] = 0.796
[08/15 07:14:50 d2.evaluation.coco_evaluation]: Evaluation results for segm: 
|   AP   |  AP50  |  AP75  |  APs  |  APm   |  APl   |
|:------:|:------:|:------:|:-----:|:------:|:------:|
| 74.817 | 95.495 | 87.107 |  nan  | 65.577 | 76.041 |
[08/15 07:14:50 d2.evaluation.coco_evaluation]: Some metrics cannot be computed and is shown as NaN.
[Iter 2 AP] → mAP@[.5:.95] = 74.817
[08/15 07:14:50 d2.data.datasets.coco]: Loaded 89 images in COCO format from /projects/PUCHALLA/LLP2024/tumor-segmentation/data/processed_data/depth/test/images/test.json
[08/15 07:14:50 d2.data.datasets.coco]: Loaded 89 images in COCO format from /projects/PUCHALLA/LLP2024/tumor-segmentation/data/processed_data/depth/test/images/test.json
[08/15 07:14:50 d2.data.dataset_mapper]: [DatasetMapper] Augmentations used in inference: [ResizeShortestEdge(short_edge_length=(800, 800), max_size=1333, sample_style='choice')]
[08/15 07:14:50 d2.data.common]: Serializing the dataset using: <class 'detectron2.data.common._TorchSerializedList'>
[08/15 07:14:50 d2.data.common]: Serializing 89 elements to byte tensors and concatenating them all ...
[08/15 07:14:50 d2.data.common]: Serialized dataset takes 0.07 MiB
[08/15 07:14:50 d2.evaluation.evaluator]: Start inference on 89 batches
[08/15 07:14:52 d2.evaluation.evaluator]: Total inference time: 0:00:02.053488 (0.024446 s / iter per device, on 1 devices)
[08/15 07:14:52 d2.evaluation.evaluator]: Total inference pure compute time: 0:00:01 (0.023312 s / iter per device, on 1 devices)
[08/15 07:14:53 d2.utils.events]:  eta: 0:03:46  iter: 2019  total_loss: 0.1789  loss_cls: 0.02036  loss_box_reg: 0.04538  loss_mask: 0.1183  loss_rpn_cls: 1.46e-05  loss_rpn_loc: 0.002157    time: 0.0761  last_time: 0.0799  data_time: 0.0021  last_data_time: 0.0020   lr: 0.0005  max_mem: 1680M
[08/15 07:14:55 d2.utils.events]:  eta: 0:03:45  iter: 2039  total_loss: 0.1716  loss_cls: 0.01954  loss_box_reg: 0.0361  loss_mask: 0.1163  loss_rpn_cls: 1.324e-05  loss_rpn_loc: 0.001818    time: 0.0761  last_time: 0.0763  data_time: 0.0021  last_data_time: 0.0028   lr: 0.0005  max_mem: 1680M
[08/15 07:14:56 d2.utils.events]:  eta: 0:03:43  iter: 2059  total_loss: 0.1566  loss_cls: 0.01599  loss_box_reg: 0.04054  loss_mask: 0.1029  loss_rpn_cls: 6.327e-05  loss_rpn_loc: 0.002877    time: 0.0761  last_time: 0.0696  data_time: 0.0025  last_data_time: 0.0028   lr: 0.0005  max_mem: 1680M
[08/15 07:14:58 d2.utils.events]:  eta: 0:03:42  iter: 2079  total_loss: 0.1888  loss_cls: 0.02033  loss_box_reg: 0.04851  loss_mask: 0.1219  loss_rpn_cls: 2.987e-05  loss_rpn_loc: 0.002117    time: 0.0761  last_time: 0.0770  data_time: 0.0024  last_data_time: 0.0020   lr: 0.0005  max_mem: 1680M
[08/15 07:14:59 d2.utils.events]:  eta: 0:03:40  iter: 2099  total_loss: 0.2018  loss_cls: 0.02093  loss_box_reg: 0.04386  loss_mask: 0.1333  loss_rpn_cls: 1.048e-05  loss_rpn_loc: 0.002641    time: 0.0761  last_time: 0.0768  data_time: 0.0021  last_data_time: 0.0020   lr: 0.0005  max_mem: 1680M
[08/15 07:15:00 d2.evaluation.coco_evaluation]: Fast COCO eval is not built. Falling back to official COCO eval.
[08/15 07:15:00 d2.data.datasets.coco]: Loaded 89 images in COCO format from /projects/PUCHALLA/LLP2024/tumor-segmentation/data/processed_data/depth/test/images/test.json
[08/15 07:15:00 d2.data.dataset_mapper]: [DatasetMapper] Augmentations used in inference: [ResizeShortestEdge(short_edge_length=(800, 800), max_size=1333, sample_style='choice')]
[08/15 07:15:00 d2.data.common]: Serializing the dataset using: <class 'detectron2.data.common._TorchSerializedList'>
[08/15 07:15:00 d2.data.common]: Serializing 89 elements to byte tensors and concatenating them all ...
[08/15 07:15:00 d2.data.common]: Serialized dataset takes 0.07 MiB
[08/15 07:15:00 d2.evaluation.evaluator]: Start inference on 89 batches
[08/15 07:15:00 d2.evaluation.evaluator]: Inference done 11/89. Dataloading: 0.0004 s/iter. Inference: 0.0236 s/iter. Eval: 0.0003 s/iter. Total: 0.0244 s/iter. ETA=0:00:01
[08/15 07:15:02 d2.evaluation.evaluator]: Total inference time: 0:00:02.064816 (0.024581 s / iter per device, on 1 devices)
[08/15 07:15:02 d2.evaluation.evaluator]: Total inference pure compute time: 0:00:01 (0.023422 s / iter per device, on 1 devices)
[08/15 07:15:02 d2.evaluation.coco_evaluation]: Preparing results for COCO format ...
[08/15 07:15:02 d2.evaluation.coco_evaluation]: Saving results to ../../../../../models/rgb-testing/depth-5000-1/coco_instances_results.json
[08/15 07:15:02 d2.evaluation.coco_evaluation]: Evaluating predictions with official COCO API...
Loading and preparing results...
DONE (t=0.00s)
creating index...
index created!
Running per image evaluation...
Evaluate annotation type *bbox*
DONE (t=0.01s).
Accumulating evaluation results...
DONE (t=0.01s).
 Average Precision  (AP) @[ IoU=0.50:0.95 | area=   all | maxDets=100 ] = 0.688
 Average Precision  (AP) @[ IoU=0.50      | area=   all | maxDets=100 ] = 0.959
 Average Precision  (AP) @[ IoU=0.75      | area=   all | maxDets=100 ] = 0.869
 Average Precision  (AP) @[ IoU=0.50:0.95 | area= small | maxDets=100 ] = -1.000
 Average Precision  (AP) @[ IoU=0.50:0.95 | area=medium | maxDets=100 ] = 0.512
 Average Precision  (AP) @[ IoU=0.50:0.95 | area= large | maxDets=100 ] = 0.713
 Average Recall     (AR) @[ IoU=0.50:0.95 | area=   all | maxDets=  1 ] = 0.738
 Average Recall     (AR) @[ IoU=0.50:0.95 | area=   all | maxDets= 10 ] = 0.738
 Average Recall     (AR) @[ IoU=0.50:0.95 | area=   all | maxDets=100 ] = 0.738
 Average Recall     (AR) @[ IoU=0.50:0.95 | area= small | maxDets=100 ] = -1.000
 Average Recall     (AR) @[ IoU=0.50:0.95 | area=medium | maxDets=100 ] = 0.520
 Average Recall     (AR) @[ IoU=0.50:0.95 | area= large | maxDets=100 ] = 0.766
[08/15 07:15:02 d2.evaluation.coco_evaluation]: Evaluation results for bbox: 
|   AP   |  AP50  |  AP75  |  APs  |  APm   |  APl   |
|:------:|:------:|:------:|:-----:|:------:|:------:|
| 68.772 | 95.890 | 86.875 |  nan  | 51.236 | 71.253 |
[08/15 07:15:02 d2.evaluation.coco_evaluation]: Some metrics cannot be computed and is shown as NaN.
Loading and preparing results...
DONE (t=0.00s)
creating index...
index created!
Running per image evaluation...
Evaluate annotation type *segm*
DONE (t=0.02s).
Accumulating evaluation results...
DONE (t=0.01s).
 Average Precision  (AP) @[ IoU=0.50:0.95 | area=   all | maxDets=100 ] = 0.707
 Average Precision  (AP) @[ IoU=0.50      | area=   all | maxDets=100 ] = 0.959
 Average Precision  (AP) @[ IoU=0.75      | area=   all | maxDets=100 ] = 0.826
 Average Precision  (AP) @[ IoU=0.50:0.95 | area= small | maxDets=100 ] = -1.000
 Average Precision  (AP) @[ IoU=0.50:0.95 | area=medium | maxDets=100 ] = 0.528
 Average Precision  (AP) @[ IoU=0.50:0.95 | area= large | maxDets=100 ] = 0.732
 Average Recall     (AR) @[ IoU=0.50:0.95 | area=   all | maxDets=  1 ] = 0.745
 Average Recall     (AR) @[ IoU=0.50:0.95 | area=   all | maxDets= 10 ] = 0.745
 Average Recall     (AR) @[ IoU=0.50:0.95 | area=   all | maxDets=100 ] = 0.745
 Average Recall     (AR) @[ IoU=0.50:0.95 | area= small | maxDets=100 ] = -1.000
 Average Recall     (AR) @[ IoU=0.50:0.95 | area=medium | maxDets=100 ] = 0.540
 Average Recall     (AR) @[ IoU=0.50:0.95 | area= large | maxDets=100 ] = 0.771
[08/15 07:15:02 d2.evaluation.coco_evaluation]: Evaluation results for segm: 
|   AP   |  AP50  |  AP75  |  APs  |  APm   |  APl   |
|:------:|:------:|:------:|:-----:|:------:|:------:|
| 70.742 | 95.890 | 82.588 |  nan  | 52.804 | 73.181 |
[08/15 07:15:02 d2.evaluation.coco_evaluation]: Some metrics cannot be computed and is shown as NaN.
[Iter 2 AP] → mAP@[.5:.95] = 70.742
[08/15 07:15:02 d2.data.datasets.coco]: Loaded 89 images in COCO format from /projects/PUCHALLA/LLP2024/tumor-segmentation/data/processed_data/depth/test/images/test.json
[08/15 07:15:02 d2.data.datasets.coco]: Loaded 89 images in COCO format from /projects/PUCHALLA/LLP2024/tumor-segmentation/data/processed_data/depth/test/images/test.json
[08/15 07:15:02 d2.data.dataset_mapper]: [DatasetMapper] Augmentations used in inference: [ResizeShortestEdge(short_edge_length=(800, 800), max_size=1333, sample_style='choice')]
[08/15 07:15:02 d2.data.common]: Serializing the dataset using: <class 'detectron2.data.common._TorchSerializedList'>
[08/15 07:15:02 d2.data.common]: Serializing 89 elements to byte tensors and concatenating them all ...
[08/15 07:15:02 d2.data.common]: Serialized dataset takes 0.07 MiB
[08/15 07:15:02 d2.evaluation.evaluator]: Start inference on 89 batches
[08/15 07:15:04 d2.evaluation.evaluator]: Total inference time: 0:00:02.074396 (0.024695 s / iter per device, on 1 devices)
[08/15 07:15:04 d2.evaluation.evaluator]: Total inference pure compute time: 0:00:01 (0.023571 s / iter per device, on 1 devices)
[08/15 07:15:06 d2.utils.events]:  eta: 0:03:39  iter: 2119  total_loss: 0.2548  loss_cls: 0.02823  loss_box_reg: 0.05856  loss_mask: 0.1575  loss_rpn_cls: 3.839e-05  loss_rpn_loc: 0.002407    time: 0.0761  last_time: 0.0732  data_time: 0.0023  last_data_time: 0.0020   lr: 0.0005  max_mem: 1680M
[08/15 07:15:07 d2.utils.events]:  eta: 0:03:37  iter: 2139  total_loss: 0.2024  loss_cls: 0.02139  loss_box_reg: 0.04495  loss_mask: 0.1348  loss_rpn_cls: 2.185e-05  loss_rpn_loc: 0.003239    time: 0.0761  last_time: 0.0813  data_time: 0.0024  last_data_time: 0.0021   lr: 0.0005  max_mem: 1680M
[08/15 07:15:09 d2.utils.events]:  eta: 0:03:36  iter: 2159  total_loss: 0.1837  loss_cls: 0.01863  loss_box_reg: 0.03913  loss_mask: 0.1239  loss_rpn_cls: 1.149e-05  loss_rpn_loc: 0.003094    time: 0.0761  last_time: 0.0744  data_time: 0.0027  last_data_time: 0.0021   lr: 0.0005  max_mem: 1680M
[08/15 07:15:10 d2.utils.events]:  eta: 0:03:34  iter: 2179  total_loss: 0.1959  loss_cls: 0.02175  loss_box_reg: 0.04332  loss_mask: 0.1289  loss_rpn_cls: 1.355e-05  loss_rpn_loc: 0.002508    time: 0.0761  last_time: 0.0681  data_time: 0.0025  last_data_time: 0.0019   lr: 0.0005  max_mem: 1680M
[08/15 07:15:12 d2.utils.events]:  eta: 0:03:33  iter: 2199  total_loss: 0.2357  loss_cls: 0.02319  loss_box_reg: 0.04717  loss_mask: 0.1639  loss_rpn_cls: 6.52e-06  loss_rpn_loc: 0.002513    time: 0.0761  last_time: 0.0730  data_time: 0.0023  last_data_time: 0.0019   lr: 0.0005  max_mem: 1680M
[08/15 07:15:12 d2.evaluation.coco_evaluation]: Fast COCO eval is not built. Falling back to official COCO eval.
[08/15 07:15:12 d2.data.datasets.coco]: Loaded 89 images in COCO format from /projects/PUCHALLA/LLP2024/tumor-segmentation/data/processed_data/depth/test/images/test.json
[08/15 07:15:12 d2.data.dataset_mapper]: [DatasetMapper] Augmentations used in inference: [ResizeShortestEdge(short_edge_length=(800, 800), max_size=1333, sample_style='choice')]
[08/15 07:15:12 d2.data.common]: Serializing the dataset using: <class 'detectron2.data.common._TorchSerializedList'>
[08/15 07:15:12 d2.data.common]: Serializing 89 elements to byte tensors and concatenating them all ...
[08/15 07:15:12 d2.data.common]: Serialized dataset takes 0.07 MiB
[08/15 07:15:12 d2.evaluation.evaluator]: Start inference on 89 batches
[08/15 07:15:12 d2.evaluation.evaluator]: Inference done 11/89. Dataloading: 0.0005 s/iter. Inference: 0.0235 s/iter. Eval: 0.0004 s/iter. Total: 0.0244 s/iter. ETA=0:00:01
[08/15 07:15:14 d2.evaluation.evaluator]: Total inference time: 0:00:02.088090 (0.024858 s / iter per device, on 1 devices)
[08/15 07:15:14 d2.evaluation.evaluator]: Total inference pure compute time: 0:00:01 (0.023704 s / iter per device, on 1 devices)
[08/15 07:15:14 d2.evaluation.coco_evaluation]: Preparing results for COCO format ...
[08/15 07:15:14 d2.evaluation.coco_evaluation]: Saving results to ../../../../../models/rgb-testing/depth-5000-1/coco_instances_results.json
[08/15 07:15:14 d2.evaluation.coco_evaluation]: Evaluating predictions with official COCO API...
Loading and preparing results...
DONE (t=0.00s)
creating index...
index created!
Running per image evaluation...
Evaluate annotation type *bbox*
DONE (t=0.01s).
Accumulating evaluation results...
DONE (t=0.01s).
 Average Precision  (AP) @[ IoU=0.50:0.95 | area=   all | maxDets=100 ] = 0.703
 Average Precision  (AP) @[ IoU=0.50      | area=   all | maxDets=100 ] = 0.950
 Average Precision  (AP) @[ IoU=0.75      | area=   all | maxDets=100 ] = 0.857
 Average Precision  (AP) @[ IoU=0.50:0.95 | area= small | maxDets=100 ] = -1.000
 Average Precision  (AP) @[ IoU=0.50:0.95 | area=medium | maxDets=100 ] = 0.552
 Average Precision  (AP) @[ IoU=0.50:0.95 | area= large | maxDets=100 ] = 0.726
 Average Recall     (AR) @[ IoU=0.50:0.95 | area=   all | maxDets=  1 ] = 0.736
 Average Recall     (AR) @[ IoU=0.50:0.95 | area=   all | maxDets= 10 ] = 0.752
 Average Recall     (AR) @[ IoU=0.50:0.95 | area=   all | maxDets=100 ] = 0.752
 Average Recall     (AR) @[ IoU=0.50:0.95 | area= small | maxDets=100 ] = -1.000
 Average Recall     (AR) @[ IoU=0.50:0.95 | area=medium | maxDets=100 ] = 0.580
 Average Recall     (AR) @[ IoU=0.50:0.95 | area= large | maxDets=100 ] = 0.773
[08/15 07:15:14 d2.evaluation.coco_evaluation]: Evaluation results for bbox: 
|   AP   |  AP50  |  AP75  |  APs  |  APm   |  APl   |
|:------:|:------:|:------:|:-----:|:------:|:------:|
| 70.341 | 95.033 | 85.660 |  nan  | 55.223 | 72.646 |
[08/15 07:15:14 d2.evaluation.coco_evaluation]: Some metrics cannot be computed and is shown as NaN.
Loading and preparing results...
DONE (t=0.00s)
creating index...
index created!
Running per image evaluation...
Evaluate annotation type *segm*
DONE (t=0.02s).
Accumulating evaluation results...
DONE (t=0.01s).
 Average Precision  (AP) @[ IoU=0.50:0.95 | area=   all | maxDets=100 ] = 0.692
 Average Precision  (AP) @[ IoU=0.50      | area=   all | maxDets=100 ] = 0.950
 Average Precision  (AP) @[ IoU=0.75      | area=   all | maxDets=100 ] = 0.832
 Average Precision  (AP) @[ IoU=0.50:0.95 | area= small | maxDets=100 ] = -1.000
 Average Precision  (AP) @[ IoU=0.50:0.95 | area=medium | maxDets=100 ] = 0.521
 Average Precision  (AP) @[ IoU=0.50:0.95 | area= large | maxDets=100 ] = 0.714
 Average Recall     (AR) @[ IoU=0.50:0.95 | area=   all | maxDets=  1 ] = 0.722
 Average Recall     (AR) @[ IoU=0.50:0.95 | area=   all | maxDets= 10 ] = 0.735
 Average Recall     (AR) @[ IoU=0.50:0.95 | area=   all | maxDets=100 ] = 0.735
 Average Recall     (AR) @[ IoU=0.50:0.95 | area= small | maxDets=100 ] = -1.000
 Average Recall     (AR) @[ IoU=0.50:0.95 | area=medium | maxDets=100 ] = 0.590
 Average Recall     (AR) @[ IoU=0.50:0.95 | area= large | maxDets=100 ] = 0.753
[08/15 07:15:14 d2.evaluation.coco_evaluation]: Evaluation results for segm: 
|   AP   |  AP50  |  AP75  |  APs  |  APm   |  APl   |
|:------:|:------:|:------:|:-----:|:------:|:------:|
| 69.198 | 95.033 | 83.202 |  nan  | 52.095 | 71.408 |
[08/15 07:15:14 d2.evaluation.coco_evaluation]: Some metrics cannot be computed and is shown as NaN.
[Iter 2 AP] → mAP@[.5:.95] = 69.198
[08/15 07:15:14 d2.data.datasets.coco]: Loaded 89 images in COCO format from /projects/PUCHALLA/LLP2024/tumor-segmentation/data/processed_data/depth/test/images/test.json
[08/15 07:15:14 d2.data.datasets.coco]: Loaded 89 images in COCO format from /projects/PUCHALLA/LLP2024/tumor-segmentation/data/processed_data/depth/test/images/test.json
[08/15 07:15:14 d2.data.dataset_mapper]: [DatasetMapper] Augmentations used in inference: [ResizeShortestEdge(short_edge_length=(800, 800), max_size=1333, sample_style='choice')]
[08/15 07:15:14 d2.data.common]: Serializing the dataset using: <class 'detectron2.data.common._TorchSerializedList'>
[08/15 07:15:14 d2.data.common]: Serializing 89 elements to byte tensors and concatenating them all ...
[08/15 07:15:14 d2.data.common]: Serialized dataset takes 0.07 MiB
[08/15 07:15:14 d2.evaluation.evaluator]: Start inference on 89 batches
[08/15 07:15:16 d2.evaluation.evaluator]: Total inference time: 0:00:02.070091 (0.024644 s / iter per device, on 1 devices)
[08/15 07:15:16 d2.evaluation.evaluator]: Total inference pure compute time: 0:00:01 (0.023508 s / iter per device, on 1 devices)
[08/15 07:15:18 d2.utils.events]:  eta: 0:03:31  iter: 2219  total_loss: 0.1826  loss_cls: 0.02031  loss_box_reg: 0.03924  loss_mask: 0.115  loss_rpn_cls: 1.712e-05  loss_rpn_loc: 0.002727    time: 0.0761  last_time: 0.0842  data_time: 0.0021  last_data_time: 0.0019   lr: 0.0005  max_mem: 1680M
[08/15 07:15:19 d2.utils.events]:  eta: 0:03:30  iter: 2239  total_loss: 0.1893  loss_cls: 0.01739  loss_box_reg: 0.04387  loss_mask: 0.1236  loss_rpn_cls: 1.254e-05  loss_rpn_loc: 0.002373    time: 0.0761  last_time: 0.0816  data_time: 0.0023  last_data_time: 0.0029   lr: 0.0005  max_mem: 1680M
[08/15 07:15:21 d2.utils.events]:  eta: 0:03:28  iter: 2259  total_loss: 0.1682  loss_cls: 0.01976  loss_box_reg: 0.03879  loss_mask: 0.107  loss_rpn_cls: 5.069e-06  loss_rpn_loc: 0.002685    time: 0.0761  last_time: 0.0762  data_time: 0.0026  last_data_time: 0.0020   lr: 0.0005  max_mem: 1680M
[08/15 07:15:23 d2.utils.events]:  eta: 0:03:27  iter: 2279  total_loss: 0.1694  loss_cls: 0.01935  loss_box_reg: 0.03865  loss_mask: 0.1091  loss_rpn_cls: 4.972e-06  loss_rpn_loc: 0.001888    time: 0.0761  last_time: 0.0786  data_time: 0.0028  last_data_time: 0.0031   lr: 0.0005  max_mem: 1680M
[08/15 07:15:24 d2.utils.events]:  eta: 0:03:25  iter: 2299  total_loss: 0.1697  loss_cls: 0.01967  loss_box_reg: 0.0406  loss_mask: 0.1133  loss_rpn_cls: 7.147e-06  loss_rpn_loc: 0.002785    time: 0.0761  last_time: 0.0770  data_time: 0.0023  last_data_time: 0.0019   lr: 0.0005  max_mem: 1680M
[08/15 07:15:24 d2.evaluation.coco_evaluation]: Fast COCO eval is not built. Falling back to official COCO eval.
[08/15 07:15:24 d2.data.datasets.coco]: Loaded 89 images in COCO format from /projects/PUCHALLA/LLP2024/tumor-segmentation/data/processed_data/depth/test/images/test.json
[08/15 07:15:24 d2.data.dataset_mapper]: [DatasetMapper] Augmentations used in inference: [ResizeShortestEdge(short_edge_length=(800, 800), max_size=1333, sample_style='choice')]
[08/15 07:15:24 d2.data.common]: Serializing the dataset using: <class 'detectron2.data.common._TorchSerializedList'>
[08/15 07:15:24 d2.data.common]: Serializing 89 elements to byte tensors and concatenating them all ...
[08/15 07:15:24 d2.data.common]: Serialized dataset takes 0.07 MiB
[08/15 07:15:24 d2.evaluation.evaluator]: Start inference on 89 batches
[08/15 07:15:24 d2.evaluation.evaluator]: Inference done 11/89. Dataloading: 0.0004 s/iter. Inference: 0.0229 s/iter. Eval: 0.0003 s/iter. Total: 0.0237 s/iter. ETA=0:00:01
[08/15 07:15:26 d2.evaluation.evaluator]: Total inference time: 0:00:02.056033 (0.024477 s / iter per device, on 1 devices)
[08/15 07:15:26 d2.evaluation.evaluator]: Total inference pure compute time: 0:00:01 (0.023317 s / iter per device, on 1 devices)
[08/15 07:15:26 d2.evaluation.coco_evaluation]: Preparing results for COCO format ...
[08/15 07:15:26 d2.evaluation.coco_evaluation]: Saving results to ../../../../../models/rgb-testing/depth-5000-1/coco_instances_results.json
[08/15 07:15:26 d2.evaluation.coco_evaluation]: Evaluating predictions with official COCO API...
Loading and preparing results...
DONE (t=0.00s)
creating index...
index created!
Running per image evaluation...
Evaluate annotation type *bbox*
DONE (t=0.01s).
Accumulating evaluation results...
DONE (t=0.01s).
 Average Precision  (AP) @[ IoU=0.50:0.95 | area=   all | maxDets=100 ] = 0.738
 Average Precision  (AP) @[ IoU=0.50      | area=   all | maxDets=100 ] = 0.955
 Average Precision  (AP) @[ IoU=0.75      | area=   all | maxDets=100 ] = 0.916
 Average Precision  (AP) @[ IoU=0.50:0.95 | area= small | maxDets=100 ] = -1.000
 Average Precision  (AP) @[ IoU=0.50:0.95 | area=medium | maxDets=100 ] = 0.516
 Average Precision  (AP) @[ IoU=0.50:0.95 | area= large | maxDets=100 ] = 0.766
 Average Recall     (AR) @[ IoU=0.50:0.95 | area=   all | maxDets=  1 ] = 0.775
 Average Recall     (AR) @[ IoU=0.50:0.95 | area=   all | maxDets= 10 ] = 0.780
 Average Recall     (AR) @[ IoU=0.50:0.95 | area=   all | maxDets=100 ] = 0.780
 Average Recall     (AR) @[ IoU=0.50:0.95 | area= small | maxDets=100 ] = -1.000
 Average Recall     (AR) @[ IoU=0.50:0.95 | area=medium | maxDets=100 ] = 0.520
 Average Recall     (AR) @[ IoU=0.50:0.95 | area= large | maxDets=100 ] = 0.813
[08/15 07:15:26 d2.evaluation.coco_evaluation]: Evaluation results for bbox: 
|   AP   |  AP50  |  AP75  |  APs  |  APm   |  APl   |
|:------:|:------:|:------:|:-----:|:------:|:------:|
| 73.798 | 95.548 | 91.582 |  nan  | 51.646 | 76.551 |
[08/15 07:15:26 d2.evaluation.coco_evaluation]: Some metrics cannot be computed and is shown as NaN.
Loading and preparing results...
DONE (t=0.00s)
creating index...
index created!
Running per image evaluation...
Evaluate annotation type *segm*
DONE (t=0.02s).
Accumulating evaluation results...
DONE (t=0.01s).
 Average Precision  (AP) @[ IoU=0.50:0.95 | area=   all | maxDets=100 ] = 0.745
 Average Precision  (AP) @[ IoU=0.50      | area=   all | maxDets=100 ] = 0.955
 Average Precision  (AP) @[ IoU=0.75      | area=   all | maxDets=100 ] = 0.903
 Average Precision  (AP) @[ IoU=0.50:0.95 | area= small | maxDets=100 ] = -1.000
 Average Precision  (AP) @[ IoU=0.50:0.95 | area=medium | maxDets=100 ] = 0.588
 Average Precision  (AP) @[ IoU=0.50:0.95 | area= large | maxDets=100 ] = 0.765
 Average Recall     (AR) @[ IoU=0.50:0.95 | area=   all | maxDets=  1 ] = 0.772
 Average Recall     (AR) @[ IoU=0.50:0.95 | area=   all | maxDets= 10 ] = 0.776
 Average Recall     (AR) @[ IoU=0.50:0.95 | area=   all | maxDets=100 ] = 0.776
 Average Recall     (AR) @[ IoU=0.50:0.95 | area= small | maxDets=100 ] = -1.000
 Average Recall     (AR) @[ IoU=0.50:0.95 | area=medium | maxDets=100 ] = 0.600
 Average Recall     (AR) @[ IoU=0.50:0.95 | area= large | maxDets=100 ] = 0.799
[08/15 07:15:26 d2.evaluation.coco_evaluation]: Evaluation results for segm: 
|   AP   |  AP50  |  AP75  |  APs  |  APm   |  APl   |
|:------:|:------:|:------:|:-----:|:------:|:------:|
| 74.473 | 95.548 | 90.343 |  nan  | 58.849 | 76.547 |
[08/15 07:15:26 d2.evaluation.coco_evaluation]: Some metrics cannot be computed and is shown as NaN.
[Iter 2 AP] → mAP@[.5:.95] = 74.473
[08/15 07:15:26 d2.data.datasets.coco]: Loaded 89 images in COCO format from /projects/PUCHALLA/LLP2024/tumor-segmentation/data/processed_data/depth/test/images/test.json
[08/15 07:15:26 d2.data.datasets.coco]: Loaded 89 images in COCO format from /projects/PUCHALLA/LLP2024/tumor-segmentation/data/processed_data/depth/test/images/test.json
[08/15 07:15:26 d2.data.dataset_mapper]: [DatasetMapper] Augmentations used in inference: [ResizeShortestEdge(short_edge_length=(800, 800), max_size=1333, sample_style='choice')]
[08/15 07:15:26 d2.data.common]: Serializing the dataset using: <class 'detectron2.data.common._TorchSerializedList'>
[08/15 07:15:26 d2.data.common]: Serializing 89 elements to byte tensors and concatenating them all ...
[08/15 07:15:26 d2.data.common]: Serialized dataset takes 0.07 MiB
[08/15 07:15:26 d2.evaluation.evaluator]: Start inference on 89 batches
[08/15 07:15:29 d2.evaluation.evaluator]: Total inference time: 0:00:02.054318 (0.024456 s / iter per device, on 1 devices)
[08/15 07:15:29 d2.evaluation.evaluator]: Total inference pure compute time: 0:00:01 (0.023352 s / iter per device, on 1 devices)
[08/15 07:15:30 d2.utils.events]:  eta: 0:03:24  iter: 2319  total_loss: 0.1706  loss_cls: 0.01808  loss_box_reg: 0.03898  loss_mask: 0.1079  loss_rpn_cls: 3.398e-06  loss_rpn_loc: 0.002562    time: 0.0761  last_time: 0.0796  data_time: 0.0027  last_data_time: 0.0029   lr: 0.0005  max_mem: 1680M
[08/15 07:15:32 d2.utils.events]:  eta: 0:03:22  iter: 2339  total_loss: 0.1919  loss_cls: 0.01957  loss_box_reg: 0.04211  loss_mask: 0.1177  loss_rpn_cls: 3.859e-05  loss_rpn_loc: 0.002674    time: 0.0762  last_time: 0.0750  data_time: 0.0026  last_data_time: 0.0020   lr: 0.0005  max_mem: 1680M
[08/15 07:15:33 d2.utils.events]:  eta: 0:03:21  iter: 2359  total_loss: 0.1797  loss_cls: 0.01972  loss_box_reg: 0.04085  loss_mask: 0.1189  loss_rpn_cls: 5.512e-05  loss_rpn_loc: 0.002482    time: 0.0762  last_time: 0.0816  data_time: 0.0023  last_data_time: 0.0029   lr: 0.0005  max_mem: 1680M
[08/15 07:15:35 d2.utils.events]:  eta: 0:03:19  iter: 2379  total_loss: 0.1845  loss_cls: 0.01898  loss_box_reg: 0.04159  loss_mask: 0.1235  loss_rpn_cls: 1.714e-05  loss_rpn_loc: 0.002637    time: 0.0762  last_time: 0.0790  data_time: 0.0027  last_data_time: 0.0030   lr: 0.0005  max_mem: 1680M
[08/15 07:15:36 d2.utils.events]:  eta: 0:03:18  iter: 2399  total_loss: 0.1699  loss_cls: 0.01663  loss_box_reg: 0.03626  loss_mask: 0.1164  loss_rpn_cls: 2.098e-05  loss_rpn_loc: 0.002663    time: 0.0762  last_time: 0.0744  data_time: 0.0027  last_data_time: 0.0029   lr: 0.0005  max_mem: 1680M
[08/15 07:15:37 d2.evaluation.coco_evaluation]: Fast COCO eval is not built. Falling back to official COCO eval.
[08/15 07:15:37 d2.data.datasets.coco]: Loaded 89 images in COCO format from /projects/PUCHALLA/LLP2024/tumor-segmentation/data/processed_data/depth/test/images/test.json
[08/15 07:15:37 d2.data.dataset_mapper]: [DatasetMapper] Augmentations used in inference: [ResizeShortestEdge(short_edge_length=(800, 800), max_size=1333, sample_style='choice')]
[08/15 07:15:37 d2.data.common]: Serializing the dataset using: <class 'detectron2.data.common._TorchSerializedList'>
[08/15 07:15:37 d2.data.common]: Serializing 89 elements to byte tensors and concatenating them all ...
[08/15 07:15:37 d2.data.common]: Serialized dataset takes 0.07 MiB
[08/15 07:15:37 d2.evaluation.evaluator]: Start inference on 89 batches
[08/15 07:15:37 d2.evaluation.evaluator]: Inference done 11/89. Dataloading: 0.0004 s/iter. Inference: 0.0243 s/iter. Eval: 0.0003 s/iter. Total: 0.0251 s/iter. ETA=0:00:01
[08/15 07:15:39 d2.evaluation.evaluator]: Total inference time: 0:00:02.105917 (0.025070 s / iter per device, on 1 devices)
[08/15 07:15:39 d2.evaluation.evaluator]: Total inference pure compute time: 0:00:02 (0.023929 s / iter per device, on 1 devices)
[08/15 07:15:39 d2.evaluation.coco_evaluation]: Preparing results for COCO format ...
[08/15 07:15:39 d2.evaluation.coco_evaluation]: Saving results to ../../../../../models/rgb-testing/depth-5000-1/coco_instances_results.json
[08/15 07:15:39 d2.evaluation.coco_evaluation]: Evaluating predictions with official COCO API...
Loading and preparing results...
DONE (t=0.00s)
creating index...
index created!
Running per image evaluation...
Evaluate annotation type *bbox*
DONE (t=0.01s).
Accumulating evaluation results...
DONE (t=0.01s).
 Average Precision  (AP) @[ IoU=0.50:0.95 | area=   all | maxDets=100 ] = 0.752
 Average Precision  (AP) @[ IoU=0.50      | area=   all | maxDets=100 ] = 0.975
 Average Precision  (AP) @[ IoU=0.75      | area=   all | maxDets=100 ] = 0.916
 Average Precision  (AP) @[ IoU=0.50:0.95 | area= small | maxDets=100 ] = -1.000
 Average Precision  (AP) @[ IoU=0.50:0.95 | area=medium | maxDets=100 ] = 0.627
 Average Precision  (AP) @[ IoU=0.50:0.95 | area= large | maxDets=100 ] = 0.769
 Average Recall     (AR) @[ IoU=0.50:0.95 | area=   all | maxDets=  1 ] = 0.788
 Average Recall     (AR) @[ IoU=0.50:0.95 | area=   all | maxDets= 10 ] = 0.792
 Average Recall     (AR) @[ IoU=0.50:0.95 | area=   all | maxDets=100 ] = 0.792
 Average Recall     (AR) @[ IoU=0.50:0.95 | area= small | maxDets=100 ] = -1.000
 Average Recall     (AR) @[ IoU=0.50:0.95 | area=medium | maxDets=100 ] = 0.630
 Average Recall     (AR) @[ IoU=0.50:0.95 | area= large | maxDets=100 ] = 0.813
[08/15 07:15:39 d2.evaluation.coco_evaluation]: Evaluation results for bbox: 
|   AP   |  AP50  |  AP75  |  APs  |  APm   |  APl   |
|:------:|:------:|:------:|:-----:|:------:|:------:|
| 75.170 | 97.531 | 91.573 |  nan  | 62.706 | 76.901 |
[08/15 07:15:39 d2.evaluation.coco_evaluation]: Some metrics cannot be computed and is shown as NaN.
Loading and preparing results...
DONE (t=0.00s)
creating index...
index created!
Running per image evaluation...
Evaluate annotation type *segm*
DONE (t=0.02s).
Accumulating evaluation results...
DONE (t=0.01s).
 Average Precision  (AP) @[ IoU=0.50:0.95 | area=   all | maxDets=100 ] = 0.751
 Average Precision  (AP) @[ IoU=0.50      | area=   all | maxDets=100 ] = 0.966
 Average Precision  (AP) @[ IoU=0.75      | area=   all | maxDets=100 ] = 0.916
 Average Precision  (AP) @[ IoU=0.50:0.95 | area= small | maxDets=100 ] = -1.000
 Average Precision  (AP) @[ IoU=0.50:0.95 | area=medium | maxDets=100 ] = 0.609
 Average Precision  (AP) @[ IoU=0.50:0.95 | area= large | maxDets=100 ] = 0.770
 Average Recall     (AR) @[ IoU=0.50:0.95 | area=   all | maxDets=  1 ] = 0.775
 Average Recall     (AR) @[ IoU=0.50:0.95 | area=   all | maxDets= 10 ] = 0.779
 Average Recall     (AR) @[ IoU=0.50:0.95 | area=   all | maxDets=100 ] = 0.779
 Average Recall     (AR) @[ IoU=0.50:0.95 | area= small | maxDets=100 ] = -1.000
 Average Recall     (AR) @[ IoU=0.50:0.95 | area=medium | maxDets=100 ] = 0.630
 Average Recall     (AR) @[ IoU=0.50:0.95 | area= large | maxDets=100 ] = 0.797
[08/15 07:15:39 d2.evaluation.coco_evaluation]: Evaluation results for segm: 
|   AP   |  AP50  |  AP75  |  APs  |  APm   |  APl   |
|:------:|:------:|:------:|:-----:|:------:|:------:|
| 75.143 | 96.553 | 91.573 |  nan  | 60.869 | 77.043 |
[08/15 07:15:39 d2.evaluation.coco_evaluation]: Some metrics cannot be computed and is shown as NaN.
[Iter 2 AP] → mAP@[.5:.95] = 75.143
[08/15 07:15:39 d2.data.datasets.coco]: Loaded 89 images in COCO format from /projects/PUCHALLA/LLP2024/tumor-segmentation/data/processed_data/depth/test/images/test.json
[08/15 07:15:39 d2.data.datasets.coco]: Loaded 89 images in COCO format from /projects/PUCHALLA/LLP2024/tumor-segmentation/data/processed_data/depth/test/images/test.json
[08/15 07:15:39 d2.data.dataset_mapper]: [DatasetMapper] Augmentations used in inference: [ResizeShortestEdge(short_edge_length=(800, 800), max_size=1333, sample_style='choice')]
[08/15 07:15:39 d2.data.common]: Serializing the dataset using: <class 'detectron2.data.common._TorchSerializedList'>
[08/15 07:15:39 d2.data.common]: Serializing 89 elements to byte tensors and concatenating them all ...
[08/15 07:15:39 d2.data.common]: Serialized dataset takes 0.07 MiB
[08/15 07:15:39 d2.evaluation.evaluator]: Start inference on 89 batches
[08/15 07:15:41 d2.evaluation.evaluator]: Total inference time: 0:00:02.100813 (0.025010 s / iter per device, on 1 devices)
[08/15 07:15:41 d2.evaluation.evaluator]: Total inference pure compute time: 0:00:02 (0.023895 s / iter per device, on 1 devices)
[08/15 07:15:43 d2.utils.events]:  eta: 0:03:16  iter: 2419  total_loss: 0.1785  loss_cls: 0.01845  loss_box_reg: 0.04467  loss_mask: 0.1143  loss_rpn_cls: 2.591e-05  loss_rpn_loc: 0.002356    time: 0.0762  last_time: 0.0806  data_time: 0.0022  last_data_time: 0.0020   lr: 0.0005  max_mem: 1680M
[08/15 07:15:44 d2.utils.events]:  eta: 0:03:15  iter: 2439  total_loss: 0.191  loss_cls: 0.02444  loss_box_reg: 0.04793  loss_mask: 0.1187  loss_rpn_cls: 2.633e-05  loss_rpn_loc: 0.00293    time: 0.0762  last_time: 0.0820  data_time: 0.0023  last_data_time: 0.0029   lr: 0.0005  max_mem: 1680M
[08/15 07:15:46 d2.utils.events]:  eta: 0:03:13  iter: 2459  total_loss: 0.2066  loss_cls: 0.01891  loss_box_reg: 0.0417  loss_mask: 0.1396  loss_rpn_cls: 2.321e-05  loss_rpn_loc: 0.002548    time: 0.0762  last_time: 0.0766  data_time: 0.0024  last_data_time: 0.0029   lr: 0.0005  max_mem: 1680M
[08/15 07:15:47 d2.utils.events]:  eta: 0:03:12  iter: 2479  total_loss: 0.1955  loss_cls: 0.01963  loss_box_reg: 0.04141  loss_mask: 0.1269  loss_rpn_cls: 1.59e-05  loss_rpn_loc: 0.002061    time: 0.0762  last_time: 0.0701  data_time: 0.0021  last_data_time: 0.0029   lr: 0.0005  max_mem: 1680M
[08/15 07:15:49 d2.utils.events]:  eta: 0:03:10  iter: 2499  total_loss: 0.1867  loss_cls: 0.01919  loss_box_reg: 0.04519  loss_mask: 0.1191  loss_rpn_cls: 2.078e-05  loss_rpn_loc: 0.002244    time: 0.0762  last_time: 0.0722  data_time: 0.0027  last_data_time: 0.0019   lr: 0.0005  max_mem: 1680M
[08/15 07:15:49 d2.evaluation.coco_evaluation]: Fast COCO eval is not built. Falling back to official COCO eval.
[08/15 07:15:49 d2.data.datasets.coco]: Loaded 89 images in COCO format from /projects/PUCHALLA/LLP2024/tumor-segmentation/data/processed_data/depth/test/images/test.json
[08/15 07:15:49 d2.data.dataset_mapper]: [DatasetMapper] Augmentations used in inference: [ResizeShortestEdge(short_edge_length=(800, 800), max_size=1333, sample_style='choice')]
[08/15 07:15:49 d2.data.common]: Serializing the dataset using: <class 'detectron2.data.common._TorchSerializedList'>
[08/15 07:15:49 d2.data.common]: Serializing 89 elements to byte tensors and concatenating them all ...
[08/15 07:15:49 d2.data.common]: Serialized dataset takes 0.07 MiB
[08/15 07:15:49 d2.evaluation.evaluator]: Start inference on 89 batches
[08/15 07:15:49 d2.evaluation.evaluator]: Inference done 11/89. Dataloading: 0.0004 s/iter. Inference: 0.0236 s/iter. Eval: 0.0003 s/iter. Total: 0.0243 s/iter. ETA=0:00:01
[08/15 07:15:51 d2.evaluation.evaluator]: Total inference time: 0:00:02.073875 (0.024689 s / iter per device, on 1 devices)
[08/15 07:15:51 d2.evaluation.evaluator]: Total inference pure compute time: 0:00:01 (0.023537 s / iter per device, on 1 devices)
[08/15 07:15:51 d2.evaluation.coco_evaluation]: Preparing results for COCO format ...
[08/15 07:15:51 d2.evaluation.coco_evaluation]: Saving results to ../../../../../models/rgb-testing/depth-5000-1/coco_instances_results.json
[08/15 07:15:51 d2.evaluation.coco_evaluation]: Evaluating predictions with official COCO API...
Loading and preparing results...
DONE (t=0.00s)
creating index...
index created!
Running per image evaluation...
Evaluate annotation type *bbox*
DONE (t=0.01s).
Accumulating evaluation results...
DONE (t=0.01s).
 Average Precision  (AP) @[ IoU=0.50:0.95 | area=   all | maxDets=100 ] = 0.712
 Average Precision  (AP) @[ IoU=0.50      | area=   all | maxDets=100 ] = 0.942
 Average Precision  (AP) @[ IoU=0.75      | area=   all | maxDets=100 ] = 0.850
 Average Precision  (AP) @[ IoU=0.50:0.95 | area= small | maxDets=100 ] = -1.000
 Average Precision  (AP) @[ IoU=0.50:0.95 | area=medium | maxDets=100 ] = 0.632
 Average Precision  (AP) @[ IoU=0.50:0.95 | area= large | maxDets=100 ] = 0.722
 Average Recall     (AR) @[ IoU=0.50:0.95 | area=   all | maxDets=  1 ] = 0.751
 Average Recall     (AR) @[ IoU=0.50:0.95 | area=   all | maxDets= 10 ] = 0.751
 Average Recall     (AR) @[ IoU=0.50:0.95 | area=   all | maxDets=100 ] = 0.751
 Average Recall     (AR) @[ IoU=0.50:0.95 | area= small | maxDets=100 ] = -1.000
 Average Recall     (AR) @[ IoU=0.50:0.95 | area=medium | maxDets=100 ] = 0.640
 Average Recall     (AR) @[ IoU=0.50:0.95 | area= large | maxDets=100 ] = 0.765
[08/15 07:15:51 d2.evaluation.coco_evaluation]: Evaluation results for bbox: 
|   AP   |  AP50  |  AP75  |  APs  |  APm   |  APl   |
|:------:|:------:|:------:|:-----:|:------:|:------:|
| 71.243 | 94.171 | 84.983 |  nan  | 63.158 | 72.204 |
[08/15 07:15:51 d2.evaluation.coco_evaluation]: Some metrics cannot be computed and is shown as NaN.
Loading and preparing results...
DONE (t=0.00s)
creating index...
index created!
Running per image evaluation...
Evaluate annotation type *segm*
DONE (t=0.02s).
Accumulating evaluation results...
DONE (t=0.01s).
 Average Precision  (AP) @[ IoU=0.50:0.95 | area=   all | maxDets=100 ] = 0.710
 Average Precision  (AP) @[ IoU=0.50      | area=   all | maxDets=100 ] = 0.932
 Average Precision  (AP) @[ IoU=0.75      | area=   all | maxDets=100 ] = 0.849
 Average Precision  (AP) @[ IoU=0.50:0.95 | area= small | maxDets=100 ] = -1.000
 Average Precision  (AP) @[ IoU=0.50:0.95 | area=medium | maxDets=100 ] = 0.650
 Average Precision  (AP) @[ IoU=0.50:0.95 | area= large | maxDets=100 ] = 0.717
 Average Recall     (AR) @[ IoU=0.50:0.95 | area=   all | maxDets=  1 ] = 0.745
 Average Recall     (AR) @[ IoU=0.50:0.95 | area=   all | maxDets= 10 ] = 0.745
 Average Recall     (AR) @[ IoU=0.50:0.95 | area=   all | maxDets=100 ] = 0.745
 Average Recall     (AR) @[ IoU=0.50:0.95 | area= small | maxDets=100 ] = -1.000
 Average Recall     (AR) @[ IoU=0.50:0.95 | area=medium | maxDets=100 ] = 0.670
 Average Recall     (AR) @[ IoU=0.50:0.95 | area= large | maxDets=100 ] = 0.754
[08/15 07:15:51 d2.evaluation.coco_evaluation]: Evaluation results for segm: 
|   AP   |  AP50  |  AP75  |  APs  |  APm   |  APl   |
|:------:|:------:|:------:|:-----:|:------:|:------:|
| 71.045 | 93.210 | 84.916 |  nan  | 65.050 | 71.653 |
[08/15 07:15:51 d2.evaluation.coco_evaluation]: Some metrics cannot be computed and is shown as NaN.
[Iter 2 AP] → mAP@[.5:.95] = 71.045
[08/15 07:15:51 d2.data.datasets.coco]: Loaded 89 images in COCO format from /projects/PUCHALLA/LLP2024/tumor-segmentation/data/processed_data/depth/test/images/test.json
[08/15 07:15:51 d2.data.datasets.coco]: Loaded 89 images in COCO format from /projects/PUCHALLA/LLP2024/tumor-segmentation/data/processed_data/depth/test/images/test.json
[08/15 07:15:51 d2.data.dataset_mapper]: [DatasetMapper] Augmentations used in inference: [ResizeShortestEdge(short_edge_length=(800, 800), max_size=1333, sample_style='choice')]
[08/15 07:15:51 d2.data.common]: Serializing the dataset using: <class 'detectron2.data.common._TorchSerializedList'>
[08/15 07:15:51 d2.data.common]: Serializing 89 elements to byte tensors and concatenating them all ...
[08/15 07:15:51 d2.data.common]: Serialized dataset takes 0.07 MiB
[08/15 07:15:51 d2.evaluation.evaluator]: Start inference on 89 batches
[08/15 07:15:53 d2.evaluation.evaluator]: Total inference time: 0:00:02.093101 (0.024918 s / iter per device, on 1 devices)
[08/15 07:15:53 d2.evaluation.evaluator]: Total inference pure compute time: 0:00:01 (0.023795 s / iter per device, on 1 devices)
[08/15 07:15:55 d2.utils.events]:  eta: 0:03:09  iter: 2519  total_loss: 0.1895  loss_cls: 0.02262  loss_box_reg: 0.04485  loss_mask: 0.1217  loss_rpn_cls: 4.016e-05  loss_rpn_loc: 0.002228    time: 0.0762  last_time: 0.0727  data_time: 0.0025  last_data_time: 0.0029   lr: 0.0005  max_mem: 1680M
[08/15 07:15:56 d2.utils.events]:  eta: 0:03:07  iter: 2539  total_loss: 0.1764  loss_cls: 0.01749  loss_box_reg: 0.0419  loss_mask: 0.1055  loss_rpn_cls: 5.671e-06  loss_rpn_loc: 0.002412    time: 0.0762  last_time: 0.0852  data_time: 0.0022  last_data_time: 0.0029   lr: 0.0005  max_mem: 1680M
[08/15 07:15:58 d2.utils.events]:  eta: 0:03:06  iter: 2559  total_loss: 0.1591  loss_cls: 0.01576  loss_box_reg: 0.0356  loss_mask: 0.1092  loss_rpn_cls: 2.928e-05  loss_rpn_loc: 0.002124    time: 0.0762  last_time: 0.0813  data_time: 0.0026  last_data_time: 0.0030   lr: 0.0005  max_mem: 1680M
[08/15 07:16:00 d2.utils.events]:  eta: 0:03:04  iter: 2579  total_loss: 0.1668  loss_cls: 0.01951  loss_box_reg: 0.03913  loss_mask: 0.1128  loss_rpn_cls: 9.178e-06  loss_rpn_loc: 0.002446    time: 0.0762  last_time: 0.0787  data_time: 0.0025  last_data_time: 0.0020   lr: 0.0005  max_mem: 1680M
[08/15 07:16:01 d2.utils.events]:  eta: 0:03:03  iter: 2599  total_loss: 0.1822  loss_cls: 0.01617  loss_box_reg: 0.04158  loss_mask: 0.1176  loss_rpn_cls: 4.387e-05  loss_rpn_loc: 0.002316    time: 0.0762  last_time: 0.0764  data_time: 0.0024  last_data_time: 0.0019   lr: 0.0005  max_mem: 1680M
[08/15 07:16:01 d2.evaluation.coco_evaluation]: Fast COCO eval is not built. Falling back to official COCO eval.
[08/15 07:16:01 d2.data.datasets.coco]: Loaded 89 images in COCO format from /projects/PUCHALLA/LLP2024/tumor-segmentation/data/processed_data/depth/test/images/test.json
[08/15 07:16:01 d2.data.dataset_mapper]: [DatasetMapper] Augmentations used in inference: [ResizeShortestEdge(short_edge_length=(800, 800), max_size=1333, sample_style='choice')]
[08/15 07:16:01 d2.data.common]: Serializing the dataset using: <class 'detectron2.data.common._TorchSerializedList'>
[08/15 07:16:01 d2.data.common]: Serializing 89 elements to byte tensors and concatenating them all ...
[08/15 07:16:01 d2.data.common]: Serialized dataset takes 0.07 MiB
[08/15 07:16:01 d2.evaluation.evaluator]: Start inference on 89 batches
[08/15 07:16:02 d2.evaluation.evaluator]: Inference done 11/89. Dataloading: 0.0004 s/iter. Inference: 0.0235 s/iter. Eval: 0.0003 s/iter. Total: 0.0243 s/iter. ETA=0:00:01
[08/15 07:16:03 d2.evaluation.evaluator]: Total inference time: 0:00:02.066008 (0.024595 s / iter per device, on 1 devices)
[08/15 07:16:03 d2.evaluation.evaluator]: Total inference pure compute time: 0:00:01 (0.023438 s / iter per device, on 1 devices)
[08/15 07:16:03 d2.evaluation.coco_evaluation]: Preparing results for COCO format ...
[08/15 07:16:03 d2.evaluation.coco_evaluation]: Saving results to ../../../../../models/rgb-testing/depth-5000-1/coco_instances_results.json
[08/15 07:16:03 d2.evaluation.coco_evaluation]: Evaluating predictions with official COCO API...
Loading and preparing results...
DONE (t=0.00s)
creating index...
index created!
Running per image evaluation...
Evaluate annotation type *bbox*
DONE (t=0.01s).
Accumulating evaluation results...
DONE (t=0.01s).
 Average Precision  (AP) @[ IoU=0.50:0.95 | area=   all | maxDets=100 ] = 0.750
 Average Precision  (AP) @[ IoU=0.50      | area=   all | maxDets=100 ] = 0.951
 Average Precision  (AP) @[ IoU=0.75      | area=   all | maxDets=100 ] = 0.920
 Average Precision  (AP) @[ IoU=0.50:0.95 | area= small | maxDets=100 ] = -1.000
 Average Precision  (AP) @[ IoU=0.50:0.95 | area=medium | maxDets=100 ] = 0.763
 Average Precision  (AP) @[ IoU=0.50:0.95 | area= large | maxDets=100 ] = 0.752
 Average Recall     (AR) @[ IoU=0.50:0.95 | area=   all | maxDets=  1 ] = 0.800
 Average Recall     (AR) @[ IoU=0.50:0.95 | area=   all | maxDets= 10 ] = 0.800
 Average Recall     (AR) @[ IoU=0.50:0.95 | area=   all | maxDets=100 ] = 0.800
 Average Recall     (AR) @[ IoU=0.50:0.95 | area= small | maxDets=100 ] = -1.000
 Average Recall     (AR) @[ IoU=0.50:0.95 | area=medium | maxDets=100 ] = 0.780
 Average Recall     (AR) @[ IoU=0.50:0.95 | area= large | maxDets=100 ] = 0.803
[08/15 07:16:03 d2.evaluation.coco_evaluation]: Evaluation results for bbox: 
|   AP   |  AP50  |  AP75  |  APs  |  APm   |  APl   |
|:------:|:------:|:------:|:-----:|:------:|:------:|
| 75.042 | 95.138 | 92.027 |  nan  | 76.309 | 75.226 |
[08/15 07:16:03 d2.evaluation.coco_evaluation]: Some metrics cannot be computed and is shown as NaN.
Loading and preparing results...
DONE (t=0.00s)
creating index...
index created!
Running per image evaluation...
Evaluate annotation type *segm*
DONE (t=0.02s).
Accumulating evaluation results...
DONE (t=0.01s).
 Average Precision  (AP) @[ IoU=0.50:0.95 | area=   all | maxDets=100 ] = 0.762
 Average Precision  (AP) @[ IoU=0.50      | area=   all | maxDets=100 ] = 0.951
 Average Precision  (AP) @[ IoU=0.75      | area=   all | maxDets=100 ] = 0.901
 Average Precision  (AP) @[ IoU=0.50:0.95 | area= small | maxDets=100 ] = -1.000
 Average Precision  (AP) @[ IoU=0.50:0.95 | area=medium | maxDets=100 ] = 0.698
 Average Precision  (AP) @[ IoU=0.50:0.95 | area= large | maxDets=100 ] = 0.768
 Average Recall     (AR) @[ IoU=0.50:0.95 | area=   all | maxDets=  1 ] = 0.790
 Average Recall     (AR) @[ IoU=0.50:0.95 | area=   all | maxDets= 10 ] = 0.790
 Average Recall     (AR) @[ IoU=0.50:0.95 | area=   all | maxDets=100 ] = 0.790
 Average Recall     (AR) @[ IoU=0.50:0.95 | area= small | maxDets=100 ] = -1.000
 Average Recall     (AR) @[ IoU=0.50:0.95 | area=medium | maxDets=100 ] = 0.740
 Average Recall     (AR) @[ IoU=0.50:0.95 | area= large | maxDets=100 ] = 0.796
[08/15 07:16:04 d2.evaluation.coco_evaluation]: Evaluation results for segm: 
|   AP   |  AP50  |  AP75  |  APs  |  APm   |  APl   |
|:------:|:------:|:------:|:-----:|:------:|:------:|
| 76.181 | 95.138 | 90.118 |  nan  | 69.765 | 76.763 |
[08/15 07:16:04 d2.evaluation.coco_evaluation]: Some metrics cannot be computed and is shown as NaN.
[Iter 2 AP] → mAP@[.5:.95] = 76.181
[08/15 07:16:04 d2.data.datasets.coco]: Loaded 89 images in COCO format from /projects/PUCHALLA/LLP2024/tumor-segmentation/data/processed_data/depth/test/images/test.json
[08/15 07:16:04 d2.data.datasets.coco]: Loaded 89 images in COCO format from /projects/PUCHALLA/LLP2024/tumor-segmentation/data/processed_data/depth/test/images/test.json
[08/15 07:16:04 d2.data.dataset_mapper]: [DatasetMapper] Augmentations used in inference: [ResizeShortestEdge(short_edge_length=(800, 800), max_size=1333, sample_style='choice')]
[08/15 07:16:04 d2.data.common]: Serializing the dataset using: <class 'detectron2.data.common._TorchSerializedList'>
[08/15 07:16:04 d2.data.common]: Serializing 89 elements to byte tensors and concatenating them all ...
[08/15 07:16:04 d2.data.common]: Serialized dataset takes 0.07 MiB
[08/15 07:16:04 d2.evaluation.evaluator]: Start inference on 89 batches
[08/15 07:16:06 d2.evaluation.evaluator]: Total inference time: 0:00:02.094461 (0.024934 s / iter per device, on 1 devices)
[08/15 07:16:06 d2.evaluation.evaluator]: Total inference pure compute time: 0:00:02 (0.023810 s / iter per device, on 1 devices)
[08/15 07:16:07 d2.utils.events]:  eta: 0:03:01  iter: 2619  total_loss: 0.1877  loss_cls: 0.01737  loss_box_reg: 0.04773  loss_mask: 0.1218  loss_rpn_cls: 1.44e-05  loss_rpn_loc: 0.00225    time: 0.0762  last_time: 0.0768  data_time: 0.0027  last_data_time: 0.0030   lr: 0.0005  max_mem: 1680M
[08/15 07:16:09 d2.utils.events]:  eta: 0:03:00  iter: 2639  total_loss: 0.1715  loss_cls: 0.01742  loss_box_reg: 0.03903  loss_mask: 0.1134  loss_rpn_cls: 1.373e-05  loss_rpn_loc: 0.002191    time: 0.0762  last_time: 0.0764  data_time: 0.0023  last_data_time: 0.0020   lr: 0.0005  max_mem: 1680M
[08/15 07:16:10 d2.utils.events]:  eta: 0:02:58  iter: 2659  total_loss: 0.1546  loss_cls: 0.01824  loss_box_reg: 0.03605  loss_mask: 0.1039  loss_rpn_cls: 9.305e-06  loss_rpn_loc: 0.002058    time: 0.0762  last_time: 0.0813  data_time: 0.0028  last_data_time: 0.0031   lr: 0.0005  max_mem: 1680M
[08/15 07:16:12 d2.utils.events]:  eta: 0:02:57  iter: 2679  total_loss: 0.1678  loss_cls: 0.01585  loss_box_reg: 0.03355  loss_mask: 0.1193  loss_rpn_cls: 8.968e-06  loss_rpn_loc: 0.002518    time: 0.0762  last_time: 0.0743  data_time: 0.0023  last_data_time: 0.0030   lr: 0.0005  max_mem: 1680M
[08/15 07:16:13 d2.utils.events]:  eta: 0:02:55  iter: 2699  total_loss: 0.1637  loss_cls: 0.01714  loss_box_reg: 0.03414  loss_mask: 0.1069  loss_rpn_cls: 7.426e-05  loss_rpn_loc: 0.002464    time: 0.0762  last_time: 0.0754  data_time: 0.0026  last_data_time: 0.0020   lr: 0.0005  max_mem: 1680M
[08/15 07:16:14 d2.evaluation.coco_evaluation]: Fast COCO eval is not built. Falling back to official COCO eval.
[08/15 07:16:14 d2.data.datasets.coco]: Loaded 89 images in COCO format from /projects/PUCHALLA/LLP2024/tumor-segmentation/data/processed_data/depth/test/images/test.json
[08/15 07:16:14 d2.data.dataset_mapper]: [DatasetMapper] Augmentations used in inference: [ResizeShortestEdge(short_edge_length=(800, 800), max_size=1333, sample_style='choice')]
[08/15 07:16:14 d2.data.common]: Serializing the dataset using: <class 'detectron2.data.common._TorchSerializedList'>
[08/15 07:16:14 d2.data.common]: Serializing 89 elements to byte tensors and concatenating them all ...
[08/15 07:16:14 d2.data.common]: Serialized dataset takes 0.07 MiB
[08/15 07:16:14 d2.evaluation.evaluator]: Start inference on 89 batches
[08/15 07:16:14 d2.evaluation.evaluator]: Inference done 11/89. Dataloading: 0.0004 s/iter. Inference: 0.0237 s/iter. Eval: 0.0003 s/iter. Total: 0.0244 s/iter. ETA=0:00:01
[08/15 07:16:16 d2.evaluation.evaluator]: Total inference time: 0:00:02.074145 (0.024692 s / iter per device, on 1 devices)
[08/15 07:16:16 d2.evaluation.evaluator]: Total inference pure compute time: 0:00:01 (0.023573 s / iter per device, on 1 devices)
[08/15 07:16:16 d2.evaluation.coco_evaluation]: Preparing results for COCO format ...
[08/15 07:16:16 d2.evaluation.coco_evaluation]: Saving results to ../../../../../models/rgb-testing/depth-5000-1/coco_instances_results.json
[08/15 07:16:16 d2.evaluation.coco_evaluation]: Evaluating predictions with official COCO API...
Loading and preparing results...
DONE (t=0.00s)
creating index...
index created!
Running per image evaluation...
Evaluate annotation type *bbox*
DONE (t=0.01s).
Accumulating evaluation results...
DONE (t=0.01s).
 Average Precision  (AP) @[ IoU=0.50:0.95 | area=   all | maxDets=100 ] = 0.746
 Average Precision  (AP) @[ IoU=0.50      | area=   all | maxDets=100 ] = 0.955
 Average Precision  (AP) @[ IoU=0.75      | area=   all | maxDets=100 ] = 0.924
 Average Precision  (AP) @[ IoU=0.50:0.95 | area= small | maxDets=100 ] = -1.000
 Average Precision  (AP) @[ IoU=0.50:0.95 | area=medium | maxDets=100 ] = 0.645
 Average Precision  (AP) @[ IoU=0.50:0.95 | area= large | maxDets=100 ] = 0.758
 Average Recall     (AR) @[ IoU=0.50:0.95 | area=   all | maxDets=  1 ] = 0.783
 Average Recall     (AR) @[ IoU=0.50:0.95 | area=   all | maxDets= 10 ] = 0.783
 Average Recall     (AR) @[ IoU=0.50:0.95 | area=   all | maxDets=100 ] = 0.783
 Average Recall     (AR) @[ IoU=0.50:0.95 | area= small | maxDets=100 ] = -1.000
 Average Recall     (AR) @[ IoU=0.50:0.95 | area=medium | maxDets=100 ] = 0.670
 Average Recall     (AR) @[ IoU=0.50:0.95 | area= large | maxDets=100 ] = 0.797
[08/15 07:16:16 d2.evaluation.coco_evaluation]: Evaluation results for bbox: 
|   AP   |  AP50  |  AP75  |  APs  |  APm   |  APl   |
|:------:|:------:|:------:|:-----:|:------:|:------:|
| 74.570 | 95.528 | 92.437 |  nan  | 64.452 | 75.760 |
[08/15 07:16:16 d2.evaluation.coco_evaluation]: Some metrics cannot be computed and is shown as NaN.
Loading and preparing results...
DONE (t=0.00s)
creating index...
index created!
Running per image evaluation...
Evaluate annotation type *segm*
DONE (t=0.02s).
Accumulating evaluation results...
DONE (t=0.01s).
 Average Precision  (AP) @[ IoU=0.50:0.95 | area=   all | maxDets=100 ] = 0.741
 Average Precision  (AP) @[ IoU=0.50      | area=   all | maxDets=100 ] = 0.955
 Average Precision  (AP) @[ IoU=0.75      | area=   all | maxDets=100 ] = 0.884
 Average Precision  (AP) @[ IoU=0.50:0.95 | area= small | maxDets=100 ] = -1.000
 Average Precision  (AP) @[ IoU=0.50:0.95 | area=medium | maxDets=100 ] = 0.631
 Average Precision  (AP) @[ IoU=0.50:0.95 | area= large | maxDets=100 ] = 0.757
 Average Recall     (AR) @[ IoU=0.50:0.95 | area=   all | maxDets=  1 ] = 0.767
 Average Recall     (AR) @[ IoU=0.50:0.95 | area=   all | maxDets= 10 ] = 0.767
 Average Recall     (AR) @[ IoU=0.50:0.95 | area=   all | maxDets=100 ] = 0.767
 Average Recall     (AR) @[ IoU=0.50:0.95 | area= small | maxDets=100 ] = -1.000
 Average Recall     (AR) @[ IoU=0.50:0.95 | area=medium | maxDets=100 ] = 0.650
 Average Recall     (AR) @[ IoU=0.50:0.95 | area= large | maxDets=100 ] = 0.782
[08/15 07:16:16 d2.evaluation.coco_evaluation]: Evaluation results for segm: 
|   AP   |  AP50  |  AP75  |  APs  |  APm   |  APl   |
|:------:|:------:|:------:|:-----:|:------:|:------:|
| 74.115 | 95.528 | 88.362 |  nan  | 63.099 | 75.689 |
[08/15 07:16:16 d2.evaluation.coco_evaluation]: Some metrics cannot be computed and is shown as NaN.
[Iter 2 AP] → mAP@[.5:.95] = 74.115
[08/15 07:16:16 d2.data.datasets.coco]: Loaded 89 images in COCO format from /projects/PUCHALLA/LLP2024/tumor-segmentation/data/processed_data/depth/test/images/test.json
[08/15 07:16:16 d2.data.datasets.coco]: Loaded 89 images in COCO format from /projects/PUCHALLA/LLP2024/tumor-segmentation/data/processed_data/depth/test/images/test.json
[08/15 07:16:16 d2.data.dataset_mapper]: [DatasetMapper] Augmentations used in inference: [ResizeShortestEdge(short_edge_length=(800, 800), max_size=1333, sample_style='choice')]
[08/15 07:16:16 d2.data.common]: Serializing the dataset using: <class 'detectron2.data.common._TorchSerializedList'>
[08/15 07:16:16 d2.data.common]: Serializing 89 elements to byte tensors and concatenating them all ...
[08/15 07:16:16 d2.data.common]: Serialized dataset takes 0.07 MiB
[08/15 07:16:16 d2.evaluation.evaluator]: Start inference on 89 batches
[08/15 07:16:18 d2.evaluation.evaluator]: Total inference time: 0:00:02.065526 (0.024590 s / iter per device, on 1 devices)
[08/15 07:16:18 d2.evaluation.evaluator]: Total inference pure compute time: 0:00:01 (0.023443 s / iter per device, on 1 devices)
[08/15 07:16:20 d2.utils.events]:  eta: 0:02:54  iter: 2719  total_loss: 0.1743  loss_cls: 0.01775  loss_box_reg: 0.03628  loss_mask: 0.1132  loss_rpn_cls: 2.233e-05  loss_rpn_loc: 0.003081    time: 0.0762  last_time: 0.0753  data_time: 0.0023  last_data_time: 0.0029   lr: 0.0005  max_mem: 1680M
[08/15 07:16:21 d2.utils.events]:  eta: 0:02:52  iter: 2739  total_loss: 0.1687  loss_cls: 0.01609  loss_box_reg: 0.03615  loss_mask: 0.1095  loss_rpn_cls: 5.548e-05  loss_rpn_loc: 0.002083    time: 0.0762  last_time: 0.0796  data_time: 0.0023  last_data_time: 0.0020   lr: 0.0005  max_mem: 1680M
[08/15 07:16:23 d2.utils.events]:  eta: 0:02:51  iter: 2759  total_loss: 0.1598  loss_cls: 0.01596  loss_box_reg: 0.03653  loss_mask: 0.09508  loss_rpn_cls: 6.675e-06  loss_rpn_loc: 0.002236    time: 0.0762  last_time: 0.0761  data_time: 0.0024  last_data_time: 0.0020   lr: 0.0005  max_mem: 1680M
[08/15 07:16:24 d2.utils.events]:  eta: 0:02:49  iter: 2779  total_loss: 0.1973  loss_cls: 0.01769  loss_box_reg: 0.03876  loss_mask: 0.1377  loss_rpn_cls: 8.499e-05  loss_rpn_loc: 0.002479    time: 0.0762  last_time: 0.0776  data_time: 0.0025  last_data_time: 0.0020   lr: 0.0005  max_mem: 1680M
[08/15 07:16:26 d2.utils.events]:  eta: 0:02:48  iter: 2799  total_loss: 0.1694  loss_cls: 0.0158  loss_box_reg: 0.03964  loss_mask: 0.1119  loss_rpn_cls: 3.528e-05  loss_rpn_loc: 0.002379    time: 0.0762  last_time: 0.0763  data_time: 0.0026  last_data_time: 0.0030   lr: 0.0005  max_mem: 1680M
[08/15 07:16:26 d2.evaluation.coco_evaluation]: Fast COCO eval is not built. Falling back to official COCO eval.
[08/15 07:16:26 d2.data.datasets.coco]: Loaded 89 images in COCO format from /projects/PUCHALLA/LLP2024/tumor-segmentation/data/processed_data/depth/test/images/test.json
[08/15 07:16:26 d2.data.dataset_mapper]: [DatasetMapper] Augmentations used in inference: [ResizeShortestEdge(short_edge_length=(800, 800), max_size=1333, sample_style='choice')]
[08/15 07:16:26 d2.data.common]: Serializing the dataset using: <class 'detectron2.data.common._TorchSerializedList'>
[08/15 07:16:26 d2.data.common]: Serializing 89 elements to byte tensors and concatenating them all ...
[08/15 07:16:26 d2.data.common]: Serialized dataset takes 0.07 MiB
[08/15 07:16:26 d2.evaluation.evaluator]: Start inference on 89 batches
[08/15 07:16:26 d2.evaluation.evaluator]: Inference done 11/89. Dataloading: 0.0004 s/iter. Inference: 0.0236 s/iter. Eval: 0.0003 s/iter. Total: 0.0244 s/iter. ETA=0:00:01
[08/15 07:16:28 d2.evaluation.evaluator]: Total inference time: 0:00:02.084622 (0.024817 s / iter per device, on 1 devices)
[08/15 07:16:28 d2.evaluation.evaluator]: Total inference pure compute time: 0:00:01 (0.023669 s / iter per device, on 1 devices)
[08/15 07:16:28 d2.evaluation.coco_evaluation]: Preparing results for COCO format ...
[08/15 07:16:28 d2.evaluation.coco_evaluation]: Saving results to ../../../../../models/rgb-testing/depth-5000-1/coco_instances_results.json
[08/15 07:16:28 d2.evaluation.coco_evaluation]: Evaluating predictions with official COCO API...
Loading and preparing results...
DONE (t=0.00s)
creating index...
index created!
Running per image evaluation...
Evaluate annotation type *bbox*
DONE (t=0.01s).
Accumulating evaluation results...
DONE (t=0.01s).
 Average Precision  (AP) @[ IoU=0.50:0.95 | area=   all | maxDets=100 ] = 0.772
 Average Precision  (AP) @[ IoU=0.50      | area=   all | maxDets=100 ] = 0.954
 Average Precision  (AP) @[ IoU=0.75      | area=   all | maxDets=100 ] = 0.913
 Average Precision  (AP) @[ IoU=0.50:0.95 | area= small | maxDets=100 ] = -1.000
 Average Precision  (AP) @[ IoU=0.50:0.95 | area=medium | maxDets=100 ] = 0.631
 Average Precision  (AP) @[ IoU=0.50:0.95 | area= large | maxDets=100 ] = 0.793
 Average Recall     (AR) @[ IoU=0.50:0.95 | area=   all | maxDets=  1 ] = 0.811
 Average Recall     (AR) @[ IoU=0.50:0.95 | area=   all | maxDets= 10 ] = 0.811
 Average Recall     (AR) @[ IoU=0.50:0.95 | area=   all | maxDets=100 ] = 0.811
 Average Recall     (AR) @[ IoU=0.50:0.95 | area= small | maxDets=100 ] = -1.000
 Average Recall     (AR) @[ IoU=0.50:0.95 | area=medium | maxDets=100 ] = 0.640
 Average Recall     (AR) @[ IoU=0.50:0.95 | area= large | maxDets=100 ] = 0.833
[08/15 07:16:28 d2.evaluation.coco_evaluation]: Evaluation results for bbox: 
|   AP   |  AP50  |  AP75  |  APs  |  APm   |  APl   |
|:------:|:------:|:------:|:-----:|:------:|:------:|
| 77.212 | 95.417 | 91.281 |  nan  | 63.102 | 79.264 |
[08/15 07:16:28 d2.evaluation.coco_evaluation]: Some metrics cannot be computed and is shown as NaN.
Loading and preparing results...
DONE (t=0.00s)
creating index...
index created!
Running per image evaluation...
Evaluate annotation type *segm*
DONE (t=0.02s).
Accumulating evaluation results...
DONE (t=0.01s).
 Average Precision  (AP) @[ IoU=0.50:0.95 | area=   all | maxDets=100 ] = 0.757
 Average Precision  (AP) @[ IoU=0.50      | area=   all | maxDets=100 ] = 0.954
 Average Precision  (AP) @[ IoU=0.75      | area=   all | maxDets=100 ] = 0.883
 Average Precision  (AP) @[ IoU=0.50:0.95 | area= small | maxDets=100 ] = -1.000
 Average Precision  (AP) @[ IoU=0.50:0.95 | area=medium | maxDets=100 ] = 0.615
 Average Precision  (AP) @[ IoU=0.50:0.95 | area= large | maxDets=100 ] = 0.776
 Average Recall     (AR) @[ IoU=0.50:0.95 | area=   all | maxDets=  1 ] = 0.783
 Average Recall     (AR) @[ IoU=0.50:0.95 | area=   all | maxDets= 10 ] = 0.783
 Average Recall     (AR) @[ IoU=0.50:0.95 | area=   all | maxDets=100 ] = 0.783
 Average Recall     (AR) @[ IoU=0.50:0.95 | area= small | maxDets=100 ] = -1.000
 Average Recall     (AR) @[ IoU=0.50:0.95 | area=medium | maxDets=100 ] = 0.630
 Average Recall     (AR) @[ IoU=0.50:0.95 | area= large | maxDets=100 ] = 0.803
[08/15 07:16:28 d2.evaluation.coco_evaluation]: Evaluation results for segm: 
|   AP   |  AP50  |  AP75  |  APs  |  APm   |  APl   |
|:------:|:------:|:------:|:-----:|:------:|:------:|
| 75.736 | 95.417 | 88.342 |  nan  | 61.496 | 77.617 |
[08/15 07:16:28 d2.evaluation.coco_evaluation]: Some metrics cannot be computed and is shown as NaN.
[Iter 2 AP] → mAP@[.5:.95] = 75.736
[08/15 07:16:28 d2.data.datasets.coco]: Loaded 89 images in COCO format from /projects/PUCHALLA/LLP2024/tumor-segmentation/data/processed_data/depth/test/images/test.json
[08/15 07:16:28 d2.data.datasets.coco]: Loaded 89 images in COCO format from /projects/PUCHALLA/LLP2024/tumor-segmentation/data/processed_data/depth/test/images/test.json
[08/15 07:16:28 d2.data.dataset_mapper]: [DatasetMapper] Augmentations used in inference: [ResizeShortestEdge(short_edge_length=(800, 800), max_size=1333, sample_style='choice')]
[08/15 07:16:28 d2.data.common]: Serializing the dataset using: <class 'detectron2.data.common._TorchSerializedList'>
[08/15 07:16:28 d2.data.common]: Serializing 89 elements to byte tensors and concatenating them all ...
[08/15 07:16:28 d2.data.common]: Serialized dataset takes 0.07 MiB
[08/15 07:16:28 d2.evaluation.evaluator]: Start inference on 89 batches
[08/15 07:16:31 d2.evaluation.evaluator]: Total inference time: 0:00:02.082115 (0.024787 s / iter per device, on 1 devices)
[08/15 07:16:31 d2.evaluation.evaluator]: Total inference pure compute time: 0:00:01 (0.023650 s / iter per device, on 1 devices)
[08/15 07:16:32 d2.utils.events]:  eta: 0:02:46  iter: 2819  total_loss: 0.1668  loss_cls: 0.01309  loss_box_reg: 0.03946  loss_mask: 0.1065  loss_rpn_cls: 1.454e-05  loss_rpn_loc: 0.001991    time: 0.0763  last_time: 0.0811  data_time: 0.0027  last_data_time: 0.0030   lr: 0.0005  max_mem: 1680M
[08/15 07:16:34 d2.utils.events]:  eta: 0:02:45  iter: 2839  total_loss: 0.1627  loss_cls: 0.0184  loss_box_reg: 0.04222  loss_mask: 0.1034  loss_rpn_cls: 1.242e-05  loss_rpn_loc: 0.002367    time: 0.0763  last_time: 0.0731  data_time: 0.0024  last_data_time: 0.0030   lr: 0.0005  max_mem: 1680M
[08/15 07:16:35 d2.utils.events]:  eta: 0:02:43  iter: 2859  total_loss: 0.1863  loss_cls: 0.01955  loss_box_reg: 0.03923  loss_mask: 0.1157  loss_rpn_cls: 7.509e-06  loss_rpn_loc: 0.002463    time: 0.0763  last_time: 0.0722  data_time: 0.0025  last_data_time: 0.0030   lr: 0.0005  max_mem: 1680M
[08/15 07:16:37 d2.utils.events]:  eta: 0:02:42  iter: 2879  total_loss: 0.1568  loss_cls: 0.01498  loss_box_reg: 0.0343  loss_mask: 0.1033  loss_rpn_cls: 4.629e-05  loss_rpn_loc: 0.00226    time: 0.0763  last_time: 0.0805  data_time: 0.0024  last_data_time: 0.0030   lr: 0.0005  max_mem: 1680M
[08/15 07:16:38 d2.utils.events]:  eta: 0:02:40  iter: 2899  total_loss: 0.1779  loss_cls: 0.01564  loss_box_reg: 0.03974  loss_mask: 0.1179  loss_rpn_cls: 1.119e-05  loss_rpn_loc: 0.00231    time: 0.0763  last_time: 0.0753  data_time: 0.0026  last_data_time: 0.0021   lr: 0.0005  max_mem: 1680M
[08/15 07:16:38 d2.evaluation.coco_evaluation]: Fast COCO eval is not built. Falling back to official COCO eval.
[08/15 07:16:38 d2.data.datasets.coco]: Loaded 89 images in COCO format from /projects/PUCHALLA/LLP2024/tumor-segmentation/data/processed_data/depth/test/images/test.json
[08/15 07:16:38 d2.data.dataset_mapper]: [DatasetMapper] Augmentations used in inference: [ResizeShortestEdge(short_edge_length=(800, 800), max_size=1333, sample_style='choice')]
[08/15 07:16:38 d2.data.common]: Serializing the dataset using: <class 'detectron2.data.common._TorchSerializedList'>
[08/15 07:16:38 d2.data.common]: Serializing 89 elements to byte tensors and concatenating them all ...
[08/15 07:16:38 d2.data.common]: Serialized dataset takes 0.07 MiB
[08/15 07:16:38 d2.evaluation.evaluator]: Start inference on 89 batches
[08/15 07:16:39 d2.evaluation.evaluator]: Inference done 11/89. Dataloading: 0.0004 s/iter. Inference: 0.0233 s/iter. Eval: 0.0003 s/iter. Total: 0.0241 s/iter. ETA=0:00:01
[08/15 07:16:41 d2.evaluation.evaluator]: Total inference time: 0:00:02.052732 (0.024437 s / iter per device, on 1 devices)
[08/15 07:16:41 d2.evaluation.evaluator]: Total inference pure compute time: 0:00:01 (0.023317 s / iter per device, on 1 devices)
[08/15 07:16:41 d2.evaluation.coco_evaluation]: Preparing results for COCO format ...
[08/15 07:16:41 d2.evaluation.coco_evaluation]: Saving results to ../../../../../models/rgb-testing/depth-5000-1/coco_instances_results.json
[08/15 07:16:41 d2.evaluation.coco_evaluation]: Evaluating predictions with official COCO API...
Loading and preparing results...
DONE (t=0.00s)
creating index...
index created!
Running per image evaluation...
Evaluate annotation type *bbox*
DONE (t=0.02s).
Accumulating evaluation results...
DONE (t=0.01s).
 Average Precision  (AP) @[ IoU=0.50:0.95 | area=   all | maxDets=100 ] = 0.757
 Average Precision  (AP) @[ IoU=0.50      | area=   all | maxDets=100 ] = 0.955
 Average Precision  (AP) @[ IoU=0.75      | area=   all | maxDets=100 ] = 0.912
 Average Precision  (AP) @[ IoU=0.50:0.95 | area= small | maxDets=100 ] = -1.000
 Average Precision  (AP) @[ IoU=0.50:0.95 | area=medium | maxDets=100 ] = 0.721
 Average Precision  (AP) @[ IoU=0.50:0.95 | area= large | maxDets=100 ] = 0.763
 Average Recall     (AR) @[ IoU=0.50:0.95 | area=   all | maxDets=  1 ] = 0.796
 Average Recall     (AR) @[ IoU=0.50:0.95 | area=   all | maxDets= 10 ] = 0.796
 Average Recall     (AR) @[ IoU=0.50:0.95 | area=   all | maxDets=100 ] = 0.796
 Average Recall     (AR) @[ IoU=0.50:0.95 | area= small | maxDets=100 ] = -1.000
 Average Recall     (AR) @[ IoU=0.50:0.95 | area=medium | maxDets=100 ] = 0.730
 Average Recall     (AR) @[ IoU=0.50:0.95 | area= large | maxDets=100 ] = 0.804
[08/15 07:16:41 d2.evaluation.coco_evaluation]: Evaluation results for bbox: 
|   AP   |  AP50  |  AP75  |  APs  |  APm   |  APl   |
|:------:|:------:|:------:|:-----:|:------:|:------:|
| 75.679 | 95.509 | 91.211 |  nan  | 72.089 | 76.308 |
[08/15 07:16:41 d2.evaluation.coco_evaluation]: Some metrics cannot be computed and is shown as NaN.
Loading and preparing results...
DONE (t=0.00s)
creating index...
index created!
Running per image evaluation...
Evaluate annotation type *segm*
DONE (t=0.02s).
Accumulating evaluation results...
DONE (t=0.01s).
 Average Precision  (AP) @[ IoU=0.50:0.95 | area=   all | maxDets=100 ] = 0.750
 Average Precision  (AP) @[ IoU=0.50      | area=   all | maxDets=100 ] = 0.945
 Average Precision  (AP) @[ IoU=0.75      | area=   all | maxDets=100 ] = 0.883
 Average Precision  (AP) @[ IoU=0.50:0.95 | area= small | maxDets=100 ] = -1.000
 Average Precision  (AP) @[ IoU=0.50:0.95 | area=medium | maxDets=100 ] = 0.691
 Average Precision  (AP) @[ IoU=0.50:0.95 | area= large | maxDets=100 ] = 0.759
 Average Recall     (AR) @[ IoU=0.50:0.95 | area=   all | maxDets=  1 ] = 0.783
 Average Recall     (AR) @[ IoU=0.50:0.95 | area=   all | maxDets= 10 ] = 0.783
 Average Recall     (AR) @[ IoU=0.50:0.95 | area=   all | maxDets=100 ] = 0.783
 Average Recall     (AR) @[ IoU=0.50:0.95 | area= small | maxDets=100 ] = -1.000
 Average Recall     (AR) @[ IoU=0.50:0.95 | area=medium | maxDets=100 ] = 0.720
 Average Recall     (AR) @[ IoU=0.50:0.95 | area= large | maxDets=100 ] = 0.791
[08/15 07:16:41 d2.evaluation.coco_evaluation]: Evaluation results for segm: 
|   AP   |  AP50  |  AP75  |  APs  |  APm   |  APl   |
|:------:|:------:|:------:|:-----:|:------:|:------:|
| 75.032 | 94.508 | 88.298 |  nan  | 69.109 | 75.904 |
[08/15 07:16:41 d2.evaluation.coco_evaluation]: Some metrics cannot be computed and is shown as NaN.
[Iter 2 AP] → mAP@[.5:.95] = 75.032
[08/15 07:16:41 d2.data.datasets.coco]: Loaded 89 images in COCO format from /projects/PUCHALLA/LLP2024/tumor-segmentation/data/processed_data/depth/test/images/test.json
[08/15 07:16:41 d2.data.datasets.coco]: Loaded 89 images in COCO format from /projects/PUCHALLA/LLP2024/tumor-segmentation/data/processed_data/depth/test/images/test.json
[08/15 07:16:41 d2.data.dataset_mapper]: [DatasetMapper] Augmentations used in inference: [ResizeShortestEdge(short_edge_length=(800, 800), max_size=1333, sample_style='choice')]
[08/15 07:16:41 d2.data.common]: Serializing the dataset using: <class 'detectron2.data.common._TorchSerializedList'>
[08/15 07:16:41 d2.data.common]: Serializing 89 elements to byte tensors and concatenating them all ...
[08/15 07:16:41 d2.data.common]: Serialized dataset takes 0.07 MiB
[08/15 07:16:41 d2.evaluation.evaluator]: Start inference on 89 batches
[08/15 07:16:43 d2.evaluation.evaluator]: Total inference time: 0:00:02.072437 (0.024672 s / iter per device, on 1 devices)
[08/15 07:16:43 d2.evaluation.evaluator]: Total inference pure compute time: 0:00:01 (0.023563 s / iter per device, on 1 devices)
[08/15 07:16:44 d2.utils.events]:  eta: 0:02:39  iter: 2919  total_loss: 0.153  loss_cls: 0.01456  loss_box_reg: 0.03412  loss_mask: 0.09923  loss_rpn_cls: 1.054e-05  loss_rpn_loc: 0.002088    time: 0.0763  last_time: 0.0718  data_time: 0.0026  last_data_time: 0.0020   lr: 0.0005  max_mem: 1680M
[08/15 07:16:46 d2.utils.events]:  eta: 0:02:37  iter: 2939  total_loss: 0.1561  loss_cls: 0.01574  loss_box_reg: 0.03625  loss_mask: 0.1024  loss_rpn_cls: 1.912e-05  loss_rpn_loc: 0.002733    time: 0.0763  last_time: 0.0806  data_time: 0.0027  last_data_time: 0.0029   lr: 0.0005  max_mem: 1680M
[08/15 07:16:47 d2.utils.events]:  eta: 0:02:36  iter: 2959  total_loss: 0.1647  loss_cls: 0.01488  loss_box_reg: 0.03466  loss_mask: 0.1191  loss_rpn_cls: 1.577e-05  loss_rpn_loc: 0.002995    time: 0.0763  last_time: 0.0727  data_time: 0.0025  last_data_time: 0.0021   lr: 0.0005  max_mem: 1680M
[08/15 07:16:49 d2.utils.events]:  eta: 0:02:34  iter: 2979  total_loss: 0.1674  loss_cls: 0.01673  loss_box_reg: 0.03639  loss_mask: 0.1143  loss_rpn_cls: 2.489e-05  loss_rpn_loc: 0.002034    time: 0.0763  last_time: 0.0749  data_time: 0.0025  last_data_time: 0.0020   lr: 0.0005  max_mem: 1680M
[08/15 07:16:51 d2.utils.events]:  eta: 0:02:33  iter: 2999  total_loss: 0.1697  loss_cls: 0.01675  loss_box_reg: 0.04185  loss_mask: 0.1023  loss_rpn_cls: 8.367e-06  loss_rpn_loc: 0.001774    time: 0.0763  last_time: 0.0759  data_time: 0.0028  last_data_time: 0.0029   lr: 0.0005  max_mem: 1680M
[08/15 07:16:51 d2.evaluation.coco_evaluation]: Fast COCO eval is not built. Falling back to official COCO eval.
[08/15 07:16:51 d2.data.datasets.coco]: Loaded 89 images in COCO format from /projects/PUCHALLA/LLP2024/tumor-segmentation/data/processed_data/depth/test/images/test.json
[08/15 07:16:51 d2.data.dataset_mapper]: [DatasetMapper] Augmentations used in inference: [ResizeShortestEdge(short_edge_length=(800, 800), max_size=1333, sample_style='choice')]
[08/15 07:16:51 d2.data.common]: Serializing the dataset using: <class 'detectron2.data.common._TorchSerializedList'>
[08/15 07:16:51 d2.data.common]: Serializing 89 elements to byte tensors and concatenating them all ...
[08/15 07:16:51 d2.data.common]: Serialized dataset takes 0.07 MiB
[08/15 07:16:51 d2.evaluation.evaluator]: Start inference on 89 batches
[08/15 07:16:51 d2.evaluation.evaluator]: Inference done 11/89. Dataloading: 0.0004 s/iter. Inference: 0.0234 s/iter. Eval: 0.0003 s/iter. Total: 0.0241 s/iter. ETA=0:00:01
[08/15 07:16:53 d2.evaluation.evaluator]: Total inference time: 0:00:02.077744 (0.024735 s / iter per device, on 1 devices)
[08/15 07:16:53 d2.evaluation.evaluator]: Total inference pure compute time: 0:00:01 (0.023586 s / iter per device, on 1 devices)
[08/15 07:16:53 d2.evaluation.coco_evaluation]: Preparing results for COCO format ...
[08/15 07:16:53 d2.evaluation.coco_evaluation]: Saving results to ../../../../../models/rgb-testing/depth-5000-1/coco_instances_results.json
[08/15 07:16:53 d2.evaluation.coco_evaluation]: Evaluating predictions with official COCO API...
Loading and preparing results...
DONE (t=0.00s)
creating index...
index created!
Running per image evaluation...
Evaluate annotation type *bbox*
DONE (t=0.01s).
Accumulating evaluation results...
DONE (t=0.01s).
 Average Precision  (AP) @[ IoU=0.50:0.95 | area=   all | maxDets=100 ] = 0.691
 Average Precision  (AP) @[ IoU=0.50      | area=   all | maxDets=100 ] = 0.956
 Average Precision  (AP) @[ IoU=0.75      | area=   all | maxDets=100 ] = 0.903
 Average Precision  (AP) @[ IoU=0.50:0.95 | area= small | maxDets=100 ] = -1.000
 Average Precision  (AP) @[ IoU=0.50:0.95 | area=medium | maxDets=100 ] = 0.635
 Average Precision  (AP) @[ IoU=0.50:0.95 | area= large | maxDets=100 ] = 0.697
 Average Recall     (AR) @[ IoU=0.50:0.95 | area=   all | maxDets=  1 ] = 0.731
 Average Recall     (AR) @[ IoU=0.50:0.95 | area=   all | maxDets= 10 ] = 0.731
 Average Recall     (AR) @[ IoU=0.50:0.95 | area=   all | maxDets=100 ] = 0.731
 Average Recall     (AR) @[ IoU=0.50:0.95 | area= small | maxDets=100 ] = -1.000
 Average Recall     (AR) @[ IoU=0.50:0.95 | area=medium | maxDets=100 ] = 0.650
 Average Recall     (AR) @[ IoU=0.50:0.95 | area= large | maxDets=100 ] = 0.742
[08/15 07:16:53 d2.evaluation.coco_evaluation]: Evaluation results for bbox: 
|   AP   |  AP50  |  AP75  |  APs  |  APm   |  APl   |
|:------:|:------:|:------:|:-----:|:------:|:------:|
| 69.073 | 95.588 | 90.265 |  nan  | 63.537 | 69.723 |
[08/15 07:16:53 d2.evaluation.coco_evaluation]: Some metrics cannot be computed and is shown as NaN.
Loading and preparing results...
DONE (t=0.00s)
creating index...
index created!
Running per image evaluation...
Evaluate annotation type *segm*
DONE (t=0.02s).
Accumulating evaluation results...
DONE (t=0.01s).
 Average Precision  (AP) @[ IoU=0.50:0.95 | area=   all | maxDets=100 ] = 0.713
 Average Precision  (AP) @[ IoU=0.50      | area=   all | maxDets=100 ] = 0.936
 Average Precision  (AP) @[ IoU=0.75      | area=   all | maxDets=100 ] = 0.875
 Average Precision  (AP) @[ IoU=0.50:0.95 | area= small | maxDets=100 ] = -1.000
 Average Precision  (AP) @[ IoU=0.50:0.95 | area=medium | maxDets=100 ] = 0.624
 Average Precision  (AP) @[ IoU=0.50:0.95 | area= large | maxDets=100 ] = 0.726
 Average Recall     (AR) @[ IoU=0.50:0.95 | area=   all | maxDets=  1 ] = 0.744
 Average Recall     (AR) @[ IoU=0.50:0.95 | area=   all | maxDets= 10 ] = 0.744
 Average Recall     (AR) @[ IoU=0.50:0.95 | area=   all | maxDets=100 ] = 0.744
 Average Recall     (AR) @[ IoU=0.50:0.95 | area= small | maxDets=100 ] = -1.000
 Average Recall     (AR) @[ IoU=0.50:0.95 | area=medium | maxDets=100 ] = 0.640
 Average Recall     (AR) @[ IoU=0.50:0.95 | area= large | maxDets=100 ] = 0.757
[08/15 07:16:53 d2.evaluation.coco_evaluation]: Evaluation results for segm: 
|   AP   |  AP50  |  AP75  |  APs  |  APm   |  APl   |
|:------:|:------:|:------:|:-----:|:------:|:------:|
| 71.346 | 93.602 | 87.518 |  nan  | 62.389 | 72.608 |
[08/15 07:16:53 d2.evaluation.coco_evaluation]: Some metrics cannot be computed and is shown as NaN.
[Iter 2 AP] → mAP@[.5:.95] = 71.346
[08/15 07:16:53 d2.data.datasets.coco]: Loaded 89 images in COCO format from /projects/PUCHALLA/LLP2024/tumor-segmentation/data/processed_data/depth/test/images/test.json
[08/15 07:16:53 d2.data.datasets.coco]: Loaded 89 images in COCO format from /projects/PUCHALLA/LLP2024/tumor-segmentation/data/processed_data/depth/test/images/test.json
[08/15 07:16:53 d2.data.dataset_mapper]: [DatasetMapper] Augmentations used in inference: [ResizeShortestEdge(short_edge_length=(800, 800), max_size=1333, sample_style='choice')]
[08/15 07:16:53 d2.data.common]: Serializing the dataset using: <class 'detectron2.data.common._TorchSerializedList'>
[08/15 07:16:53 d2.data.common]: Serializing 89 elements to byte tensors and concatenating them all ...
[08/15 07:16:53 d2.data.common]: Serialized dataset takes 0.07 MiB
[08/15 07:16:53 d2.evaluation.evaluator]: Start inference on 89 batches
[08/15 07:16:55 d2.evaluation.evaluator]: Total inference time: 0:00:02.062694 (0.024556 s / iter per device, on 1 devices)
[08/15 07:16:55 d2.evaluation.evaluator]: Total inference pure compute time: 0:00:01 (0.023430 s / iter per device, on 1 devices)
[08/15 07:16:57 d2.utils.events]:  eta: 0:02:31  iter: 3019  total_loss: 0.1454  loss_cls: 0.01401  loss_box_reg: 0.03256  loss_mask: 0.0959  loss_rpn_cls: 1.873e-06  loss_rpn_loc: 0.001855    time: 0.0763  last_time: 0.0765  data_time: 0.0028  last_data_time: 0.0029   lr: 0.00025  max_mem: 1680M
[08/15 07:16:58 d2.utils.events]:  eta: 0:02:30  iter: 3039  total_loss: 0.1602  loss_cls: 0.01636  loss_box_reg: 0.0388  loss_mask: 0.1041  loss_rpn_cls: 1.889e-05  loss_rpn_loc: 0.002833    time: 0.0763  last_time: 0.0796  data_time: 0.0028  last_data_time: 0.0020   lr: 0.00025  max_mem: 1680M
[08/15 07:17:00 d2.utils.events]:  eta: 0:02:28  iter: 3059  total_loss: 0.1752  loss_cls: 0.0161  loss_box_reg: 0.03891  loss_mask: 0.1133  loss_rpn_cls: 9.635e-06  loss_rpn_loc: 0.001948    time: 0.0763  last_time: 0.0792  data_time: 0.0028  last_data_time: 0.0020   lr: 0.00025  max_mem: 1680M
[08/15 07:17:01 d2.utils.events]:  eta: 0:02:27  iter: 3079  total_loss: 0.1565  loss_cls: 0.01657  loss_box_reg: 0.03512  loss_mask: 0.1087  loss_rpn_cls: 1.412e-05  loss_rpn_loc: 0.002336    time: 0.0763  last_time: 0.0803  data_time: 0.0028  last_data_time: 0.0030   lr: 0.00025  max_mem: 1680M
[08/15 07:17:03 d2.utils.events]:  eta: 0:02:25  iter: 3099  total_loss: 0.1351  loss_cls: 0.01275  loss_box_reg: 0.02914  loss_mask: 0.09066  loss_rpn_cls: 6.787e-06  loss_rpn_loc: 0.002034    time: 0.0763  last_time: 0.0771  data_time: 0.0026  last_data_time: 0.0030   lr: 0.00025  max_mem: 1680M
[08/15 07:17:03 d2.evaluation.coco_evaluation]: Fast COCO eval is not built. Falling back to official COCO eval.
[08/15 07:17:03 d2.data.datasets.coco]: Loaded 89 images in COCO format from /projects/PUCHALLA/LLP2024/tumor-segmentation/data/processed_data/depth/test/images/test.json
[08/15 07:17:03 d2.data.dataset_mapper]: [DatasetMapper] Augmentations used in inference: [ResizeShortestEdge(short_edge_length=(800, 800), max_size=1333, sample_style='choice')]
[08/15 07:17:03 d2.data.common]: Serializing the dataset using: <class 'detectron2.data.common._TorchSerializedList'>
[08/15 07:17:03 d2.data.common]: Serializing 89 elements to byte tensors and concatenating them all ...
[08/15 07:17:03 d2.data.common]: Serialized dataset takes 0.07 MiB
[08/15 07:17:03 d2.evaluation.evaluator]: Start inference on 89 batches
[08/15 07:17:03 d2.evaluation.evaluator]: Inference done 11/89. Dataloading: 0.0004 s/iter. Inference: 0.0240 s/iter. Eval: 0.0003 s/iter. Total: 0.0248 s/iter. ETA=0:00:01
[08/15 07:17:05 d2.evaluation.evaluator]: Total inference time: 0:00:02.097688 (0.024972 s / iter per device, on 1 devices)
[08/15 07:17:05 d2.evaluation.evaluator]: Total inference pure compute time: 0:00:02 (0.023827 s / iter per device, on 1 devices)
[08/15 07:17:05 d2.evaluation.coco_evaluation]: Preparing results for COCO format ...
[08/15 07:17:05 d2.evaluation.coco_evaluation]: Saving results to ../../../../../models/rgb-testing/depth-5000-1/coco_instances_results.json
[08/15 07:17:05 d2.evaluation.coco_evaluation]: Evaluating predictions with official COCO API...
Loading and preparing results...
DONE (t=0.00s)
creating index...
index created!
Running per image evaluation...
Evaluate annotation type *bbox*
DONE (t=0.01s).
Accumulating evaluation results...
DONE (t=0.01s).
 Average Precision  (AP) @[ IoU=0.50:0.95 | area=   all | maxDets=100 ] = 0.776
 Average Precision  (AP) @[ IoU=0.50      | area=   all | maxDets=100 ] = 0.966
 Average Precision  (AP) @[ IoU=0.75      | area=   all | maxDets=100 ] = 0.936
 Average Precision  (AP) @[ IoU=0.50:0.95 | area= small | maxDets=100 ] = -1.000
 Average Precision  (AP) @[ IoU=0.50:0.95 | area=medium | maxDets=100 ] = 0.663
 Average Precision  (AP) @[ IoU=0.50:0.95 | area= large | maxDets=100 ] = 0.791
 Average Recall     (AR) @[ IoU=0.50:0.95 | area=   all | maxDets=  1 ] = 0.813
 Average Recall     (AR) @[ IoU=0.50:0.95 | area=   all | maxDets= 10 ] = 0.813
 Average Recall     (AR) @[ IoU=0.50:0.95 | area=   all | maxDets=100 ] = 0.813
 Average Recall     (AR) @[ IoU=0.50:0.95 | area= small | maxDets=100 ] = -1.000
 Average Recall     (AR) @[ IoU=0.50:0.95 | area=medium | maxDets=100 ] = 0.670
 Average Recall     (AR) @[ IoU=0.50:0.95 | area= large | maxDets=100 ] = 0.832
[08/15 07:17:05 d2.evaluation.coco_evaluation]: Evaluation results for bbox: 
|   AP   |  AP50  |  AP75  |  APs  |  APm   |  APl   |
|:------:|:------:|:------:|:-----:|:------:|:------:|
| 77.586 | 96.632 | 93.631 |  nan  | 66.267 | 79.131 |
[08/15 07:17:05 d2.evaluation.coco_evaluation]: Some metrics cannot be computed and is shown as NaN.
Loading and preparing results...
DONE (t=0.00s)
creating index...
index created!
Running per image evaluation...
Evaluate annotation type *segm*
DONE (t=0.02s).
Accumulating evaluation results...
DONE (t=0.01s).
 Average Precision  (AP) @[ IoU=0.50:0.95 | area=   all | maxDets=100 ] = 0.768
 Average Precision  (AP) @[ IoU=0.50      | area=   all | maxDets=100 ] = 0.966
 Average Precision  (AP) @[ IoU=0.75      | area=   all | maxDets=100 ] = 0.886
 Average Precision  (AP) @[ IoU=0.50:0.95 | area= small | maxDets=100 ] = -1.000
 Average Precision  (AP) @[ IoU=0.50:0.95 | area=medium | maxDets=100 ] = 0.685
 Average Precision  (AP) @[ IoU=0.50:0.95 | area= large | maxDets=100 ] = 0.782
 Average Recall     (AR) @[ IoU=0.50:0.95 | area=   all | maxDets=  1 ] = 0.798
 Average Recall     (AR) @[ IoU=0.50:0.95 | area=   all | maxDets= 10 ] = 0.798
 Average Recall     (AR) @[ IoU=0.50:0.95 | area=   all | maxDets=100 ] = 0.798
 Average Recall     (AR) @[ IoU=0.50:0.95 | area= small | maxDets=100 ] = -1.000
 Average Recall     (AR) @[ IoU=0.50:0.95 | area=medium | maxDets=100 ] = 0.700
 Average Recall     (AR) @[ IoU=0.50:0.95 | area= large | maxDets=100 ] = 0.810
[08/15 07:17:05 d2.evaluation.coco_evaluation]: Evaluation results for segm: 
|   AP   |  AP50  |  AP75  |  APs  |  APm   |  APl   |
|:------:|:------:|:------:|:-----:|:------:|:------:|
| 76.844 | 96.632 | 88.647 |  nan  | 68.465 | 78.191 |
[08/15 07:17:05 d2.evaluation.coco_evaluation]: Some metrics cannot be computed and is shown as NaN.
[Iter 2 AP] → mAP@[.5:.95] = 76.844
[08/15 07:17:05 d2.data.datasets.coco]: Loaded 89 images in COCO format from /projects/PUCHALLA/LLP2024/tumor-segmentation/data/processed_data/depth/test/images/test.json
[08/15 07:17:05 d2.data.datasets.coco]: Loaded 89 images in COCO format from /projects/PUCHALLA/LLP2024/tumor-segmentation/data/processed_data/depth/test/images/test.json
[08/15 07:17:05 d2.data.dataset_mapper]: [DatasetMapper] Augmentations used in inference: [ResizeShortestEdge(short_edge_length=(800, 800), max_size=1333, sample_style='choice')]
[08/15 07:17:05 d2.data.common]: Serializing the dataset using: <class 'detectron2.data.common._TorchSerializedList'>
[08/15 07:17:05 d2.data.common]: Serializing 89 elements to byte tensors and concatenating them all ...
[08/15 07:17:05 d2.data.common]: Serialized dataset takes 0.07 MiB
[08/15 07:17:05 d2.evaluation.evaluator]: Start inference on 89 batches
[08/15 07:17:08 d2.evaluation.evaluator]: Total inference time: 0:00:02.084310 (0.024813 s / iter per device, on 1 devices)
[08/15 07:17:08 d2.evaluation.evaluator]: Total inference pure compute time: 0:00:01 (0.023679 s / iter per device, on 1 devices)
[08/15 07:17:09 d2.utils.events]:  eta: 0:02:24  iter: 3119  total_loss: 0.1464  loss_cls: 0.01443  loss_box_reg: 0.03405  loss_mask: 0.1019  loss_rpn_cls: 7.714e-06  loss_rpn_loc: 0.00209    time: 0.0763  last_time: 0.0778  data_time: 0.0027  last_data_time: 0.0030   lr: 0.00025  max_mem: 1680M
[08/15 07:17:11 d2.utils.events]:  eta: 0:02:22  iter: 3139  total_loss: 0.1599  loss_cls: 0.01644  loss_box_reg: 0.03361  loss_mask: 0.1085  loss_rpn_cls: 1.326e-05  loss_rpn_loc: 0.00195    time: 0.0763  last_time: 0.0756  data_time: 0.0027  last_data_time: 0.0020   lr: 0.00025  max_mem: 1680M
[08/15 07:17:12 d2.utils.events]:  eta: 0:02:20  iter: 3159  total_loss: 0.1615  loss_cls: 0.01471  loss_box_reg: 0.03613  loss_mask: 0.1088  loss_rpn_cls: 9.988e-06  loss_rpn_loc: 0.002356    time: 0.0763  last_time: 0.0763  data_time: 0.0029  last_data_time: 0.0030   lr: 0.00025  max_mem: 1680M
[08/15 07:17:14 d2.utils.events]:  eta: 0:02:19  iter: 3179  total_loss: 0.151  loss_cls: 0.01694  loss_box_reg: 0.0346  loss_mask: 0.09775  loss_rpn_cls: 7.594e-06  loss_rpn_loc: 0.002071    time: 0.0763  last_time: 0.0710  data_time: 0.0026  last_data_time: 0.0019   lr: 0.00025  max_mem: 1680M
[08/15 07:17:15 d2.utils.events]:  eta: 0:02:17  iter: 3199  total_loss: 0.1696  loss_cls: 0.01553  loss_box_reg: 0.03892  loss_mask: 0.103  loss_rpn_cls: 5.172e-06  loss_rpn_loc: 0.001975    time: 0.0764  last_time: 0.0727  data_time: 0.0028  last_data_time: 0.0031   lr: 0.00025  max_mem: 1680M
[08/15 07:17:15 d2.evaluation.coco_evaluation]: Fast COCO eval is not built. Falling back to official COCO eval.
[08/15 07:17:15 d2.data.datasets.coco]: Loaded 89 images in COCO format from /projects/PUCHALLA/LLP2024/tumor-segmentation/data/processed_data/depth/test/images/test.json
[08/15 07:17:15 d2.data.dataset_mapper]: [DatasetMapper] Augmentations used in inference: [ResizeShortestEdge(short_edge_length=(800, 800), max_size=1333, sample_style='choice')]
[08/15 07:17:15 d2.data.common]: Serializing the dataset using: <class 'detectron2.data.common._TorchSerializedList'>
[08/15 07:17:15 d2.data.common]: Serializing 89 elements to byte tensors and concatenating them all ...
[08/15 07:17:15 d2.data.common]: Serialized dataset takes 0.07 MiB
[08/15 07:17:15 d2.evaluation.evaluator]: Start inference on 89 batches
[08/15 07:17:16 d2.evaluation.evaluator]: Inference done 11/89. Dataloading: 0.0004 s/iter. Inference: 0.0234 s/iter. Eval: 0.0003 s/iter. Total: 0.0242 s/iter. ETA=0:00:01
[08/15 07:17:18 d2.evaluation.evaluator]: Total inference time: 0:00:02.062771 (0.024557 s / iter per device, on 1 devices)
[08/15 07:17:18 d2.evaluation.evaluator]: Total inference pure compute time: 0:00:01 (0.023401 s / iter per device, on 1 devices)
[08/15 07:17:18 d2.evaluation.coco_evaluation]: Preparing results for COCO format ...
[08/15 07:17:18 d2.evaluation.coco_evaluation]: Saving results to ../../../../../models/rgb-testing/depth-5000-1/coco_instances_results.json
[08/15 07:17:18 d2.evaluation.coco_evaluation]: Evaluating predictions with official COCO API...
Loading and preparing results...
DONE (t=0.00s)
creating index...
index created!
Running per image evaluation...
Evaluate annotation type *bbox*
DONE (t=0.01s).
Accumulating evaluation results...
DONE (t=0.01s).
 Average Precision  (AP) @[ IoU=0.50:0.95 | area=   all | maxDets=100 ] = 0.754
 Average Precision  (AP) @[ IoU=0.50      | area=   all | maxDets=100 ] = 0.966
 Average Precision  (AP) @[ IoU=0.75      | area=   all | maxDets=100 ] = 0.922
 Average Precision  (AP) @[ IoU=0.50:0.95 | area= small | maxDets=100 ] = -1.000
 Average Precision  (AP) @[ IoU=0.50:0.95 | area=medium | maxDets=100 ] = 0.654
 Average Precision  (AP) @[ IoU=0.50:0.95 | area= large | maxDets=100 ] = 0.768
 Average Recall     (AR) @[ IoU=0.50:0.95 | area=   all | maxDets=  1 ] = 0.791
 Average Recall     (AR) @[ IoU=0.50:0.95 | area=   all | maxDets= 10 ] = 0.791
 Average Recall     (AR) @[ IoU=0.50:0.95 | area=   all | maxDets=100 ] = 0.791
 Average Recall     (AR) @[ IoU=0.50:0.95 | area= small | maxDets=100 ] = -1.000
 Average Recall     (AR) @[ IoU=0.50:0.95 | area=medium | maxDets=100 ] = 0.670
 Average Recall     (AR) @[ IoU=0.50:0.95 | area= large | maxDets=100 ] = 0.806
[08/15 07:17:18 d2.evaluation.coco_evaluation]: Evaluation results for bbox: 
|   AP   |  AP50  |  AP75  |  APs  |  APm   |  APl   |
|:------:|:------:|:------:|:-----:|:------:|:------:|
| 75.416 | 96.569 | 92.168 |  nan  | 65.370 | 76.807 |
[08/15 07:17:18 d2.evaluation.coco_evaluation]: Some metrics cannot be computed and is shown as NaN.
Loading and preparing results...
DONE (t=0.00s)
creating index...
index created!
Running per image evaluation...
Evaluate annotation type *segm*
DONE (t=0.02s).
Accumulating evaluation results...
DONE (t=0.01s).
 Average Precision  (AP) @[ IoU=0.50:0.95 | area=   all | maxDets=100 ] = 0.726
 Average Precision  (AP) @[ IoU=0.50      | area=   all | maxDets=100 ] = 0.956
 Average Precision  (AP) @[ IoU=0.75      | area=   all | maxDets=100 ] = 0.867
 Average Precision  (AP) @[ IoU=0.50:0.95 | area= small | maxDets=100 ] = -1.000
 Average Precision  (AP) @[ IoU=0.50:0.95 | area=medium | maxDets=100 ] = 0.614
 Average Precision  (AP) @[ IoU=0.50:0.95 | area= large | maxDets=100 ] = 0.741
 Average Recall     (AR) @[ IoU=0.50:0.95 | area=   all | maxDets=  1 ] = 0.760
 Average Recall     (AR) @[ IoU=0.50:0.95 | area=   all | maxDets= 10 ] = 0.760
 Average Recall     (AR) @[ IoU=0.50:0.95 | area=   all | maxDets=100 ] = 0.760
 Average Recall     (AR) @[ IoU=0.50:0.95 | area= small | maxDets=100 ] = -1.000
 Average Recall     (AR) @[ IoU=0.50:0.95 | area=medium | maxDets=100 ] = 0.630
 Average Recall     (AR) @[ IoU=0.50:0.95 | area= large | maxDets=100 ] = 0.776
[08/15 07:17:18 d2.evaluation.coco_evaluation]: Evaluation results for segm: 
|   AP   |  AP50  |  AP75  |  APs  |  APm   |  APl   |
|:------:|:------:|:------:|:-----:|:------:|:------:|
| 72.577 | 95.572 | 86.749 |  nan  | 61.370 | 74.052 |
[08/15 07:17:18 d2.evaluation.coco_evaluation]: Some metrics cannot be computed and is shown as NaN.
[Iter 2 AP] → mAP@[.5:.95] = 72.577
[08/15 07:17:18 d2.data.datasets.coco]: Loaded 89 images in COCO format from /projects/PUCHALLA/LLP2024/tumor-segmentation/data/processed_data/depth/test/images/test.json
[08/15 07:17:18 d2.data.datasets.coco]: Loaded 89 images in COCO format from /projects/PUCHALLA/LLP2024/tumor-segmentation/data/processed_data/depth/test/images/test.json
[08/15 07:17:18 d2.data.dataset_mapper]: [DatasetMapper] Augmentations used in inference: [ResizeShortestEdge(short_edge_length=(800, 800), max_size=1333, sample_style='choice')]
[08/15 07:17:18 d2.data.common]: Serializing the dataset using: <class 'detectron2.data.common._TorchSerializedList'>
[08/15 07:17:18 d2.data.common]: Serializing 89 elements to byte tensors and concatenating them all ...
[08/15 07:17:18 d2.data.common]: Serialized dataset takes 0.07 MiB
[08/15 07:17:18 d2.evaluation.evaluator]: Start inference on 89 batches
[08/15 07:17:20 d2.evaluation.evaluator]: Total inference time: 0:00:01.996047 (0.023762 s / iter per device, on 1 devices)
[08/15 07:17:20 d2.evaluation.evaluator]: Total inference pure compute time: 0:00:01 (0.022626 s / iter per device, on 1 devices)
[08/15 07:17:21 d2.utils.events]:  eta: 0:02:16  iter: 3219  total_loss: 0.1503  loss_cls: 0.01606  loss_box_reg: 0.03376  loss_mask: 0.09632  loss_rpn_cls: 1.125e-05  loss_rpn_loc: 0.002075    time: 0.0764  last_time: 0.0800  data_time: 0.0029  last_data_time: 0.0029   lr: 0.00025  max_mem: 1680M
[08/15 07:17:23 d2.utils.events]:  eta: 0:02:14  iter: 3239  total_loss: 0.1391  loss_cls: 0.01277  loss_box_reg: 0.03023  loss_mask: 0.08675  loss_rpn_cls: 4.734e-06  loss_rpn_loc: 0.002289    time: 0.0764  last_time: 0.0763  data_time: 0.0028  last_data_time: 0.0029   lr: 0.00025  max_mem: 1680M
[08/15 07:17:24 d2.utils.events]:  eta: 0:02:13  iter: 3259  total_loss: 0.1512  loss_cls: 0.01539  loss_box_reg: 0.03244  loss_mask: 0.09329  loss_rpn_cls: 3.485e-05  loss_rpn_loc: 0.002138    time: 0.0764  last_time: 0.0709  data_time: 0.0025  last_data_time: 0.0019   lr: 0.00025  max_mem: 1680M
[08/15 07:17:26 d2.utils.events]:  eta: 0:02:11  iter: 3279  total_loss: 0.1288  loss_cls: 0.01304  loss_box_reg: 0.02753  loss_mask: 0.08617  loss_rpn_cls: 9.469e-06  loss_rpn_loc: 0.002259    time: 0.0764  last_time: 0.0798  data_time: 0.0024  last_data_time: 0.0020   lr: 0.00025  max_mem: 1680M
[08/15 07:17:28 d2.utils.events]:  eta: 0:02:10  iter: 3299  total_loss: 0.1435  loss_cls: 0.01457  loss_box_reg: 0.03088  loss_mask: 0.09477  loss_rpn_cls: 9.571e-06  loss_rpn_loc: 0.00229    time: 0.0764  last_time: 0.0805  data_time: 0.0023  last_data_time: 0.0028   lr: 0.00025  max_mem: 1680M
[08/15 07:17:28 d2.evaluation.coco_evaluation]: Fast COCO eval is not built. Falling back to official COCO eval.
[08/15 07:17:28 d2.data.datasets.coco]: Loaded 89 images in COCO format from /projects/PUCHALLA/LLP2024/tumor-segmentation/data/processed_data/depth/test/images/test.json
[08/15 07:17:28 d2.data.dataset_mapper]: [DatasetMapper] Augmentations used in inference: [ResizeShortestEdge(short_edge_length=(800, 800), max_size=1333, sample_style='choice')]
[08/15 07:17:28 d2.data.common]: Serializing the dataset using: <class 'detectron2.data.common._TorchSerializedList'>
[08/15 07:17:28 d2.data.common]: Serializing 89 elements to byte tensors and concatenating them all ...
[08/15 07:17:28 d2.data.common]: Serialized dataset takes 0.07 MiB
[08/15 07:17:28 d2.evaluation.evaluator]: Start inference on 89 batches
[08/15 07:17:28 d2.evaluation.evaluator]: Inference done 11/89. Dataloading: 0.0004 s/iter. Inference: 0.0234 s/iter. Eval: 0.0003 s/iter. Total: 0.0242 s/iter. ETA=0:00:01
[08/15 07:17:30 d2.evaluation.evaluator]: Total inference time: 0:00:02.055733 (0.024473 s / iter per device, on 1 devices)
[08/15 07:17:30 d2.evaluation.evaluator]: Total inference pure compute time: 0:00:01 (0.023325 s / iter per device, on 1 devices)
[08/15 07:17:30 d2.evaluation.coco_evaluation]: Preparing results for COCO format ...
[08/15 07:17:30 d2.evaluation.coco_evaluation]: Saving results to ../../../../../models/rgb-testing/depth-5000-1/coco_instances_results.json
[08/15 07:17:30 d2.evaluation.coco_evaluation]: Evaluating predictions with official COCO API...
Loading and preparing results...
DONE (t=0.00s)
creating index...
index created!
Running per image evaluation...
Evaluate annotation type *bbox*
DONE (t=0.01s).
Accumulating evaluation results...
DONE (t=0.01s).
 Average Precision  (AP) @[ IoU=0.50:0.95 | area=   all | maxDets=100 ] = 0.778
 Average Precision  (AP) @[ IoU=0.50      | area=   all | maxDets=100 ] = 0.966
 Average Precision  (AP) @[ IoU=0.75      | area=   all | maxDets=100 ] = 0.925
 Average Precision  (AP) @[ IoU=0.50:0.95 | area= small | maxDets=100 ] = -1.000
 Average Precision  (AP) @[ IoU=0.50:0.95 | area=medium | maxDets=100 ] = 0.691
 Average Precision  (AP) @[ IoU=0.50:0.95 | area= large | maxDets=100 ] = 0.790
 Average Recall     (AR) @[ IoU=0.50:0.95 | area=   all | maxDets=  1 ] = 0.818
 Average Recall     (AR) @[ IoU=0.50:0.95 | area=   all | maxDets= 10 ] = 0.818
 Average Recall     (AR) @[ IoU=0.50:0.95 | area=   all | maxDets=100 ] = 0.818
 Average Recall     (AR) @[ IoU=0.50:0.95 | area= small | maxDets=100 ] = -1.000
 Average Recall     (AR) @[ IoU=0.50:0.95 | area=medium | maxDets=100 ] = 0.700
 Average Recall     (AR) @[ IoU=0.50:0.95 | area= large | maxDets=100 ] = 0.833
[08/15 07:17:30 d2.evaluation.coco_evaluation]: Evaluation results for bbox: 
|   AP   |  AP50  |  AP75  |  APs  |  APm   |  APl   |
|:------:|:------:|:------:|:-----:|:------:|:------:|
| 77.835 | 96.570 | 92.501 |  nan  | 69.139 | 79.009 |
[08/15 07:17:30 d2.evaluation.coco_evaluation]: Some metrics cannot be computed and is shown as NaN.
Loading and preparing results...
DONE (t=0.00s)
creating index...
index created!
Running per image evaluation...
Evaluate annotation type *segm*
DONE (t=0.02s).
Accumulating evaluation results...
DONE (t=0.01s).
 Average Precision  (AP) @[ IoU=0.50:0.95 | area=   all | maxDets=100 ] = 0.778
 Average Precision  (AP) @[ IoU=0.50      | area=   all | maxDets=100 ] = 0.966
 Average Precision  (AP) @[ IoU=0.75      | area=   all | maxDets=100 ] = 0.915
 Average Precision  (AP) @[ IoU=0.50:0.95 | area= small | maxDets=100 ] = -1.000
 Average Precision  (AP) @[ IoU=0.50:0.95 | area=medium | maxDets=100 ] = 0.729
 Average Precision  (AP) @[ IoU=0.50:0.95 | area= large | maxDets=100 ] = 0.787
 Average Recall     (AR) @[ IoU=0.50:0.95 | area=   all | maxDets=  1 ] = 0.808
 Average Recall     (AR) @[ IoU=0.50:0.95 | area=   all | maxDets= 10 ] = 0.808
 Average Recall     (AR) @[ IoU=0.50:0.95 | area=   all | maxDets=100 ] = 0.808
 Average Recall     (AR) @[ IoU=0.50:0.95 | area= small | maxDets=100 ] = -1.000
 Average Recall     (AR) @[ IoU=0.50:0.95 | area=medium | maxDets=100 ] = 0.750
 Average Recall     (AR) @[ IoU=0.50:0.95 | area= large | maxDets=100 ] = 0.815
[08/15 07:17:30 d2.evaluation.coco_evaluation]: Evaluation results for segm: 
|   AP   |  AP50  |  AP75  |  APs  |  APm   |  APl   |
|:------:|:------:|:------:|:-----:|:------:|:------:|
| 77.794 | 96.570 | 91.475 |  nan  | 72.919 | 78.673 |
[08/15 07:17:30 d2.evaluation.coco_evaluation]: Some metrics cannot be computed and is shown as NaN.
[Iter 2 AP] → mAP@[.5:.95] = 77.794
[08/15 07:17:30 d2.data.datasets.coco]: Loaded 89 images in COCO format from /projects/PUCHALLA/LLP2024/tumor-segmentation/data/processed_data/depth/test/images/test.json
[08/15 07:17:30 d2.data.datasets.coco]: Loaded 89 images in COCO format from /projects/PUCHALLA/LLP2024/tumor-segmentation/data/processed_data/depth/test/images/test.json
[08/15 07:17:30 d2.data.dataset_mapper]: [DatasetMapper] Augmentations used in inference: [ResizeShortestEdge(short_edge_length=(800, 800), max_size=1333, sample_style='choice')]
[08/15 07:17:30 d2.data.common]: Serializing the dataset using: <class 'detectron2.data.common._TorchSerializedList'>
[08/15 07:17:30 d2.data.common]: Serializing 89 elements to byte tensors and concatenating them all ...
[08/15 07:17:30 d2.data.common]: Serialized dataset takes 0.07 MiB
[08/15 07:17:30 d2.evaluation.evaluator]: Start inference on 89 batches
[08/15 07:17:32 d2.evaluation.evaluator]: Total inference time: 0:00:02.061400 (0.024540 s / iter per device, on 1 devices)
[08/15 07:17:32 d2.evaluation.evaluator]: Total inference pure compute time: 0:00:01 (0.023413 s / iter per device, on 1 devices)
[08/15 07:17:34 d2.utils.events]:  eta: 0:02:08  iter: 3319  total_loss: 0.1506  loss_cls: 0.01456  loss_box_reg: 0.03974  loss_mask: 0.09148  loss_rpn_cls: 7.647e-06  loss_rpn_loc: 0.002328    time: 0.0764  last_time: 0.0804  data_time: 0.0028  last_data_time: 0.0021   lr: 0.00025  max_mem: 1680M
[08/15 07:17:35 d2.utils.events]:  eta: 0:02:07  iter: 3339  total_loss: 0.1603  loss_cls: 0.01485  loss_box_reg: 0.03489  loss_mask: 0.1082  loss_rpn_cls: 1.887e-05  loss_rpn_loc: 0.002554    time: 0.0764  last_time: 0.0769  data_time: 0.0025  last_data_time: 0.0030   lr: 0.00025  max_mem: 1680M
[08/15 07:17:37 d2.utils.events]:  eta: 0:02:05  iter: 3359  total_loss: 0.1498  loss_cls: 0.01411  loss_box_reg: 0.03539  loss_mask: 0.1036  loss_rpn_cls: 5.657e-05  loss_rpn_loc: 0.002722    time: 0.0764  last_time: 0.0676  data_time: 0.0024  last_data_time: 0.0019   lr: 0.00025  max_mem: 1680M
[08/15 07:17:38 d2.utils.events]:  eta: 0:02:04  iter: 3379  total_loss: 0.131  loss_cls: 0.01249  loss_box_reg: 0.03032  loss_mask: 0.08685  loss_rpn_cls: 3.828e-06  loss_rpn_loc: 0.002198    time: 0.0764  last_time: 0.0806  data_time: 0.0026  last_data_time: 0.0019   lr: 0.00025  max_mem: 1680M
[08/15 07:17:40 d2.utils.events]:  eta: 0:02:02  iter: 3399  total_loss: 0.1351  loss_cls: 0.01417  loss_box_reg: 0.03041  loss_mask: 0.08878  loss_rpn_cls: 1.811e-06  loss_rpn_loc: 0.002372    time: 0.0764  last_time: 0.0763  data_time: 0.0025  last_data_time: 0.0020   lr: 0.00025  max_mem: 1680M
[08/15 07:17:40 d2.evaluation.coco_evaluation]: Fast COCO eval is not built. Falling back to official COCO eval.
[08/15 07:17:40 d2.data.datasets.coco]: Loaded 89 images in COCO format from /projects/PUCHALLA/LLP2024/tumor-segmentation/data/processed_data/depth/test/images/test.json
[08/15 07:17:40 d2.data.dataset_mapper]: [DatasetMapper] Augmentations used in inference: [ResizeShortestEdge(short_edge_length=(800, 800), max_size=1333, sample_style='choice')]
[08/15 07:17:40 d2.data.common]: Serializing the dataset using: <class 'detectron2.data.common._TorchSerializedList'>
[08/15 07:17:40 d2.data.common]: Serializing 89 elements to byte tensors and concatenating them all ...
[08/15 07:17:40 d2.data.common]: Serialized dataset takes 0.07 MiB
[08/15 07:17:40 d2.evaluation.evaluator]: Start inference on 89 batches
[08/15 07:17:40 d2.evaluation.evaluator]: Inference done 11/89. Dataloading: 0.0004 s/iter. Inference: 0.0236 s/iter. Eval: 0.0003 s/iter. Total: 0.0243 s/iter. ETA=0:00:01
[08/15 07:17:42 d2.evaluation.evaluator]: Total inference time: 0:00:02.089361 (0.024873 s / iter per device, on 1 devices)
[08/15 07:17:42 d2.evaluation.evaluator]: Total inference pure compute time: 0:00:01 (0.023727 s / iter per device, on 1 devices)
[08/15 07:17:42 d2.evaluation.coco_evaluation]: Preparing results for COCO format ...
[08/15 07:17:42 d2.evaluation.coco_evaluation]: Saving results to ../../../../../models/rgb-testing/depth-5000-1/coco_instances_results.json
[08/15 07:17:42 d2.evaluation.coco_evaluation]: Evaluating predictions with official COCO API...
Loading and preparing results...
DONE (t=0.00s)
creating index...
index created!
Running per image evaluation...
Evaluate annotation type *bbox*
DONE (t=0.01s).
Accumulating evaluation results...
DONE (t=0.01s).
 Average Precision  (AP) @[ IoU=0.50:0.95 | area=   all | maxDets=100 ] = 0.748
 Average Precision  (AP) @[ IoU=0.50      | area=   all | maxDets=100 ] = 0.957
 Average Precision  (AP) @[ IoU=0.75      | area=   all | maxDets=100 ] = 0.919
 Average Precision  (AP) @[ IoU=0.50:0.95 | area= small | maxDets=100 ] = -1.000
 Average Precision  (AP) @[ IoU=0.50:0.95 | area=medium | maxDets=100 ] = 0.638
 Average Precision  (AP) @[ IoU=0.50:0.95 | area= large | maxDets=100 ] = 0.766
 Average Recall     (AR) @[ IoU=0.50:0.95 | area=   all | maxDets=  1 ] = 0.787
 Average Recall     (AR) @[ IoU=0.50:0.95 | area=   all | maxDets= 10 ] = 0.787
 Average Recall     (AR) @[ IoU=0.50:0.95 | area=   all | maxDets=100 ] = 0.787
 Average Recall     (AR) @[ IoU=0.50:0.95 | area= small | maxDets=100 ] = -1.000
 Average Recall     (AR) @[ IoU=0.50:0.95 | area=medium | maxDets=100 ] = 0.640
 Average Recall     (AR) @[ IoU=0.50:0.95 | area= large | maxDets=100 ] = 0.805
[08/15 07:17:42 d2.evaluation.coco_evaluation]: Evaluation results for bbox: 
|   AP   |  AP50  |  AP75  |  APs  |  APm   |  APl   |
|:------:|:------:|:------:|:-----:|:------:|:------:|
| 74.843 | 95.749 | 91.861 |  nan  | 63.762 | 76.584 |
[08/15 07:17:42 d2.evaluation.coco_evaluation]: Some metrics cannot be computed and is shown as NaN.
Loading and preparing results...
DONE (t=0.00s)
creating index...
index created!
Running per image evaluation...
Evaluate annotation type *segm*
DONE (t=0.02s).
Accumulating evaluation results...
DONE (t=0.01s).
 Average Precision  (AP) @[ IoU=0.50:0.95 | area=   all | maxDets=100 ] = 0.756
 Average Precision  (AP) @[ IoU=0.50      | area=   all | maxDets=100 ] = 0.957
 Average Precision  (AP) @[ IoU=0.75      | area=   all | maxDets=100 ] = 0.886
 Average Precision  (AP) @[ IoU=0.50:0.95 | area= small | maxDets=100 ] = -1.000
 Average Precision  (AP) @[ IoU=0.50:0.95 | area=medium | maxDets=100 ] = 0.659
 Average Precision  (AP) @[ IoU=0.50:0.95 | area= large | maxDets=100 ] = 0.772
 Average Recall     (AR) @[ IoU=0.50:0.95 | area=   all | maxDets=  1 ] = 0.788
 Average Recall     (AR) @[ IoU=0.50:0.95 | area=   all | maxDets= 10 ] = 0.788
 Average Recall     (AR) @[ IoU=0.50:0.95 | area=   all | maxDets=100 ] = 0.788
 Average Recall     (AR) @[ IoU=0.50:0.95 | area= small | maxDets=100 ] = -1.000
 Average Recall     (AR) @[ IoU=0.50:0.95 | area=medium | maxDets=100 ] = 0.670
 Average Recall     (AR) @[ IoU=0.50:0.95 | area= large | maxDets=100 ] = 0.803
[08/15 07:17:42 d2.evaluation.coco_evaluation]: Evaluation results for segm: 
|   AP   |  AP50  |  AP75  |  APs  |  APm   |  APl   |
|:------:|:------:|:------:|:-----:|:------:|:------:|
| 75.649 | 95.749 | 88.574 |  nan  | 65.930 | 77.227 |
[08/15 07:17:42 d2.evaluation.coco_evaluation]: Some metrics cannot be computed and is shown as NaN.
[Iter 2 AP] → mAP@[.5:.95] = 75.649
[08/15 07:17:42 d2.data.datasets.coco]: Loaded 89 images in COCO format from /projects/PUCHALLA/LLP2024/tumor-segmentation/data/processed_data/depth/test/images/test.json
[08/15 07:17:42 d2.data.datasets.coco]: Loaded 89 images in COCO format from /projects/PUCHALLA/LLP2024/tumor-segmentation/data/processed_data/depth/test/images/test.json
[08/15 07:17:42 d2.data.dataset_mapper]: [DatasetMapper] Augmentations used in inference: [ResizeShortestEdge(short_edge_length=(800, 800), max_size=1333, sample_style='choice')]
[08/15 07:17:42 d2.data.common]: Serializing the dataset using: <class 'detectron2.data.common._TorchSerializedList'>
[08/15 07:17:42 d2.data.common]: Serializing 89 elements to byte tensors and concatenating them all ...
[08/15 07:17:42 d2.data.common]: Serialized dataset takes 0.07 MiB
[08/15 07:17:42 d2.evaluation.evaluator]: Start inference on 89 batches
[08/15 07:17:45 d2.evaluation.evaluator]: Total inference time: 0:00:02.072560 (0.024673 s / iter per device, on 1 devices)
[08/15 07:17:45 d2.evaluation.evaluator]: Total inference pure compute time: 0:00:01 (0.023542 s / iter per device, on 1 devices)
[08/15 07:17:46 d2.utils.events]:  eta: 0:02:01  iter: 3419  total_loss: 0.1479  loss_cls: 0.01614  loss_box_reg: 0.03167  loss_mask: 0.0886  loss_rpn_cls: 6.955e-06  loss_rpn_loc: 0.002163    time: 0.0764  last_time: 0.0754  data_time: 0.0025  last_data_time: 0.0020   lr: 0.00025  max_mem: 1680M
[08/15 07:17:48 d2.utils.events]:  eta: 0:01:59  iter: 3439  total_loss: 0.1788  loss_cls: 0.01516  loss_box_reg: 0.03937  loss_mask: 0.1231  loss_rpn_cls: 1.509e-05  loss_rpn_loc: 0.002106    time: 0.0764  last_time: 0.0730  data_time: 0.0028  last_data_time: 0.0021   lr: 0.00025  max_mem: 1680M
[08/15 07:17:49 d2.utils.events]:  eta: 0:01:58  iter: 3459  total_loss: 0.141  loss_cls: 0.01417  loss_box_reg: 0.02979  loss_mask: 0.09453  loss_rpn_cls: 6.474e-06  loss_rpn_loc: 0.00169    time: 0.0764  last_time: 0.0766  data_time: 0.0026  last_data_time: 0.0021   lr: 0.00025  max_mem: 1680M
[08/15 07:17:51 d2.utils.events]:  eta: 0:01:56  iter: 3479  total_loss: 0.1759  loss_cls: 0.01543  loss_box_reg: 0.03895  loss_mask: 0.1087  loss_rpn_cls: 1.149e-05  loss_rpn_loc: 0.001879    time: 0.0764  last_time: 0.0765  data_time: 0.0026  last_data_time: 0.0031   lr: 0.00025  max_mem: 1680M
[08/15 07:17:52 d2.utils.events]:  eta: 0:01:54  iter: 3499  total_loss: 0.143  loss_cls: 0.01319  loss_box_reg: 0.03244  loss_mask: 0.1021  loss_rpn_cls: 3.67e-05  loss_rpn_loc: 0.002536    time: 0.0764  last_time: 0.0730  data_time: 0.0023  last_data_time: 0.0022   lr: 0.00025  max_mem: 1680M
[08/15 07:17:52 d2.evaluation.coco_evaluation]: Fast COCO eval is not built. Falling back to official COCO eval.
[08/15 07:17:52 d2.data.datasets.coco]: Loaded 89 images in COCO format from /projects/PUCHALLA/LLP2024/tumor-segmentation/data/processed_data/depth/test/images/test.json
[08/15 07:17:52 d2.data.dataset_mapper]: [DatasetMapper] Augmentations used in inference: [ResizeShortestEdge(short_edge_length=(800, 800), max_size=1333, sample_style='choice')]
[08/15 07:17:52 d2.data.common]: Serializing the dataset using: <class 'detectron2.data.common._TorchSerializedList'>
[08/15 07:17:52 d2.data.common]: Serializing 89 elements to byte tensors and concatenating them all ...
[08/15 07:17:52 d2.data.common]: Serialized dataset takes 0.07 MiB
[08/15 07:17:52 d2.evaluation.evaluator]: Start inference on 89 batches
[08/15 07:17:53 d2.evaluation.evaluator]: Inference done 11/89. Dataloading: 0.0004 s/iter. Inference: 0.0234 s/iter. Eval: 0.0003 s/iter. Total: 0.0242 s/iter. ETA=0:00:01
[08/15 07:17:54 d2.evaluation.evaluator]: Total inference time: 0:00:02.078528 (0.024744 s / iter per device, on 1 devices)
[08/15 07:17:54 d2.evaluation.evaluator]: Total inference pure compute time: 0:00:01 (0.023600 s / iter per device, on 1 devices)
[08/15 07:17:54 d2.evaluation.coco_evaluation]: Preparing results for COCO format ...
[08/15 07:17:54 d2.evaluation.coco_evaluation]: Saving results to ../../../../../models/rgb-testing/depth-5000-1/coco_instances_results.json
[08/15 07:17:54 d2.evaluation.coco_evaluation]: Evaluating predictions with official COCO API...
Loading and preparing results...
DONE (t=0.00s)
creating index...
index created!
Running per image evaluation...
Evaluate annotation type *bbox*
DONE (t=0.01s).
Accumulating evaluation results...
DONE (t=0.01s).
 Average Precision  (AP) @[ IoU=0.50:0.95 | area=   all | maxDets=100 ] = 0.779
 Average Precision  (AP) @[ IoU=0.50      | area=   all | maxDets=100 ] = 0.963
 Average Precision  (AP) @[ IoU=0.75      | area=   all | maxDets=100 ] = 0.933
 Average Precision  (AP) @[ IoU=0.50:0.95 | area= small | maxDets=100 ] = -1.000
 Average Precision  (AP) @[ IoU=0.50:0.95 | area=medium | maxDets=100 ] = 0.702
 Average Precision  (AP) @[ IoU=0.50:0.95 | area= large | maxDets=100 ] = 0.791
 Average Recall     (AR) @[ IoU=0.50:0.95 | area=   all | maxDets=  1 ] = 0.818
 Average Recall     (AR) @[ IoU=0.50:0.95 | area=   all | maxDets= 10 ] = 0.818
 Average Recall     (AR) @[ IoU=0.50:0.95 | area=   all | maxDets=100 ] = 0.818
 Average Recall     (AR) @[ IoU=0.50:0.95 | area= small | maxDets=100 ] = -1.000
 Average Recall     (AR) @[ IoU=0.50:0.95 | area=medium | maxDets=100 ] = 0.710
 Average Recall     (AR) @[ IoU=0.50:0.95 | area= large | maxDets=100 ] = 0.832
[08/15 07:17:54 d2.evaluation.coco_evaluation]: Evaluation results for bbox: 
|   AP   |  AP50  |  AP75  |  APs  |  APm   |  APl   |
|:------:|:------:|:------:|:-----:|:------:|:------:|
| 77.897 | 96.287 | 93.274 |  nan  | 70.248 | 79.083 |
[08/15 07:17:54 d2.evaluation.coco_evaluation]: Some metrics cannot be computed and is shown as NaN.
Loading and preparing results...
DONE (t=0.00s)
creating index...
index created!
Running per image evaluation...
Evaluate annotation type *segm*
DONE (t=0.02s).
Accumulating evaluation results...
DONE (t=0.01s).
 Average Precision  (AP) @[ IoU=0.50:0.95 | area=   all | maxDets=100 ] = 0.770
 Average Precision  (AP) @[ IoU=0.50      | area=   all | maxDets=100 ] = 0.963
 Average Precision  (AP) @[ IoU=0.75      | area=   all | maxDets=100 ] = 0.911
 Average Precision  (AP) @[ IoU=0.50:0.95 | area= small | maxDets=100 ] = -1.000
 Average Precision  (AP) @[ IoU=0.50:0.95 | area=medium | maxDets=100 ] = 0.715
 Average Precision  (AP) @[ IoU=0.50:0.95 | area= large | maxDets=100 ] = 0.779
 Average Recall     (AR) @[ IoU=0.50:0.95 | area=   all | maxDets=  1 ] = 0.802
 Average Recall     (AR) @[ IoU=0.50:0.95 | area=   all | maxDets= 10 ] = 0.802
 Average Recall     (AR) @[ IoU=0.50:0.95 | area=   all | maxDets=100 ] = 0.802
 Average Recall     (AR) @[ IoU=0.50:0.95 | area= small | maxDets=100 ] = -1.000
 Average Recall     (AR) @[ IoU=0.50:0.95 | area=medium | maxDets=100 ] = 0.730
 Average Recall     (AR) @[ IoU=0.50:0.95 | area= large | maxDets=100 ] = 0.811
[08/15 07:17:55 d2.evaluation.coco_evaluation]: Evaluation results for segm: 
|   AP   |  AP50  |  AP75  |  APs  |  APm   |  APl   |
|:------:|:------:|:------:|:-----:|:------:|:------:|
| 76.988 | 96.287 | 91.147 |  nan  | 71.535 | 77.886 |
[08/15 07:17:55 d2.evaluation.coco_evaluation]: Some metrics cannot be computed and is shown as NaN.
[Iter 2 AP] → mAP@[.5:.95] = 76.988
[08/15 07:17:55 d2.data.datasets.coco]: Loaded 89 images in COCO format from /projects/PUCHALLA/LLP2024/tumor-segmentation/data/processed_data/depth/test/images/test.json
[08/15 07:17:55 d2.data.datasets.coco]: Loaded 89 images in COCO format from /projects/PUCHALLA/LLP2024/tumor-segmentation/data/processed_data/depth/test/images/test.json
[08/15 07:17:55 d2.data.dataset_mapper]: [DatasetMapper] Augmentations used in inference: [ResizeShortestEdge(short_edge_length=(800, 800), max_size=1333, sample_style='choice')]
[08/15 07:17:55 d2.data.common]: Serializing the dataset using: <class 'detectron2.data.common._TorchSerializedList'>
[08/15 07:17:55 d2.data.common]: Serializing 89 elements to byte tensors and concatenating them all ...
[08/15 07:17:55 d2.data.common]: Serialized dataset takes 0.07 MiB
[08/15 07:17:55 d2.evaluation.evaluator]: Start inference on 89 batches
[08/15 07:17:57 d2.evaluation.evaluator]: Total inference time: 0:00:02.076515 (0.024720 s / iter per device, on 1 devices)
[08/15 07:17:57 d2.evaluation.evaluator]: Total inference pure compute time: 0:00:01 (0.023587 s / iter per device, on 1 devices)
[08/15 07:17:58 d2.utils.events]:  eta: 0:01:53  iter: 3519  total_loss: 0.1521  loss_cls: 0.0153  loss_box_reg: 0.03427  loss_mask: 0.09622  loss_rpn_cls: 3.228e-06  loss_rpn_loc: 0.001954    time: 0.0764  last_time: 0.0775  data_time: 0.0028  last_data_time: 0.0029   lr: 0.00025  max_mem: 1680M
[08/15 07:18:00 d2.utils.events]:  eta: 0:01:51  iter: 3539  total_loss: 0.1394  loss_cls: 0.01564  loss_box_reg: 0.03091  loss_mask: 0.09237  loss_rpn_cls: 1.344e-05  loss_rpn_loc: 0.00223    time: 0.0764  last_time: 0.0736  data_time: 0.0025  last_data_time: 0.0028   lr: 0.00025  max_mem: 1680M
[08/15 07:18:01 d2.utils.events]:  eta: 0:01:50  iter: 3559  total_loss: 0.1423  loss_cls: 0.0132  loss_box_reg: 0.02996  loss_mask: 0.09534  loss_rpn_cls: 1.718e-06  loss_rpn_loc: 0.002224    time: 0.0764  last_time: 0.0796  data_time: 0.0027  last_data_time: 0.0029   lr: 0.00025  max_mem: 1680M
[08/15 07:18:03 d2.utils.events]:  eta: 0:01:48  iter: 3579  total_loss: 0.1413  loss_cls: 0.01403  loss_box_reg: 0.02985  loss_mask: 0.09176  loss_rpn_cls: 4.796e-06  loss_rpn_loc: 0.001843    time: 0.0764  last_time: 0.0797  data_time: 0.0025  last_data_time: 0.0021   lr: 0.00025  max_mem: 1680M
[08/15 07:18:04 d2.utils.events]:  eta: 0:01:47  iter: 3599  total_loss: 0.1279  loss_cls: 0.01468  loss_box_reg: 0.02839  loss_mask: 0.08202  loss_rpn_cls: 4.241e-06  loss_rpn_loc: 0.002112    time: 0.0764  last_time: 0.0755  data_time: 0.0025  last_data_time: 0.0020   lr: 0.00025  max_mem: 1680M
[08/15 07:18:05 d2.evaluation.coco_evaluation]: Fast COCO eval is not built. Falling back to official COCO eval.
[08/15 07:18:05 d2.data.datasets.coco]: Loaded 89 images in COCO format from /projects/PUCHALLA/LLP2024/tumor-segmentation/data/processed_data/depth/test/images/test.json
[08/15 07:18:05 d2.data.dataset_mapper]: [DatasetMapper] Augmentations used in inference: [ResizeShortestEdge(short_edge_length=(800, 800), max_size=1333, sample_style='choice')]
[08/15 07:18:05 d2.data.common]: Serializing the dataset using: <class 'detectron2.data.common._TorchSerializedList'>
[08/15 07:18:05 d2.data.common]: Serializing 89 elements to byte tensors and concatenating them all ...
[08/15 07:18:05 d2.data.common]: Serialized dataset takes 0.07 MiB
[08/15 07:18:05 d2.evaluation.evaluator]: Start inference on 89 batches
[08/15 07:18:05 d2.evaluation.evaluator]: Inference done 11/89. Dataloading: 0.0004 s/iter. Inference: 0.0236 s/iter. Eval: 0.0003 s/iter. Total: 0.0244 s/iter. ETA=0:00:01
[08/15 07:18:07 d2.evaluation.evaluator]: Total inference time: 0:00:02.084657 (0.024817 s / iter per device, on 1 devices)
[08/15 07:18:07 d2.evaluation.evaluator]: Total inference pure compute time: 0:00:01 (0.023664 s / iter per device, on 1 devices)
[08/15 07:18:07 d2.evaluation.coco_evaluation]: Preparing results for COCO format ...
[08/15 07:18:07 d2.evaluation.coco_evaluation]: Saving results to ../../../../../models/rgb-testing/depth-5000-1/coco_instances_results.json
[08/15 07:18:07 d2.evaluation.coco_evaluation]: Evaluating predictions with official COCO API...
Loading and preparing results...
DONE (t=0.00s)
creating index...
index created!
Running per image evaluation...
Evaluate annotation type *bbox*
DONE (t=0.01s).
Accumulating evaluation results...
DONE (t=0.01s).
 Average Precision  (AP) @[ IoU=0.50:0.95 | area=   all | maxDets=100 ] = 0.785
 Average Precision  (AP) @[ IoU=0.50      | area=   all | maxDets=100 ] = 0.963
 Average Precision  (AP) @[ IoU=0.75      | area=   all | maxDets=100 ] = 0.942
 Average Precision  (AP) @[ IoU=0.50:0.95 | area= small | maxDets=100 ] = -1.000
 Average Precision  (AP) @[ IoU=0.50:0.95 | area=medium | maxDets=100 ] = 0.754
 Average Precision  (AP) @[ IoU=0.50:0.95 | area= large | maxDets=100 ] = 0.790
 Average Recall     (AR) @[ IoU=0.50:0.95 | area=   all | maxDets=  1 ] = 0.821
 Average Recall     (AR) @[ IoU=0.50:0.95 | area=   all | maxDets= 10 ] = 0.821
 Average Recall     (AR) @[ IoU=0.50:0.95 | area=   all | maxDets=100 ] = 0.821
 Average Recall     (AR) @[ IoU=0.50:0.95 | area= small | maxDets=100 ] = -1.000
 Average Recall     (AR) @[ IoU=0.50:0.95 | area=medium | maxDets=100 ] = 0.770
 Average Recall     (AR) @[ IoU=0.50:0.95 | area= large | maxDets=100 ] = 0.828
[08/15 07:18:07 d2.evaluation.coco_evaluation]: Evaluation results for bbox: 
|   AP   |  AP50  |  AP75  |  APs  |  APm   |  APl   |
|:------:|:------:|:------:|:-----:|:------:|:------:|
| 78.487 | 96.258 | 94.210 |  nan  | 75.446 | 78.993 |
[08/15 07:18:07 d2.evaluation.coco_evaluation]: Some metrics cannot be computed and is shown as NaN.
Loading and preparing results...
DONE (t=0.00s)
creating index...
index created!
Running per image evaluation...
Evaluate annotation type *segm*
DONE (t=0.02s).
Accumulating evaluation results...
DONE (t=0.01s).
 Average Precision  (AP) @[ IoU=0.50:0.95 | area=   all | maxDets=100 ] = 0.785
 Average Precision  (AP) @[ IoU=0.50      | area=   all | maxDets=100 ] = 0.963
 Average Precision  (AP) @[ IoU=0.75      | area=   all | maxDets=100 ] = 0.923
 Average Precision  (AP) @[ IoU=0.50:0.95 | area= small | maxDets=100 ] = -1.000
 Average Precision  (AP) @[ IoU=0.50:0.95 | area=medium | maxDets=100 ] = 0.753
 Average Precision  (AP) @[ IoU=0.50:0.95 | area= large | maxDets=100 ] = 0.790
 Average Recall     (AR) @[ IoU=0.50:0.95 | area=   all | maxDets=  1 ] = 0.813
 Average Recall     (AR) @[ IoU=0.50:0.95 | area=   all | maxDets= 10 ] = 0.813
 Average Recall     (AR) @[ IoU=0.50:0.95 | area=   all | maxDets=100 ] = 0.813
 Average Recall     (AR) @[ IoU=0.50:0.95 | area= small | maxDets=100 ] = -1.000
 Average Recall     (AR) @[ IoU=0.50:0.95 | area=medium | maxDets=100 ] = 0.780
 Average Recall     (AR) @[ IoU=0.50:0.95 | area= large | maxDets=100 ] = 0.818
[08/15 07:18:07 d2.evaluation.coco_evaluation]: Evaluation results for segm: 
|   AP   |  AP50  |  AP75  |  APs  |  APm   |  APl   |
|:------:|:------:|:------:|:-----:|:------:|:------:|
| 78.477 | 96.258 | 92.329 |  nan  | 75.276 | 79.047 |
[08/15 07:18:07 d2.evaluation.coco_evaluation]: Some metrics cannot be computed and is shown as NaN.
[Iter 2 AP] → mAP@[.5:.95] = 78.477
[08/15 07:18:07 d2.data.datasets.coco]: Loaded 89 images in COCO format from /projects/PUCHALLA/LLP2024/tumor-segmentation/data/processed_data/depth/test/images/test.json
[08/15 07:18:07 d2.data.datasets.coco]: Loaded 89 images in COCO format from /projects/PUCHALLA/LLP2024/tumor-segmentation/data/processed_data/depth/test/images/test.json
[08/15 07:18:07 d2.data.dataset_mapper]: [DatasetMapper] Augmentations used in inference: [ResizeShortestEdge(short_edge_length=(800, 800), max_size=1333, sample_style='choice')]
[08/15 07:18:07 d2.data.common]: Serializing the dataset using: <class 'detectron2.data.common._TorchSerializedList'>
[08/15 07:18:07 d2.data.common]: Serializing 89 elements to byte tensors and concatenating them all ...
[08/15 07:18:07 d2.data.common]: Serialized dataset takes 0.07 MiB
[08/15 07:18:07 d2.evaluation.evaluator]: Start inference on 89 batches
[08/15 07:18:09 d2.evaluation.evaluator]: Total inference time: 0:00:02.058114 (0.024501 s / iter per device, on 1 devices)
[08/15 07:18:09 d2.evaluation.evaluator]: Total inference pure compute time: 0:00:01 (0.023329 s / iter per device, on 1 devices)
[08/15 07:18:11 d2.utils.events]:  eta: 0:01:45  iter: 3619  total_loss: 0.139  loss_cls: 0.01499  loss_box_reg: 0.03114  loss_mask: 0.09268  loss_rpn_cls: 4.029e-06  loss_rpn_loc: 0.002155    time: 0.0764  last_time: 0.0774  data_time: 0.0026  last_data_time: 0.0020   lr: 0.00025  max_mem: 1680M
[08/15 07:18:12 d2.utils.events]:  eta: 0:01:44  iter: 3639  total_loss: 0.1354  loss_cls: 0.01557  loss_box_reg: 0.0339  loss_mask: 0.08561  loss_rpn_cls: 2.756e-05  loss_rpn_loc: 0.001841    time: 0.0764  last_time: 0.0683  data_time: 0.0025  last_data_time: 0.0029   lr: 0.00025  max_mem: 1680M
[08/15 07:18:14 d2.utils.events]:  eta: 0:01:42  iter: 3659  total_loss: 0.1594  loss_cls: 0.01383  loss_box_reg: 0.04035  loss_mask: 0.09912  loss_rpn_cls: 1.502e-05  loss_rpn_loc: 0.002803    time: 0.0764  last_time: 0.0771  data_time: 0.0028  last_data_time: 0.0019   lr: 0.00025  max_mem: 1680M
[08/15 07:18:15 d2.utils.events]:  eta: 0:01:41  iter: 3679  total_loss: 0.1536  loss_cls: 0.01495  loss_box_reg: 0.0343  loss_mask: 0.1042  loss_rpn_cls: 5.034e-06  loss_rpn_loc: 0.002086    time: 0.0764  last_time: 0.0733  data_time: 0.0028  last_data_time: 0.0029   lr: 0.00025  max_mem: 1680M
[08/15 07:18:17 d2.utils.events]:  eta: 0:01:39  iter: 3699  total_loss: 0.1557  loss_cls: 0.01583  loss_box_reg: 0.03524  loss_mask: 0.1061  loss_rpn_cls: 2.551e-05  loss_rpn_loc: 0.002279    time: 0.0764  last_time: 0.0770  data_time: 0.0024  last_data_time: 0.0030   lr: 0.00025  max_mem: 1680M
[08/15 07:18:17 d2.evaluation.coco_evaluation]: Fast COCO eval is not built. Falling back to official COCO eval.
[08/15 07:18:17 d2.data.datasets.coco]: Loaded 89 images in COCO format from /projects/PUCHALLA/LLP2024/tumor-segmentation/data/processed_data/depth/test/images/test.json
[08/15 07:18:17 d2.data.dataset_mapper]: [DatasetMapper] Augmentations used in inference: [ResizeShortestEdge(short_edge_length=(800, 800), max_size=1333, sample_style='choice')]
[08/15 07:18:17 d2.data.common]: Serializing the dataset using: <class 'detectron2.data.common._TorchSerializedList'>
[08/15 07:18:17 d2.data.common]: Serializing 89 elements to byte tensors and concatenating them all ...
[08/15 07:18:17 d2.data.common]: Serialized dataset takes 0.07 MiB
[08/15 07:18:17 d2.evaluation.evaluator]: Start inference on 89 batches
[08/15 07:18:17 d2.evaluation.evaluator]: Inference done 11/89. Dataloading: 0.0004 s/iter. Inference: 0.0235 s/iter. Eval: 0.0003 s/iter. Total: 0.0242 s/iter. ETA=0:00:01
[08/15 07:18:19 d2.evaluation.evaluator]: Total inference time: 0:00:02.075889 (0.024713 s / iter per device, on 1 devices)
[08/15 07:18:19 d2.evaluation.evaluator]: Total inference pure compute time: 0:00:01 (0.023579 s / iter per device, on 1 devices)
[08/15 07:18:19 d2.evaluation.coco_evaluation]: Preparing results for COCO format ...
[08/15 07:18:19 d2.evaluation.coco_evaluation]: Saving results to ../../../../../models/rgb-testing/depth-5000-1/coco_instances_results.json
[08/15 07:18:19 d2.evaluation.coco_evaluation]: Evaluating predictions with official COCO API...
Loading and preparing results...
DONE (t=0.00s)
creating index...
index created!
Running per image evaluation...
Evaluate annotation type *bbox*
DONE (t=0.02s).
Accumulating evaluation results...
DONE (t=0.01s).
 Average Precision  (AP) @[ IoU=0.50:0.95 | area=   all | maxDets=100 ] = 0.776
 Average Precision  (AP) @[ IoU=0.50      | area=   all | maxDets=100 ] = 0.966
 Average Precision  (AP) @[ IoU=0.75      | area=   all | maxDets=100 ] = 0.937
 Average Precision  (AP) @[ IoU=0.50:0.95 | area= small | maxDets=100 ] = -1.000
 Average Precision  (AP) @[ IoU=0.50:0.95 | area=medium | maxDets=100 ] = 0.733
 Average Precision  (AP) @[ IoU=0.50:0.95 | area= large | maxDets=100 ] = 0.785
 Average Recall     (AR) @[ IoU=0.50:0.95 | area=   all | maxDets=  1 ] = 0.815
 Average Recall     (AR) @[ IoU=0.50:0.95 | area=   all | maxDets= 10 ] = 0.815
 Average Recall     (AR) @[ IoU=0.50:0.95 | area=   all | maxDets=100 ] = 0.815
 Average Recall     (AR) @[ IoU=0.50:0.95 | area= small | maxDets=100 ] = -1.000
 Average Recall     (AR) @[ IoU=0.50:0.95 | area=medium | maxDets=100 ] = 0.740
 Average Recall     (AR) @[ IoU=0.50:0.95 | area= large | maxDets=100 ] = 0.824
[08/15 07:18:19 d2.evaluation.coco_evaluation]: Evaluation results for bbox: 
|   AP   |  AP50  |  AP75  |  APs  |  APm   |  APl   |
|:------:|:------:|:------:|:-----:|:------:|:------:|
| 77.563 | 96.632 | 93.677 |  nan  | 73.342 | 78.541 |
[08/15 07:18:19 d2.evaluation.coco_evaluation]: Some metrics cannot be computed and is shown as NaN.
Loading and preparing results...
DONE (t=0.00s)
creating index...
index created!
Running per image evaluation...
Evaluate annotation type *segm*
DONE (t=0.02s).
Accumulating evaluation results...
DONE (t=0.01s).
 Average Precision  (AP) @[ IoU=0.50:0.95 | area=   all | maxDets=100 ] = 0.780
 Average Precision  (AP) @[ IoU=0.50      | area=   all | maxDets=100 ] = 0.966
 Average Precision  (AP) @[ IoU=0.75      | area=   all | maxDets=100 ] = 0.911
 Average Precision  (AP) @[ IoU=0.50:0.95 | area= small | maxDets=100 ] = -1.000
 Average Precision  (AP) @[ IoU=0.50:0.95 | area=medium | maxDets=100 ] = 0.701
 Average Precision  (AP) @[ IoU=0.50:0.95 | area= large | maxDets=100 ] = 0.791
 Average Recall     (AR) @[ IoU=0.50:0.95 | area=   all | maxDets=  1 ] = 0.808
 Average Recall     (AR) @[ IoU=0.50:0.95 | area=   all | maxDets= 10 ] = 0.808
 Average Recall     (AR) @[ IoU=0.50:0.95 | area=   all | maxDets=100 ] = 0.808
 Average Recall     (AR) @[ IoU=0.50:0.95 | area= small | maxDets=100 ] = -1.000
 Average Recall     (AR) @[ IoU=0.50:0.95 | area=medium | maxDets=100 ] = 0.720
 Average Recall     (AR) @[ IoU=0.50:0.95 | area= large | maxDets=100 ] = 0.819
[08/15 07:18:19 d2.evaluation.coco_evaluation]: Evaluation results for segm: 
|   AP   |  AP50  |  AP75  |  APs  |  APm   |  APl   |
|:------:|:------:|:------:|:-----:|:------:|:------:|
| 78.039 | 96.632 | 91.077 |  nan  | 70.136 | 79.147 |
[08/15 07:18:19 d2.evaluation.coco_evaluation]: Some metrics cannot be computed and is shown as NaN.
[Iter 2 AP] → mAP@[.5:.95] = 78.039
[08/15 07:18:19 d2.data.datasets.coco]: Loaded 89 images in COCO format from /projects/PUCHALLA/LLP2024/tumor-segmentation/data/processed_data/depth/test/images/test.json
[08/15 07:18:19 d2.data.datasets.coco]: Loaded 89 images in COCO format from /projects/PUCHALLA/LLP2024/tumor-segmentation/data/processed_data/depth/test/images/test.json
[08/15 07:18:19 d2.data.dataset_mapper]: [DatasetMapper] Augmentations used in inference: [ResizeShortestEdge(short_edge_length=(800, 800), max_size=1333, sample_style='choice')]
[08/15 07:18:19 d2.data.common]: Serializing the dataset using: <class 'detectron2.data.common._TorchSerializedList'>
[08/15 07:18:19 d2.data.common]: Serializing 89 elements to byte tensors and concatenating them all ...
[08/15 07:18:19 d2.data.common]: Serialized dataset takes 0.07 MiB
[08/15 07:18:19 d2.evaluation.evaluator]: Start inference on 89 batches
[08/15 07:18:22 d2.evaluation.evaluator]: Total inference time: 0:00:02.066011 (0.024595 s / iter per device, on 1 devices)
[08/15 07:18:22 d2.evaluation.evaluator]: Total inference pure compute time: 0:00:01 (0.023461 s / iter per device, on 1 devices)
[08/15 07:18:23 d2.utils.events]:  eta: 0:01:38  iter: 3719  total_loss: 0.1764  loss_cls: 0.01708  loss_box_reg: 0.04  loss_mask: 0.1148  loss_rpn_cls: 4.404e-06  loss_rpn_loc: 0.002066    time: 0.0764  last_time: 0.0758  data_time: 0.0023  last_data_time: 0.0020   lr: 0.00025  max_mem: 1680M
[08/15 07:18:25 d2.utils.events]:  eta: 0:01:36  iter: 3739  total_loss: 0.1454  loss_cls: 0.01449  loss_box_reg: 0.03358  loss_mask: 0.09582  loss_rpn_cls: 1.842e-05  loss_rpn_loc: 0.002704    time: 0.0764  last_time: 0.0756  data_time: 0.0027  last_data_time: 0.0019   lr: 0.00025  max_mem: 1680M
[08/15 07:18:26 d2.utils.events]:  eta: 0:01:35  iter: 3759  total_loss: 0.1409  loss_cls: 0.01376  loss_box_reg: 0.03294  loss_mask: 0.09288  loss_rpn_cls: 1.833e-05  loss_rpn_loc: 0.002252    time: 0.0764  last_time: 0.0814  data_time: 0.0026  last_data_time: 0.0030   lr: 0.00025  max_mem: 1680M
[08/15 07:18:28 d2.utils.events]:  eta: 0:01:33  iter: 3779  total_loss: 0.1453  loss_cls: 0.01472  loss_box_reg: 0.03254  loss_mask: 0.09383  loss_rpn_cls: 4.311e-06  loss_rpn_loc: 0.002142    time: 0.0764  last_time: 0.0767  data_time: 0.0024  last_data_time: 0.0019   lr: 0.00025  max_mem: 1680M
[08/15 07:18:29 d2.utils.events]:  eta: 0:01:32  iter: 3799  total_loss: 0.1498  loss_cls: 0.01401  loss_box_reg: 0.03462  loss_mask: 0.09599  loss_rpn_cls: 1.587e-05  loss_rpn_loc: 0.001999    time: 0.0764  last_time: 0.0746  data_time: 0.0025  last_data_time: 0.0029   lr: 0.00025  max_mem: 1680M
[08/15 07:18:29 d2.evaluation.coco_evaluation]: Fast COCO eval is not built. Falling back to official COCO eval.
[08/15 07:18:29 d2.data.datasets.coco]: Loaded 89 images in COCO format from /projects/PUCHALLA/LLP2024/tumor-segmentation/data/processed_data/depth/test/images/test.json
[08/15 07:18:29 d2.data.dataset_mapper]: [DatasetMapper] Augmentations used in inference: [ResizeShortestEdge(short_edge_length=(800, 800), max_size=1333, sample_style='choice')]
[08/15 07:18:29 d2.data.common]: Serializing the dataset using: <class 'detectron2.data.common._TorchSerializedList'>
[08/15 07:18:29 d2.data.common]: Serializing 89 elements to byte tensors and concatenating them all ...
[08/15 07:18:29 d2.data.common]: Serialized dataset takes 0.07 MiB
[08/15 07:18:29 d2.evaluation.evaluator]: Start inference on 89 batches
[08/15 07:18:30 d2.evaluation.evaluator]: Inference done 11/89. Dataloading: 0.0004 s/iter. Inference: 0.0233 s/iter. Eval: 0.0003 s/iter. Total: 0.0241 s/iter. ETA=0:00:01
[08/15 07:18:31 d2.evaluation.evaluator]: Total inference time: 0:00:02.046157 (0.024359 s / iter per device, on 1 devices)
[08/15 07:18:31 d2.evaluation.evaluator]: Total inference pure compute time: 0:00:01 (0.023226 s / iter per device, on 1 devices)
[08/15 07:18:31 d2.evaluation.coco_evaluation]: Preparing results for COCO format ...
[08/15 07:18:31 d2.evaluation.coco_evaluation]: Saving results to ../../../../../models/rgb-testing/depth-5000-1/coco_instances_results.json
[08/15 07:18:31 d2.evaluation.coco_evaluation]: Evaluating predictions with official COCO API...
Loading and preparing results...
DONE (t=0.00s)
creating index...
index created!
Running per image evaluation...
Evaluate annotation type *bbox*
DONE (t=0.01s).
Accumulating evaluation results...
DONE (t=0.01s).
 Average Precision  (AP) @[ IoU=0.50:0.95 | area=   all | maxDets=100 ] = 0.770
 Average Precision  (AP) @[ IoU=0.50      | area=   all | maxDets=100 ] = 0.966
 Average Precision  (AP) @[ IoU=0.75      | area=   all | maxDets=100 ] = 0.926
 Average Precision  (AP) @[ IoU=0.50:0.95 | area= small | maxDets=100 ] = -1.000
 Average Precision  (AP) @[ IoU=0.50:0.95 | area=medium | maxDets=100 ] = 0.694
 Average Precision  (AP) @[ IoU=0.50:0.95 | area= large | maxDets=100 ] = 0.784
 Average Recall     (AR) @[ IoU=0.50:0.95 | area=   all | maxDets=  1 ] = 0.809
 Average Recall     (AR) @[ IoU=0.50:0.95 | area=   all | maxDets= 10 ] = 0.809
 Average Recall     (AR) @[ IoU=0.50:0.95 | area=   all | maxDets=100 ] = 0.809
 Average Recall     (AR) @[ IoU=0.50:0.95 | area= small | maxDets=100 ] = -1.000
 Average Recall     (AR) @[ IoU=0.50:0.95 | area=medium | maxDets=100 ] = 0.700
 Average Recall     (AR) @[ IoU=0.50:0.95 | area= large | maxDets=100 ] = 0.823
[08/15 07:18:32 d2.evaluation.coco_evaluation]: Evaluation results for bbox: 
|   AP   |  AP50  |  AP75  |  APs  |  APm   |  APl   |
|:------:|:------:|:------:|:-----:|:------:|:------:|
| 77.049 | 96.616 | 92.648 |  nan  | 69.446 | 78.372 |
[08/15 07:18:32 d2.evaluation.coco_evaluation]: Some metrics cannot be computed and is shown as NaN.
Loading and preparing results...
DONE (t=0.00s)
creating index...
index created!
Running per image evaluation...
Evaluate annotation type *segm*
DONE (t=0.02s).
Accumulating evaluation results...
DONE (t=0.01s).
 Average Precision  (AP) @[ IoU=0.50:0.95 | area=   all | maxDets=100 ] = 0.765
 Average Precision  (AP) @[ IoU=0.50      | area=   all | maxDets=100 ] = 0.956
 Average Precision  (AP) @[ IoU=0.75      | area=   all | maxDets=100 ] = 0.885
 Average Precision  (AP) @[ IoU=0.50:0.95 | area= small | maxDets=100 ] = -1.000
 Average Precision  (AP) @[ IoU=0.50:0.95 | area=medium | maxDets=100 ] = 0.697
 Average Precision  (AP) @[ IoU=0.50:0.95 | area= large | maxDets=100 ] = 0.780
 Average Recall     (AR) @[ IoU=0.50:0.95 | area=   all | maxDets=  1 ] = 0.792
 Average Recall     (AR) @[ IoU=0.50:0.95 | area=   all | maxDets= 10 ] = 0.792
 Average Recall     (AR) @[ IoU=0.50:0.95 | area=   all | maxDets=100 ] = 0.792
 Average Recall     (AR) @[ IoU=0.50:0.95 | area= small | maxDets=100 ] = -1.000
 Average Recall     (AR) @[ IoU=0.50:0.95 | area=medium | maxDets=100 ] = 0.700
 Average Recall     (AR) @[ IoU=0.50:0.95 | area= large | maxDets=100 ] = 0.804
[08/15 07:18:32 d2.evaluation.coco_evaluation]: Evaluation results for segm: 
|   AP   |  AP50  |  AP75  |  APs  |  APm   |  APl   |
|:------:|:------:|:------:|:-----:|:------:|:------:|
| 76.540 | 95.603 | 88.529 |  nan  | 69.681 | 77.955 |
[08/15 07:18:32 d2.evaluation.coco_evaluation]: Some metrics cannot be computed and is shown as NaN.
[Iter 2 AP] → mAP@[.5:.95] = 76.540
[08/15 07:18:32 d2.data.datasets.coco]: Loaded 89 images in COCO format from /projects/PUCHALLA/LLP2024/tumor-segmentation/data/processed_data/depth/test/images/test.json
[08/15 07:18:32 d2.data.datasets.coco]: Loaded 89 images in COCO format from /projects/PUCHALLA/LLP2024/tumor-segmentation/data/processed_data/depth/test/images/test.json
[08/15 07:18:32 d2.data.dataset_mapper]: [DatasetMapper] Augmentations used in inference: [ResizeShortestEdge(short_edge_length=(800, 800), max_size=1333, sample_style='choice')]
[08/15 07:18:32 d2.data.common]: Serializing the dataset using: <class 'detectron2.data.common._TorchSerializedList'>
[08/15 07:18:32 d2.data.common]: Serializing 89 elements to byte tensors and concatenating them all ...
[08/15 07:18:32 d2.data.common]: Serialized dataset takes 0.07 MiB
[08/15 07:18:32 d2.evaluation.evaluator]: Start inference on 89 batches
[08/15 07:18:34 d2.evaluation.evaluator]: Total inference time: 0:00:02.070914 (0.024654 s / iter per device, on 1 devices)
[08/15 07:18:34 d2.evaluation.evaluator]: Total inference pure compute time: 0:00:01 (0.023522 s / iter per device, on 1 devices)
[08/15 07:18:35 d2.utils.events]:  eta: 0:01:30  iter: 3819  total_loss: 0.1469  loss_cls: 0.01423  loss_box_reg: 0.03502  loss_mask: 0.0934  loss_rpn_cls: 1.043e-05  loss_rpn_loc: 0.002032    time: 0.0764  last_time: 0.0723  data_time: 0.0028  last_data_time: 0.0027   lr: 0.00025  max_mem: 1680M
[08/15 07:18:37 d2.utils.events]:  eta: 0:01:28  iter: 3839  total_loss: 0.1472  loss_cls: 0.01546  loss_box_reg: 0.0366  loss_mask: 0.0868  loss_rpn_cls: 2.746e-05  loss_rpn_loc: 0.002255    time: 0.0764  last_time: 0.0738  data_time: 0.0026  last_data_time: 0.0029   lr: 0.00025  max_mem: 1680M
[08/15 07:18:38 d2.utils.events]:  eta: 0:01:27  iter: 3859  total_loss: 0.1351  loss_cls: 0.01393  loss_box_reg: 0.03295  loss_mask: 0.08048  loss_rpn_cls: 1.405e-05  loss_rpn_loc: 0.001789    time: 0.0764  last_time: 0.0758  data_time: 0.0029  last_data_time: 0.0030   lr: 0.00025  max_mem: 1680M
[08/15 07:18:40 d2.utils.events]:  eta: 0:01:25  iter: 3879  total_loss: 0.1296  loss_cls: 0.01377  loss_box_reg: 0.03132  loss_mask: 0.08665  loss_rpn_cls: 5.671e-06  loss_rpn_loc: 0.001983    time: 0.0764  last_time: 0.0766  data_time: 0.0026  last_data_time: 0.0030   lr: 0.00025  max_mem: 1680M
[08/15 07:18:41 d2.utils.events]:  eta: 0:01:24  iter: 3899  total_loss: 0.1553  loss_cls: 0.01573  loss_box_reg: 0.03377  loss_mask: 0.1076  loss_rpn_cls: 2.338e-05  loss_rpn_loc: 0.002088    time: 0.0764  last_time: 0.0768  data_time: 0.0027  last_data_time: 0.0031   lr: 0.00025  max_mem: 1680M
[08/15 07:18:42 d2.evaluation.coco_evaluation]: Fast COCO eval is not built. Falling back to official COCO eval.
[08/15 07:18:42 d2.data.datasets.coco]: Loaded 89 images in COCO format from /projects/PUCHALLA/LLP2024/tumor-segmentation/data/processed_data/depth/test/images/test.json
[08/15 07:18:42 d2.data.dataset_mapper]: [DatasetMapper] Augmentations used in inference: [ResizeShortestEdge(short_edge_length=(800, 800), max_size=1333, sample_style='choice')]
[08/15 07:18:42 d2.data.common]: Serializing the dataset using: <class 'detectron2.data.common._TorchSerializedList'>
[08/15 07:18:42 d2.data.common]: Serializing 89 elements to byte tensors and concatenating them all ...
[08/15 07:18:42 d2.data.common]: Serialized dataset takes 0.07 MiB
[08/15 07:18:42 d2.evaluation.evaluator]: Start inference on 89 batches
[08/15 07:18:42 d2.evaluation.evaluator]: Inference done 11/89. Dataloading: 0.0004 s/iter. Inference: 0.0237 s/iter. Eval: 0.0003 s/iter. Total: 0.0244 s/iter. ETA=0:00:01
[08/15 07:18:44 d2.evaluation.evaluator]: Total inference time: 0:00:02.106175 (0.025074 s / iter per device, on 1 devices)
[08/15 07:18:44 d2.evaluation.evaluator]: Total inference pure compute time: 0:00:02 (0.023942 s / iter per device, on 1 devices)
[08/15 07:18:44 d2.evaluation.coco_evaluation]: Preparing results for COCO format ...
[08/15 07:18:44 d2.evaluation.coco_evaluation]: Saving results to ../../../../../models/rgb-testing/depth-5000-1/coco_instances_results.json
[08/15 07:18:44 d2.evaluation.coco_evaluation]: Evaluating predictions with official COCO API...
Loading and preparing results...
DONE (t=0.00s)
creating index...
index created!
Running per image evaluation...
Evaluate annotation type *bbox*
DONE (t=0.01s).
Accumulating evaluation results...
DONE (t=0.01s).
 Average Precision  (AP) @[ IoU=0.50:0.95 | area=   all | maxDets=100 ] = 0.769
 Average Precision  (AP) @[ IoU=0.50      | area=   all | maxDets=100 ] = 0.957
 Average Precision  (AP) @[ IoU=0.75      | area=   all | maxDets=100 ] = 0.917
 Average Precision  (AP) @[ IoU=0.50:0.95 | area= small | maxDets=100 ] = -1.000
 Average Precision  (AP) @[ IoU=0.50:0.95 | area=medium | maxDets=100 ] = 0.666
 Average Precision  (AP) @[ IoU=0.50:0.95 | area= large | maxDets=100 ] = 0.784
 Average Recall     (AR) @[ IoU=0.50:0.95 | area=   all | maxDets=  1 ] = 0.807
 Average Recall     (AR) @[ IoU=0.50:0.95 | area=   all | maxDets= 10 ] = 0.807
 Average Recall     (AR) @[ IoU=0.50:0.95 | area=   all | maxDets=100 ] = 0.807
 Average Recall     (AR) @[ IoU=0.50:0.95 | area= small | maxDets=100 ] = -1.000
 Average Recall     (AR) @[ IoU=0.50:0.95 | area=medium | maxDets=100 ] = 0.670
 Average Recall     (AR) @[ IoU=0.50:0.95 | area= large | maxDets=100 ] = 0.824
[08/15 07:18:44 d2.evaluation.coco_evaluation]: Evaluation results for bbox: 
|   AP   |  AP50  |  AP75  |  APs  |  APm   |  APl   |
|:------:|:------:|:------:|:-----:|:------:|:------:|
| 76.946 | 95.668 | 91.670 |  nan  | 66.568 | 78.421 |
[08/15 07:18:44 d2.evaluation.coco_evaluation]: Some metrics cannot be computed and is shown as NaN.
Loading and preparing results...
DONE (t=0.00s)
creating index...
index created!
Running per image evaluation...
Evaluate annotation type *segm*
DONE (t=0.02s).
Accumulating evaluation results...
DONE (t=0.01s).
 Average Precision  (AP) @[ IoU=0.50:0.95 | area=   all | maxDets=100 ] = 0.760
 Average Precision  (AP) @[ IoU=0.50      | area=   all | maxDets=100 ] = 0.957
 Average Precision  (AP) @[ IoU=0.75      | area=   all | maxDets=100 ] = 0.904
 Average Precision  (AP) @[ IoU=0.50:0.95 | area= small | maxDets=100 ] = -1.000
 Average Precision  (AP) @[ IoU=0.50:0.95 | area=medium | maxDets=100 ] = 0.657
 Average Precision  (AP) @[ IoU=0.50:0.95 | area= large | maxDets=100 ] = 0.775
 Average Recall     (AR) @[ IoU=0.50:0.95 | area=   all | maxDets=  1 ] = 0.789
 Average Recall     (AR) @[ IoU=0.50:0.95 | area=   all | maxDets= 10 ] = 0.789
 Average Recall     (AR) @[ IoU=0.50:0.95 | area=   all | maxDets=100 ] = 0.789
 Average Recall     (AR) @[ IoU=0.50:0.95 | area= small | maxDets=100 ] = -1.000
 Average Recall     (AR) @[ IoU=0.50:0.95 | area=medium | maxDets=100 ] = 0.670
 Average Recall     (AR) @[ IoU=0.50:0.95 | area= large | maxDets=100 ] = 0.804
[08/15 07:18:44 d2.evaluation.coco_evaluation]: Evaluation results for segm: 
|   AP   |  AP50  |  AP75  |  APs  |  APm   |  APl   |
|:------:|:------:|:------:|:-----:|:------:|:------:|
| 75.991 | 95.668 | 90.377 |  nan  | 65.699 | 77.518 |
[08/15 07:18:44 d2.evaluation.coco_evaluation]: Some metrics cannot be computed and is shown as NaN.
[Iter 2 AP] → mAP@[.5:.95] = 75.991
[08/15 07:18:44 d2.data.datasets.coco]: Loaded 89 images in COCO format from /projects/PUCHALLA/LLP2024/tumor-segmentation/data/processed_data/depth/test/images/test.json
[08/15 07:18:44 d2.data.datasets.coco]: Loaded 89 images in COCO format from /projects/PUCHALLA/LLP2024/tumor-segmentation/data/processed_data/depth/test/images/test.json
[08/15 07:18:44 d2.data.dataset_mapper]: [DatasetMapper] Augmentations used in inference: [ResizeShortestEdge(short_edge_length=(800, 800), max_size=1333, sample_style='choice')]
[08/15 07:18:44 d2.data.common]: Serializing the dataset using: <class 'detectron2.data.common._TorchSerializedList'>
[08/15 07:18:44 d2.data.common]: Serializing 89 elements to byte tensors and concatenating them all ...
[08/15 07:18:44 d2.data.common]: Serialized dataset takes 0.07 MiB
[08/15 07:18:44 d2.evaluation.evaluator]: Start inference on 89 batches
[08/15 07:18:46 d2.evaluation.evaluator]: Total inference time: 0:00:02.060068 (0.024525 s / iter per device, on 1 devices)
[08/15 07:18:46 d2.evaluation.evaluator]: Total inference pure compute time: 0:00:01 (0.023410 s / iter per device, on 1 devices)
[08/15 07:18:48 d2.utils.events]:  eta: 0:01:22  iter: 3919  total_loss: 0.1353  loss_cls: 0.01585  loss_box_reg: 0.02972  loss_mask: 0.0838  loss_rpn_cls: 1.843e-05  loss_rpn_loc: 0.002331    time: 0.0764  last_time: 0.0738  data_time: 0.0024  last_data_time: 0.0029   lr: 0.00025  max_mem: 1680M
[08/15 07:18:49 d2.utils.events]:  eta: 0:01:21  iter: 3939  total_loss: 0.152  loss_cls: 0.0153  loss_box_reg: 0.03488  loss_mask: 0.1022  loss_rpn_cls: 1.024e-05  loss_rpn_loc: 0.002104    time: 0.0764  last_time: 0.0756  data_time: 0.0022  last_data_time: 0.0029   lr: 0.00025  max_mem: 1680M
[08/15 07:18:51 d2.utils.events]:  eta: 0:01:19  iter: 3959  total_loss: 0.1194  loss_cls: 0.01123  loss_box_reg: 0.03002  loss_mask: 0.07571  loss_rpn_cls: 2.855e-06  loss_rpn_loc: 0.00168    time: 0.0764  last_time: 0.0765  data_time: 0.0027  last_data_time: 0.0021   lr: 0.00025  max_mem: 1680M
[08/15 07:18:52 d2.utils.events]:  eta: 0:01:18  iter: 3979  total_loss: 0.1489  loss_cls: 0.0173  loss_box_reg: 0.03651  loss_mask: 0.09544  loss_rpn_cls: 4.513e-06  loss_rpn_loc: 0.001908    time: 0.0764  last_time: 0.0728  data_time: 0.0026  last_data_time: 0.0029   lr: 0.00025  max_mem: 1680M
[08/15 07:18:54 d2.utils.events]:  eta: 0:01:16  iter: 3999  total_loss: 0.1455  loss_cls: 0.01585  loss_box_reg: 0.03042  loss_mask: 0.09198  loss_rpn_cls: 2.611e-05  loss_rpn_loc: 0.002105    time: 0.0764  last_time: 0.0688  data_time: 0.0026  last_data_time: 0.0028   lr: 0.00025  max_mem: 1680M
[08/15 07:18:54 d2.evaluation.coco_evaluation]: Fast COCO eval is not built. Falling back to official COCO eval.
[08/15 07:18:54 d2.data.datasets.coco]: Loaded 89 images in COCO format from /projects/PUCHALLA/LLP2024/tumor-segmentation/data/processed_data/depth/test/images/test.json
[08/15 07:18:54 d2.data.dataset_mapper]: [DatasetMapper] Augmentations used in inference: [ResizeShortestEdge(short_edge_length=(800, 800), max_size=1333, sample_style='choice')]
[08/15 07:18:54 d2.data.common]: Serializing the dataset using: <class 'detectron2.data.common._TorchSerializedList'>
[08/15 07:18:54 d2.data.common]: Serializing 89 elements to byte tensors and concatenating them all ...
[08/15 07:18:54 d2.data.common]: Serialized dataset takes 0.07 MiB
[08/15 07:18:54 d2.evaluation.evaluator]: Start inference on 89 batches
[08/15 07:18:54 d2.evaluation.evaluator]: Inference done 11/89. Dataloading: 0.0004 s/iter. Inference: 0.0230 s/iter. Eval: 0.0003 s/iter. Total: 0.0238 s/iter. ETA=0:00:01
[08/15 07:18:56 d2.evaluation.evaluator]: Total inference time: 0:00:02.065166 (0.024585 s / iter per device, on 1 devices)
[08/15 07:18:56 d2.evaluation.evaluator]: Total inference pure compute time: 0:00:01 (0.023422 s / iter per device, on 1 devices)
[08/15 07:18:56 d2.evaluation.coco_evaluation]: Preparing results for COCO format ...
[08/15 07:18:56 d2.evaluation.coco_evaluation]: Saving results to ../../../../../models/rgb-testing/depth-5000-1/coco_instances_results.json
[08/15 07:18:56 d2.evaluation.coco_evaluation]: Evaluating predictions with official COCO API...
Loading and preparing results...
DONE (t=0.00s)
creating index...
index created!
Running per image evaluation...
Evaluate annotation type *bbox*
DONE (t=0.01s).
Accumulating evaluation results...
DONE (t=0.01s).
 Average Precision  (AP) @[ IoU=0.50:0.95 | area=   all | maxDets=100 ] = 0.773
 Average Precision  (AP) @[ IoU=0.50      | area=   all | maxDets=100 ] = 0.965
 Average Precision  (AP) @[ IoU=0.75      | area=   all | maxDets=100 ] = 0.925
 Average Precision  (AP) @[ IoU=0.50:0.95 | area= small | maxDets=100 ] = -1.000
 Average Precision  (AP) @[ IoU=0.50:0.95 | area=medium | maxDets=100 ] = 0.709
 Average Precision  (AP) @[ IoU=0.50:0.95 | area= large | maxDets=100 ] = 0.786
 Average Recall     (AR) @[ IoU=0.50:0.95 | area=   all | maxDets=  1 ] = 0.812
 Average Recall     (AR) @[ IoU=0.50:0.95 | area=   all | maxDets= 10 ] = 0.812
 Average Recall     (AR) @[ IoU=0.50:0.95 | area=   all | maxDets=100 ] = 0.812
 Average Recall     (AR) @[ IoU=0.50:0.95 | area= small | maxDets=100 ] = -1.000
 Average Recall     (AR) @[ IoU=0.50:0.95 | area=medium | maxDets=100 ] = 0.720
 Average Recall     (AR) @[ IoU=0.50:0.95 | area= large | maxDets=100 ] = 0.824
[08/15 07:18:56 d2.evaluation.coco_evaluation]: Evaluation results for bbox: 
|   AP   |  AP50  |  AP75  |  APs  |  APm   |  APl   |
|:------:|:------:|:------:|:-----:|:------:|:------:|
| 77.288 | 96.544 | 92.547 |  nan  | 70.891 | 78.596 |
[08/15 07:18:56 d2.evaluation.coco_evaluation]: Some metrics cannot be computed and is shown as NaN.
Loading and preparing results...
DONE (t=0.00s)
creating index...
index created!
Running per image evaluation...
Evaluate annotation type *segm*
DONE (t=0.02s).
Accumulating evaluation results...
DONE (t=0.01s).
 Average Precision  (AP) @[ IoU=0.50:0.95 | area=   all | maxDets=100 ] = 0.775
 Average Precision  (AP) @[ IoU=0.50      | area=   all | maxDets=100 ] = 0.965
 Average Precision  (AP) @[ IoU=0.75      | area=   all | maxDets=100 ] = 0.886
 Average Precision  (AP) @[ IoU=0.50:0.95 | area= small | maxDets=100 ] = -1.000
 Average Precision  (AP) @[ IoU=0.50:0.95 | area=medium | maxDets=100 ] = 0.663
 Average Precision  (AP) @[ IoU=0.50:0.95 | area= large | maxDets=100 ] = 0.792
 Average Recall     (AR) @[ IoU=0.50:0.95 | area=   all | maxDets=  1 ] = 0.801
 Average Recall     (AR) @[ IoU=0.50:0.95 | area=   all | maxDets= 10 ] = 0.801
 Average Recall     (AR) @[ IoU=0.50:0.95 | area=   all | maxDets=100 ] = 0.801
 Average Recall     (AR) @[ IoU=0.50:0.95 | area= small | maxDets=100 ] = -1.000
 Average Recall     (AR) @[ IoU=0.50:0.95 | area=medium | maxDets=100 ] = 0.690
 Average Recall     (AR) @[ IoU=0.50:0.95 | area= large | maxDets=100 ] = 0.815
[08/15 07:18:56 d2.evaluation.coco_evaluation]: Evaluation results for segm: 
|   AP   |  AP50  |  AP75  |  APs  |  APm   |  APl   |
|:------:|:------:|:------:|:-----:|:------:|:------:|
| 77.515 | 96.544 | 88.570 |  nan  | 66.257 | 79.171 |
[08/15 07:18:56 d2.evaluation.coco_evaluation]: Some metrics cannot be computed and is shown as NaN.
[Iter 2 AP] → mAP@[.5:.95] = 77.515
[08/15 07:18:56 d2.data.datasets.coco]: Loaded 89 images in COCO format from /projects/PUCHALLA/LLP2024/tumor-segmentation/data/processed_data/depth/test/images/test.json
[08/15 07:18:56 d2.data.datasets.coco]: Loaded 89 images in COCO format from /projects/PUCHALLA/LLP2024/tumor-segmentation/data/processed_data/depth/test/images/test.json
[08/15 07:18:56 d2.data.dataset_mapper]: [DatasetMapper] Augmentations used in inference: [ResizeShortestEdge(short_edge_length=(800, 800), max_size=1333, sample_style='choice')]
[08/15 07:18:56 d2.data.common]: Serializing the dataset using: <class 'detectron2.data.common._TorchSerializedList'>
[08/15 07:18:56 d2.data.common]: Serializing 89 elements to byte tensors and concatenating them all ...
[08/15 07:18:56 d2.data.common]: Serialized dataset takes 0.07 MiB
[08/15 07:18:56 d2.evaluation.evaluator]: Start inference on 89 batches
[08/15 07:18:58 d2.evaluation.evaluator]: Total inference time: 0:00:02.068702 (0.024627 s / iter per device, on 1 devices)
[08/15 07:18:58 d2.evaluation.evaluator]: Total inference pure compute time: 0:00:01 (0.023490 s / iter per device, on 1 devices)
[08/15 07:19:00 d2.utils.events]:  eta: 0:01:15  iter: 4019  total_loss: 0.1343  loss_cls: 0.01253  loss_box_reg: 0.02995  loss_mask: 0.08908  loss_rpn_cls: 1.028e-05  loss_rpn_loc: 0.002288    time: 0.0764  last_time: 0.0724  data_time: 0.0028  last_data_time: 0.0029   lr: 0.000125  max_mem: 1680M
[08/15 07:19:01 d2.utils.events]:  eta: 0:01:13  iter: 4039  total_loss: 0.1245  loss_cls: 0.01528  loss_box_reg: 0.03104  loss_mask: 0.08375  loss_rpn_cls: 2.547e-05  loss_rpn_loc: 0.002182    time: 0.0764  last_time: 0.0802  data_time: 0.0026  last_data_time: 0.0019   lr: 0.000125  max_mem: 1680M
[08/15 07:19:03 d2.utils.events]:  eta: 0:01:11  iter: 4059  total_loss: 0.1486  loss_cls: 0.01408  loss_box_reg: 0.03535  loss_mask: 0.09217  loss_rpn_cls: 6.83e-06  loss_rpn_loc: 0.001896    time: 0.0764  last_time: 0.0768  data_time: 0.0028  last_data_time: 0.0030   lr: 0.000125  max_mem: 1680M
[08/15 07:19:05 d2.utils.events]:  eta: 0:01:10  iter: 4079  total_loss: 0.1515  loss_cls: 0.01337  loss_box_reg: 0.03006  loss_mask: 0.09866  loss_rpn_cls: 1.147e-05  loss_rpn_loc: 0.001946    time: 0.0764  last_time: 0.0756  data_time: 0.0028  last_data_time: 0.0029   lr: 0.000125  max_mem: 1680M
[08/15 07:19:06 d2.utils.events]:  eta: 0:01:08  iter: 4099  total_loss: 0.1235  loss_cls: 0.01212  loss_box_reg: 0.0291  loss_mask: 0.0781  loss_rpn_cls: 5.19e-06  loss_rpn_loc: 0.001913    time: 0.0765  last_time: 0.0811  data_time: 0.0028  last_data_time: 0.0030   lr: 0.000125  max_mem: 1680M
[08/15 07:19:06 d2.evaluation.coco_evaluation]: Fast COCO eval is not built. Falling back to official COCO eval.
[08/15 07:19:06 d2.data.datasets.coco]: Loaded 89 images in COCO format from /projects/PUCHALLA/LLP2024/tumor-segmentation/data/processed_data/depth/test/images/test.json
[08/15 07:19:06 d2.data.dataset_mapper]: [DatasetMapper] Augmentations used in inference: [ResizeShortestEdge(short_edge_length=(800, 800), max_size=1333, sample_style='choice')]
[08/15 07:19:06 d2.data.common]: Serializing the dataset using: <class 'detectron2.data.common._TorchSerializedList'>
[08/15 07:19:06 d2.data.common]: Serializing 89 elements to byte tensors and concatenating them all ...
[08/15 07:19:06 d2.data.common]: Serialized dataset takes 0.07 MiB
[08/15 07:19:06 d2.evaluation.evaluator]: Start inference on 89 batches
[08/15 07:19:07 d2.evaluation.evaluator]: Inference done 11/89. Dataloading: 0.0005 s/iter. Inference: 0.0237 s/iter. Eval: 0.0003 s/iter. Total: 0.0245 s/iter. ETA=0:00:01
[08/15 07:19:09 d2.evaluation.evaluator]: Total inference time: 0:00:02.070213 (0.024645 s / iter per device, on 1 devices)
[08/15 07:19:09 d2.evaluation.evaluator]: Total inference pure compute time: 0:00:01 (0.023505 s / iter per device, on 1 devices)
[08/15 07:19:09 d2.evaluation.coco_evaluation]: Preparing results for COCO format ...
[08/15 07:19:09 d2.evaluation.coco_evaluation]: Saving results to ../../../../../models/rgb-testing/depth-5000-1/coco_instances_results.json
[08/15 07:19:09 d2.evaluation.coco_evaluation]: Evaluating predictions with official COCO API...
Loading and preparing results...
DONE (t=0.00s)
creating index...
index created!
Running per image evaluation...
Evaluate annotation type *bbox*
DONE (t=0.01s).
Accumulating evaluation results...
DONE (t=0.01s).
 Average Precision  (AP) @[ IoU=0.50:0.95 | area=   all | maxDets=100 ] = 0.767
 Average Precision  (AP) @[ IoU=0.50      | area=   all | maxDets=100 ] = 0.964
 Average Precision  (AP) @[ IoU=0.75      | area=   all | maxDets=100 ] = 0.923
 Average Precision  (AP) @[ IoU=0.50:0.95 | area= small | maxDets=100 ] = -1.000
 Average Precision  (AP) @[ IoU=0.50:0.95 | area=medium | maxDets=100 ] = 0.672
 Average Precision  (AP) @[ IoU=0.50:0.95 | area= large | maxDets=100 ] = 0.780
 Average Recall     (AR) @[ IoU=0.50:0.95 | area=   all | maxDets=  1 ] = 0.810
 Average Recall     (AR) @[ IoU=0.50:0.95 | area=   all | maxDets= 10 ] = 0.810
 Average Recall     (AR) @[ IoU=0.50:0.95 | area=   all | maxDets=100 ] = 0.810
 Average Recall     (AR) @[ IoU=0.50:0.95 | area= small | maxDets=100 ] = -1.000
 Average Recall     (AR) @[ IoU=0.50:0.95 | area=medium | maxDets=100 ] = 0.690
 Average Recall     (AR) @[ IoU=0.50:0.95 | area= large | maxDets=100 ] = 0.825
[08/15 07:19:09 d2.evaluation.coco_evaluation]: Evaluation results for bbox: 
|   AP   |  AP50  |  AP75  |  APs  |  APm   |  APl   |
|:------:|:------:|:------:|:-----:|:------:|:------:|
| 76.699 | 96.390 | 92.274 |  nan  | 67.178 | 77.971 |
[08/15 07:19:09 d2.evaluation.coco_evaluation]: Some metrics cannot be computed and is shown as NaN.
Loading and preparing results...
DONE (t=0.00s)
creating index...
index created!
Running per image evaluation...
Evaluate annotation type *segm*
DONE (t=0.02s).
Accumulating evaluation results...
DONE (t=0.01s).
 Average Precision  (AP) @[ IoU=0.50:0.95 | area=   all | maxDets=100 ] = 0.762
 Average Precision  (AP) @[ IoU=0.50      | area=   all | maxDets=100 ] = 0.964
 Average Precision  (AP) @[ IoU=0.75      | area=   all | maxDets=100 ] = 0.883
 Average Precision  (AP) @[ IoU=0.50:0.95 | area= small | maxDets=100 ] = -1.000
 Average Precision  (AP) @[ IoU=0.50:0.95 | area=medium | maxDets=100 ] = 0.675
 Average Precision  (AP) @[ IoU=0.50:0.95 | area= large | maxDets=100 ] = 0.776
 Average Recall     (AR) @[ IoU=0.50:0.95 | area=   all | maxDets=  1 ] = 0.794
 Average Recall     (AR) @[ IoU=0.50:0.95 | area=   all | maxDets= 10 ] = 0.794
 Average Recall     (AR) @[ IoU=0.50:0.95 | area=   all | maxDets=100 ] = 0.794
 Average Recall     (AR) @[ IoU=0.50:0.95 | area= small | maxDets=100 ] = -1.000
 Average Recall     (AR) @[ IoU=0.50:0.95 | area=medium | maxDets=100 ] = 0.700
 Average Recall     (AR) @[ IoU=0.50:0.95 | area= large | maxDets=100 ] = 0.806
[08/15 07:19:09 d2.evaluation.coco_evaluation]: Evaluation results for segm: 
|   AP   |  AP50  |  AP75  |  APs  |  APm   |  APl   |
|:------:|:------:|:------:|:-----:|:------:|:------:|
| 76.195 | 96.390 | 88.293 |  nan  | 67.459 | 77.622 |
[08/15 07:19:09 d2.evaluation.coco_evaluation]: Some metrics cannot be computed and is shown as NaN.
[Iter 2 AP] → mAP@[.5:.95] = 76.195
[08/15 07:19:09 d2.data.datasets.coco]: Loaded 89 images in COCO format from /projects/PUCHALLA/LLP2024/tumor-segmentation/data/processed_data/depth/test/images/test.json
[08/15 07:19:09 d2.data.datasets.coco]: Loaded 89 images in COCO format from /projects/PUCHALLA/LLP2024/tumor-segmentation/data/processed_data/depth/test/images/test.json
[08/15 07:19:09 d2.data.dataset_mapper]: [DatasetMapper] Augmentations used in inference: [ResizeShortestEdge(short_edge_length=(800, 800), max_size=1333, sample_style='choice')]
[08/15 07:19:09 d2.data.common]: Serializing the dataset using: <class 'detectron2.data.common._TorchSerializedList'>
[08/15 07:19:09 d2.data.common]: Serializing 89 elements to byte tensors and concatenating them all ...
[08/15 07:19:09 d2.data.common]: Serialized dataset takes 0.07 MiB
[08/15 07:19:09 d2.evaluation.evaluator]: Start inference on 89 batches
[08/15 07:19:11 d2.evaluation.evaluator]: Total inference time: 0:00:02.074122 (0.024692 s / iter per device, on 1 devices)
[08/15 07:19:11 d2.evaluation.evaluator]: Total inference pure compute time: 0:00:01 (0.023555 s / iter per device, on 1 devices)
[08/15 07:19:12 d2.utils.events]:  eta: 0:01:07  iter: 4119  total_loss: 0.149  loss_cls: 0.014  loss_box_reg: 0.03189  loss_mask: 0.09757  loss_rpn_cls: 4.275e-06  loss_rpn_loc: 0.002092    time: 0.0765  last_time: 0.0787  data_time: 0.0026  last_data_time: 0.0028   lr: 0.000125  max_mem: 1680M
[08/15 07:19:14 d2.utils.events]:  eta: 0:01:05  iter: 4139  total_loss: 0.1236  loss_cls: 0.01299  loss_box_reg: 0.02936  loss_mask: 0.08355  loss_rpn_cls: 1.313e-05  loss_rpn_loc: 0.002174    time: 0.0765  last_time: 0.0715  data_time: 0.0030  last_data_time: 0.0029   lr: 0.000125  max_mem: 1680M
[08/15 07:19:15 d2.utils.events]:  eta: 0:01:04  iter: 4159  total_loss: 0.1296  loss_cls: 0.0144  loss_box_reg: 0.02791  loss_mask: 0.08796  loss_rpn_cls: 7.691e-06  loss_rpn_loc: 0.001967    time: 0.0765  last_time: 0.0760  data_time: 0.0027  last_data_time: 0.0021   lr: 0.000125  max_mem: 1680M
[08/15 07:19:17 d2.utils.events]:  eta: 0:01:02  iter: 4179  total_loss: 0.125  loss_cls: 0.01344  loss_box_reg: 0.02923  loss_mask: 0.07857  loss_rpn_cls: 2.087e-05  loss_rpn_loc: 0.001598    time: 0.0765  last_time: 0.0809  data_time: 0.0028  last_data_time: 0.0029   lr: 0.000125  max_mem: 1680M
[08/15 07:19:19 d2.utils.events]:  eta: 0:01:01  iter: 4199  total_loss: 0.1238  loss_cls: 0.01373  loss_box_reg: 0.02943  loss_mask: 0.0836  loss_rpn_cls: 1.179e-05  loss_rpn_loc: 0.002314    time: 0.0765  last_time: 0.0721  data_time: 0.0028  last_data_time: 0.0029   lr: 0.000125  max_mem: 1680M
[08/15 07:19:19 d2.evaluation.coco_evaluation]: Fast COCO eval is not built. Falling back to official COCO eval.
[08/15 07:19:19 d2.data.datasets.coco]: Loaded 89 images in COCO format from /projects/PUCHALLA/LLP2024/tumor-segmentation/data/processed_data/depth/test/images/test.json
[08/15 07:19:19 d2.data.dataset_mapper]: [DatasetMapper] Augmentations used in inference: [ResizeShortestEdge(short_edge_length=(800, 800), max_size=1333, sample_style='choice')]
[08/15 07:19:19 d2.data.common]: Serializing the dataset using: <class 'detectron2.data.common._TorchSerializedList'>
[08/15 07:19:19 d2.data.common]: Serializing 89 elements to byte tensors and concatenating them all ...
[08/15 07:19:19 d2.data.common]: Serialized dataset takes 0.07 MiB
[08/15 07:19:19 d2.evaluation.evaluator]: Start inference on 89 batches
[08/15 07:19:19 d2.evaluation.evaluator]: Inference done 11/89. Dataloading: 0.0005 s/iter. Inference: 0.0236 s/iter. Eval: 0.0003 s/iter. Total: 0.0244 s/iter. ETA=0:00:01
[08/15 07:19:21 d2.evaluation.evaluator]: Total inference time: 0:00:02.077216 (0.024729 s / iter per device, on 1 devices)
[08/15 07:19:21 d2.evaluation.evaluator]: Total inference pure compute time: 0:00:01 (0.023585 s / iter per device, on 1 devices)
[08/15 07:19:21 d2.evaluation.coco_evaluation]: Preparing results for COCO format ...
[08/15 07:19:21 d2.evaluation.coco_evaluation]: Saving results to ../../../../../models/rgb-testing/depth-5000-1/coco_instances_results.json
[08/15 07:19:21 d2.evaluation.coco_evaluation]: Evaluating predictions with official COCO API...
Loading and preparing results...
DONE (t=0.00s)
creating index...
index created!
Running per image evaluation...
Evaluate annotation type *bbox*
DONE (t=0.01s).
Accumulating evaluation results...
DONE (t=0.01s).
 Average Precision  (AP) @[ IoU=0.50:0.95 | area=   all | maxDets=100 ] = 0.784
 Average Precision  (AP) @[ IoU=0.50      | area=   all | maxDets=100 ] = 0.964
 Average Precision  (AP) @[ IoU=0.75      | area=   all | maxDets=100 ] = 0.924
 Average Precision  (AP) @[ IoU=0.50:0.95 | area= small | maxDets=100 ] = -1.000
 Average Precision  (AP) @[ IoU=0.50:0.95 | area=medium | maxDets=100 ] = 0.672
 Average Precision  (AP) @[ IoU=0.50:0.95 | area= large | maxDets=100 ] = 0.799
 Average Recall     (AR) @[ IoU=0.50:0.95 | area=   all | maxDets=  1 ] = 0.822
 Average Recall     (AR) @[ IoU=0.50:0.95 | area=   all | maxDets= 10 ] = 0.822
 Average Recall     (AR) @[ IoU=0.50:0.95 | area=   all | maxDets=100 ] = 0.822
 Average Recall     (AR) @[ IoU=0.50:0.95 | area= small | maxDets=100 ] = -1.000
 Average Recall     (AR) @[ IoU=0.50:0.95 | area=medium | maxDets=100 ] = 0.680
 Average Recall     (AR) @[ IoU=0.50:0.95 | area= large | maxDets=100 ] = 0.841
[08/15 07:19:21 d2.evaluation.coco_evaluation]: Evaluation results for bbox: 
|   AP   |  AP50  |  AP75  |  APs  |  APm   |  APl   |
|:------:|:------:|:------:|:-----:|:------:|:------:|
| 78.377 | 96.388 | 92.370 |  nan  | 67.248 | 79.901 |
[08/15 07:19:21 d2.evaluation.coco_evaluation]: Some metrics cannot be computed and is shown as NaN.
Loading and preparing results...
DONE (t=0.00s)
creating index...
index created!
Running per image evaluation...
Evaluate annotation type *segm*
DONE (t=0.02s).
Accumulating evaluation results...
DONE (t=0.01s).
 Average Precision  (AP) @[ IoU=0.50:0.95 | area=   all | maxDets=100 ] = 0.777
 Average Precision  (AP) @[ IoU=0.50      | area=   all | maxDets=100 ] = 0.964
 Average Precision  (AP) @[ IoU=0.75      | area=   all | maxDets=100 ] = 0.884
 Average Precision  (AP) @[ IoU=0.50:0.95 | area= small | maxDets=100 ] = -1.000
 Average Precision  (AP) @[ IoU=0.50:0.95 | area=medium | maxDets=100 ] = 0.694
 Average Precision  (AP) @[ IoU=0.50:0.95 | area= large | maxDets=100 ] = 0.791
 Average Recall     (AR) @[ IoU=0.50:0.95 | area=   all | maxDets=  1 ] = 0.807
 Average Recall     (AR) @[ IoU=0.50:0.95 | area=   all | maxDets= 10 ] = 0.807
 Average Recall     (AR) @[ IoU=0.50:0.95 | area=   all | maxDets=100 ] = 0.807
 Average Recall     (AR) @[ IoU=0.50:0.95 | area= small | maxDets=100 ] = -1.000
 Average Recall     (AR) @[ IoU=0.50:0.95 | area=medium | maxDets=100 ] = 0.710
 Average Recall     (AR) @[ IoU=0.50:0.95 | area= large | maxDets=100 ] = 0.819
[08/15 07:19:21 d2.evaluation.coco_evaluation]: Evaluation results for segm: 
|   AP   |  AP50  |  AP75  |  APs  |  APm   |  APl   |
|:------:|:------:|:------:|:-----:|:------:|:------:|
| 77.671 | 96.388 | 88.406 |  nan  | 69.403 | 79.119 |
[08/15 07:19:21 d2.evaluation.coco_evaluation]: Some metrics cannot be computed and is shown as NaN.
[Iter 2 AP] → mAP@[.5:.95] = 77.671
[08/15 07:19:21 d2.data.datasets.coco]: Loaded 89 images in COCO format from /projects/PUCHALLA/LLP2024/tumor-segmentation/data/processed_data/depth/test/images/test.json
[08/15 07:19:21 d2.data.datasets.coco]: Loaded 89 images in COCO format from /projects/PUCHALLA/LLP2024/tumor-segmentation/data/processed_data/depth/test/images/test.json
[08/15 07:19:21 d2.data.dataset_mapper]: [DatasetMapper] Augmentations used in inference: [ResizeShortestEdge(short_edge_length=(800, 800), max_size=1333, sample_style='choice')]
[08/15 07:19:21 d2.data.common]: Serializing the dataset using: <class 'detectron2.data.common._TorchSerializedList'>
[08/15 07:19:21 d2.data.common]: Serializing 89 elements to byte tensors and concatenating them all ...
[08/15 07:19:21 d2.data.common]: Serialized dataset takes 0.07 MiB
[08/15 07:19:21 d2.evaluation.evaluator]: Start inference on 89 batches
[08/15 07:19:23 d2.evaluation.evaluator]: Total inference time: 0:00:02.088016 (0.024857 s / iter per device, on 1 devices)
[08/15 07:19:23 d2.evaluation.evaluator]: Total inference pure compute time: 0:00:01 (0.023740 s / iter per device, on 1 devices)
[08/15 07:19:25 d2.utils.events]:  eta: 0:00:59  iter: 4219  total_loss: 0.1475  loss_cls: 0.01302  loss_box_reg: 0.03331  loss_mask: 0.09508  loss_rpn_cls: 2.614e-05  loss_rpn_loc: 0.002507    time: 0.0765  last_time: 0.0769  data_time: 0.0028  last_data_time: 0.0029   lr: 0.000125  max_mem: 1680M
[08/15 07:19:26 d2.utils.events]:  eta: 0:00:58  iter: 4239  total_loss: 0.1289  loss_cls: 0.01348  loss_box_reg: 0.0302  loss_mask: 0.07911  loss_rpn_cls: 2.885e-06  loss_rpn_loc: 0.001977    time: 0.0765  last_time: 0.0813  data_time: 0.0024  last_data_time: 0.0029   lr: 0.000125  max_mem: 1680M
[08/15 07:19:28 d2.utils.events]:  eta: 0:00:56  iter: 4259  total_loss: 0.1131  loss_cls: 0.01156  loss_box_reg: 0.02748  loss_mask: 0.07752  loss_rpn_cls: 8.709e-06  loss_rpn_loc: 0.00191    time: 0.0765  last_time: 0.0726  data_time: 0.0026  last_data_time: 0.0029   lr: 0.000125  max_mem: 1680M
[08/15 07:19:29 d2.utils.events]:  eta: 0:00:55  iter: 4279  total_loss: 0.1172  loss_cls: 0.01413  loss_box_reg: 0.02478  loss_mask: 0.07588  loss_rpn_cls: 8.233e-06  loss_rpn_loc: 0.0018    time: 0.0765  last_time: 0.0762  data_time: 0.0025  last_data_time: 0.0020   lr: 0.000125  max_mem: 1680M
[08/15 07:19:31 d2.utils.events]:  eta: 0:00:53  iter: 4299  total_loss: 0.1214  loss_cls: 0.01303  loss_box_reg: 0.02899  loss_mask: 0.08154  loss_rpn_cls: 1.085e-05  loss_rpn_loc: 0.001848    time: 0.0765  last_time: 0.0763  data_time: 0.0025  last_data_time: 0.0029   lr: 0.000125  max_mem: 1680M
[08/15 07:19:31 d2.evaluation.coco_evaluation]: Fast COCO eval is not built. Falling back to official COCO eval.
[08/15 07:19:31 d2.data.datasets.coco]: Loaded 89 images in COCO format from /projects/PUCHALLA/LLP2024/tumor-segmentation/data/processed_data/depth/test/images/test.json
[08/15 07:19:31 d2.data.dataset_mapper]: [DatasetMapper] Augmentations used in inference: [ResizeShortestEdge(short_edge_length=(800, 800), max_size=1333, sample_style='choice')]
[08/15 07:19:31 d2.data.common]: Serializing the dataset using: <class 'detectron2.data.common._TorchSerializedList'>
[08/15 07:19:31 d2.data.common]: Serializing 89 elements to byte tensors and concatenating them all ...
[08/15 07:19:31 d2.data.common]: Serialized dataset takes 0.07 MiB
[08/15 07:19:31 d2.evaluation.evaluator]: Start inference on 89 batches
[08/15 07:19:31 d2.evaluation.evaluator]: Inference done 11/89. Dataloading: 0.0004 s/iter. Inference: 0.0237 s/iter. Eval: 0.0003 s/iter. Total: 0.0245 s/iter. ETA=0:00:01
[08/15 07:19:33 d2.evaluation.evaluator]: Total inference time: 0:00:02.083598 (0.024805 s / iter per device, on 1 devices)
[08/15 07:19:33 d2.evaluation.evaluator]: Total inference pure compute time: 0:00:01 (0.023663 s / iter per device, on 1 devices)
[08/15 07:19:33 d2.evaluation.coco_evaluation]: Preparing results for COCO format ...
[08/15 07:19:33 d2.evaluation.coco_evaluation]: Saving results to ../../../../../models/rgb-testing/depth-5000-1/coco_instances_results.json
[08/15 07:19:33 d2.evaluation.coco_evaluation]: Evaluating predictions with official COCO API...
Loading and preparing results...
DONE (t=0.00s)
creating index...
index created!
Running per image evaluation...
Evaluate annotation type *bbox*
DONE (t=0.01s).
Accumulating evaluation results...
DONE (t=0.01s).
 Average Precision  (AP) @[ IoU=0.50:0.95 | area=   all | maxDets=100 ] = 0.777
 Average Precision  (AP) @[ IoU=0.50      | area=   all | maxDets=100 ] = 0.963
 Average Precision  (AP) @[ IoU=0.75      | area=   all | maxDets=100 ] = 0.922
 Average Precision  (AP) @[ IoU=0.50:0.95 | area= small | maxDets=100 ] = -1.000
 Average Precision  (AP) @[ IoU=0.50:0.95 | area=medium | maxDets=100 ] = 0.730
 Average Precision  (AP) @[ IoU=0.50:0.95 | area= large | maxDets=100 ] = 0.787
 Average Recall     (AR) @[ IoU=0.50:0.95 | area=   all | maxDets=  1 ] = 0.819
 Average Recall     (AR) @[ IoU=0.50:0.95 | area=   all | maxDets= 10 ] = 0.819
 Average Recall     (AR) @[ IoU=0.50:0.95 | area=   all | maxDets=100 ] = 0.819
 Average Recall     (AR) @[ IoU=0.50:0.95 | area= small | maxDets=100 ] = -1.000
 Average Recall     (AR) @[ IoU=0.50:0.95 | area=medium | maxDets=100 ] = 0.740
 Average Recall     (AR) @[ IoU=0.50:0.95 | area= large | maxDets=100 ] = 0.829
[08/15 07:19:33 d2.evaluation.coco_evaluation]: Evaluation results for bbox: 
|   AP   |  AP50  |  AP75  |  APs  |  APm   |  APl   |
|:------:|:------:|:------:|:-----:|:------:|:------:|
| 77.700 | 96.286 | 92.195 |  nan  | 73.020 | 78.679 |
[08/15 07:19:33 d2.evaluation.coco_evaluation]: Some metrics cannot be computed and is shown as NaN.
Loading and preparing results...
DONE (t=0.00s)
creating index...
index created!
Running per image evaluation...
Evaluate annotation type *segm*
DONE (t=0.02s).
Accumulating evaluation results...
DONE (t=0.01s).
 Average Precision  (AP) @[ IoU=0.50:0.95 | area=   all | maxDets=100 ] = 0.782
 Average Precision  (AP) @[ IoU=0.50      | area=   all | maxDets=100 ] = 0.963
 Average Precision  (AP) @[ IoU=0.75      | area=   all | maxDets=100 ] = 0.912
 Average Precision  (AP) @[ IoU=0.50:0.95 | area= small | maxDets=100 ] = -1.000
 Average Precision  (AP) @[ IoU=0.50:0.95 | area=medium | maxDets=100 ] = 0.724
 Average Precision  (AP) @[ IoU=0.50:0.95 | area= large | maxDets=100 ] = 0.791
 Average Recall     (AR) @[ IoU=0.50:0.95 | area=   all | maxDets=  1 ] = 0.810
 Average Recall     (AR) @[ IoU=0.50:0.95 | area=   all | maxDets= 10 ] = 0.810
 Average Recall     (AR) @[ IoU=0.50:0.95 | area=   all | maxDets=100 ] = 0.810
 Average Recall     (AR) @[ IoU=0.50:0.95 | area= small | maxDets=100 ] = -1.000
 Average Recall     (AR) @[ IoU=0.50:0.95 | area=medium | maxDets=100 ] = 0.740
 Average Recall     (AR) @[ IoU=0.50:0.95 | area= large | maxDets=100 ] = 0.819
[08/15 07:19:33 d2.evaluation.coco_evaluation]: Evaluation results for segm: 
|   AP   |  AP50  |  AP75  |  APs  |  APm   |  APl   |
|:------:|:------:|:------:|:-----:|:------:|:------:|
| 78.163 | 96.286 | 91.194 |  nan  | 72.375 | 79.110 |
[08/15 07:19:33 d2.evaluation.coco_evaluation]: Some metrics cannot be computed and is shown as NaN.
[Iter 2 AP] → mAP@[.5:.95] = 78.163
[08/15 07:19:33 d2.data.datasets.coco]: Loaded 89 images in COCO format from /projects/PUCHALLA/LLP2024/tumor-segmentation/data/processed_data/depth/test/images/test.json
[08/15 07:19:33 d2.data.datasets.coco]: Loaded 89 images in COCO format from /projects/PUCHALLA/LLP2024/tumor-segmentation/data/processed_data/depth/test/images/test.json
[08/15 07:19:33 d2.data.dataset_mapper]: [DatasetMapper] Augmentations used in inference: [ResizeShortestEdge(short_edge_length=(800, 800), max_size=1333, sample_style='choice')]
[08/15 07:19:33 d2.data.common]: Serializing the dataset using: <class 'detectron2.data.common._TorchSerializedList'>
[08/15 07:19:33 d2.data.common]: Serializing 89 elements to byte tensors and concatenating them all ...
[08/15 07:19:33 d2.data.common]: Serialized dataset takes 0.07 MiB
[08/15 07:19:33 d2.evaluation.evaluator]: Start inference on 89 batches
[08/15 07:19:36 d2.evaluation.evaluator]: Total inference time: 0:00:02.104076 (0.025049 s / iter per device, on 1 devices)
[08/15 07:19:36 d2.evaluation.evaluator]: Total inference pure compute time: 0:00:02 (0.023914 s / iter per device, on 1 devices)
[08/15 07:19:37 d2.utils.events]:  eta: 0:00:52  iter: 4319  total_loss: 0.1539  loss_cls: 0.01387  loss_box_reg: 0.0347  loss_mask: 0.1004  loss_rpn_cls: 1.177e-05  loss_rpn_loc: 0.002341    time: 0.0765  last_time: 0.0724  data_time: 0.0025  last_data_time: 0.0028   lr: 0.000125  max_mem: 1680M
[08/15 07:19:39 d2.utils.events]:  eta: 0:00:50  iter: 4339  total_loss: 0.1457  loss_cls: 0.01457  loss_box_reg: 0.02863  loss_mask: 0.09764  loss_rpn_cls: 9.868e-06  loss_rpn_loc: 0.002302    time: 0.0765  last_time: 0.0757  data_time: 0.0022  last_data_time: 0.0021   lr: 0.000125  max_mem: 1680M
[08/15 07:19:40 d2.utils.events]:  eta: 0:00:49  iter: 4359  total_loss: 0.1352  loss_cls: 0.01247  loss_box_reg: 0.02817  loss_mask: 0.08255  loss_rpn_cls: 3.991e-06  loss_rpn_loc: 0.002111    time: 0.0765  last_time: 0.0767  data_time: 0.0024  last_data_time: 0.0029   lr: 0.000125  max_mem: 1680M
[08/15 07:19:42 d2.utils.events]:  eta: 0:00:47  iter: 4379  total_loss: 0.142  loss_cls: 0.01402  loss_box_reg: 0.03222  loss_mask: 0.08628  loss_rpn_cls: 2.055e-05  loss_rpn_loc: 0.002041    time: 0.0765  last_time: 0.0765  data_time: 0.0025  last_data_time: 0.0021   lr: 0.000125  max_mem: 1680M
[08/15 07:19:43 d2.utils.events]:  eta: 0:00:45  iter: 4399  total_loss: 0.1215  loss_cls: 0.01435  loss_box_reg: 0.03079  loss_mask: 0.07606  loss_rpn_cls: 1.207e-05  loss_rpn_loc: 0.002065    time: 0.0765  last_time: 0.0801  data_time: 0.0025  last_data_time: 0.0020   lr: 0.000125  max_mem: 1680M
[08/15 07:19:43 d2.evaluation.coco_evaluation]: Fast COCO eval is not built. Falling back to official COCO eval.
[08/15 07:19:43 d2.data.datasets.coco]: Loaded 89 images in COCO format from /projects/PUCHALLA/LLP2024/tumor-segmentation/data/processed_data/depth/test/images/test.json
[08/15 07:19:43 d2.data.dataset_mapper]: [DatasetMapper] Augmentations used in inference: [ResizeShortestEdge(short_edge_length=(800, 800), max_size=1333, sample_style='choice')]
[08/15 07:19:43 d2.data.common]: Serializing the dataset using: <class 'detectron2.data.common._TorchSerializedList'>
[08/15 07:19:43 d2.data.common]: Serializing 89 elements to byte tensors and concatenating them all ...
[08/15 07:19:43 d2.data.common]: Serialized dataset takes 0.07 MiB
[08/15 07:19:43 d2.evaluation.evaluator]: Start inference on 89 batches
[08/15 07:19:44 d2.evaluation.evaluator]: Inference done 11/89. Dataloading: 0.0005 s/iter. Inference: 0.0236 s/iter. Eval: 0.0003 s/iter. Total: 0.0244 s/iter. ETA=0:00:01
[08/15 07:19:46 d2.evaluation.evaluator]: Total inference time: 0:00:02.068681 (0.024627 s / iter per device, on 1 devices)
[08/15 07:19:46 d2.evaluation.evaluator]: Total inference pure compute time: 0:00:01 (0.023459 s / iter per device, on 1 devices)
[08/15 07:19:46 d2.evaluation.coco_evaluation]: Preparing results for COCO format ...
[08/15 07:19:46 d2.evaluation.coco_evaluation]: Saving results to ../../../../../models/rgb-testing/depth-5000-1/coco_instances_results.json
[08/15 07:19:46 d2.evaluation.coco_evaluation]: Evaluating predictions with official COCO API...
Loading and preparing results...
DONE (t=0.00s)
creating index...
index created!
Running per image evaluation...
Evaluate annotation type *bbox*
DONE (t=0.02s).
Accumulating evaluation results...
DONE (t=0.01s).
 Average Precision  (AP) @[ IoU=0.50:0.95 | area=   all | maxDets=100 ] = 0.780
 Average Precision  (AP) @[ IoU=0.50      | area=   all | maxDets=100 ] = 0.955
 Average Precision  (AP) @[ IoU=0.75      | area=   all | maxDets=100 ] = 0.925
 Average Precision  (AP) @[ IoU=0.50:0.95 | area= small | maxDets=100 ] = -1.000
 Average Precision  (AP) @[ IoU=0.50:0.95 | area=medium | maxDets=100 ] = 0.686
 Average Precision  (AP) @[ IoU=0.50:0.95 | area= large | maxDets=100 ] = 0.796
 Average Recall     (AR) @[ IoU=0.50:0.95 | area=   all | maxDets=  1 ] = 0.813
 Average Recall     (AR) @[ IoU=0.50:0.95 | area=   all | maxDets= 10 ] = 0.813
 Average Recall     (AR) @[ IoU=0.50:0.95 | area=   all | maxDets=100 ] = 0.813
 Average Recall     (AR) @[ IoU=0.50:0.95 | area= small | maxDets=100 ] = -1.000
 Average Recall     (AR) @[ IoU=0.50:0.95 | area=medium | maxDets=100 ] = 0.690
 Average Recall     (AR) @[ IoU=0.50:0.95 | area= large | maxDets=100 ] = 0.829
[08/15 07:19:46 d2.evaluation.coco_evaluation]: Evaluation results for bbox: 
|   AP   |  AP50  |  AP75  |  APs  |  APm   |  APl   |
|:------:|:------:|:------:|:-----:|:------:|:------:|
| 77.960 | 95.483 | 92.548 |  nan  | 68.570 | 79.561 |
[08/15 07:19:46 d2.evaluation.coco_evaluation]: Some metrics cannot be computed and is shown as NaN.
Loading and preparing results...
DONE (t=0.00s)
creating index...
index created!
Running per image evaluation...
Evaluate annotation type *segm*
DONE (t=0.02s).
Accumulating evaluation results...
DONE (t=0.01s).
 Average Precision  (AP) @[ IoU=0.50:0.95 | area=   all | maxDets=100 ] = 0.778
 Average Precision  (AP) @[ IoU=0.50      | area=   all | maxDets=100 ] = 0.955
 Average Precision  (AP) @[ IoU=0.75      | area=   all | maxDets=100 ] = 0.903
 Average Precision  (AP) @[ IoU=0.50:0.95 | area= small | maxDets=100 ] = -1.000
 Average Precision  (AP) @[ IoU=0.50:0.95 | area=medium | maxDets=100 ] = 0.696
 Average Precision  (AP) @[ IoU=0.50:0.95 | area= large | maxDets=100 ] = 0.791
 Average Recall     (AR) @[ IoU=0.50:0.95 | area=   all | maxDets=  1 ] = 0.801
 Average Recall     (AR) @[ IoU=0.50:0.95 | area=   all | maxDets= 10 ] = 0.801
 Average Recall     (AR) @[ IoU=0.50:0.95 | area=   all | maxDets=100 ] = 0.801
 Average Recall     (AR) @[ IoU=0.50:0.95 | area= small | maxDets=100 ] = -1.000
 Average Recall     (AR) @[ IoU=0.50:0.95 | area=medium | maxDets=100 ] = 0.710
 Average Recall     (AR) @[ IoU=0.50:0.95 | area= large | maxDets=100 ] = 0.813
[08/15 07:19:46 d2.evaluation.coco_evaluation]: Evaluation results for segm: 
|   AP   |  AP50  |  AP75  |  APs  |  APm   |  APl   |
|:------:|:------:|:------:|:-----:|:------:|:------:|
| 77.769 | 95.483 | 90.258 |  nan  | 69.615 | 79.095 |
[08/15 07:19:46 d2.evaluation.coco_evaluation]: Some metrics cannot be computed and is shown as NaN.
[Iter 2 AP] → mAP@[.5:.95] = 77.769
[08/15 07:19:46 d2.data.datasets.coco]: Loaded 89 images in COCO format from /projects/PUCHALLA/LLP2024/tumor-segmentation/data/processed_data/depth/test/images/test.json
[08/15 07:19:46 d2.data.datasets.coco]: Loaded 89 images in COCO format from /projects/PUCHALLA/LLP2024/tumor-segmentation/data/processed_data/depth/test/images/test.json
[08/15 07:19:46 d2.data.dataset_mapper]: [DatasetMapper] Augmentations used in inference: [ResizeShortestEdge(short_edge_length=(800, 800), max_size=1333, sample_style='choice')]
[08/15 07:19:46 d2.data.common]: Serializing the dataset using: <class 'detectron2.data.common._TorchSerializedList'>
[08/15 07:19:46 d2.data.common]: Serializing 89 elements to byte tensors and concatenating them all ...
[08/15 07:19:46 d2.data.common]: Serialized dataset takes 0.07 MiB
[08/15 07:19:46 d2.evaluation.evaluator]: Start inference on 89 batches
[08/15 07:19:48 d2.evaluation.evaluator]: Total inference time: 0:00:02.066418 (0.024600 s / iter per device, on 1 devices)
[08/15 07:19:48 d2.evaluation.evaluator]: Total inference pure compute time: 0:00:01 (0.023455 s / iter per device, on 1 devices)
[08/15 07:19:49 d2.utils.events]:  eta: 0:00:44  iter: 4419  total_loss: 0.1305  loss_cls: 0.01447  loss_box_reg: 0.03239  loss_mask: 0.08258  loss_rpn_cls: 1.214e-05  loss_rpn_loc: 0.002239    time: 0.0765  last_time: 0.0727  data_time: 0.0027  last_data_time: 0.0021   lr: 0.000125  max_mem: 1680M
[08/15 07:19:51 d2.utils.events]:  eta: 0:00:42  iter: 4439  total_loss: 0.157  loss_cls: 0.01469  loss_box_reg: 0.03516  loss_mask: 0.1079  loss_rpn_cls: 6.473e-06  loss_rpn_loc: 0.002083    time: 0.0765  last_time: 0.0755  data_time: 0.0027  last_data_time: 0.0029   lr: 0.000125  max_mem: 1680M
[08/15 07:19:53 d2.utils.events]:  eta: 0:00:41  iter: 4459  total_loss: 0.1161  loss_cls: 0.01159  loss_box_reg: 0.02694  loss_mask: 0.07833  loss_rpn_cls: 1.266e-05  loss_rpn_loc: 0.001901    time: 0.0765  last_time: 0.0781  data_time: 0.0027  last_data_time: 0.0029   lr: 0.000125  max_mem: 1680M
[08/15 07:19:54 d2.utils.events]:  eta: 0:00:39  iter: 4479  total_loss: 0.1185  loss_cls: 0.01271  loss_box_reg: 0.02792  loss_mask: 0.08408  loss_rpn_cls: 1.097e-05  loss_rpn_loc: 0.001819    time: 0.0765  last_time: 0.0755  data_time: 0.0028  last_data_time: 0.0020   lr: 0.000125  max_mem: 1680M
[08/15 07:19:56 d2.utils.events]:  eta: 0:00:38  iter: 4499  total_loss: 0.1278  loss_cls: 0.01331  loss_box_reg: 0.02991  loss_mask: 0.07576  loss_rpn_cls: 6.628e-06  loss_rpn_loc: 0.002237    time: 0.0765  last_time: 0.0814  data_time: 0.0023  last_data_time: 0.0021   lr: 0.000125  max_mem: 1680M
[08/15 07:19:56 d2.evaluation.coco_evaluation]: Fast COCO eval is not built. Falling back to official COCO eval.
[08/15 07:19:56 d2.data.datasets.coco]: Loaded 89 images in COCO format from /projects/PUCHALLA/LLP2024/tumor-segmentation/data/processed_data/depth/test/images/test.json
[08/15 07:19:56 d2.data.dataset_mapper]: [DatasetMapper] Augmentations used in inference: [ResizeShortestEdge(short_edge_length=(800, 800), max_size=1333, sample_style='choice')]
[08/15 07:19:56 d2.data.common]: Serializing the dataset using: <class 'detectron2.data.common._TorchSerializedList'>
[08/15 07:19:56 d2.data.common]: Serializing 89 elements to byte tensors and concatenating them all ...
[08/15 07:19:56 d2.data.common]: Serialized dataset takes 0.07 MiB
[08/15 07:19:56 d2.evaluation.evaluator]: Start inference on 89 batches
[08/15 07:19:56 d2.evaluation.evaluator]: Inference done 11/89. Dataloading: 0.0004 s/iter. Inference: 0.0237 s/iter. Eval: 0.0003 s/iter. Total: 0.0245 s/iter. ETA=0:00:01
[08/15 07:19:58 d2.evaluation.evaluator]: Total inference time: 0:00:02.077543 (0.024733 s / iter per device, on 1 devices)
[08/15 07:19:58 d2.evaluation.evaluator]: Total inference pure compute time: 0:00:01 (0.023574 s / iter per device, on 1 devices)
[08/15 07:19:58 d2.evaluation.coco_evaluation]: Preparing results for COCO format ...
[08/15 07:19:58 d2.evaluation.coco_evaluation]: Saving results to ../../../../../models/rgb-testing/depth-5000-1/coco_instances_results.json
[08/15 07:19:58 d2.evaluation.coco_evaluation]: Evaluating predictions with official COCO API...
Loading and preparing results...
DONE (t=0.00s)
creating index...
index created!
Running per image evaluation...
Evaluate annotation type *bbox*
DONE (t=0.01s).
Accumulating evaluation results...
DONE (t=0.01s).
 Average Precision  (AP) @[ IoU=0.50:0.95 | area=   all | maxDets=100 ] = 0.770
 Average Precision  (AP) @[ IoU=0.50      | area=   all | maxDets=100 ] = 0.964
 Average Precision  (AP) @[ IoU=0.75      | area=   all | maxDets=100 ] = 0.925
 Average Precision  (AP) @[ IoU=0.50:0.95 | area= small | maxDets=100 ] = -1.000
 Average Precision  (AP) @[ IoU=0.50:0.95 | area=medium | maxDets=100 ] = 0.684
 Average Precision  (AP) @[ IoU=0.50:0.95 | area= large | maxDets=100 ] = 0.783
 Average Recall     (AR) @[ IoU=0.50:0.95 | area=   all | maxDets=  1 ] = 0.808
 Average Recall     (AR) @[ IoU=0.50:0.95 | area=   all | maxDets= 10 ] = 0.808
 Average Recall     (AR) @[ IoU=0.50:0.95 | area=   all | maxDets=100 ] = 0.808
 Average Recall     (AR) @[ IoU=0.50:0.95 | area= small | maxDets=100 ] = -1.000
 Average Recall     (AR) @[ IoU=0.50:0.95 | area=medium | maxDets=100 ] = 0.690
 Average Recall     (AR) @[ IoU=0.50:0.95 | area= large | maxDets=100 ] = 0.823
[08/15 07:19:58 d2.evaluation.coco_evaluation]: Evaluation results for bbox: 
|   AP   |  AP50  |  AP75  |  APs  |  APm   |  APl   |
|:------:|:------:|:------:|:-----:|:------:|:------:|
| 77.045 | 96.427 | 92.512 |  nan  | 68.396 | 78.343 |
[08/15 07:19:58 d2.evaluation.coco_evaluation]: Some metrics cannot be computed and is shown as NaN.
Loading and preparing results...
DONE (t=0.00s)
creating index...
index created!
Running per image evaluation...
Evaluate annotation type *segm*
DONE (t=0.02s).
Accumulating evaluation results...
DONE (t=0.01s).
 Average Precision  (AP) @[ IoU=0.50:0.95 | area=   all | maxDets=100 ] = 0.764
 Average Precision  (AP) @[ IoU=0.50      | area=   all | maxDets=100 ] = 0.964
 Average Precision  (AP) @[ IoU=0.75      | area=   all | maxDets=100 ] = 0.884
 Average Precision  (AP) @[ IoU=0.50:0.95 | area= small | maxDets=100 ] = -1.000
 Average Precision  (AP) @[ IoU=0.50:0.95 | area=medium | maxDets=100 ] = 0.657
 Average Precision  (AP) @[ IoU=0.50:0.95 | area= large | maxDets=100 ] = 0.780
 Average Recall     (AR) @[ IoU=0.50:0.95 | area=   all | maxDets=  1 ] = 0.790
 Average Recall     (AR) @[ IoU=0.50:0.95 | area=   all | maxDets= 10 ] = 0.790
 Average Recall     (AR) @[ IoU=0.50:0.95 | area=   all | maxDets=100 ] = 0.790
 Average Recall     (AR) @[ IoU=0.50:0.95 | area= small | maxDets=100 ] = -1.000
 Average Recall     (AR) @[ IoU=0.50:0.95 | area=medium | maxDets=100 ] = 0.670
 Average Recall     (AR) @[ IoU=0.50:0.95 | area= large | maxDets=100 ] = 0.805
[08/15 07:19:58 d2.evaluation.coco_evaluation]: Evaluation results for segm: 
|   AP   |  AP50  |  AP75  |  APs  |  APm   |  APl   |
|:------:|:------:|:------:|:-----:|:------:|:------:|
| 76.445 | 96.427 | 88.428 |  nan  | 65.719 | 77.993 |
[08/15 07:19:58 d2.evaluation.coco_evaluation]: Some metrics cannot be computed and is shown as NaN.
[Iter 2 AP] → mAP@[.5:.95] = 76.445
[08/15 07:19:58 d2.data.datasets.coco]: Loaded 89 images in COCO format from /projects/PUCHALLA/LLP2024/tumor-segmentation/data/processed_data/depth/test/images/test.json
[08/15 07:19:58 d2.data.datasets.coco]: Loaded 89 images in COCO format from /projects/PUCHALLA/LLP2024/tumor-segmentation/data/processed_data/depth/test/images/test.json
[08/15 07:19:58 d2.data.dataset_mapper]: [DatasetMapper] Augmentations used in inference: [ResizeShortestEdge(short_edge_length=(800, 800), max_size=1333, sample_style='choice')]
[08/15 07:19:58 d2.data.common]: Serializing the dataset using: <class 'detectron2.data.common._TorchSerializedList'>
[08/15 07:19:58 d2.data.common]: Serializing 89 elements to byte tensors and concatenating them all ...
[08/15 07:19:58 d2.data.common]: Serialized dataset takes 0.07 MiB
[08/15 07:19:58 d2.evaluation.evaluator]: Start inference on 89 batches
[08/15 07:20:00 d2.evaluation.evaluator]: Total inference time: 0:00:02.079853 (0.024760 s / iter per device, on 1 devices)
[08/15 07:20:00 d2.evaluation.evaluator]: Total inference pure compute time: 0:00:01 (0.023615 s / iter per device, on 1 devices)
[08/15 07:20:02 d2.utils.events]:  eta: 0:00:36  iter: 4519  total_loss: 0.1416  loss_cls: 0.01408  loss_box_reg: 0.02947  loss_mask: 0.09444  loss_rpn_cls: 1.073e-05  loss_rpn_loc: 0.002085    time: 0.0765  last_time: 0.0729  data_time: 0.0025  last_data_time: 0.0029   lr: 0.000125  max_mem: 1680M
[08/15 07:20:03 d2.utils.events]:  eta: 0:00:35  iter: 4539  total_loss: 0.1222  loss_cls: 0.01472  loss_box_reg: 0.0263  loss_mask: 0.07482  loss_rpn_cls: 4.869e-06  loss_rpn_loc: 0.001776    time: 0.0765  last_time: 0.0799  data_time: 0.0024  last_data_time: 0.0020   lr: 0.000125  max_mem: 1680M
[08/15 07:20:05 d2.utils.events]:  eta: 0:00:33  iter: 4559  total_loss: 0.1401  loss_cls: 0.01516  loss_box_reg: 0.03381  loss_mask: 0.08987  loss_rpn_cls: 2.942e-06  loss_rpn_loc: 0.001997    time: 0.0765  last_time: 0.0726  data_time: 0.0025  last_data_time: 0.0021   lr: 0.000125  max_mem: 1680M
[08/15 07:20:06 d2.utils.events]:  eta: 0:00:32  iter: 4579  total_loss: 0.1457  loss_cls: 0.01512  loss_box_reg: 0.03481  loss_mask: 0.09146  loss_rpn_cls: 8.579e-06  loss_rpn_loc: 0.002321    time: 0.0765  last_time: 0.0707  data_time: 0.0023  last_data_time: 0.0029   lr: 0.000125  max_mem: 1680M
[08/15 07:20:08 d2.utils.events]:  eta: 0:00:30  iter: 4599  total_loss: 0.1318  loss_cls: 0.01111  loss_box_reg: 0.02564  loss_mask: 0.09298  loss_rpn_cls: 1.267e-05  loss_rpn_loc: 0.002002    time: 0.0765  last_time: 0.0813  data_time: 0.0023  last_data_time: 0.0029   lr: 0.000125  max_mem: 1680M
[08/15 07:20:08 d2.evaluation.coco_evaluation]: Fast COCO eval is not built. Falling back to official COCO eval.
[08/15 07:20:08 d2.data.datasets.coco]: Loaded 89 images in COCO format from /projects/PUCHALLA/LLP2024/tumor-segmentation/data/processed_data/depth/test/images/test.json
[08/15 07:20:08 d2.data.dataset_mapper]: [DatasetMapper] Augmentations used in inference: [ResizeShortestEdge(short_edge_length=(800, 800), max_size=1333, sample_style='choice')]
[08/15 07:20:08 d2.data.common]: Serializing the dataset using: <class 'detectron2.data.common._TorchSerializedList'>
[08/15 07:20:08 d2.data.common]: Serializing 89 elements to byte tensors and concatenating them all ...
[08/15 07:20:08 d2.data.common]: Serialized dataset takes 0.07 MiB
[08/15 07:20:08 d2.evaluation.evaluator]: Start inference on 89 batches
[08/15 07:20:08 d2.evaluation.evaluator]: Inference done 11/89. Dataloading: 0.0004 s/iter. Inference: 0.0235 s/iter. Eval: 0.0003 s/iter. Total: 0.0242 s/iter. ETA=0:00:01
[08/15 07:20:10 d2.evaluation.evaluator]: Total inference time: 0:00:02.097273 (0.024968 s / iter per device, on 1 devices)
[08/15 07:20:10 d2.evaluation.evaluator]: Total inference pure compute time: 0:00:02 (0.023846 s / iter per device, on 1 devices)
[08/15 07:20:10 d2.evaluation.coco_evaluation]: Preparing results for COCO format ...
[08/15 07:20:10 d2.evaluation.coco_evaluation]: Saving results to ../../../../../models/rgb-testing/depth-5000-1/coco_instances_results.json
[08/15 07:20:10 d2.evaluation.coco_evaluation]: Evaluating predictions with official COCO API...
Loading and preparing results...
DONE (t=0.00s)
creating index...
index created!
Running per image evaluation...
Evaluate annotation type *bbox*
DONE (t=0.01s).
Accumulating evaluation results...
DONE (t=0.01s).
 Average Precision  (AP) @[ IoU=0.50:0.95 | area=   all | maxDets=100 ] = 0.768
 Average Precision  (AP) @[ IoU=0.50      | area=   all | maxDets=100 ] = 0.964
 Average Precision  (AP) @[ IoU=0.75      | area=   all | maxDets=100 ] = 0.925
 Average Precision  (AP) @[ IoU=0.50:0.95 | area= small | maxDets=100 ] = -1.000
 Average Precision  (AP) @[ IoU=0.50:0.95 | area=medium | maxDets=100 ] = 0.706
 Average Precision  (AP) @[ IoU=0.50:0.95 | area= large | maxDets=100 ] = 0.779
 Average Recall     (AR) @[ IoU=0.50:0.95 | area=   all | maxDets=  1 ] = 0.816
 Average Recall     (AR) @[ IoU=0.50:0.95 | area=   all | maxDets= 10 ] = 0.816
 Average Recall     (AR) @[ IoU=0.50:0.95 | area=   all | maxDets=100 ] = 0.816
 Average Recall     (AR) @[ IoU=0.50:0.95 | area= small | maxDets=100 ] = -1.000
 Average Recall     (AR) @[ IoU=0.50:0.95 | area=medium | maxDets=100 ] = 0.710
 Average Recall     (AR) @[ IoU=0.50:0.95 | area= large | maxDets=100 ] = 0.829
[08/15 07:20:10 d2.evaluation.coco_evaluation]: Evaluation results for bbox: 
|   AP   |  AP50  |  AP75  |  APs  |  APm   |  APl   |
|:------:|:------:|:------:|:-----:|:------:|:------:|
| 76.809 | 96.375 | 92.459 |  nan  | 70.574 | 77.910 |
[08/15 07:20:10 d2.evaluation.coco_evaluation]: Some metrics cannot be computed and is shown as NaN.
Loading and preparing results...
DONE (t=0.00s)
creating index...
index created!
Running per image evaluation...
Evaluate annotation type *segm*
DONE (t=0.02s).
Accumulating evaluation results...
DONE (t=0.01s).
 Average Precision  (AP) @[ IoU=0.50:0.95 | area=   all | maxDets=100 ] = 0.775
 Average Precision  (AP) @[ IoU=0.50      | area=   all | maxDets=100 ] = 0.964
 Average Precision  (AP) @[ IoU=0.75      | area=   all | maxDets=100 ] = 0.883
 Average Precision  (AP) @[ IoU=0.50:0.95 | area= small | maxDets=100 ] = -1.000
 Average Precision  (AP) @[ IoU=0.50:0.95 | area=medium | maxDets=100 ] = 0.691
 Average Precision  (AP) @[ IoU=0.50:0.95 | area= large | maxDets=100 ] = 0.787
 Average Recall     (AR) @[ IoU=0.50:0.95 | area=   all | maxDets=  1 ] = 0.803
 Average Recall     (AR) @[ IoU=0.50:0.95 | area=   all | maxDets= 10 ] = 0.803
 Average Recall     (AR) @[ IoU=0.50:0.95 | area=   all | maxDets=100 ] = 0.803
 Average Recall     (AR) @[ IoU=0.50:0.95 | area= small | maxDets=100 ] = -1.000
 Average Recall     (AR) @[ IoU=0.50:0.95 | area=medium | maxDets=100 ] = 0.710
 Average Recall     (AR) @[ IoU=0.50:0.95 | area= large | maxDets=100 ] = 0.815
[08/15 07:20:10 d2.evaluation.coco_evaluation]: Evaluation results for segm: 
|   AP   |  AP50  |  AP75  |  APs  |  APm   |  APl   |
|:------:|:------:|:------:|:-----:|:------:|:------:|
| 77.518 | 96.375 | 88.277 |  nan  | 69.117 | 78.700 |
[08/15 07:20:10 d2.evaluation.coco_evaluation]: Some metrics cannot be computed and is shown as NaN.
[Iter 2 AP] → mAP@[.5:.95] = 77.518
[08/15 07:20:10 d2.data.datasets.coco]: Loaded 89 images in COCO format from /projects/PUCHALLA/LLP2024/tumor-segmentation/data/processed_data/depth/test/images/test.json
[08/15 07:20:10 d2.data.datasets.coco]: Loaded 89 images in COCO format from /projects/PUCHALLA/LLP2024/tumor-segmentation/data/processed_data/depth/test/images/test.json
[08/15 07:20:10 d2.data.dataset_mapper]: [DatasetMapper] Augmentations used in inference: [ResizeShortestEdge(short_edge_length=(800, 800), max_size=1333, sample_style='choice')]
[08/15 07:20:10 d2.data.common]: Serializing the dataset using: <class 'detectron2.data.common._TorchSerializedList'>
[08/15 07:20:10 d2.data.common]: Serializing 89 elements to byte tensors and concatenating them all ...
[08/15 07:20:10 d2.data.common]: Serialized dataset takes 0.07 MiB
[08/15 07:20:10 d2.evaluation.evaluator]: Start inference on 89 batches
[08/15 07:20:13 d2.evaluation.evaluator]: Total inference time: 0:00:02.082890 (0.024796 s / iter per device, on 1 devices)
[08/15 07:20:13 d2.evaluation.evaluator]: Total inference pure compute time: 0:00:01 (0.023643 s / iter per device, on 1 devices)
[08/15 07:20:14 d2.utils.events]:  eta: 0:00:29  iter: 4619  total_loss: 0.1118  loss_cls: 0.01212  loss_box_reg: 0.02405  loss_mask: 0.07648  loss_rpn_cls: 5.62e-06  loss_rpn_loc: 0.001934    time: 0.0765  last_time: 0.0737  data_time: 0.0025  last_data_time: 0.0029   lr: 0.000125  max_mem: 1680M
[08/15 07:20:16 d2.utils.events]:  eta: 0:00:27  iter: 4639  total_loss: 0.1379  loss_cls: 0.01415  loss_box_reg: 0.03088  loss_mask: 0.08534  loss_rpn_cls: 3.728e-06  loss_rpn_loc: 0.001885    time: 0.0765  last_time: 0.0774  data_time: 0.0027  last_data_time: 0.0029   lr: 0.000125  max_mem: 1680M
[08/15 07:20:17 d2.utils.events]:  eta: 0:00:26  iter: 4659  total_loss: 0.1298  loss_cls: 0.01227  loss_box_reg: 0.02608  loss_mask: 0.08264  loss_rpn_cls: 1.902e-05  loss_rpn_loc: 0.001797    time: 0.0765  last_time: 0.0798  data_time: 0.0027  last_data_time: 0.0029   lr: 0.000125  max_mem: 1680M
[08/15 07:20:19 d2.utils.events]:  eta: 0:00:24  iter: 4679  total_loss: 0.1366  loss_cls: 0.01119  loss_box_reg: 0.03333  loss_mask: 0.08669  loss_rpn_cls: 2.987e-05  loss_rpn_loc: 0.002068    time: 0.0765  last_time: 0.0741  data_time: 0.0026  last_data_time: 0.0021   lr: 0.000125  max_mem: 1680M
[08/15 07:20:20 d2.utils.events]:  eta: 0:00:22  iter: 4699  total_loss: 0.1295  loss_cls: 0.01464  loss_box_reg: 0.03009  loss_mask: 0.09044  loss_rpn_cls: 8.86e-06  loss_rpn_loc: 0.001865    time: 0.0765  last_time: 0.0756  data_time: 0.0025  last_data_time: 0.0021   lr: 0.000125  max_mem: 1680M
[08/15 07:20:20 d2.evaluation.coco_evaluation]: Fast COCO eval is not built. Falling back to official COCO eval.
[08/15 07:20:20 d2.data.datasets.coco]: Loaded 89 images in COCO format from /projects/PUCHALLA/LLP2024/tumor-segmentation/data/processed_data/depth/test/images/test.json
[08/15 07:20:20 d2.data.dataset_mapper]: [DatasetMapper] Augmentations used in inference: [ResizeShortestEdge(short_edge_length=(800, 800), max_size=1333, sample_style='choice')]
[08/15 07:20:20 d2.data.common]: Serializing the dataset using: <class 'detectron2.data.common._TorchSerializedList'>
[08/15 07:20:20 d2.data.common]: Serializing 89 elements to byte tensors and concatenating them all ...
[08/15 07:20:20 d2.data.common]: Serialized dataset takes 0.07 MiB
[08/15 07:20:20 d2.evaluation.evaluator]: Start inference on 89 batches
[08/15 07:20:21 d2.evaluation.evaluator]: Inference done 11/89. Dataloading: 0.0004 s/iter. Inference: 0.0228 s/iter. Eval: 0.0003 s/iter. Total: 0.0235 s/iter. ETA=0:00:01
[08/15 07:20:23 d2.evaluation.evaluator]: Total inference time: 0:00:02.079887 (0.024761 s / iter per device, on 1 devices)
[08/15 07:20:23 d2.evaluation.evaluator]: Total inference pure compute time: 0:00:01 (0.023614 s / iter per device, on 1 devices)
[08/15 07:20:23 d2.evaluation.coco_evaluation]: Preparing results for COCO format ...
[08/15 07:20:23 d2.evaluation.coco_evaluation]: Saving results to ../../../../../models/rgb-testing/depth-5000-1/coco_instances_results.json
[08/15 07:20:23 d2.evaluation.coco_evaluation]: Evaluating predictions with official COCO API...
Loading and preparing results...
DONE (t=0.00s)
creating index...
index created!
Running per image evaluation...
Evaluate annotation type *bbox*
DONE (t=0.02s).
Accumulating evaluation results...
DONE (t=0.01s).
 Average Precision  (AP) @[ IoU=0.50:0.95 | area=   all | maxDets=100 ] = 0.771
 Average Precision  (AP) @[ IoU=0.50      | area=   all | maxDets=100 ] = 0.963
 Average Precision  (AP) @[ IoU=0.75      | area=   all | maxDets=100 ] = 0.933
 Average Precision  (AP) @[ IoU=0.50:0.95 | area= small | maxDets=100 ] = -1.000
 Average Precision  (AP) @[ IoU=0.50:0.95 | area=medium | maxDets=100 ] = 0.723
 Average Precision  (AP) @[ IoU=0.50:0.95 | area= large | maxDets=100 ] = 0.781
 Average Recall     (AR) @[ IoU=0.50:0.95 | area=   all | maxDets=  1 ] = 0.813
 Average Recall     (AR) @[ IoU=0.50:0.95 | area=   all | maxDets= 10 ] = 0.813
 Average Recall     (AR) @[ IoU=0.50:0.95 | area=   all | maxDets=100 ] = 0.813
 Average Recall     (AR) @[ IoU=0.50:0.95 | area= small | maxDets=100 ] = -1.000
 Average Recall     (AR) @[ IoU=0.50:0.95 | area=medium | maxDets=100 ] = 0.730
 Average Recall     (AR) @[ IoU=0.50:0.95 | area= large | maxDets=100 ] = 0.824
[08/15 07:20:23 d2.evaluation.coco_evaluation]: Evaluation results for bbox: 
|   AP   |  AP50  |  AP75  |  APs  |  APm   |  APl   |
|:------:|:------:|:------:|:-----:|:------:|:------:|
| 77.144 | 96.323 | 93.345 |  nan  | 72.337 | 78.068 |
[08/15 07:20:23 d2.evaluation.coco_evaluation]: Some metrics cannot be computed and is shown as NaN.
Loading and preparing results...
DONE (t=0.00s)
creating index...
index created!
Running per image evaluation...
Evaluate annotation type *segm*
DONE (t=0.02s).
Accumulating evaluation results...
DONE (t=0.01s).
 Average Precision  (AP) @[ IoU=0.50:0.95 | area=   all | maxDets=100 ] = 0.780
 Average Precision  (AP) @[ IoU=0.50      | area=   all | maxDets=100 ] = 0.963
 Average Precision  (AP) @[ IoU=0.75      | area=   all | maxDets=100 ] = 0.902
 Average Precision  (AP) @[ IoU=0.50:0.95 | area= small | maxDets=100 ] = -1.000
 Average Precision  (AP) @[ IoU=0.50:0.95 | area=medium | maxDets=100 ] = 0.707
 Average Precision  (AP) @[ IoU=0.50:0.95 | area= large | maxDets=100 ] = 0.791
 Average Recall     (AR) @[ IoU=0.50:0.95 | area=   all | maxDets=  1 ] = 0.808
 Average Recall     (AR) @[ IoU=0.50:0.95 | area=   all | maxDets= 10 ] = 0.808
 Average Recall     (AR) @[ IoU=0.50:0.95 | area=   all | maxDets=100 ] = 0.808
 Average Recall     (AR) @[ IoU=0.50:0.95 | area= small | maxDets=100 ] = -1.000
 Average Recall     (AR) @[ IoU=0.50:0.95 | area=medium | maxDets=100 ] = 0.730
 Average Recall     (AR) @[ IoU=0.50:0.95 | area= large | maxDets=100 ] = 0.818
[08/15 07:20:23 d2.evaluation.coco_evaluation]: Evaluation results for segm: 
|   AP   |  AP50  |  AP75  |  APs  |  APm   |  APl   |
|:------:|:------:|:------:|:-----:|:------:|:------:|
| 77.961 | 96.323 | 90.179 |  nan  | 70.681 | 79.056 |
[08/15 07:20:23 d2.evaluation.coco_evaluation]: Some metrics cannot be computed and is shown as NaN.
[Iter 2 AP] → mAP@[.5:.95] = 77.961
[08/15 07:20:23 d2.data.datasets.coco]: Loaded 89 images in COCO format from /projects/PUCHALLA/LLP2024/tumor-segmentation/data/processed_data/depth/test/images/test.json
[08/15 07:20:23 d2.data.datasets.coco]: Loaded 89 images in COCO format from /projects/PUCHALLA/LLP2024/tumor-segmentation/data/processed_data/depth/test/images/test.json
[08/15 07:20:23 d2.data.dataset_mapper]: [DatasetMapper] Augmentations used in inference: [ResizeShortestEdge(short_edge_length=(800, 800), max_size=1333, sample_style='choice')]
[08/15 07:20:23 d2.data.common]: Serializing the dataset using: <class 'detectron2.data.common._TorchSerializedList'>
[08/15 07:20:23 d2.data.common]: Serializing 89 elements to byte tensors and concatenating them all ...
[08/15 07:20:23 d2.data.common]: Serialized dataset takes 0.07 MiB
[08/15 07:20:23 d2.evaluation.evaluator]: Start inference on 89 batches
[08/15 07:20:25 d2.evaluation.evaluator]: Total inference time: 0:00:02.070277 (0.024646 s / iter per device, on 1 devices)
[08/15 07:20:25 d2.evaluation.evaluator]: Total inference pure compute time: 0:00:01 (0.023527 s / iter per device, on 1 devices)
[08/15 07:20:27 d2.utils.events]:  eta: 0:00:21  iter: 4719  total_loss: 0.1443  loss_cls: 0.01295  loss_box_reg: 0.03065  loss_mask: 0.09596  loss_rpn_cls: 3.408e-06  loss_rpn_loc: 0.001987    time: 0.0765  last_time: 0.0800  data_time: 0.0022  last_data_time: 0.0029   lr: 0.000125  max_mem: 1680M
[08/15 07:20:28 d2.utils.events]:  eta: 0:00:19  iter: 4739  total_loss: 0.113  loss_cls: 0.01137  loss_box_reg: 0.02627  loss_mask: 0.07157  loss_rpn_cls: 3.79e-06  loss_rpn_loc: 0.001824    time: 0.0765  last_time: 0.0800  data_time: 0.0023  last_data_time: 0.0029   lr: 0.000125  max_mem: 1680M
[08/15 07:20:30 d2.utils.events]:  eta: 0:00:18  iter: 4759  total_loss: 0.122  loss_cls: 0.01282  loss_box_reg: 0.02699  loss_mask: 0.07847  loss_rpn_cls: 1.557e-05  loss_rpn_loc: 0.002049    time: 0.0765  last_time: 0.0754  data_time: 0.0023  last_data_time: 0.0020   lr: 0.000125  max_mem: 1680M
[08/15 07:20:31 d2.utils.events]:  eta: 0:00:16  iter: 4779  total_loss: 0.1205  loss_cls: 0.01342  loss_box_reg: 0.02992  loss_mask: 0.07795  loss_rpn_cls: 4.17e-06  loss_rpn_loc: 0.001714    time: 0.0765  last_time: 0.0819  data_time: 0.0026  last_data_time: 0.0030   lr: 0.000125  max_mem: 1680M
[08/15 07:20:33 d2.utils.events]:  eta: 0:00:15  iter: 4799  total_loss: 0.1282  loss_cls: 0.01325  loss_box_reg: 0.02751  loss_mask: 0.08766  loss_rpn_cls: 5.183e-06  loss_rpn_loc: 0.001636    time: 0.0765  last_time: 0.0716  data_time: 0.0026  last_data_time: 0.0020   lr: 0.000125  max_mem: 1680M
[08/15 07:20:33 d2.evaluation.coco_evaluation]: Fast COCO eval is not built. Falling back to official COCO eval.
[08/15 07:20:33 d2.data.datasets.coco]: Loaded 89 images in COCO format from /projects/PUCHALLA/LLP2024/tumor-segmentation/data/processed_data/depth/test/images/test.json
[08/15 07:20:33 d2.data.dataset_mapper]: [DatasetMapper] Augmentations used in inference: [ResizeShortestEdge(short_edge_length=(800, 800), max_size=1333, sample_style='choice')]
[08/15 07:20:33 d2.data.common]: Serializing the dataset using: <class 'detectron2.data.common._TorchSerializedList'>
[08/15 07:20:33 d2.data.common]: Serializing 89 elements to byte tensors and concatenating them all ...
[08/15 07:20:33 d2.data.common]: Serialized dataset takes 0.07 MiB
[08/15 07:20:33 d2.evaluation.evaluator]: Start inference on 89 batches
[08/15 07:20:33 d2.evaluation.evaluator]: Inference done 11/89. Dataloading: 0.0004 s/iter. Inference: 0.0237 s/iter. Eval: 0.0003 s/iter. Total: 0.0244 s/iter. ETA=0:00:01
[08/15 07:20:35 d2.evaluation.evaluator]: Total inference time: 0:00:02.072308 (0.024670 s / iter per device, on 1 devices)
[08/15 07:20:35 d2.evaluation.evaluator]: Total inference pure compute time: 0:00:01 (0.023523 s / iter per device, on 1 devices)
[08/15 07:20:35 d2.evaluation.coco_evaluation]: Preparing results for COCO format ...
[08/15 07:20:35 d2.evaluation.coco_evaluation]: Saving results to ../../../../../models/rgb-testing/depth-5000-1/coco_instances_results.json
[08/15 07:20:35 d2.evaluation.coco_evaluation]: Evaluating predictions with official COCO API...
Loading and preparing results...
DONE (t=0.00s)
creating index...
index created!
Running per image evaluation...
Evaluate annotation type *bbox*
DONE (t=0.01s).
Accumulating evaluation results...
DONE (t=0.01s).
 Average Precision  (AP) @[ IoU=0.50:0.95 | area=   all | maxDets=100 ] = 0.763
 Average Precision  (AP) @[ IoU=0.50      | area=   all | maxDets=100 ] = 0.962
 Average Precision  (AP) @[ IoU=0.75      | area=   all | maxDets=100 ] = 0.911
 Average Precision  (AP) @[ IoU=0.50:0.95 | area= small | maxDets=100 ] = -1.000
 Average Precision  (AP) @[ IoU=0.50:0.95 | area=medium | maxDets=100 ] = 0.708
 Average Precision  (AP) @[ IoU=0.50:0.95 | area= large | maxDets=100 ] = 0.774
 Average Recall     (AR) @[ IoU=0.50:0.95 | area=   all | maxDets=  1 ] = 0.810
 Average Recall     (AR) @[ IoU=0.50:0.95 | area=   all | maxDets= 10 ] = 0.810
 Average Recall     (AR) @[ IoU=0.50:0.95 | area=   all | maxDets=100 ] = 0.810
 Average Recall     (AR) @[ IoU=0.50:0.95 | area= small | maxDets=100 ] = -1.000
 Average Recall     (AR) @[ IoU=0.50:0.95 | area=medium | maxDets=100 ] = 0.720
 Average Recall     (AR) @[ IoU=0.50:0.95 | area= large | maxDets=100 ] = 0.822
[08/15 07:20:35 d2.evaluation.coco_evaluation]: Evaluation results for bbox: 
|   AP   |  AP50  |  AP75  |  APs  |  APm   |  APl   |
|:------:|:------:|:------:|:-----:|:------:|:------:|
| 76.295 | 96.171 | 91.146 |  nan  | 70.832 | 77.375 |
[08/15 07:20:35 d2.evaluation.coco_evaluation]: Some metrics cannot be computed and is shown as NaN.
Loading and preparing results...
DONE (t=0.00s)
creating index...
index created!
Running per image evaluation...
Evaluate annotation type *segm*
DONE (t=0.02s).
Accumulating evaluation results...
DONE (t=0.01s).
 Average Precision  (AP) @[ IoU=0.50:0.95 | area=   all | maxDets=100 ] = 0.768
 Average Precision  (AP) @[ IoU=0.50      | area=   all | maxDets=100 ] = 0.962
 Average Precision  (AP) @[ IoU=0.75      | area=   all | maxDets=100 ] = 0.910
 Average Precision  (AP) @[ IoU=0.50:0.95 | area= small | maxDets=100 ] = -1.000
 Average Precision  (AP) @[ IoU=0.50:0.95 | area=medium | maxDets=100 ] = 0.703
 Average Precision  (AP) @[ IoU=0.50:0.95 | area= large | maxDets=100 ] = 0.779
 Average Recall     (AR) @[ IoU=0.50:0.95 | area=   all | maxDets=  1 ] = 0.804
 Average Recall     (AR) @[ IoU=0.50:0.95 | area=   all | maxDets= 10 ] = 0.804
 Average Recall     (AR) @[ IoU=0.50:0.95 | area=   all | maxDets=100 ] = 0.804
 Average Recall     (AR) @[ IoU=0.50:0.95 | area= small | maxDets=100 ] = -1.000
 Average Recall     (AR) @[ IoU=0.50:0.95 | area=medium | maxDets=100 ] = 0.730
 Average Recall     (AR) @[ IoU=0.50:0.95 | area= large | maxDets=100 ] = 0.814
[08/15 07:20:35 d2.evaluation.coco_evaluation]: Evaluation results for segm: 
|   AP   |  AP50  |  AP75  |  APs  |  APm   |  APl   |
|:------:|:------:|:------:|:-----:|:------:|:------:|
| 76.792 | 96.171 | 91.044 |  nan  | 70.306 | 77.865 |
[08/15 07:20:35 d2.evaluation.coco_evaluation]: Some metrics cannot be computed and is shown as NaN.
[Iter 2 AP] → mAP@[.5:.95] = 76.792
[08/15 07:20:35 d2.data.datasets.coco]: Loaded 89 images in COCO format from /projects/PUCHALLA/LLP2024/tumor-segmentation/data/processed_data/depth/test/images/test.json
[08/15 07:20:35 d2.data.datasets.coco]: Loaded 89 images in COCO format from /projects/PUCHALLA/LLP2024/tumor-segmentation/data/processed_data/depth/test/images/test.json
[08/15 07:20:35 d2.data.dataset_mapper]: [DatasetMapper] Augmentations used in inference: [ResizeShortestEdge(short_edge_length=(800, 800), max_size=1333, sample_style='choice')]
[08/15 07:20:35 d2.data.common]: Serializing the dataset using: <class 'detectron2.data.common._TorchSerializedList'>
[08/15 07:20:35 d2.data.common]: Serializing 89 elements to byte tensors and concatenating them all ...
[08/15 07:20:35 d2.data.common]: Serialized dataset takes 0.07 MiB
[08/15 07:20:35 d2.evaluation.evaluator]: Start inference on 89 batches
[08/15 07:20:37 d2.evaluation.evaluator]: Total inference time: 0:00:02.084723 (0.024818 s / iter per device, on 1 devices)
[08/15 07:20:37 d2.evaluation.evaluator]: Total inference pure compute time: 0:00:01 (0.023698 s / iter per device, on 1 devices)
[08/15 07:20:39 d2.utils.events]:  eta: 0:00:13  iter: 4819  total_loss: 0.1308  loss_cls: 0.01239  loss_box_reg: 0.03076  loss_mask: 0.08564  loss_rpn_cls: 4.188e-06  loss_rpn_loc: 0.002028    time: 0.0765  last_time: 0.0763  data_time: 0.0026  last_data_time: 0.0028   lr: 0.000125  max_mem: 1680M
[08/15 07:20:40 d2.utils.events]:  eta: 0:00:12  iter: 4839  total_loss: 0.1148  loss_cls: 0.01049  loss_box_reg: 0.0257  loss_mask: 0.07433  loss_rpn_cls: 6.786e-06  loss_rpn_loc: 0.00163    time: 0.0765  last_time: 0.0725  data_time: 0.0026  last_data_time: 0.0019   lr: 0.000125  max_mem: 1680M
[08/15 07:20:42 d2.utils.events]:  eta: 0:00:10  iter: 4859  total_loss: 0.1172  loss_cls: 0.0132  loss_box_reg: 0.02634  loss_mask: 0.07423  loss_rpn_cls: 9.623e-06  loss_rpn_loc: 0.001703    time: 0.0765  last_time: 0.0697  data_time: 0.0027  last_data_time: 0.0029   lr: 0.000125  max_mem: 1680M
[08/15 07:20:43 d2.utils.events]:  eta: 0:00:09  iter: 4879  total_loss: 0.114  loss_cls: 0.01421  loss_box_reg: 0.02346  loss_mask: 0.07213  loss_rpn_cls: 6.84e-06  loss_rpn_loc: 0.002087    time: 0.0765  last_time: 0.0745  data_time: 0.0027  last_data_time: 0.0028   lr: 0.000125  max_mem: 1680M
[08/15 07:20:45 d2.utils.events]:  eta: 0:00:07  iter: 4899  total_loss: 0.1428  loss_cls: 0.01056  loss_box_reg: 0.03287  loss_mask: 0.09586  loss_rpn_cls: 2.782e-05  loss_rpn_loc: 0.00197    time: 0.0765  last_time: 0.0756  data_time: 0.0028  last_data_time: 0.0030   lr: 0.000125  max_mem: 1680M
[08/15 07:20:45 d2.evaluation.coco_evaluation]: Fast COCO eval is not built. Falling back to official COCO eval.
[08/15 07:20:45 d2.data.datasets.coco]: Loaded 89 images in COCO format from /projects/PUCHALLA/LLP2024/tumor-segmentation/data/processed_data/depth/test/images/test.json
[08/15 07:20:45 d2.data.dataset_mapper]: [DatasetMapper] Augmentations used in inference: [ResizeShortestEdge(short_edge_length=(800, 800), max_size=1333, sample_style='choice')]
[08/15 07:20:45 d2.data.common]: Serializing the dataset using: <class 'detectron2.data.common._TorchSerializedList'>
[08/15 07:20:45 d2.data.common]: Serializing 89 elements to byte tensors and concatenating them all ...
[08/15 07:20:45 d2.data.common]: Serialized dataset takes 0.07 MiB
[08/15 07:20:45 d2.evaluation.evaluator]: Start inference on 89 batches
[08/15 07:20:45 d2.evaluation.evaluator]: Inference done 11/89. Dataloading: 0.0004 s/iter. Inference: 0.0243 s/iter. Eval: 0.0003 s/iter. Total: 0.0250 s/iter. ETA=0:00:01
[08/15 07:20:47 d2.evaluation.evaluator]: Total inference time: 0:00:02.067161 (0.024609 s / iter per device, on 1 devices)
[08/15 07:20:47 d2.evaluation.evaluator]: Total inference pure compute time: 0:00:01 (0.023456 s / iter per device, on 1 devices)
[08/15 07:20:47 d2.evaluation.coco_evaluation]: Preparing results for COCO format ...
[08/15 07:20:47 d2.evaluation.coco_evaluation]: Saving results to ../../../../../models/rgb-testing/depth-5000-1/coco_instances_results.json
[08/15 07:20:47 d2.evaluation.coco_evaluation]: Evaluating predictions with official COCO API...
Loading and preparing results...
DONE (t=0.00s)
creating index...
index created!
Running per image evaluation...
Evaluate annotation type *bbox*
DONE (t=0.02s).
Accumulating evaluation results...
DONE (t=0.01s).
 Average Precision  (AP) @[ IoU=0.50:0.95 | area=   all | maxDets=100 ] = 0.782
 Average Precision  (AP) @[ IoU=0.50      | area=   all | maxDets=100 ] = 0.954
 Average Precision  (AP) @[ IoU=0.75      | area=   all | maxDets=100 ] = 0.925
 Average Precision  (AP) @[ IoU=0.50:0.95 | area= small | maxDets=100 ] = -1.000
 Average Precision  (AP) @[ IoU=0.50:0.95 | area=medium | maxDets=100 ] = 0.667
 Average Precision  (AP) @[ IoU=0.50:0.95 | area= large | maxDets=100 ] = 0.799
 Average Recall     (AR) @[ IoU=0.50:0.95 | area=   all | maxDets=  1 ] = 0.817
 Average Recall     (AR) @[ IoU=0.50:0.95 | area=   all | maxDets= 10 ] = 0.817
 Average Recall     (AR) @[ IoU=0.50:0.95 | area=   all | maxDets=100 ] = 0.817
 Average Recall     (AR) @[ IoU=0.50:0.95 | area= small | maxDets=100 ] = -1.000
 Average Recall     (AR) @[ IoU=0.50:0.95 | area=medium | maxDets=100 ] = 0.680
 Average Recall     (AR) @[ IoU=0.50:0.95 | area= large | maxDets=100 ] = 0.834
[08/15 07:20:47 d2.evaluation.coco_evaluation]: Evaluation results for bbox: 
|   AP   |  AP50  |  AP75  |  APs  |  APm   |  APl   |
|:------:|:------:|:------:|:-----:|:------:|:------:|
| 78.173 | 95.432 | 92.452 |  nan  | 66.678 | 79.875 |
[08/15 07:20:47 d2.evaluation.coco_evaluation]: Some metrics cannot be computed and is shown as NaN.
Loading and preparing results...
DONE (t=0.00s)
creating index...
index created!
Running per image evaluation...
Evaluate annotation type *segm*
DONE (t=0.02s).
Accumulating evaluation results...
DONE (t=0.01s).
 Average Precision  (AP) @[ IoU=0.50:0.95 | area=   all | maxDets=100 ] = 0.774
 Average Precision  (AP) @[ IoU=0.50      | area=   all | maxDets=100 ] = 0.954
 Average Precision  (AP) @[ IoU=0.75      | area=   all | maxDets=100 ] = 0.912
 Average Precision  (AP) @[ IoU=0.50:0.95 | area= small | maxDets=100 ] = -1.000
 Average Precision  (AP) @[ IoU=0.50:0.95 | area=medium | maxDets=100 ] = 0.665
 Average Precision  (AP) @[ IoU=0.50:0.95 | area= large | maxDets=100 ] = 0.788
 Average Recall     (AR) @[ IoU=0.50:0.95 | area=   all | maxDets=  1 ] = 0.797
 Average Recall     (AR) @[ IoU=0.50:0.95 | area=   all | maxDets= 10 ] = 0.797
 Average Recall     (AR) @[ IoU=0.50:0.95 | area=   all | maxDets=100 ] = 0.797
 Average Recall     (AR) @[ IoU=0.50:0.95 | area= small | maxDets=100 ] = -1.000
 Average Recall     (AR) @[ IoU=0.50:0.95 | area=medium | maxDets=100 ] = 0.680
 Average Recall     (AR) @[ IoU=0.50:0.95 | area= large | maxDets=100 ] = 0.811
[08/15 07:20:47 d2.evaluation.coco_evaluation]: Evaluation results for segm: 
|   AP   |  AP50  |  AP75  |  APs  |  APm   |  APl   |
|:------:|:------:|:------:|:-----:|:------:|:------:|
| 77.359 | 95.432 | 91.166 |  nan  | 66.540 | 78.823 |
[08/15 07:20:47 d2.evaluation.coco_evaluation]: Some metrics cannot be computed and is shown as NaN.
[Iter 2 AP] → mAP@[.5:.95] = 77.359
[08/15 07:20:47 d2.data.datasets.coco]: Loaded 89 images in COCO format from /projects/PUCHALLA/LLP2024/tumor-segmentation/data/processed_data/depth/test/images/test.json
[08/15 07:20:47 d2.data.datasets.coco]: Loaded 89 images in COCO format from /projects/PUCHALLA/LLP2024/tumor-segmentation/data/processed_data/depth/test/images/test.json
[08/15 07:20:47 d2.data.dataset_mapper]: [DatasetMapper] Augmentations used in inference: [ResizeShortestEdge(short_edge_length=(800, 800), max_size=1333, sample_style='choice')]
[08/15 07:20:47 d2.data.common]: Serializing the dataset using: <class 'detectron2.data.common._TorchSerializedList'>
[08/15 07:20:47 d2.data.common]: Serializing 89 elements to byte tensors and concatenating them all ...
[08/15 07:20:47 d2.data.common]: Serialized dataset takes 0.07 MiB
[08/15 07:20:47 d2.evaluation.evaluator]: Start inference on 89 batches
[08/15 07:20:50 d2.evaluation.evaluator]: Total inference time: 0:00:02.050680 (0.024413 s / iter per device, on 1 devices)
[08/15 07:20:50 d2.evaluation.evaluator]: Total inference pure compute time: 0:00:01 (0.023277 s / iter per device, on 1 devices)
[08/15 07:20:51 d2.utils.events]:  eta: 0:00:06  iter: 4919  total_loss: 0.1401  loss_cls: 0.01275  loss_box_reg: 0.03282  loss_mask: 0.0914  loss_rpn_cls: 8.86e-06  loss_rpn_loc: 0.001818    time: 0.0765  last_time: 0.0730  data_time: 0.0024  last_data_time: 0.0028   lr: 0.000125  max_mem: 1680M
[08/15 07:20:53 d2.utils.events]:  eta: 0:00:04  iter: 4939  total_loss: 0.141  loss_cls: 0.01264  loss_box_reg: 0.0328  loss_mask: 0.09115  loss_rpn_cls: 5.011e-06  loss_rpn_loc: 0.002085    time: 0.0765  last_time: 0.0755  data_time: 0.0026  last_data_time: 0.0018   lr: 0.000125  max_mem: 1680M
[08/15 07:20:54 d2.utils.events]:  eta: 0:00:03  iter: 4959  total_loss: 0.1112  loss_cls: 0.01117  loss_box_reg: 0.02583  loss_mask: 0.0736  loss_rpn_cls: 1.639e-05  loss_rpn_loc: 0.002168    time: 0.0765  last_time: 0.0742  data_time: 0.0025  last_data_time: 0.0029   lr: 0.000125  max_mem: 1680M
[08/15 07:20:56 d2.utils.events]:  eta: 0:00:01  iter: 4979  total_loss: 0.1578  loss_cls: 0.01436  loss_box_reg: 0.0337  loss_mask: 0.106  loss_rpn_cls: 8.93e-06  loss_rpn_loc: 0.002123    time: 0.0766  last_time: 0.1863  data_time: 0.0025  last_data_time: 0.0030   lr: 0.000125  max_mem: 1680M
[08/15 07:20:58 d2.utils.events]:  eta: 0:00:00  iter: 4999  total_loss: 0.1339  loss_cls: 0.01226  loss_box_reg: 0.03049  loss_mask: 0.08558  loss_rpn_cls: 2.112e-05  loss_rpn_loc: 0.002038    time: 0.0766  last_time: 0.0769  data_time: 0.0029  last_data_time: 0.0030   lr: 0.000125  max_mem: 1680M
[08/15 07:20:58 d2.engine.hooks]: Overall training speed: 4998 iterations in 0:06:22 (0.0766 s / it)
[08/15 07:20:58 d2.engine.hooks]: Total training time: 0:10:11 (0:03:49 on hooks)
[08/15 07:20:58 d2.data.dataset_mapper]: [DatasetMapper] Augmentations used in inference: [ResizeShortestEdge(short_edge_length=(800, 800), max_size=1333, sample_style='choice')]
[08/15 07:20:58 d2.data.datasets.coco]: Loaded 89 images in COCO format from /projects/PUCHALLA/LLP2024/tumor-segmentation/data/processed_data/depth/test/images/test.json
[08/15 07:20:58 d2.data.common]: Serializing the dataset using: <class 'detectron2.data.common._TorchSerializedList'>
[08/15 07:20:58 d2.data.common]: Serializing 89 elements to byte tensors and concatenating them all ...
[08/15 07:20:58 d2.data.common]: Serialized dataset takes 0.07 MiB
[08/15 07:20:58 d2.evaluation.coco_evaluation]: Fast COCO eval is not built. Falling back to official COCO eval.
WARNING [08/15 07:20:58 d2.evaluation.coco_evaluation]: COCO Evaluator instantiated using config, this is deprecated behavior. Please pass in explicit arguments instead.
[08/15 07:20:58 d2.evaluation.evaluator]: Start inference on 89 batches
[08/15 07:20:59 d2.evaluation.evaluator]: Inference done 11/89. Dataloading: 0.0004 s/iter. Inference: 0.0238 s/iter. Eval: 0.0003 s/iter. Total: 0.0246 s/iter. ETA=0:00:01
[08/15 07:21:01 d2.evaluation.evaluator]: Total inference time: 0:00:02.089379 (0.024874 s / iter per device, on 1 devices)
[08/15 07:21:01 d2.evaluation.evaluator]: Total inference pure compute time: 0:00:01 (0.023757 s / iter per device, on 1 devices)
[08/15 07:21:01 d2.evaluation.coco_evaluation]: Preparing results for COCO format ...
[08/15 07:21:01 d2.evaluation.coco_evaluation]: Saving results to ../../../../../models/rgb-testing/depth-5000-1/coco_instances_results.json
[08/15 07:21:01 d2.evaluation.coco_evaluation]: Evaluating predictions with official COCO API...
Loading and preparing results...
DONE (t=0.00s)
creating index...
index created!
Running per image evaluation...
Evaluate annotation type *bbox*
DONE (t=0.02s).
Accumulating evaluation results...
DONE (t=0.01s).
 Average Precision  (AP) @[ IoU=0.50:0.95 | area=   all | maxDets=100 ] = 0.777
 Average Precision  (AP) @[ IoU=0.50      | area=   all | maxDets=100 ] = 0.956
 Average Precision  (AP) @[ IoU=0.75      | area=   all | maxDets=100 ] = 0.936
 Average Precision  (AP) @[ IoU=0.50:0.95 | area= small | maxDets=100 ] = -1.000
 Average Precision  (AP) @[ IoU=0.50:0.95 | area=medium | maxDets=100 ] = 0.662
 Average Precision  (AP) @[ IoU=0.50:0.95 | area= large | maxDets=100 ] = 0.794
 Average Recall     (AR) @[ IoU=0.50:0.95 | area=   all | maxDets=  1 ] = 0.811
 Average Recall     (AR) @[ IoU=0.50:0.95 | area=   all | maxDets= 10 ] = 0.811
 Average Recall     (AR) @[ IoU=0.50:0.95 | area=   all | maxDets=100 ] = 0.811
 Average Recall     (AR) @[ IoU=0.50:0.95 | area= small | maxDets=100 ] = -1.000
 Average Recall     (AR) @[ IoU=0.50:0.95 | area=medium | maxDets=100 ] = 0.670
 Average Recall     (AR) @[ IoU=0.50:0.95 | area= large | maxDets=100 ] = 0.829
[08/15 07:21:01 d2.evaluation.coco_evaluation]: Evaluation results for bbox: 
|   AP   |  AP50  |  AP75  |  APs  |  APm   |  APl   |
|:------:|:------:|:------:|:-----:|:------:|:------:|
| 77.747 | 95.599 | 93.622 |  nan  | 66.194 | 79.375 |
[08/15 07:21:01 d2.evaluation.coco_evaluation]: Some metrics cannot be computed and is shown as NaN.
Loading and preparing results...
DONE (t=0.00s)
creating index...
index created!
Running per image evaluation...
Evaluate annotation type *segm*
DONE (t=0.02s).
Accumulating evaluation results...
DONE (t=0.01s).
 Average Precision  (AP) @[ IoU=0.50:0.95 | area=   all | maxDets=100 ] = 0.782
 Average Precision  (AP) @[ IoU=0.50      | area=   all | maxDets=100 ] = 0.956
 Average Precision  (AP) @[ IoU=0.75      | area=   all | maxDets=100 ] = 0.915
 Average Precision  (AP) @[ IoU=0.50:0.95 | area= small | maxDets=100 ] = -1.000
 Average Precision  (AP) @[ IoU=0.50:0.95 | area=medium | maxDets=100 ] = 0.685
 Average Precision  (AP) @[ IoU=0.50:0.95 | area= large | maxDets=100 ] = 0.796
 Average Recall     (AR) @[ IoU=0.50:0.95 | area=   all | maxDets=  1 ] = 0.804
 Average Recall     (AR) @[ IoU=0.50:0.95 | area=   all | maxDets= 10 ] = 0.804
 Average Recall     (AR) @[ IoU=0.50:0.95 | area=   all | maxDets=100 ] = 0.804
 Average Recall     (AR) @[ IoU=0.50:0.95 | area= small | maxDets=100 ] = -1.000
 Average Recall     (AR) @[ IoU=0.50:0.95 | area=medium | maxDets=100 ] = 0.690
 Average Recall     (AR) @[ IoU=0.50:0.95 | area= large | maxDets=100 ] = 0.819
[08/15 07:21:01 d2.evaluation.coco_evaluation]: Evaluation results for segm: 
|   AP   |  AP50  |  AP75  |  APs  |  APm   |  APl   |
|:------:|:------:|:------:|:-----:|:------:|:------:|
| 78.184 | 95.599 | 91.496 |  nan  | 68.482 | 79.642 |
[08/15 07:21:01 d2.evaluation.coco_evaluation]: Some metrics cannot be computed and is shown as NaN.
[08/15 07:21:01 d2.engine.defaults]: Evaluation results for my_dataset_test in csv format:
[08/15 07:21:01 d2.evaluation.testing]: copypaste: Task: bbox
[08/15 07:21:01 d2.evaluation.testing]: copypaste: AP,AP50,AP75,APs,APm,APl
[08/15 07:21:01 d2.evaluation.testing]: copypaste: 77.7473,95.5988,93.6219,nan,66.1936,79.3748
[08/15 07:21:01 d2.evaluation.testing]: copypaste: Task: segm
[08/15 07:21:01 d2.evaluation.testing]: copypaste: AP,AP50,AP75,APs,APm,APl
[08/15 07:21:01 d2.evaluation.testing]: copypaste: 78.1844,95.5988,91.4961,nan,68.4818,79.6419
Training Completed, now saving plots....
Saved loss curves to ../../../slurm_output/loss_plots/depth-5000-1_loss_plot.png
Saved AP curve to ../../../slurm_output/AP_Fig/depth-5000-1_AP_plot.png
[08/15 07:21:01 d2.data.datasets.coco]: Loaded 89 images in COCO format from /projects/PUCHALLA/LLP2024/tumor-segmentation/data/processed_data/depth/test/images/test.json
[08/15 07:21:01 d2.data.datasets.coco]: Loaded 89 images in COCO format from /projects/PUCHALLA/LLP2024/tumor-segmentation/data/processed_data/depth/test/images/test.json
[08/15 07:21:01 d2.data.dataset_mapper]: [DatasetMapper] Augmentations used in inference: [ResizeShortestEdge(short_edge_length=(800, 800), max_size=1333, sample_style='choice')]
[08/15 07:21:01 d2.data.common]: Serializing the dataset using: <class 'detectron2.data.common._TorchSerializedList'>
[08/15 07:21:01 d2.data.common]: Serializing 89 elements to byte tensors and concatenating them all ...
[08/15 07:21:01 d2.data.common]: Serialized dataset takes 0.07 MiB
[08/15 07:21:01 d2.evaluation.evaluator]: Start inference on 89 batches
[08/15 07:21:03 d2.evaluation.evaluator]: Total inference time: 0:00:02.080758 (0.024771 s / iter per device, on 1 devices)
[08/15 07:21:03 d2.evaluation.evaluator]: Total inference pure compute time: 0:00:01 (0.023678 s / iter per device, on 1 devices)
