Check logs below to see if args are correct:
Name: rerun-model-4-rgb
Iterations: 5000
RGB: true
Depth: false
RGD: false
Split Cashe: true
Path: ../../
Running tests...
============================= test session starts ==============================
platform linux -- Python 3.12.4, pytest-8.4.1, pluggy-1.6.0
rootdir: /projects/PUCHALLA/LLP2024/tumor-segmentation/src/Detectron2/training_scripts
plugins: hydra-core-1.3.2
collected 4 items

../../test/test_annotations.py Init Dataset
.
../../test/test_sets.py File Set Validation Report for /projects/PUCHALLA/LLP2024/tumor-segmentation/data/huggingface-repo/useable_data
                =====================================
                Total file sets found: 588
                Complete sets (all 3 files): 588
                Incomplete sets: 0
                
.
../../test/test_sizes.py ..

============================== 4 passed in 41.90s ==============================
Tests successful!
Running training script...
Init Dataset
--DEBUGGING SPLIT_CASHE----
SPLIT_CASHE is True
Preprocessing done!
Number of RGB Images: 588
Number of Depth Map Images: 588
Number of RGD images: 588

Number of training sets: 411
Number of validation sets: 88
Number of testing sets: 89
Data cached successfully.
Created 411 annotations for images in folder: /projects/PUCHALLA/LLP2024/tumor-segmentation/data/processed_data/rgb/train/masks
Created 88 annotations for images in folder: /projects/PUCHALLA/LLP2024/tumor-segmentation/data/processed_data/rgb/val/masks
Created 89 annotations for images in folder: /projects/PUCHALLA/LLP2024/tumor-segmentation/data/processed_data/rgb/test/masks
Created 411 annotations for images in folder: /projects/PUCHALLA/LLP2024/tumor-segmentation/data/processed_data/depth/train/masks
Created 88 annotations for images in folder: /projects/PUCHALLA/LLP2024/tumor-segmentation/data/processed_data/depth/val/masks
Created 89 annotations for images in folder: /projects/PUCHALLA/LLP2024/tumor-segmentation/data/processed_data/depth/test/masks
Created 411 annotations for images in folder: /projects/PUCHALLA/LLP2024/tumor-segmentation/data/processed_data/rgd/train/masks
Created 88 annotations for images in folder: /projects/PUCHALLA/LLP2024/tumor-segmentation/data/processed_data/rgd/val/masks
Created 89 annotations for images in folder: /projects/PUCHALLA/LLP2024/tumor-segmentation/data/processed_data/rgd/test/masks
[08/08 16:20:27 d2.data.datasets.coco]: Loaded 411 images in COCO format from /projects/PUCHALLA/LLP2024/tumor-segmentation/data/processed_data/rgb/train/images/train.json
[08/08 16:20:27 d2.data.datasets.coco]: Loaded 88 images in COCO format from /projects/PUCHALLA/LLP2024/tumor-segmentation/data/processed_data/rgb/val/images/val.json
[08/08 16:20:27 d2.data.datasets.coco]: Loaded 89 images in COCO format from /projects/PUCHALLA/LLP2024/tumor-segmentation/data/processed_data/rgb/test/images/test.json
[08/08 16:20:28 d2.engine.defaults]: Model:
GeneralizedRCNN(
  (backbone): FPN(
    (fpn_lateral2): Conv2d(256, 256, kernel_size=(1, 1), stride=(1, 1))
    (fpn_output2): Conv2d(256, 256, kernel_size=(3, 3), stride=(1, 1), padding=(1, 1))
    (fpn_lateral3): Conv2d(512, 256, kernel_size=(1, 1), stride=(1, 1))
    (fpn_output3): Conv2d(256, 256, kernel_size=(3, 3), stride=(1, 1), padding=(1, 1))
    (fpn_lateral4): Conv2d(1024, 256, kernel_size=(1, 1), stride=(1, 1))
    (fpn_output4): Conv2d(256, 256, kernel_size=(3, 3), stride=(1, 1), padding=(1, 1))
    (fpn_lateral5): Conv2d(2048, 256, kernel_size=(1, 1), stride=(1, 1))
    (fpn_output5): Conv2d(256, 256, kernel_size=(3, 3), stride=(1, 1), padding=(1, 1))
    (top_block): LastLevelMaxPool()
    (bottom_up): ResNet(
      (stem): BasicStem(
        (conv1): Conv2d(
          3, 64, kernel_size=(7, 7), stride=(2, 2), padding=(3, 3), bias=False
          (norm): FrozenBatchNorm2d(num_features=64, eps=1e-05)
        )
      )
      (res2): Sequential(
        (0): BottleneckBlock(
          (shortcut): Conv2d(
            64, 256, kernel_size=(1, 1), stride=(1, 1), bias=False
            (norm): FrozenBatchNorm2d(num_features=256, eps=1e-05)
          )
          (conv1): Conv2d(
            64, 64, kernel_size=(1, 1), stride=(1, 1), bias=False
            (norm): FrozenBatchNorm2d(num_features=64, eps=1e-05)
          )
          (conv2): Conv2d(
            64, 64, kernel_size=(3, 3), stride=(1, 1), padding=(1, 1), bias=False
            (norm): FrozenBatchNorm2d(num_features=64, eps=1e-05)
          )
          (conv3): Conv2d(
            64, 256, kernel_size=(1, 1), stride=(1, 1), bias=False
            (norm): FrozenBatchNorm2d(num_features=256, eps=1e-05)
          )
        )
        (1): BottleneckBlock(
          (conv1): Conv2d(
            256, 64, kernel_size=(1, 1), stride=(1, 1), bias=False
            (norm): FrozenBatchNorm2d(num_features=64, eps=1e-05)
          )
          (conv2): Conv2d(
            64, 64, kernel_size=(3, 3), stride=(1, 1), padding=(1, 1), bias=False
            (norm): FrozenBatchNorm2d(num_features=64, eps=1e-05)
          )
          (conv3): Conv2d(
            64, 256, kernel_size=(1, 1), stride=(1, 1), bias=False
            (norm): FrozenBatchNorm2d(num_features=256, eps=1e-05)
          )
        )
        (2): BottleneckBlock(
          (conv1): Conv2d(
            256, 64, kernel_size=(1, 1), stride=(1, 1), bias=False
            (norm): FrozenBatchNorm2d(num_features=64, eps=1e-05)
          )
          (conv2): Conv2d(
            64, 64, kernel_size=(3, 3), stride=(1, 1), padding=(1, 1), bias=False
            (norm): FrozenBatchNorm2d(num_features=64, eps=1e-05)
          )
          (conv3): Conv2d(
            64, 256, kernel_size=(1, 1), stride=(1, 1), bias=False
            (norm): FrozenBatchNorm2d(num_features=256, eps=1e-05)
          )
        )
      )
      (res3): Sequential(
        (0): BottleneckBlock(
          (shortcut): Conv2d(
            256, 512, kernel_size=(1, 1), stride=(2, 2), bias=False
            (norm): FrozenBatchNorm2d(num_features=512, eps=1e-05)
          )
          (conv1): Conv2d(
            256, 128, kernel_size=(1, 1), stride=(2, 2), bias=False
            (norm): FrozenBatchNorm2d(num_features=128, eps=1e-05)
          )
          (conv2): Conv2d(
            128, 128, kernel_size=(3, 3), stride=(1, 1), padding=(1, 1), bias=False
            (norm): FrozenBatchNorm2d(num_features=128, eps=1e-05)
          )
          (conv3): Conv2d(
            128, 512, kernel_size=(1, 1), stride=(1, 1), bias=False
            (norm): FrozenBatchNorm2d(num_features=512, eps=1e-05)
          )
        )
        (1): BottleneckBlock(
          (conv1): Conv2d(
            512, 128, kernel_size=(1, 1), stride=(1, 1), bias=False
            (norm): FrozenBatchNorm2d(num_features=128, eps=1e-05)
          )
          (conv2): Conv2d(
            128, 128, kernel_size=(3, 3), stride=(1, 1), padding=(1, 1), bias=False
            (norm): FrozenBatchNorm2d(num_features=128, eps=1e-05)
          )
          (conv3): Conv2d(
            128, 512, kernel_size=(1, 1), stride=(1, 1), bias=False
            (norm): FrozenBatchNorm2d(num_features=512, eps=1e-05)
          )
        )
        (2): BottleneckBlock(
          (conv1): Conv2d(
            512, 128, kernel_size=(1, 1), stride=(1, 1), bias=False
            (norm): FrozenBatchNorm2d(num_features=128, eps=1e-05)
          )
          (conv2): Conv2d(
            128, 128, kernel_size=(3, 3), stride=(1, 1), padding=(1, 1), bias=False
            (norm): FrozenBatchNorm2d(num_features=128, eps=1e-05)
          )
          (conv3): Conv2d(
            128, 512, kernel_size=(1, 1), stride=(1, 1), bias=False
            (norm): FrozenBatchNorm2d(num_features=512, eps=1e-05)
          )
        )
        (3): BottleneckBlock(
          (conv1): Conv2d(
            512, 128, kernel_size=(1, 1), stride=(1, 1), bias=False
            (norm): FrozenBatchNorm2d(num_features=128, eps=1e-05)
          )
          (conv2): Conv2d(
            128, 128, kernel_size=(3, 3), stride=(1, 1), padding=(1, 1), bias=False
            (norm): FrozenBatchNorm2d(num_features=128, eps=1e-05)
          )
          (conv3): Conv2d(
            128, 512, kernel_size=(1, 1), stride=(1, 1), bias=False
            (norm): FrozenBatchNorm2d(num_features=512, eps=1e-05)
          )
        )
      )
      (res4): Sequential(
        (0): BottleneckBlock(
          (shortcut): Conv2d(
            512, 1024, kernel_size=(1, 1), stride=(2, 2), bias=False
            (norm): FrozenBatchNorm2d(num_features=1024, eps=1e-05)
          )
          (conv1): Conv2d(
            512, 256, kernel_size=(1, 1), stride=(2, 2), bias=False
            (norm): FrozenBatchNorm2d(num_features=256, eps=1e-05)
          )
          (conv2): Conv2d(
            256, 256, kernel_size=(3, 3), stride=(1, 1), padding=(1, 1), bias=False
            (norm): FrozenBatchNorm2d(num_features=256, eps=1e-05)
          )
          (conv3): Conv2d(
            256, 1024, kernel_size=(1, 1), stride=(1, 1), bias=False
            (norm): FrozenBatchNorm2d(num_features=1024, eps=1e-05)
          )
        )
        (1): BottleneckBlock(
          (conv1): Conv2d(
            1024, 256, kernel_size=(1, 1), stride=(1, 1), bias=False
            (norm): FrozenBatchNorm2d(num_features=256, eps=1e-05)
          )
          (conv2): Conv2d(
            256, 256, kernel_size=(3, 3), stride=(1, 1), padding=(1, 1), bias=False
            (norm): FrozenBatchNorm2d(num_features=256, eps=1e-05)
          )
          (conv3): Conv2d(
            256, 1024, kernel_size=(1, 1), stride=(1, 1), bias=False
            (norm): FrozenBatchNorm2d(num_features=1024, eps=1e-05)
          )
        )
        (2): BottleneckBlock(
          (conv1): Conv2d(
            1024, 256, kernel_size=(1, 1), stride=(1, 1), bias=False
            (norm): FrozenBatchNorm2d(num_features=256, eps=1e-05)
          )
          (conv2): Conv2d(
            256, 256, kernel_size=(3, 3), stride=(1, 1), padding=(1, 1), bias=False
            (norm): FrozenBatchNorm2d(num_features=256, eps=1e-05)
          )
          (conv3): Conv2d(
            256, 1024, kernel_size=(1, 1), stride=(1, 1), bias=False
            (norm): FrozenBatchNorm2d(num_features=1024, eps=1e-05)
          )
        )
        (3): BottleneckBlock(
          (conv1): Conv2d(
            1024, 256, kernel_size=(1, 1), stride=(1, 1), bias=False
            (norm): FrozenBatchNorm2d(num_features=256, eps=1e-05)
          )
          (conv2): Conv2d(
            256, 256, kernel_size=(3, 3), stride=(1, 1), padding=(1, 1), bias=False
            (norm): FrozenBatchNorm2d(num_features=256, eps=1e-05)
          )
          (conv3): Conv2d(
            256, 1024, kernel_size=(1, 1), stride=(1, 1), bias=False
            (norm): FrozenBatchNorm2d(num_features=1024, eps=1e-05)
          )
        )
        (4): BottleneckBlock(
          (conv1): Conv2d(
            1024, 256, kernel_size=(1, 1), stride=(1, 1), bias=False
            (norm): FrozenBatchNorm2d(num_features=256, eps=1e-05)
          )
          (conv2): Conv2d(
            256, 256, kernel_size=(3, 3), stride=(1, 1), padding=(1, 1), bias=False
            (norm): FrozenBatchNorm2d(num_features=256, eps=1e-05)
          )
          (conv3): Conv2d(
            256, 1024, kernel_size=(1, 1), stride=(1, 1), bias=False
            (norm): FrozenBatchNorm2d(num_features=1024, eps=1e-05)
          )
        )
        (5): BottleneckBlock(
          (conv1): Conv2d(
            1024, 256, kernel_size=(1, 1), stride=(1, 1), bias=False
            (norm): FrozenBatchNorm2d(num_features=256, eps=1e-05)
          )
          (conv2): Conv2d(
            256, 256, kernel_size=(3, 3), stride=(1, 1), padding=(1, 1), bias=False
            (norm): FrozenBatchNorm2d(num_features=256, eps=1e-05)
          )
          (conv3): Conv2d(
            256, 1024, kernel_size=(1, 1), stride=(1, 1), bias=False
            (norm): FrozenBatchNorm2d(num_features=1024, eps=1e-05)
          )
        )
      )
      (res5): Sequential(
        (0): BottleneckBlock(
          (shortcut): Conv2d(
            1024, 2048, kernel_size=(1, 1), stride=(2, 2), bias=False
            (norm): FrozenBatchNorm2d(num_features=2048, eps=1e-05)
          )
          (conv1): Conv2d(
            1024, 512, kernel_size=(1, 1), stride=(2, 2), bias=False
            (norm): FrozenBatchNorm2d(num_features=512, eps=1e-05)
          )
          (conv2): Conv2d(
            512, 512, kernel_size=(3, 3), stride=(1, 1), padding=(1, 1), bias=False
            (norm): FrozenBatchNorm2d(num_features=512, eps=1e-05)
          )
          (conv3): Conv2d(
            512, 2048, kernel_size=(1, 1), stride=(1, 1), bias=False
            (norm): FrozenBatchNorm2d(num_features=2048, eps=1e-05)
          )
        )
        (1): BottleneckBlock(
          (conv1): Conv2d(
            2048, 512, kernel_size=(1, 1), stride=(1, 1), bias=False
            (norm): FrozenBatchNorm2d(num_features=512, eps=1e-05)
          )
          (conv2): Conv2d(
            512, 512, kernel_size=(3, 3), stride=(1, 1), padding=(1, 1), bias=False
            (norm): FrozenBatchNorm2d(num_features=512, eps=1e-05)
          )
          (conv3): Conv2d(
            512, 2048, kernel_size=(1, 1), stride=(1, 1), bias=False
            (norm): FrozenBatchNorm2d(num_features=2048, eps=1e-05)
          )
        )
        (2): BottleneckBlock(
          (conv1): Conv2d(
            2048, 512, kernel_size=(1, 1), stride=(1, 1), bias=False
            (norm): FrozenBatchNorm2d(num_features=512, eps=1e-05)
          )
          (conv2): Conv2d(
            512, 512, kernel_size=(3, 3), stride=(1, 1), padding=(1, 1), bias=False
            (norm): FrozenBatchNorm2d(num_features=512, eps=1e-05)
          )
          (conv3): Conv2d(
            512, 2048, kernel_size=(1, 1), stride=(1, 1), bias=False
            (norm): FrozenBatchNorm2d(num_features=2048, eps=1e-05)
          )
        )
      )
    )
  )
  (proposal_generator): RPN(
    (rpn_head): StandardRPNHead(
      (conv): Conv2d(
        256, 256, kernel_size=(3, 3), stride=(1, 1), padding=(1, 1)
        (activation): ReLU()
      )
      (objectness_logits): Conv2d(256, 3, kernel_size=(1, 1), stride=(1, 1))
      (anchor_deltas): Conv2d(256, 12, kernel_size=(1, 1), stride=(1, 1))
    )
    (anchor_generator): DefaultAnchorGenerator(
      (cell_anchors): BufferList()
    )
  )
  (roi_heads): StandardROIHeads(
    (box_pooler): ROIPooler(
      (level_poolers): ModuleList(
        (0): ROIAlign(output_size=(7, 7), spatial_scale=0.25, sampling_ratio=0, aligned=True)
        (1): ROIAlign(output_size=(7, 7), spatial_scale=0.125, sampling_ratio=0, aligned=True)
        (2): ROIAlign(output_size=(7, 7), spatial_scale=0.0625, sampling_ratio=0, aligned=True)
        (3): ROIAlign(output_size=(7, 7), spatial_scale=0.03125, sampling_ratio=0, aligned=True)
      )
    )
    (box_head): FastRCNNConvFCHead(
      (flatten): Flatten(start_dim=1, end_dim=-1)
      (fc1): Linear(in_features=12544, out_features=1024, bias=True)
      (fc_relu1): ReLU()
      (fc2): Linear(in_features=1024, out_features=1024, bias=True)
      (fc_relu2): ReLU()
    )
    (box_predictor): FastRCNNOutputLayers(
      (cls_score): Linear(in_features=1024, out_features=2, bias=True)
      (bbox_pred): Linear(in_features=1024, out_features=4, bias=True)
    )
    (mask_pooler): ROIPooler(
      (level_poolers): ModuleList(
        (0): ROIAlign(output_size=(14, 14), spatial_scale=0.25, sampling_ratio=0, aligned=True)
        (1): ROIAlign(output_size=(14, 14), spatial_scale=0.125, sampling_ratio=0, aligned=True)
        (2): ROIAlign(output_size=(14, 14), spatial_scale=0.0625, sampling_ratio=0, aligned=True)
        (3): ROIAlign(output_size=(14, 14), spatial_scale=0.03125, sampling_ratio=0, aligned=True)
      )
    )
    (mask_head): MaskRCNNConvUpsampleHead(
      (mask_fcn1): Conv2d(
        256, 256, kernel_size=(3, 3), stride=(1, 1), padding=(1, 1)
        (activation): ReLU()
      )
      (mask_fcn2): Conv2d(
        256, 256, kernel_size=(3, 3), stride=(1, 1), padding=(1, 1)
        (activation): ReLU()
      )
      (mask_fcn3): Conv2d(
        256, 256, kernel_size=(3, 3), stride=(1, 1), padding=(1, 1)
        (activation): ReLU()
      )
      (mask_fcn4): Conv2d(
        256, 256, kernel_size=(3, 3), stride=(1, 1), padding=(1, 1)
        (activation): ReLU()
      )
      (deconv): ConvTranspose2d(256, 256, kernel_size=(2, 2), stride=(2, 2))
      (deconv_relu): ReLU()
      (predictor): Conv2d(256, 1, kernel_size=(1, 1), stride=(1, 1))
    )
  )
)
[08/08 16:20:28 d2.data.dataset_mapper]: [DatasetMapper] Augmentations used in training: [ResizeShortestEdge(short_edge_length=(640, 672, 704, 736, 768, 800), max_size=1333, sample_style='choice'), RandomFlip()]
[08/08 16:20:28 d2.data.datasets.coco]: Loaded 411 images in COCO format from /projects/PUCHALLA/LLP2024/tumor-segmentation/data/processed_data/rgb/train/images/train.json
[08/08 16:20:28 d2.data.datasets.coco]: Loaded 88 images in COCO format from /projects/PUCHALLA/LLP2024/tumor-segmentation/data/processed_data/rgb/val/images/val.json
[08/08 16:20:28 d2.data.build]: Distribution of instances among all 1 categories:
|  category  | #instances   |
|:----------:|:-------------|
|   Tumor    | 499          |
|            |              |
[08/08 16:20:28 d2.data.build]: Using training sampler TrainingSampler
[08/08 16:20:28 d2.data.common]: Serializing the dataset using: <class 'detectron2.data.common._TorchSerializedList'>
[08/08 16:20:28 d2.data.common]: Serializing 499 elements to byte tensors and concatenating them all ...
[08/08 16:20:28 d2.data.common]: Serialized dataset takes 0.36 MiB
[08/08 16:20:28 d2.data.build]: Making batched data loader with batch_size=2
[08/08 16:20:28 d2.data.dataset_mapper]: [DatasetMapper] Augmentations used in inference: [ResizeShortestEdge(short_edge_length=(800, 800), max_size=1333, sample_style='choice')]
[08/08 16:20:28 d2.data.datasets.coco]: Loaded 89 images in COCO format from /projects/PUCHALLA/LLP2024/tumor-segmentation/data/processed_data/rgb/test/images/test.json
[08/08 16:20:28 d2.data.build]: Distribution of instances among all 1 categories:
|  category  | #instances   |
|:----------:|:-------------|
|   Tumor    | 89           |
|            |              |
[08/08 16:20:28 d2.data.common]: Serializing the dataset using: <class 'detectron2.data.common._TorchSerializedList'>
[08/08 16:20:28 d2.data.common]: Serializing 89 elements to byte tensors and concatenating them all ...
[08/08 16:20:28 d2.data.common]: Serialized dataset takes 0.07 MiB
[08/08 16:20:28 d2.checkpoint.detection_checkpoint]: [DetectionCheckpointer] Loading from https://dl.fbaipublicfiles.com/detectron2/COCO-InstanceSegmentation/mask_rcnn_R_50_FPN_3x/137849600/model_final_f10217.pkl ...
[08/08 16:20:28 d2.engine.train_loop]: Starting training from iteration 0
[08/08 16:20:33 d2.utils.events]:  eta: 0:06:46  iter: 19  total_loss: 1.317  loss_cls: 0.4377  loss_box_reg: 0.1705  loss_mask: 0.6773  loss_rpn_cls: 0.006614  loss_rpn_loc: 0.007938    time: 0.0890  last_time: 0.0722  data_time: 0.0165  last_data_time: 0.0025   lr: 6.0688e-05  max_mem: 1566M
[08/08 16:20:36 d2.utils.events]:  eta: 0:06:35  iter: 39  total_loss: 0.9629  loss_cls: 0.1702  loss_box_reg: 0.155  loss_mask: 0.6  loss_rpn_cls: 0.003751  loss_rpn_loc: 0.009643    time: 0.0832  last_time: 0.0821  data_time: 0.0023  last_data_time: 0.0021   lr: 7.1938e-05  max_mem: 1589M
[08/08 16:20:38 d2.utils.events]:  eta: 0:06:32  iter: 59  total_loss: 0.8415  loss_cls: 0.1326  loss_box_reg: 0.1509  loss_mask: 0.5299  loss_rpn_cls: 0.009367  loss_rpn_loc: 0.00657    time: 0.0820  last_time: 0.0768  data_time: 0.0023  last_data_time: 0.0022   lr: 8.3187e-05  max_mem: 1598M
[08/08 16:20:40 d2.utils.events]:  eta: 0:06:32  iter: 79  total_loss: 0.7075  loss_cls: 0.1121  loss_box_reg: 0.1759  loss_mask: 0.4062  loss_rpn_cls: 0.001339  loss_rpn_loc: 0.005114    time: 0.0816  last_time: 0.0871  data_time: 0.0023  last_data_time: 0.0022   lr: 9.4438e-05  max_mem: 1598M
[08/08 16:20:41 d2.utils.events]:  eta: 0:06:28  iter: 99  total_loss: 0.6438  loss_cls: 0.09585  loss_box_reg: 0.1507  loss_mask: 0.3641  loss_rpn_cls: 0.001244  loss_rpn_loc: 0.003101    time: 0.0811  last_time: 0.0762  data_time: 0.0023  last_data_time: 0.0022   lr: 0.00010569  max_mem: 1598M
[08/08 16:20:41 d2.evaluation.coco_evaluation]: Fast COCO eval is not built. Falling back to official COCO eval.
[08/08 16:20:41 d2.data.datasets.coco]: Loaded 89 images in COCO format from /projects/PUCHALLA/LLP2024/tumor-segmentation/data/processed_data/rgb/test/images/test.json
[08/08 16:20:41 d2.data.dataset_mapper]: [DatasetMapper] Augmentations used in inference: [ResizeShortestEdge(short_edge_length=(800, 800), max_size=1333, sample_style='choice')]
[08/08 16:20:41 d2.data.common]: Serializing the dataset using: <class 'detectron2.data.common._TorchSerializedList'>
[08/08 16:20:41 d2.data.common]: Serializing 89 elements to byte tensors and concatenating them all ...
[08/08 16:20:41 d2.data.common]: Serialized dataset takes 0.07 MiB
[08/08 16:20:41 d2.evaluation.evaluator]: Start inference on 89 batches
[08/08 16:20:42 d2.evaluation.evaluator]: Inference done 11/89. Dataloading: 0.0006 s/iter. Inference: 0.0235 s/iter. Eval: 0.0002 s/iter. Total: 0.0243 s/iter. ETA=0:00:01
[08/08 16:20:44 d2.evaluation.evaluator]: Total inference time: 0:00:02.084083 (0.024811 s / iter per device, on 1 devices)
[08/08 16:20:44 d2.evaluation.evaluator]: Total inference pure compute time: 0:00:01 (0.022892 s / iter per device, on 1 devices)
[08/08 16:20:44 d2.evaluation.coco_evaluation]: Preparing results for COCO format ...
[08/08 16:20:44 d2.evaluation.coco_evaluation]: Saving results to ../../../../../models/rgb-testing/rerun-model-4-rgb/coco_instances_results.json
[08/08 16:20:44 d2.evaluation.coco_evaluation]: Evaluating predictions with official COCO API...
Loading and preparing results...
DONE (t=0.00s)
creating index...
index created!
Running per image evaluation...
Evaluate annotation type *bbox*
DONE (t=0.01s).
Accumulating evaluation results...
DONE (t=0.02s).
 Average Precision  (AP) @[ IoU=0.50:0.95 | area=   all | maxDets=100 ] = 0.167
 Average Precision  (AP) @[ IoU=0.50      | area=   all | maxDets=100 ] = 0.393
 Average Precision  (AP) @[ IoU=0.75      | area=   all | maxDets=100 ] = 0.133
 Average Precision  (AP) @[ IoU=0.50:0.95 | area= small | maxDets=100 ] = -1.000
 Average Precision  (AP) @[ IoU=0.50:0.95 | area=medium | maxDets=100 ] = 0.125
 Average Precision  (AP) @[ IoU=0.50:0.95 | area= large | maxDets=100 ] = 0.179
 Average Recall     (AR) @[ IoU=0.50:0.95 | area=   all | maxDets=  1 ] = 0.209
 Average Recall     (AR) @[ IoU=0.50:0.95 | area=   all | maxDets= 10 ] = 0.213
 Average Recall     (AR) @[ IoU=0.50:0.95 | area=   all | maxDets=100 ] = 0.213
 Average Recall     (AR) @[ IoU=0.50:0.95 | area= small | maxDets=100 ] = -1.000
 Average Recall     (AR) @[ IoU=0.50:0.95 | area=medium | maxDets=100 ] = 0.140
 Average Recall     (AR) @[ IoU=0.50:0.95 | area= large | maxDets=100 ] = 0.223
[08/08 16:20:44 d2.evaluation.coco_evaluation]: Evaluation results for bbox: 
|   AP   |  AP50  |  AP75  |  APs  |  APm   |  APl   |
|:------:|:------:|:------:|:-----:|:------:|:------:|
| 16.744 | 39.343 | 13.333 |  nan  | 12.475 | 17.912 |
[08/08 16:20:44 d2.evaluation.coco_evaluation]: Some metrics cannot be computed and is shown as NaN.
Loading and preparing results...
DONE (t=0.00s)
creating index...
index created!
Running per image evaluation...
Evaluate annotation type *segm*
DONE (t=0.02s).
Accumulating evaluation results...
DONE (t=0.00s).
 Average Precision  (AP) @[ IoU=0.50:0.95 | area=   all | maxDets=100 ] = 0.212
 Average Precision  (AP) @[ IoU=0.50      | area=   all | maxDets=100 ] = 0.393
 Average Precision  (AP) @[ IoU=0.75      | area=   all | maxDets=100 ] = 0.221
 Average Precision  (AP) @[ IoU=0.50:0.95 | area= small | maxDets=100 ] = -1.000
 Average Precision  (AP) @[ IoU=0.50:0.95 | area=medium | maxDets=100 ] = 0.147
 Average Precision  (AP) @[ IoU=0.50:0.95 | area= large | maxDets=100 ] = 0.227
 Average Recall     (AR) @[ IoU=0.50:0.95 | area=   all | maxDets=  1 ] = 0.243
 Average Recall     (AR) @[ IoU=0.50:0.95 | area=   all | maxDets= 10 ] = 0.249
 Average Recall     (AR) @[ IoU=0.50:0.95 | area=   all | maxDets=100 ] = 0.249
 Average Recall     (AR) @[ IoU=0.50:0.95 | area= small | maxDets=100 ] = -1.000
 Average Recall     (AR) @[ IoU=0.50:0.95 | area=medium | maxDets=100 ] = 0.180
 Average Recall     (AR) @[ IoU=0.50:0.95 | area= large | maxDets=100 ] = 0.258
[08/08 16:20:44 d2.evaluation.coco_evaluation]: Evaluation results for segm: 
|   AP   |  AP50  |  AP75  |  APs  |  APm   |  APl   |
|:------:|:------:|:------:|:-----:|:------:|:------:|
| 21.197 | 39.343 | 22.085 |  nan  | 14.653 | 22.723 |
[08/08 16:20:44 d2.evaluation.coco_evaluation]: Some metrics cannot be computed and is shown as NaN.
[Iter 2 AP] → mAP@[.5:.95] = 21.197
[08/08 16:20:46 d2.utils.events]:  eta: 0:06:27  iter: 119  total_loss: 0.5382  loss_cls: 0.08823  loss_box_reg: 0.1706  loss_mask: 0.2992  loss_rpn_cls: 0.0009034  loss_rpn_loc: 0.003819    time: 0.0810  last_time: 0.0776  data_time: 0.0024  last_data_time: 0.0024   lr: 0.00011694  max_mem: 1598M
[08/08 16:20:47 d2.utils.events]:  eta: 0:06:26  iter: 139  total_loss: 0.4739  loss_cls: 0.07538  loss_box_reg: 0.1648  loss_mask: 0.2224  loss_rpn_cls: 0.0006973  loss_rpn_loc: 0.003256    time: 0.0807  last_time: 0.0794  data_time: 0.0023  last_data_time: 0.0024   lr: 0.00012819  max_mem: 1608M
[08/08 16:20:49 d2.utils.events]:  eta: 0:06:25  iter: 159  total_loss: 0.4898  loss_cls: 0.06878  loss_box_reg: 0.1746  loss_mask: 0.2371  loss_rpn_cls: 7.814e-05  loss_rpn_loc: 0.004392    time: 0.0807  last_time: 0.0808  data_time: 0.0024  last_data_time: 0.0025   lr: 0.00013944  max_mem: 1612M
[08/08 16:20:50 d2.utils.events]:  eta: 0:06:24  iter: 179  total_loss: 0.4299  loss_cls: 0.05898  loss_box_reg: 0.166  loss_mask: 0.1792  loss_rpn_cls: 0.000229  loss_rpn_loc: 0.00372    time: 0.0806  last_time: 0.0797  data_time: 0.0024  last_data_time: 0.0023   lr: 0.00015069  max_mem: 1612M
[08/08 16:20:52 d2.utils.events]:  eta: 0:06:22  iter: 199  total_loss: 0.3876  loss_cls: 0.05225  loss_box_reg: 0.1499  loss_mask: 0.179  loss_rpn_cls: 0.0001262  loss_rpn_loc: 0.003169    time: 0.0805  last_time: 0.0841  data_time: 0.0022  last_data_time: 0.0023   lr: 0.00016194  max_mem: 1619M
[08/08 16:20:52 d2.evaluation.coco_evaluation]: Fast COCO eval is not built. Falling back to official COCO eval.
[08/08 16:20:52 d2.data.datasets.coco]: Loaded 89 images in COCO format from /projects/PUCHALLA/LLP2024/tumor-segmentation/data/processed_data/rgb/test/images/test.json
[08/08 16:20:52 d2.data.dataset_mapper]: [DatasetMapper] Augmentations used in inference: [ResizeShortestEdge(short_edge_length=(800, 800), max_size=1333, sample_style='choice')]
[08/08 16:20:52 d2.data.common]: Serializing the dataset using: <class 'detectron2.data.common._TorchSerializedList'>
[08/08 16:20:52 d2.data.common]: Serializing 89 elements to byte tensors and concatenating them all ...
[08/08 16:20:52 d2.data.common]: Serialized dataset takes 0.07 MiB
[08/08 16:20:52 d2.evaluation.evaluator]: Start inference on 89 batches
[08/08 16:20:52 d2.evaluation.evaluator]: Inference done 11/89. Dataloading: 0.0005 s/iter. Inference: 0.0238 s/iter. Eval: 0.0004 s/iter. Total: 0.0247 s/iter. ETA=0:00:01
[08/08 16:20:55 d2.evaluation.evaluator]: Total inference time: 0:00:02.195911 (0.026142 s / iter per device, on 1 devices)
[08/08 16:20:55 d2.evaluation.evaluator]: Total inference pure compute time: 0:00:02 (0.024046 s / iter per device, on 1 devices)
[08/08 16:20:55 d2.evaluation.coco_evaluation]: Preparing results for COCO format ...
[08/08 16:20:55 d2.evaluation.coco_evaluation]: Saving results to ../../../../../models/rgb-testing/rerun-model-4-rgb/coco_instances_results.json
[08/08 16:20:55 d2.evaluation.coco_evaluation]: Evaluating predictions with official COCO API...
Loading and preparing results...
DONE (t=0.00s)
creating index...
index created!
Running per image evaluation...
Evaluate annotation type *bbox*
DONE (t=0.02s).
Accumulating evaluation results...
DONE (t=0.01s).
 Average Precision  (AP) @[ IoU=0.50:0.95 | area=   all | maxDets=100 ] = 0.481
 Average Precision  (AP) @[ IoU=0.50      | area=   all | maxDets=100 ] = 0.902
 Average Precision  (AP) @[ IoU=0.75      | area=   all | maxDets=100 ] = 0.453
 Average Precision  (AP) @[ IoU=0.50:0.95 | area= small | maxDets=100 ] = -1.000
 Average Precision  (AP) @[ IoU=0.50:0.95 | area=medium | maxDets=100 ] = 0.399
 Average Precision  (AP) @[ IoU=0.50:0.95 | area= large | maxDets=100 ] = 0.498
 Average Recall     (AR) @[ IoU=0.50:0.95 | area=   all | maxDets=  1 ] = 0.564
 Average Recall     (AR) @[ IoU=0.50:0.95 | area=   all | maxDets= 10 ] = 0.583
 Average Recall     (AR) @[ IoU=0.50:0.95 | area=   all | maxDets=100 ] = 0.583
 Average Recall     (AR) @[ IoU=0.50:0.95 | area= small | maxDets=100 ] = -1.000
 Average Recall     (AR) @[ IoU=0.50:0.95 | area=medium | maxDets=100 ] = 0.490
 Average Recall     (AR) @[ IoU=0.50:0.95 | area= large | maxDets=100 ] = 0.595
[08/08 16:20:55 d2.evaluation.coco_evaluation]: Evaluation results for bbox: 
|   AP   |  AP50  |  AP75  |  APs  |  APm   |  APl   |
|:------:|:------:|:------:|:-----:|:------:|:------:|
| 48.087 | 90.223 | 45.289 |  nan  | 39.887 | 49.843 |
[08/08 16:20:55 d2.evaluation.coco_evaluation]: Some metrics cannot be computed and is shown as NaN.
Loading and preparing results...
DONE (t=0.00s)
creating index...
index created!
Running per image evaluation...
Evaluate annotation type *segm*
DONE (t=0.02s).
Accumulating evaluation results...
DONE (t=0.01s).
 Average Precision  (AP) @[ IoU=0.50:0.95 | area=   all | maxDets=100 ] = 0.585
 Average Precision  (AP) @[ IoU=0.50      | area=   all | maxDets=100 ] = 0.897
 Average Precision  (AP) @[ IoU=0.75      | area=   all | maxDets=100 ] = 0.734
 Average Precision  (AP) @[ IoU=0.50:0.95 | area= small | maxDets=100 ] = -1.000
 Average Precision  (AP) @[ IoU=0.50:0.95 | area=medium | maxDets=100 ] = 0.360
 Average Precision  (AP) @[ IoU=0.50:0.95 | area= large | maxDets=100 ] = 0.627
 Average Recall     (AR) @[ IoU=0.50:0.95 | area=   all | maxDets=  1 ] = 0.662
 Average Recall     (AR) @[ IoU=0.50:0.95 | area=   all | maxDets= 10 ] = 0.687
 Average Recall     (AR) @[ IoU=0.50:0.95 | area=   all | maxDets=100 ] = 0.687
 Average Recall     (AR) @[ IoU=0.50:0.95 | area= small | maxDets=100 ] = -1.000
 Average Recall     (AR) @[ IoU=0.50:0.95 | area=medium | maxDets=100 ] = 0.520
 Average Recall     (AR) @[ IoU=0.50:0.95 | area= large | maxDets=100 ] = 0.708
[08/08 16:20:55 d2.evaluation.coco_evaluation]: Evaluation results for segm: 
|   AP   |  AP50  |  AP75  |  APs  |  APm   |  APl   |
|:------:|:------:|:------:|:-----:|:------:|:------:|
| 58.450 | 89.729 | 73.407 |  nan  | 35.995 | 62.716 |
[08/08 16:20:55 d2.evaluation.coco_evaluation]: Some metrics cannot be computed and is shown as NaN.
[Iter 2 AP] → mAP@[.5:.95] = 58.450
[08/08 16:20:56 d2.utils.events]:  eta: 0:06:21  iter: 219  total_loss: 0.3959  loss_cls: 0.05026  loss_box_reg: 0.1414  loss_mask: 0.1835  loss_rpn_cls: 0.0001003  loss_rpn_loc: 0.003297    time: 0.0805  last_time: 0.0816  data_time: 0.0023  last_data_time: 0.0021   lr: 0.00017319  max_mem: 1627M
[08/08 16:20:58 d2.utils.events]:  eta: 0:06:19  iter: 239  total_loss: 0.3375  loss_cls: 0.04209  loss_box_reg: 0.1348  loss_mask: 0.154  loss_rpn_cls: 3.782e-05  loss_rpn_loc: 0.00376    time: 0.0808  last_time: 0.0843  data_time: 0.0022  last_data_time: 0.0023   lr: 0.00018444  max_mem: 1634M
[08/08 16:20:59 d2.utils.events]:  eta: 0:06:18  iter: 259  total_loss: 0.328  loss_cls: 0.03917  loss_box_reg: 0.1309  loss_mask: 0.1548  loss_rpn_cls: 0.0002492  loss_rpn_loc: 0.00419    time: 0.0808  last_time: 0.0806  data_time: 0.0024  last_data_time: 0.0023   lr: 0.00019569  max_mem: 1639M
[08/08 16:21:01 d2.utils.events]:  eta: 0:06:16  iter: 279  total_loss: 0.3276  loss_cls: 0.03736  loss_box_reg: 0.1086  loss_mask: 0.1757  loss_rpn_cls: 0.0001633  loss_rpn_loc: 0.004136    time: 0.0807  last_time: 0.0753  data_time: 0.0023  last_data_time: 0.0026   lr: 0.00020694  max_mem: 1666M
[08/08 16:21:03 d2.utils.events]:  eta: 0:06:14  iter: 299  total_loss: 0.2923  loss_cls: 0.03799  loss_box_reg: 0.08641  loss_mask: 0.1606  loss_rpn_cls: 6.86e-05  loss_rpn_loc: 0.00512    time: 0.0806  last_time: 0.0829  data_time: 0.0024  last_data_time: 0.0022   lr: 0.00021819  max_mem: 1666M
[08/08 16:21:03 d2.evaluation.coco_evaluation]: Fast COCO eval is not built. Falling back to official COCO eval.
[08/08 16:21:03 d2.data.datasets.coco]: Loaded 89 images in COCO format from /projects/PUCHALLA/LLP2024/tumor-segmentation/data/processed_data/rgb/test/images/test.json
[08/08 16:21:03 d2.data.dataset_mapper]: [DatasetMapper] Augmentations used in inference: [ResizeShortestEdge(short_edge_length=(800, 800), max_size=1333, sample_style='choice')]
[08/08 16:21:03 d2.data.common]: Serializing the dataset using: <class 'detectron2.data.common._TorchSerializedList'>
[08/08 16:21:03 d2.data.common]: Serializing 89 elements to byte tensors and concatenating them all ...
[08/08 16:21:03 d2.data.common]: Serialized dataset takes 0.07 MiB
[08/08 16:21:03 d2.evaluation.evaluator]: Start inference on 89 batches
[08/08 16:21:03 d2.evaluation.evaluator]: Inference done 11/89. Dataloading: 0.0005 s/iter. Inference: 0.0246 s/iter. Eval: 0.0004 s/iter. Total: 0.0254 s/iter. ETA=0:00:01
[08/08 16:21:05 d2.evaluation.evaluator]: Total inference time: 0:00:02.224560 (0.026483 s / iter per device, on 1 devices)
[08/08 16:21:05 d2.evaluation.evaluator]: Total inference pure compute time: 0:00:02 (0.024351 s / iter per device, on 1 devices)
[08/08 16:21:05 d2.evaluation.coco_evaluation]: Preparing results for COCO format ...
[08/08 16:21:05 d2.evaluation.coco_evaluation]: Saving results to ../../../../../models/rgb-testing/rerun-model-4-rgb/coco_instances_results.json
[08/08 16:21:05 d2.evaluation.coco_evaluation]: Evaluating predictions with official COCO API...
Loading and preparing results...
DONE (t=0.00s)
creating index...
index created!
Running per image evaluation...
Evaluate annotation type *bbox*
DONE (t=0.02s).
Accumulating evaluation results...
DONE (t=0.01s).
 Average Precision  (AP) @[ IoU=0.50:0.95 | area=   all | maxDets=100 ] = 0.645
 Average Precision  (AP) @[ IoU=0.50      | area=   all | maxDets=100 ] = 0.912
 Average Precision  (AP) @[ IoU=0.75      | area=   all | maxDets=100 ] = 0.812
 Average Precision  (AP) @[ IoU=0.50:0.95 | area= small | maxDets=100 ] = -1.000
 Average Precision  (AP) @[ IoU=0.50:0.95 | area=medium | maxDets=100 ] = 0.556
 Average Precision  (AP) @[ IoU=0.50:0.95 | area= large | maxDets=100 ] = 0.658
 Average Recall     (AR) @[ IoU=0.50:0.95 | area=   all | maxDets=  1 ] = 0.711
 Average Recall     (AR) @[ IoU=0.50:0.95 | area=   all | maxDets= 10 ] = 0.725
 Average Recall     (AR) @[ IoU=0.50:0.95 | area=   all | maxDets=100 ] = 0.725
 Average Recall     (AR) @[ IoU=0.50:0.95 | area= small | maxDets=100 ] = -1.000
 Average Recall     (AR) @[ IoU=0.50:0.95 | area=medium | maxDets=100 ] = 0.590
 Average Recall     (AR) @[ IoU=0.50:0.95 | area= large | maxDets=100 ] = 0.742
[08/08 16:21:05 d2.evaluation.coco_evaluation]: Evaluation results for bbox: 
|   AP   |  AP50  |  AP75  |  APs  |  APm   |  APl   |
|:------:|:------:|:------:|:-----:|:------:|:------:|
| 64.474 | 91.212 | 81.207 |  nan  | 55.590 | 65.842 |
[08/08 16:21:05 d2.evaluation.coco_evaluation]: Some metrics cannot be computed and is shown as NaN.
Loading and preparing results...
DONE (t=0.00s)
creating index...
index created!
Running per image evaluation...
Evaluate annotation type *segm*
DONE (t=0.02s).
Accumulating evaluation results...
DONE (t=0.01s).
 Average Precision  (AP) @[ IoU=0.50:0.95 | area=   all | maxDets=100 ] = 0.675
 Average Precision  (AP) @[ IoU=0.50      | area=   all | maxDets=100 ] = 0.912
 Average Precision  (AP) @[ IoU=0.75      | area=   all | maxDets=100 ] = 0.830
 Average Precision  (AP) @[ IoU=0.50:0.95 | area= small | maxDets=100 ] = -1.000
 Average Precision  (AP) @[ IoU=0.50:0.95 | area=medium | maxDets=100 ] = 0.506
 Average Precision  (AP) @[ IoU=0.50:0.95 | area= large | maxDets=100 ] = 0.699
 Average Recall     (AR) @[ IoU=0.50:0.95 | area=   all | maxDets=  1 ] = 0.737
 Average Recall     (AR) @[ IoU=0.50:0.95 | area=   all | maxDets= 10 ] = 0.749
 Average Recall     (AR) @[ IoU=0.50:0.95 | area=   all | maxDets=100 ] = 0.749
 Average Recall     (AR) @[ IoU=0.50:0.95 | area= small | maxDets=100 ] = -1.000
 Average Recall     (AR) @[ IoU=0.50:0.95 | area=medium | maxDets=100 ] = 0.560
 Average Recall     (AR) @[ IoU=0.50:0.95 | area= large | maxDets=100 ] = 0.773
[08/08 16:21:05 d2.evaluation.coco_evaluation]: Evaluation results for segm: 
|   AP   |  AP50  |  AP75  |  APs  |  APm   |  APl   |
|:------:|:------:|:------:|:-----:|:------:|:------:|
| 67.484 | 91.212 | 82.988 |  nan  | 50.619 | 69.863 |
[08/08 16:21:05 d2.evaluation.coco_evaluation]: Some metrics cannot be computed and is shown as NaN.
[Iter 2 AP] → mAP@[.5:.95] = 67.484
[08/08 16:21:07 d2.utils.events]:  eta: 0:06:13  iter: 319  total_loss: 0.2742  loss_cls: 0.03458  loss_box_reg: 0.06632  loss_mask: 0.1615  loss_rpn_cls: 2.762e-05  loss_rpn_loc: 0.004265    time: 0.0806  last_time: 0.0834  data_time: 0.0024  last_data_time: 0.0024   lr: 0.00022944  max_mem: 1666M
[08/08 16:21:08 d2.utils.events]:  eta: 0:06:11  iter: 339  total_loss: 0.2759  loss_cls: 0.03094  loss_box_reg: 0.06655  loss_mask: 0.179  loss_rpn_cls: 3.532e-05  loss_rpn_loc: 0.003623    time: 0.0805  last_time: 0.0774  data_time: 0.0023  last_data_time: 0.0021   lr: 0.00024069  max_mem: 1666M
[08/08 16:21:10 d2.utils.events]:  eta: 0:06:09  iter: 359  total_loss: 0.2416  loss_cls: 0.02997  loss_box_reg: 0.06243  loss_mask: 0.1593  loss_rpn_cls: 2.7e-05  loss_rpn_loc: 0.003134    time: 0.0804  last_time: 0.0776  data_time: 0.0024  last_data_time: 0.0024   lr: 0.00025194  max_mem: 1674M
[08/08 16:21:12 d2.utils.events]:  eta: 0:06:07  iter: 379  total_loss: 0.2475  loss_cls: 0.02967  loss_box_reg: 0.07236  loss_mask: 0.1537  loss_rpn_cls: 8.448e-06  loss_rpn_loc: 0.003394    time: 0.0807  last_time: 0.0822  data_time: 0.0024  last_data_time: 0.0023   lr: 0.00026319  max_mem: 1674M
[08/08 16:21:13 d2.utils.events]:  eta: 0:06:05  iter: 399  total_loss: 0.2234  loss_cls: 0.02541  loss_box_reg: 0.04884  loss_mask: 0.1416  loss_rpn_cls: 6.089e-05  loss_rpn_loc: 0.003381    time: 0.0806  last_time: 0.0745  data_time: 0.0025  last_data_time: 0.0024   lr: 0.00027444  max_mem: 1674M
[08/08 16:21:13 d2.evaluation.coco_evaluation]: Fast COCO eval is not built. Falling back to official COCO eval.
[08/08 16:21:13 d2.data.datasets.coco]: Loaded 89 images in COCO format from /projects/PUCHALLA/LLP2024/tumor-segmentation/data/processed_data/rgb/test/images/test.json
[08/08 16:21:13 d2.data.dataset_mapper]: [DatasetMapper] Augmentations used in inference: [ResizeShortestEdge(short_edge_length=(800, 800), max_size=1333, sample_style='choice')]
[08/08 16:21:13 d2.data.common]: Serializing the dataset using: <class 'detectron2.data.common._TorchSerializedList'>
[08/08 16:21:13 d2.data.common]: Serializing 89 elements to byte tensors and concatenating them all ...
[08/08 16:21:13 d2.data.common]: Serialized dataset takes 0.07 MiB
[08/08 16:21:13 d2.evaluation.evaluator]: Start inference on 89 batches
[08/08 16:21:14 d2.evaluation.evaluator]: Inference done 11/89. Dataloading: 0.0006 s/iter. Inference: 0.0248 s/iter. Eval: 0.0004 s/iter. Total: 0.0257 s/iter. ETA=0:00:02
[08/08 16:21:16 d2.evaluation.evaluator]: Total inference time: 0:00:02.209269 (0.026301 s / iter per device, on 1 devices)
[08/08 16:21:16 d2.evaluation.evaluator]: Total inference pure compute time: 0:00:02 (0.024160 s / iter per device, on 1 devices)
[08/08 16:21:16 d2.evaluation.coco_evaluation]: Preparing results for COCO format ...
[08/08 16:21:16 d2.evaluation.coco_evaluation]: Saving results to ../../../../../models/rgb-testing/rerun-model-4-rgb/coco_instances_results.json
[08/08 16:21:16 d2.evaluation.coco_evaluation]: Evaluating predictions with official COCO API...
Loading and preparing results...
DONE (t=0.00s)
creating index...
index created!
Running per image evaluation...
Evaluate annotation type *bbox*
DONE (t=0.01s).
Accumulating evaluation results...
DONE (t=0.01s).
 Average Precision  (AP) @[ IoU=0.50:0.95 | area=   all | maxDets=100 ] = 0.613
 Average Precision  (AP) @[ IoU=0.50      | area=   all | maxDets=100 ] = 0.921
 Average Precision  (AP) @[ IoU=0.75      | area=   all | maxDets=100 ] = 0.799
 Average Precision  (AP) @[ IoU=0.50:0.95 | area= small | maxDets=100 ] = -1.000
 Average Precision  (AP) @[ IoU=0.50:0.95 | area=medium | maxDets=100 ] = 0.513
 Average Precision  (AP) @[ IoU=0.50:0.95 | area= large | maxDets=100 ] = 0.628
 Average Recall     (AR) @[ IoU=0.50:0.95 | area=   all | maxDets=  1 ] = 0.680
 Average Recall     (AR) @[ IoU=0.50:0.95 | area=   all | maxDets= 10 ] = 0.682
 Average Recall     (AR) @[ IoU=0.50:0.95 | area=   all | maxDets=100 ] = 0.682
 Average Recall     (AR) @[ IoU=0.50:0.95 | area= small | maxDets=100 ] = -1.000
 Average Recall     (AR) @[ IoU=0.50:0.95 | area=medium | maxDets=100 ] = 0.540
 Average Recall     (AR) @[ IoU=0.50:0.95 | area= large | maxDets=100 ] = 0.700
[08/08 16:21:16 d2.evaluation.coco_evaluation]: Evaluation results for bbox: 
|   AP   |  AP50  |  AP75  |  APs  |  APm   |  APl   |
|:------:|:------:|:------:|:-----:|:------:|:------:|
| 61.305 | 92.120 | 79.868 |  nan  | 51.251 | 62.772 |
[08/08 16:21:16 d2.evaluation.coco_evaluation]: Some metrics cannot be computed and is shown as NaN.
Loading and preparing results...
DONE (t=0.00s)
creating index...
index created!
Running per image evaluation...
Evaluate annotation type *segm*
DONE (t=0.02s).
Accumulating evaluation results...
DONE (t=0.01s).
 Average Precision  (AP) @[ IoU=0.50:0.95 | area=   all | maxDets=100 ] = 0.683
 Average Precision  (AP) @[ IoU=0.50      | area=   all | maxDets=100 ] = 0.921
 Average Precision  (AP) @[ IoU=0.75      | area=   all | maxDets=100 ] = 0.834
 Average Precision  (AP) @[ IoU=0.50:0.95 | area= small | maxDets=100 ] = -1.000
 Average Precision  (AP) @[ IoU=0.50:0.95 | area=medium | maxDets=100 ] = 0.510
 Average Precision  (AP) @[ IoU=0.50:0.95 | area= large | maxDets=100 ] = 0.706
 Average Recall     (AR) @[ IoU=0.50:0.95 | area=   all | maxDets=  1 ] = 0.740
 Average Recall     (AR) @[ IoU=0.50:0.95 | area=   all | maxDets= 10 ] = 0.743
 Average Recall     (AR) @[ IoU=0.50:0.95 | area=   all | maxDets=100 ] = 0.743
 Average Recall     (AR) @[ IoU=0.50:0.95 | area= small | maxDets=100 ] = -1.000
 Average Recall     (AR) @[ IoU=0.50:0.95 | area=medium | maxDets=100 ] = 0.570
 Average Recall     (AR) @[ IoU=0.50:0.95 | area= large | maxDets=100 ] = 0.765
[08/08 16:21:16 d2.evaluation.coco_evaluation]: Evaluation results for segm: 
|   AP   |  AP50  |  AP75  |  APs  |  APm   |  APl   |
|:------:|:------:|:------:|:-----:|:------:|:------:|
| 68.350 | 92.120 | 83.407 |  nan  | 50.998 | 70.634 |
[08/08 16:21:16 d2.evaluation.coco_evaluation]: Some metrics cannot be computed and is shown as NaN.
[Iter 2 AP] → mAP@[.5:.95] = 68.350
[08/08 16:21:17 d2.utils.events]:  eta: 0:06:04  iter: 419  total_loss: 0.2509  loss_cls: 0.02353  loss_box_reg: 0.05807  loss_mask: 0.1566  loss_rpn_cls: 5.31e-05  loss_rpn_loc: 0.003541    time: 0.0805  last_time: 0.0801  data_time: 0.0023  last_data_time: 0.0025   lr: 0.00028569  max_mem: 1674M
[08/08 16:21:19 d2.utils.events]:  eta: 0:06:01  iter: 439  total_loss: 0.2158  loss_cls: 0.02655  loss_box_reg: 0.0637  loss_mask: 0.1273  loss_rpn_cls: 1.642e-05  loss_rpn_loc: 0.002515    time: 0.0804  last_time: 0.0723  data_time: 0.0024  last_data_time: 0.0022   lr: 0.00029694  max_mem: 1674M
[08/08 16:21:21 d2.utils.events]:  eta: 0:05:59  iter: 459  total_loss: 0.254  loss_cls: 0.0283  loss_box_reg: 0.05913  loss_mask: 0.1607  loss_rpn_cls: 2.201e-05  loss_rpn_loc: 0.003466    time: 0.0804  last_time: 0.0730  data_time: 0.0024  last_data_time: 0.0024   lr: 0.00030819  max_mem: 1683M
[08/08 16:21:22 d2.utils.events]:  eta: 0:05:57  iter: 479  total_loss: 0.2374  loss_cls: 0.02722  loss_box_reg: 0.06616  loss_mask: 0.1413  loss_rpn_cls: 5.316e-05  loss_rpn_loc: 0.002442    time: 0.0803  last_time: 0.0845  data_time: 0.0024  last_data_time: 0.0024   lr: 0.00031944  max_mem: 1683M
[08/08 16:21:24 d2.utils.events]:  eta: 0:05:56  iter: 499  total_loss: 0.2613  loss_cls: 0.02324  loss_box_reg: 0.0582  loss_mask: 0.1622  loss_rpn_cls: 3.755e-06  loss_rpn_loc: 0.003646    time: 0.0802  last_time: 0.0783  data_time: 0.0024  last_data_time: 0.0022   lr: 0.00033069  max_mem: 1683M
[08/08 16:21:24 d2.evaluation.coco_evaluation]: Fast COCO eval is not built. Falling back to official COCO eval.
[08/08 16:21:24 d2.data.datasets.coco]: Loaded 89 images in COCO format from /projects/PUCHALLA/LLP2024/tumor-segmentation/data/processed_data/rgb/test/images/test.json
[08/08 16:21:24 d2.data.dataset_mapper]: [DatasetMapper] Augmentations used in inference: [ResizeShortestEdge(short_edge_length=(800, 800), max_size=1333, sample_style='choice')]
[08/08 16:21:24 d2.data.common]: Serializing the dataset using: <class 'detectron2.data.common._TorchSerializedList'>
[08/08 16:21:24 d2.data.common]: Serializing 89 elements to byte tensors and concatenating them all ...
[08/08 16:21:24 d2.data.common]: Serialized dataset takes 0.07 MiB
[08/08 16:21:24 d2.evaluation.evaluator]: Start inference on 89 batches
[08/08 16:21:24 d2.evaluation.evaluator]: Inference done 11/89. Dataloading: 0.0006 s/iter. Inference: 0.0243 s/iter. Eval: 0.0004 s/iter. Total: 0.0252 s/iter. ETA=0:00:01
[08/08 16:21:26 d2.evaluation.evaluator]: Total inference time: 0:00:02.202011 (0.026214 s / iter per device, on 1 devices)
[08/08 16:21:26 d2.evaluation.evaluator]: Total inference pure compute time: 0:00:02 (0.024106 s / iter per device, on 1 devices)
[08/08 16:21:26 d2.evaluation.coco_evaluation]: Preparing results for COCO format ...
[08/08 16:21:26 d2.evaluation.coco_evaluation]: Saving results to ../../../../../models/rgb-testing/rerun-model-4-rgb/coco_instances_results.json
[08/08 16:21:26 d2.evaluation.coco_evaluation]: Evaluating predictions with official COCO API...
Loading and preparing results...
DONE (t=0.00s)
creating index...
index created!
Running per image evaluation...
Evaluate annotation type *bbox*
DONE (t=0.02s).
Accumulating evaluation results...
DONE (t=0.01s).
 Average Precision  (AP) @[ IoU=0.50:0.95 | area=   all | maxDets=100 ] = 0.701
 Average Precision  (AP) @[ IoU=0.50      | area=   all | maxDets=100 ] = 0.933
 Average Precision  (AP) @[ IoU=0.75      | area=   all | maxDets=100 ] = 0.869
 Average Precision  (AP) @[ IoU=0.50:0.95 | area= small | maxDets=100 ] = -1.000
 Average Precision  (AP) @[ IoU=0.50:0.95 | area=medium | maxDets=100 ] = 0.579
 Average Precision  (AP) @[ IoU=0.50:0.95 | area= large | maxDets=100 ] = 0.720
 Average Recall     (AR) @[ IoU=0.50:0.95 | area=   all | maxDets=  1 ] = 0.743
 Average Recall     (AR) @[ IoU=0.50:0.95 | area=   all | maxDets= 10 ] = 0.748
 Average Recall     (AR) @[ IoU=0.50:0.95 | area=   all | maxDets=100 ] = 0.748
 Average Recall     (AR) @[ IoU=0.50:0.95 | area= small | maxDets=100 ] = -1.000
 Average Recall     (AR) @[ IoU=0.50:0.95 | area=medium | maxDets=100 ] = 0.590
 Average Recall     (AR) @[ IoU=0.50:0.95 | area= large | maxDets=100 ] = 0.768
[08/08 16:21:26 d2.evaluation.coco_evaluation]: Evaluation results for bbox: 
|   AP   |  AP50  |  AP75  |  APs  |  APm   |  APl   |
|:------:|:------:|:------:|:-----:|:------:|:------:|
| 70.077 | 93.304 | 86.861 |  nan  | 57.861 | 71.959 |
[08/08 16:21:26 d2.evaluation.coco_evaluation]: Some metrics cannot be computed and is shown as NaN.
Loading and preparing results...
DONE (t=0.00s)
creating index...
index created!
Running per image evaluation...
Evaluate annotation type *segm*
DONE (t=0.02s).
Accumulating evaluation results...
DONE (t=0.01s).
 Average Precision  (AP) @[ IoU=0.50:0.95 | area=   all | maxDets=100 ] = 0.701
 Average Precision  (AP) @[ IoU=0.50      | area=   all | maxDets=100 ] = 0.933
 Average Precision  (AP) @[ IoU=0.75      | area=   all | maxDets=100 ] = 0.857
 Average Precision  (AP) @[ IoU=0.50:0.95 | area= small | maxDets=100 ] = -1.000
 Average Precision  (AP) @[ IoU=0.50:0.95 | area=medium | maxDets=100 ] = 0.552
 Average Precision  (AP) @[ IoU=0.50:0.95 | area= large | maxDets=100 ] = 0.722
 Average Recall     (AR) @[ IoU=0.50:0.95 | area=   all | maxDets=  1 ] = 0.747
 Average Recall     (AR) @[ IoU=0.50:0.95 | area=   all | maxDets= 10 ] = 0.753
 Average Recall     (AR) @[ IoU=0.50:0.95 | area=   all | maxDets=100 ] = 0.753
 Average Recall     (AR) @[ IoU=0.50:0.95 | area= small | maxDets=100 ] = -1.000
 Average Recall     (AR) @[ IoU=0.50:0.95 | area=medium | maxDets=100 ] = 0.590
 Average Recall     (AR) @[ IoU=0.50:0.95 | area= large | maxDets=100 ] = 0.773
[08/08 16:21:26 d2.evaluation.coco_evaluation]: Evaluation results for segm: 
|   AP   |  AP50  |  AP75  |  APs  |  APm   |  APl   |
|:------:|:------:|:------:|:-----:|:------:|:------:|
| 70.054 | 93.304 | 85.685 |  nan  | 55.168 | 72.171 |
[08/08 16:21:26 d2.evaluation.coco_evaluation]: Some metrics cannot be computed and is shown as NaN.
[Iter 2 AP] → mAP@[.5:.95] = 70.054
[08/08 16:21:28 d2.utils.events]:  eta: 0:05:54  iter: 519  total_loss: 0.2396  loss_cls: 0.02303  loss_box_reg: 0.0612  loss_mask: 0.1514  loss_rpn_cls: 9.781e-06  loss_rpn_loc: 0.002848    time: 0.0802  last_time: 0.0808  data_time: 0.0025  last_data_time: 0.0026   lr: 0.00034194  max_mem: 1683M
[08/08 16:21:29 d2.utils.events]:  eta: 0:05:53  iter: 539  total_loss: 0.2361  loss_cls: 0.0257  loss_box_reg: 0.05752  loss_mask: 0.1592  loss_rpn_cls: 2.5e-05  loss_rpn_loc: 0.003069    time: 0.0802  last_time: 0.0810  data_time: 0.0024  last_data_time: 0.0025   lr: 0.00035319  max_mem: 1683M
[08/08 16:21:31 d2.utils.events]:  eta: 0:05:51  iter: 559  total_loss: 0.2487  loss_cls: 0.02231  loss_box_reg: 0.06213  loss_mask: 0.1529  loss_rpn_cls: 7.323e-06  loss_rpn_loc: 0.003328    time: 0.0802  last_time: 0.0849  data_time: 0.0024  last_data_time: 0.0025   lr: 0.00036444  max_mem: 1683M
[08/08 16:21:33 d2.utils.events]:  eta: 0:05:49  iter: 579  total_loss: 0.2538  loss_cls: 0.0259  loss_box_reg: 0.05524  loss_mask: 0.162  loss_rpn_cls: 1.337e-05  loss_rpn_loc: 0.002949    time: 0.0801  last_time: 0.0740  data_time: 0.0025  last_data_time: 0.0022   lr: 0.00037569  max_mem: 1683M
[08/08 16:21:34 d2.utils.events]:  eta: 0:05:48  iter: 599  total_loss: 0.2427  loss_cls: 0.02521  loss_box_reg: 0.05233  loss_mask: 0.1555  loss_rpn_cls: 1.138e-05  loss_rpn_loc: 0.002934    time: 0.0801  last_time: 0.0743  data_time: 0.0025  last_data_time: 0.0024   lr: 0.00038694  max_mem: 1683M
[08/08 16:21:34 d2.evaluation.coco_evaluation]: Fast COCO eval is not built. Falling back to official COCO eval.
[08/08 16:21:34 d2.data.datasets.coco]: Loaded 89 images in COCO format from /projects/PUCHALLA/LLP2024/tumor-segmentation/data/processed_data/rgb/test/images/test.json
[08/08 16:21:34 d2.data.dataset_mapper]: [DatasetMapper] Augmentations used in inference: [ResizeShortestEdge(short_edge_length=(800, 800), max_size=1333, sample_style='choice')]
[08/08 16:21:34 d2.data.common]: Serializing the dataset using: <class 'detectron2.data.common._TorchSerializedList'>
[08/08 16:21:34 d2.data.common]: Serializing 89 elements to byte tensors and concatenating them all ...
[08/08 16:21:34 d2.data.common]: Serialized dataset takes 0.07 MiB
[08/08 16:21:34 d2.evaluation.evaluator]: Start inference on 89 batches
[08/08 16:21:35 d2.evaluation.evaluator]: Inference done 11/89. Dataloading: 0.0005 s/iter. Inference: 0.0237 s/iter. Eval: 0.0003 s/iter. Total: 0.0245 s/iter. ETA=0:00:01
[08/08 16:21:37 d2.evaluation.evaluator]: Total inference time: 0:00:02.210665 (0.026317 s / iter per device, on 1 devices)
[08/08 16:21:37 d2.evaluation.evaluator]: Total inference pure compute time: 0:00:02 (0.024186 s / iter per device, on 1 devices)
[08/08 16:21:37 d2.evaluation.coco_evaluation]: Preparing results for COCO format ...
[08/08 16:21:37 d2.evaluation.coco_evaluation]: Saving results to ../../../../../models/rgb-testing/rerun-model-4-rgb/coco_instances_results.json
[08/08 16:21:37 d2.evaluation.coco_evaluation]: Evaluating predictions with official COCO API...
Loading and preparing results...
DONE (t=0.00s)
creating index...
index created!
Running per image evaluation...
Evaluate annotation type *bbox*
DONE (t=0.02s).
Accumulating evaluation results...
DONE (t=0.01s).
 Average Precision  (AP) @[ IoU=0.50:0.95 | area=   all | maxDets=100 ] = 0.647
 Average Precision  (AP) @[ IoU=0.50      | area=   all | maxDets=100 ] = 0.925
 Average Precision  (AP) @[ IoU=0.75      | area=   all | maxDets=100 ] = 0.844
 Average Precision  (AP) @[ IoU=0.50:0.95 | area= small | maxDets=100 ] = -1.000
 Average Precision  (AP) @[ IoU=0.50:0.95 | area=medium | maxDets=100 ] = 0.517
 Average Precision  (AP) @[ IoU=0.50:0.95 | area= large | maxDets=100 ] = 0.664
 Average Recall     (AR) @[ IoU=0.50:0.95 | area=   all | maxDets=  1 ] = 0.689
 Average Recall     (AR) @[ IoU=0.50:0.95 | area=   all | maxDets= 10 ] = 0.698
 Average Recall     (AR) @[ IoU=0.50:0.95 | area=   all | maxDets=100 ] = 0.698
 Average Recall     (AR) @[ IoU=0.50:0.95 | area= small | maxDets=100 ] = -1.000
 Average Recall     (AR) @[ IoU=0.50:0.95 | area=medium | maxDets=100 ] = 0.580
 Average Recall     (AR) @[ IoU=0.50:0.95 | area= large | maxDets=100 ] = 0.713
[08/08 16:21:37 d2.evaluation.coco_evaluation]: Evaluation results for bbox: 
|   AP   |  AP50  |  AP75  |  APs  |  APm   |  APl   |
|:------:|:------:|:------:|:-----:|:------:|:------:|
| 64.740 | 92.465 | 84.362 |  nan  | 51.700 | 66.358 |
[08/08 16:21:37 d2.evaluation.coco_evaluation]: Some metrics cannot be computed and is shown as NaN.
Loading and preparing results...
DONE (t=0.00s)
creating index...
index created!
Running per image evaluation...
Evaluate annotation type *segm*
DONE (t=0.02s).
Accumulating evaluation results...
DONE (t=0.01s).
 Average Precision  (AP) @[ IoU=0.50:0.95 | area=   all | maxDets=100 ] = 0.663
 Average Precision  (AP) @[ IoU=0.50      | area=   all | maxDets=100 ] = 0.902
 Average Precision  (AP) @[ IoU=0.75      | area=   all | maxDets=100 ] = 0.831
 Average Precision  (AP) @[ IoU=0.50:0.95 | area= small | maxDets=100 ] = -1.000
 Average Precision  (AP) @[ IoU=0.50:0.95 | area=medium | maxDets=100 ] = 0.462
 Average Precision  (AP) @[ IoU=0.50:0.95 | area= large | maxDets=100 ] = 0.684
 Average Recall     (AR) @[ IoU=0.50:0.95 | area=   all | maxDets=  1 ] = 0.701
 Average Recall     (AR) @[ IoU=0.50:0.95 | area=   all | maxDets= 10 ] = 0.709
 Average Recall     (AR) @[ IoU=0.50:0.95 | area=   all | maxDets=100 ] = 0.709
 Average Recall     (AR) @[ IoU=0.50:0.95 | area= small | maxDets=100 ] = -1.000
 Average Recall     (AR) @[ IoU=0.50:0.95 | area=medium | maxDets=100 ] = 0.560
 Average Recall     (AR) @[ IoU=0.50:0.95 | area= large | maxDets=100 ] = 0.728
[08/08 16:21:37 d2.evaluation.coco_evaluation]: Evaluation results for segm: 
|   AP   |  AP50  |  AP75  |  APs  |  APm   |  APl   |
|:------:|:------:|:------:|:-----:|:------:|:------:|
| 66.260 | 90.234 | 83.107 |  nan  | 46.201 | 68.405 |
[08/08 16:21:37 d2.evaluation.coco_evaluation]: Some metrics cannot be computed and is shown as NaN.
[Iter 2 AP] → mAP@[.5:.95] = 66.260
[08/08 16:21:38 d2.utils.events]:  eta: 0:05:46  iter: 619  total_loss: 0.2216  loss_cls: 0.02077  loss_box_reg: 0.05301  loss_mask: 0.1366  loss_rpn_cls: 7.428e-06  loss_rpn_loc: 0.002638    time: 0.0800  last_time: 0.0738  data_time: 0.0024  last_data_time: 0.0023   lr: 0.00039819  max_mem: 1683M
[08/08 16:21:40 d2.utils.events]:  eta: 0:05:44  iter: 639  total_loss: 0.2404  loss_cls: 0.02211  loss_box_reg: 0.0589  loss_mask: 0.1458  loss_rpn_cls: 3.532e-06  loss_rpn_loc: 0.002779    time: 0.0800  last_time: 0.0776  data_time: 0.0024  last_data_time: 0.0025   lr: 0.00040944  max_mem: 1683M
[08/08 16:21:42 d2.utils.events]:  eta: 0:05:43  iter: 659  total_loss: 0.219  loss_cls: 0.02335  loss_box_reg: 0.05367  loss_mask: 0.1346  loss_rpn_cls: 1.052e-05  loss_rpn_loc: 0.002931    time: 0.0800  last_time: 0.0723  data_time: 0.0024  last_data_time: 0.0024   lr: 0.00042069  max_mem: 1683M
[08/08 16:21:43 d2.utils.events]:  eta: 0:05:41  iter: 679  total_loss: 0.2426  loss_cls: 0.0224  loss_box_reg: 0.06064  loss_mask: 0.1476  loss_rpn_cls: 2.305e-05  loss_rpn_loc: 0.003027    time: 0.0799  last_time: 0.0852  data_time: 0.0024  last_data_time: 0.0023   lr: 0.00043194  max_mem: 1683M
[08/08 16:21:45 d2.utils.events]:  eta: 0:05:40  iter: 699  total_loss: 0.2462  loss_cls: 0.02445  loss_box_reg: 0.06082  loss_mask: 0.1439  loss_rpn_cls: 2.184e-05  loss_rpn_loc: 0.002895    time: 0.0799  last_time: 0.0843  data_time: 0.0024  last_data_time: 0.0025   lr: 0.00044319  max_mem: 1683M
[08/08 16:21:45 d2.evaluation.coco_evaluation]: Fast COCO eval is not built. Falling back to official COCO eval.
[08/08 16:21:45 d2.data.datasets.coco]: Loaded 89 images in COCO format from /projects/PUCHALLA/LLP2024/tumor-segmentation/data/processed_data/rgb/test/images/test.json
[08/08 16:21:45 d2.data.dataset_mapper]: [DatasetMapper] Augmentations used in inference: [ResizeShortestEdge(short_edge_length=(800, 800), max_size=1333, sample_style='choice')]
[08/08 16:21:45 d2.data.common]: Serializing the dataset using: <class 'detectron2.data.common._TorchSerializedList'>
[08/08 16:21:45 d2.data.common]: Serializing 89 elements to byte tensors and concatenating them all ...
[08/08 16:21:45 d2.data.common]: Serialized dataset takes 0.07 MiB
[08/08 16:21:45 d2.evaluation.evaluator]: Start inference on 89 batches
[08/08 16:21:45 d2.evaluation.evaluator]: Inference done 11/89. Dataloading: 0.0006 s/iter. Inference: 0.0243 s/iter. Eval: 0.0004 s/iter. Total: 0.0253 s/iter. ETA=0:00:01
[08/08 16:21:47 d2.evaluation.evaluator]: Total inference time: 0:00:02.203663 (0.026234 s / iter per device, on 1 devices)
[08/08 16:21:47 d2.evaluation.evaluator]: Total inference pure compute time: 0:00:02 (0.024087 s / iter per device, on 1 devices)
[08/08 16:21:47 d2.evaluation.coco_evaluation]: Preparing results for COCO format ...
[08/08 16:21:47 d2.evaluation.coco_evaluation]: Saving results to ../../../../../models/rgb-testing/rerun-model-4-rgb/coco_instances_results.json
[08/08 16:21:47 d2.evaluation.coco_evaluation]: Evaluating predictions with official COCO API...
Loading and preparing results...
DONE (t=0.00s)
creating index...
index created!
Running per image evaluation...
Evaluate annotation type *bbox*
DONE (t=0.02s).
Accumulating evaluation results...
DONE (t=0.01s).
 Average Precision  (AP) @[ IoU=0.50:0.95 | area=   all | maxDets=100 ] = 0.695
 Average Precision  (AP) @[ IoU=0.50      | area=   all | maxDets=100 ] = 0.933
 Average Precision  (AP) @[ IoU=0.75      | area=   all | maxDets=100 ] = 0.891
 Average Precision  (AP) @[ IoU=0.50:0.95 | area= small | maxDets=100 ] = -1.000
 Average Precision  (AP) @[ IoU=0.50:0.95 | area=medium | maxDets=100 ] = 0.521
 Average Precision  (AP) @[ IoU=0.50:0.95 | area= large | maxDets=100 ] = 0.716
 Average Recall     (AR) @[ IoU=0.50:0.95 | area=   all | maxDets=  1 ] = 0.747
 Average Recall     (AR) @[ IoU=0.50:0.95 | area=   all | maxDets= 10 ] = 0.751
 Average Recall     (AR) @[ IoU=0.50:0.95 | area=   all | maxDets=100 ] = 0.751
 Average Recall     (AR) @[ IoU=0.50:0.95 | area= small | maxDets=100 ] = -1.000
 Average Recall     (AR) @[ IoU=0.50:0.95 | area=medium | maxDets=100 ] = 0.540
 Average Recall     (AR) @[ IoU=0.50:0.95 | area= large | maxDets=100 ] = 0.777
[08/08 16:21:47 d2.evaluation.coco_evaluation]: Evaluation results for bbox: 
|   AP   |  AP50  |  AP75  |  APs  |  APm   |  APl   |
|:------:|:------:|:------:|:-----:|:------:|:------:|
| 69.497 | 93.340 | 89.144 |  nan  | 52.133 | 71.636 |
[08/08 16:21:47 d2.evaluation.coco_evaluation]: Some metrics cannot be computed and is shown as NaN.
Loading and preparing results...
DONE (t=0.00s)
creating index...
index created!
Running per image evaluation...
Evaluate annotation type *segm*
DONE (t=0.02s).
Accumulating evaluation results...
DONE (t=0.01s).
 Average Precision  (AP) @[ IoU=0.50:0.95 | area=   all | maxDets=100 ] = 0.711
 Average Precision  (AP) @[ IoU=0.50      | area=   all | maxDets=100 ] = 0.924
 Average Precision  (AP) @[ IoU=0.75      | area=   all | maxDets=100 ] = 0.860
 Average Precision  (AP) @[ IoU=0.50:0.95 | area= small | maxDets=100 ] = -1.000
 Average Precision  (AP) @[ IoU=0.50:0.95 | area=medium | maxDets=100 ] = 0.532
 Average Precision  (AP) @[ IoU=0.50:0.95 | area= large | maxDets=100 ] = 0.734
 Average Recall     (AR) @[ IoU=0.50:0.95 | area=   all | maxDets=  1 ] = 0.756
 Average Recall     (AR) @[ IoU=0.50:0.95 | area=   all | maxDets= 10 ] = 0.757
 Average Recall     (AR) @[ IoU=0.50:0.95 | area=   all | maxDets=100 ] = 0.757
 Average Recall     (AR) @[ IoU=0.50:0.95 | area= small | maxDets=100 ] = -1.000
 Average Recall     (AR) @[ IoU=0.50:0.95 | area=medium | maxDets=100 ] = 0.560
 Average Recall     (AR) @[ IoU=0.50:0.95 | area= large | maxDets=100 ] = 0.782
[08/08 16:21:47 d2.evaluation.coco_evaluation]: Evaluation results for segm: 
|   AP   |  AP50  |  AP75  |  APs  |  APm   |  APl   |
|:------:|:------:|:------:|:-----:|:------:|:------:|
| 71.111 | 92.364 | 85.956 |  nan  | 53.201 | 73.389 |
[08/08 16:21:47 d2.evaluation.coco_evaluation]: Some metrics cannot be computed and is shown as NaN.
[Iter 2 AP] → mAP@[.5:.95] = 71.111
[08/08 16:21:49 d2.utils.events]:  eta: 0:05:38  iter: 719  total_loss: 0.1935  loss_cls: 0.02055  loss_box_reg: 0.05471  loss_mask: 0.1171  loss_rpn_cls: 5.578e-06  loss_rpn_loc: 0.002628    time: 0.0799  last_time: 0.0734  data_time: 0.0023  last_data_time: 0.0023   lr: 0.00045444  max_mem: 1683M
[08/08 16:21:50 d2.utils.events]:  eta: 0:05:36  iter: 739  total_loss: 0.2363  loss_cls: 0.02467  loss_box_reg: 0.06128  loss_mask: 0.1448  loss_rpn_cls: 1.142e-05  loss_rpn_loc: 0.003123    time: 0.0798  last_time: 0.0759  data_time: 0.0024  last_data_time: 0.0025   lr: 0.00046569  max_mem: 1683M
[08/08 16:21:52 d2.utils.events]:  eta: 0:05:35  iter: 759  total_loss: 0.1991  loss_cls: 0.02269  loss_box_reg: 0.05368  loss_mask: 0.1371  loss_rpn_cls: 7.002e-06  loss_rpn_loc: 0.002223    time: 0.0798  last_time: 0.0766  data_time: 0.0024  last_data_time: 0.0023   lr: 0.00047694  max_mem: 1683M
[08/08 16:21:54 d2.utils.events]:  eta: 0:05:33  iter: 779  total_loss: 0.2382  loss_cls: 0.02611  loss_box_reg: 0.06178  loss_mask: 0.1496  loss_rpn_cls: 1.524e-05  loss_rpn_loc: 0.002753    time: 0.0798  last_time: 0.0737  data_time: 0.0024  last_data_time: 0.0025   lr: 0.00048819  max_mem: 1683M
[08/08 16:21:55 d2.utils.events]:  eta: 0:05:32  iter: 799  total_loss: 0.2177  loss_cls: 0.02039  loss_box_reg: 0.05148  loss_mask: 0.1408  loss_rpn_cls: 2.823e-06  loss_rpn_loc: 0.002821    time: 0.0797  last_time: 0.0780  data_time: 0.0025  last_data_time: 0.0025   lr: 0.00049944  max_mem: 1683M
[08/08 16:21:55 d2.evaluation.coco_evaluation]: Fast COCO eval is not built. Falling back to official COCO eval.
[08/08 16:21:55 d2.data.datasets.coco]: Loaded 89 images in COCO format from /projects/PUCHALLA/LLP2024/tumor-segmentation/data/processed_data/rgb/test/images/test.json
[08/08 16:21:55 d2.data.dataset_mapper]: [DatasetMapper] Augmentations used in inference: [ResizeShortestEdge(short_edge_length=(800, 800), max_size=1333, sample_style='choice')]
[08/08 16:21:55 d2.data.common]: Serializing the dataset using: <class 'detectron2.data.common._TorchSerializedList'>
[08/08 16:21:55 d2.data.common]: Serializing 89 elements to byte tensors and concatenating them all ...
[08/08 16:21:55 d2.data.common]: Serialized dataset takes 0.07 MiB
[08/08 16:21:55 d2.evaluation.evaluator]: Start inference on 89 batches
[08/08 16:21:56 d2.evaluation.evaluator]: Inference done 11/89. Dataloading: 0.0006 s/iter. Inference: 0.0243 s/iter. Eval: 0.0004 s/iter. Total: 0.0252 s/iter. ETA=0:00:01
[08/08 16:21:58 d2.evaluation.evaluator]: Total inference time: 0:00:02.220070 (0.026429 s / iter per device, on 1 devices)
[08/08 16:21:58 d2.evaluation.evaluator]: Total inference pure compute time: 0:00:02 (0.024302 s / iter per device, on 1 devices)
[08/08 16:21:58 d2.evaluation.coco_evaluation]: Preparing results for COCO format ...
[08/08 16:21:58 d2.evaluation.coco_evaluation]: Saving results to ../../../../../models/rgb-testing/rerun-model-4-rgb/coco_instances_results.json
[08/08 16:21:58 d2.evaluation.coco_evaluation]: Evaluating predictions with official COCO API...
Loading and preparing results...
DONE (t=0.00s)
creating index...
index created!
Running per image evaluation...
Evaluate annotation type *bbox*
DONE (t=0.02s).
Accumulating evaluation results...
DONE (t=0.01s).
 Average Precision  (AP) @[ IoU=0.50:0.95 | area=   all | maxDets=100 ] = 0.703
 Average Precision  (AP) @[ IoU=0.50      | area=   all | maxDets=100 ] = 0.919
 Average Precision  (AP) @[ IoU=0.75      | area=   all | maxDets=100 ] = 0.847
 Average Precision  (AP) @[ IoU=0.50:0.95 | area= small | maxDets=100 ] = -1.000
 Average Precision  (AP) @[ IoU=0.50:0.95 | area=medium | maxDets=100 ] = 0.550
 Average Precision  (AP) @[ IoU=0.50:0.95 | area= large | maxDets=100 ] = 0.727
 Average Recall     (AR) @[ IoU=0.50:0.95 | area=   all | maxDets=  1 ] = 0.758
 Average Recall     (AR) @[ IoU=0.50:0.95 | area=   all | maxDets= 10 ] = 0.762
 Average Recall     (AR) @[ IoU=0.50:0.95 | area=   all | maxDets=100 ] = 0.762
 Average Recall     (AR) @[ IoU=0.50:0.95 | area= small | maxDets=100 ] = -1.000
 Average Recall     (AR) @[ IoU=0.50:0.95 | area=medium | maxDets=100 ] = 0.570
 Average Recall     (AR) @[ IoU=0.50:0.95 | area= large | maxDets=100 ] = 0.786
[08/08 16:21:58 d2.evaluation.coco_evaluation]: Evaluation results for bbox: 
|   AP   |  AP50  |  AP75  |  APs  |  APm   |  APl   |
|:------:|:------:|:------:|:-----:|:------:|:------:|
| 70.261 | 91.940 | 84.747 |  nan  | 54.994 | 72.688 |
[08/08 16:21:58 d2.evaluation.coco_evaluation]: Some metrics cannot be computed and is shown as NaN.
Loading and preparing results...
DONE (t=0.00s)
creating index...
index created!
Running per image evaluation...
Evaluate annotation type *segm*
DONE (t=0.02s).
Accumulating evaluation results...
DONE (t=0.01s).
 Average Precision  (AP) @[ IoU=0.50:0.95 | area=   all | maxDets=100 ] = 0.698
 Average Precision  (AP) @[ IoU=0.50      | area=   all | maxDets=100 ] = 0.919
 Average Precision  (AP) @[ IoU=0.75      | area=   all | maxDets=100 ] = 0.847
 Average Precision  (AP) @[ IoU=0.50:0.95 | area= small | maxDets=100 ] = -1.000
 Average Precision  (AP) @[ IoU=0.50:0.95 | area=medium | maxDets=100 ] = 0.520
 Average Precision  (AP) @[ IoU=0.50:0.95 | area= large | maxDets=100 ] = 0.724
 Average Recall     (AR) @[ IoU=0.50:0.95 | area=   all | maxDets=  1 ] = 0.755
 Average Recall     (AR) @[ IoU=0.50:0.95 | area=   all | maxDets= 10 ] = 0.756
 Average Recall     (AR) @[ IoU=0.50:0.95 | area=   all | maxDets=100 ] = 0.756
 Average Recall     (AR) @[ IoU=0.50:0.95 | area= small | maxDets=100 ] = -1.000
 Average Recall     (AR) @[ IoU=0.50:0.95 | area=medium | maxDets=100 ] = 0.560
 Average Recall     (AR) @[ IoU=0.50:0.95 | area= large | maxDets=100 ] = 0.781
[08/08 16:21:58 d2.evaluation.coco_evaluation]: Evaluation results for segm: 
|   AP   |  AP50  |  AP75  |  APs  |  APm   |  APl   |
|:------:|:------:|:------:|:-----:|:------:|:------:|
| 69.759 | 91.940 | 84.747 |  nan  | 51.964 | 72.371 |
[08/08 16:21:58 d2.evaluation.coco_evaluation]: Some metrics cannot be computed and is shown as NaN.
[Iter 2 AP] → mAP@[.5:.95] = 69.759
[08/08 16:21:59 d2.utils.events]:  eta: 0:05:30  iter: 819  total_loss: 0.2263  loss_cls: 0.02649  loss_box_reg: 0.05451  loss_mask: 0.1263  loss_rpn_cls: 7.033e-06  loss_rpn_loc: 0.003189    time: 0.0799  last_time: 0.0777  data_time: 0.0024  last_data_time: 0.0024   lr: 0.0005  max_mem: 1683M
[08/08 16:22:01 d2.utils.events]:  eta: 0:05:28  iter: 839  total_loss: 0.2168  loss_cls: 0.02222  loss_box_reg: 0.04916  loss_mask: 0.126  loss_rpn_cls: 4.993e-06  loss_rpn_loc: 0.002409    time: 0.0799  last_time: 0.0830  data_time: 0.0025  last_data_time: 0.0036   lr: 0.0005  max_mem: 1683M
[08/08 16:22:03 d2.utils.events]:  eta: 0:05:27  iter: 859  total_loss: 0.221  loss_cls: 0.02238  loss_box_reg: 0.05904  loss_mask: 0.1416  loss_rpn_cls: 7.399e-06  loss_rpn_loc: 0.002547    time: 0.0799  last_time: 0.0776  data_time: 0.0024  last_data_time: 0.0025   lr: 0.0005  max_mem: 1683M
[08/08 16:22:04 d2.utils.events]:  eta: 0:05:25  iter: 879  total_loss: 0.2101  loss_cls: 0.02386  loss_box_reg: 0.05626  loss_mask: 0.1237  loss_rpn_cls: 1.768e-05  loss_rpn_loc: 0.002679    time: 0.0799  last_time: 0.0787  data_time: 0.0025  last_data_time: 0.0025   lr: 0.0005  max_mem: 1683M
[08/08 16:22:06 d2.utils.events]:  eta: 0:05:24  iter: 899  total_loss: 0.2017  loss_cls: 0.01971  loss_box_reg: 0.04717  loss_mask: 0.1218  loss_rpn_cls: 2.459e-05  loss_rpn_loc: 0.002877    time: 0.0798  last_time: 0.0802  data_time: 0.0024  last_data_time: 0.0026   lr: 0.0005  max_mem: 1683M
[08/08 16:22:06 d2.evaluation.coco_evaluation]: Fast COCO eval is not built. Falling back to official COCO eval.
[08/08 16:22:06 d2.data.datasets.coco]: Loaded 89 images in COCO format from /projects/PUCHALLA/LLP2024/tumor-segmentation/data/processed_data/rgb/test/images/test.json
[08/08 16:22:06 d2.data.dataset_mapper]: [DatasetMapper] Augmentations used in inference: [ResizeShortestEdge(short_edge_length=(800, 800), max_size=1333, sample_style='choice')]
[08/08 16:22:06 d2.data.common]: Serializing the dataset using: <class 'detectron2.data.common._TorchSerializedList'>
[08/08 16:22:06 d2.data.common]: Serializing 89 elements to byte tensors and concatenating them all ...
[08/08 16:22:06 d2.data.common]: Serialized dataset takes 0.07 MiB
[08/08 16:22:06 d2.evaluation.evaluator]: Start inference on 89 batches
[08/08 16:22:06 d2.evaluation.evaluator]: Inference done 11/89. Dataloading: 0.0006 s/iter. Inference: 0.0242 s/iter. Eval: 0.0004 s/iter. Total: 0.0252 s/iter. ETA=0:00:01
[08/08 16:22:08 d2.evaluation.evaluator]: Total inference time: 0:00:02.224605 (0.026483 s / iter per device, on 1 devices)
[08/08 16:22:08 d2.evaluation.evaluator]: Total inference pure compute time: 0:00:02 (0.024321 s / iter per device, on 1 devices)
[08/08 16:22:08 d2.evaluation.coco_evaluation]: Preparing results for COCO format ...
[08/08 16:22:08 d2.evaluation.coco_evaluation]: Saving results to ../../../../../models/rgb-testing/rerun-model-4-rgb/coco_instances_results.json
[08/08 16:22:08 d2.evaluation.coco_evaluation]: Evaluating predictions with official COCO API...
Loading and preparing results...
DONE (t=0.00s)
creating index...
index created!
Running per image evaluation...
Evaluate annotation type *bbox*
DONE (t=0.02s).
Accumulating evaluation results...
DONE (t=0.01s).
 Average Precision  (AP) @[ IoU=0.50:0.95 | area=   all | maxDets=100 ] = 0.713
 Average Precision  (AP) @[ IoU=0.50      | area=   all | maxDets=100 ] = 0.937
 Average Precision  (AP) @[ IoU=0.75      | area=   all | maxDets=100 ] = 0.906
 Average Precision  (AP) @[ IoU=0.50:0.95 | area= small | maxDets=100 ] = -1.000
 Average Precision  (AP) @[ IoU=0.50:0.95 | area=medium | maxDets=100 ] = 0.558
 Average Precision  (AP) @[ IoU=0.50:0.95 | area= large | maxDets=100 ] = 0.734
 Average Recall     (AR) @[ IoU=0.50:0.95 | area=   all | maxDets=  1 ] = 0.763
 Average Recall     (AR) @[ IoU=0.50:0.95 | area=   all | maxDets= 10 ] = 0.766
 Average Recall     (AR) @[ IoU=0.50:0.95 | area=   all | maxDets=100 ] = 0.766
 Average Recall     (AR) @[ IoU=0.50:0.95 | area= small | maxDets=100 ] = -1.000
 Average Recall     (AR) @[ IoU=0.50:0.95 | area=medium | maxDets=100 ] = 0.560
 Average Recall     (AR) @[ IoU=0.50:0.95 | area= large | maxDets=100 ] = 0.792
[08/08 16:22:08 d2.evaluation.coco_evaluation]: Evaluation results for bbox: 
|   AP   |  AP50  |  AP75  |  APs  |  APm   |  APl   |
|:------:|:------:|:------:|:-----:|:------:|:------:|
| 71.338 | 93.731 | 90.628 |  nan  | 55.842 | 73.412 |
[08/08 16:22:08 d2.evaluation.coco_evaluation]: Some metrics cannot be computed and is shown as NaN.
Loading and preparing results...
DONE (t=0.00s)
creating index...
index created!
Running per image evaluation...
Evaluate annotation type *segm*
DONE (t=0.02s).
Accumulating evaluation results...
DONE (t=0.01s).
 Average Precision  (AP) @[ IoU=0.50:0.95 | area=   all | maxDets=100 ] = 0.728
 Average Precision  (AP) @[ IoU=0.50      | area=   all | maxDets=100 ] = 0.937
 Average Precision  (AP) @[ IoU=0.75      | area=   all | maxDets=100 ] = 0.896
 Average Precision  (AP) @[ IoU=0.50:0.95 | area= small | maxDets=100 ] = -1.000
 Average Precision  (AP) @[ IoU=0.50:0.95 | area=medium | maxDets=100 ] = 0.557
 Average Precision  (AP) @[ IoU=0.50:0.95 | area= large | maxDets=100 ] = 0.751
 Average Recall     (AR) @[ IoU=0.50:0.95 | area=   all | maxDets=  1 ] = 0.771
 Average Recall     (AR) @[ IoU=0.50:0.95 | area=   all | maxDets= 10 ] = 0.772
 Average Recall     (AR) @[ IoU=0.50:0.95 | area=   all | maxDets=100 ] = 0.772
 Average Recall     (AR) @[ IoU=0.50:0.95 | area= small | maxDets=100 ] = -1.000
 Average Recall     (AR) @[ IoU=0.50:0.95 | area=medium | maxDets=100 ] = 0.570
 Average Recall     (AR) @[ IoU=0.50:0.95 | area= large | maxDets=100 ] = 0.797
[08/08 16:22:08 d2.evaluation.coco_evaluation]: Evaluation results for segm: 
|   AP   |  AP50  |  AP75  |  APs  |  APm   |  APl   |
|:------:|:------:|:------:|:-----:|:------:|:------:|
| 72.826 | 93.731 | 89.638 |  nan  | 55.684 | 75.050 |
[08/08 16:22:08 d2.evaluation.coco_evaluation]: Some metrics cannot be computed and is shown as NaN.
[Iter 2 AP] → mAP@[.5:.95] = 72.826
[08/08 16:22:10 d2.utils.events]:  eta: 0:05:22  iter: 919  total_loss: 0.2127  loss_cls: 0.02095  loss_box_reg: 0.05635  loss_mask: 0.1303  loss_rpn_cls: 9.635e-06  loss_rpn_loc: 0.00271    time: 0.0798  last_time: 0.0795  data_time: 0.0024  last_data_time: 0.0021   lr: 0.0005  max_mem: 1683M
[08/08 16:22:11 d2.utils.events]:  eta: 0:05:21  iter: 939  total_loss: 0.2219  loss_cls: 0.02584  loss_box_reg: 0.05878  loss_mask: 0.123  loss_rpn_cls: 3.099e-05  loss_rpn_loc: 0.003124    time: 0.0798  last_time: 0.0745  data_time: 0.0024  last_data_time: 0.0025   lr: 0.0005  max_mem: 1683M
[08/08 16:22:13 d2.utils.events]:  eta: 0:05:19  iter: 959  total_loss: 0.2224  loss_cls: 0.02095  loss_box_reg: 0.04876  loss_mask: 0.1318  loss_rpn_cls: 6.529e-06  loss_rpn_loc: 0.003251    time: 0.0798  last_time: 0.0736  data_time: 0.0024  last_data_time: 0.0023   lr: 0.0005  max_mem: 1683M
[08/08 16:22:15 d2.utils.events]:  eta: 0:05:17  iter: 979  total_loss: 0.2285  loss_cls: 0.02124  loss_box_reg: 0.05805  loss_mask: 0.1356  loss_rpn_cls: 1.165e-05  loss_rpn_loc: 0.003133    time: 0.0797  last_time: 0.0761  data_time: 0.0024  last_data_time: 0.0026   lr: 0.0005  max_mem: 1683M
[08/08 16:22:16 d2.utils.events]:  eta: 0:05:16  iter: 999  total_loss: 0.223  loss_cls: 0.02176  loss_box_reg: 0.05298  loss_mask: 0.1504  loss_rpn_cls: 5.257e-06  loss_rpn_loc: 0.002273    time: 0.0797  last_time: 0.0728  data_time: 0.0024  last_data_time: 0.0022   lr: 0.0005  max_mem: 1683M
[08/08 16:22:16 d2.evaluation.coco_evaluation]: Fast COCO eval is not built. Falling back to official COCO eval.
[08/08 16:22:16 d2.data.datasets.coco]: Loaded 89 images in COCO format from /projects/PUCHALLA/LLP2024/tumor-segmentation/data/processed_data/rgb/test/images/test.json
[08/08 16:22:16 d2.data.dataset_mapper]: [DatasetMapper] Augmentations used in inference: [ResizeShortestEdge(short_edge_length=(800, 800), max_size=1333, sample_style='choice')]
[08/08 16:22:16 d2.data.common]: Serializing the dataset using: <class 'detectron2.data.common._TorchSerializedList'>
[08/08 16:22:16 d2.data.common]: Serializing 89 elements to byte tensors and concatenating them all ...
[08/08 16:22:16 d2.data.common]: Serialized dataset takes 0.07 MiB
[08/08 16:22:16 d2.evaluation.evaluator]: Start inference on 89 batches
[08/08 16:22:17 d2.evaluation.evaluator]: Inference done 11/89. Dataloading: 0.0006 s/iter. Inference: 0.0242 s/iter. Eval: 0.0004 s/iter. Total: 0.0251 s/iter. ETA=0:00:01
[08/08 16:22:19 d2.evaluation.evaluator]: Total inference time: 0:00:02.205846 (0.026260 s / iter per device, on 1 devices)
[08/08 16:22:19 d2.evaluation.evaluator]: Total inference pure compute time: 0:00:02 (0.024189 s / iter per device, on 1 devices)
[08/08 16:22:19 d2.evaluation.coco_evaluation]: Preparing results for COCO format ...
[08/08 16:22:19 d2.evaluation.coco_evaluation]: Saving results to ../../../../../models/rgb-testing/rerun-model-4-rgb/coco_instances_results.json
[08/08 16:22:19 d2.evaluation.coco_evaluation]: Evaluating predictions with official COCO API...
Loading and preparing results...
DONE (t=0.00s)
creating index...
index created!
Running per image evaluation...
Evaluate annotation type *bbox*
DONE (t=0.02s).
Accumulating evaluation results...
DONE (t=0.01s).
 Average Precision  (AP) @[ IoU=0.50:0.95 | area=   all | maxDets=100 ] = 0.694
 Average Precision  (AP) @[ IoU=0.50      | area=   all | maxDets=100 ] = 0.940
 Average Precision  (AP) @[ IoU=0.75      | area=   all | maxDets=100 ] = 0.856
 Average Precision  (AP) @[ IoU=0.50:0.95 | area= small | maxDets=100 ] = -1.000
 Average Precision  (AP) @[ IoU=0.50:0.95 | area=medium | maxDets=100 ] = 0.566
 Average Precision  (AP) @[ IoU=0.50:0.95 | area= large | maxDets=100 ] = 0.713
 Average Recall     (AR) @[ IoU=0.50:0.95 | area=   all | maxDets=  1 ] = 0.743
 Average Recall     (AR) @[ IoU=0.50:0.95 | area=   all | maxDets= 10 ] = 0.745
 Average Recall     (AR) @[ IoU=0.50:0.95 | area=   all | maxDets=100 ] = 0.745
 Average Recall     (AR) @[ IoU=0.50:0.95 | area= small | maxDets=100 ] = -1.000
 Average Recall     (AR) @[ IoU=0.50:0.95 | area=medium | maxDets=100 ] = 0.580
 Average Recall     (AR) @[ IoU=0.50:0.95 | area= large | maxDets=100 ] = 0.766
[08/08 16:22:19 d2.evaluation.coco_evaluation]: Evaluation results for bbox: 
|   AP   |  AP50  |  AP75  |  APs  |  APm   |  APl   |
|:------:|:------:|:------:|:-----:|:------:|:------:|
| 69.409 | 94.010 | 85.615 |  nan  | 56.630 | 71.275 |
[08/08 16:22:19 d2.evaluation.coco_evaluation]: Some metrics cannot be computed and is shown as NaN.
Loading and preparing results...
DONE (t=0.00s)
creating index...
index created!
Running per image evaluation...
Evaluate annotation type *segm*
DONE (t=0.02s).
Accumulating evaluation results...
DONE (t=0.01s).
 Average Precision  (AP) @[ IoU=0.50:0.95 | area=   all | maxDets=100 ] = 0.715
 Average Precision  (AP) @[ IoU=0.50      | area=   all | maxDets=100 ] = 0.930
 Average Precision  (AP) @[ IoU=0.75      | area=   all | maxDets=100 ] = 0.881
 Average Precision  (AP) @[ IoU=0.50:0.95 | area= small | maxDets=100 ] = -1.000
 Average Precision  (AP) @[ IoU=0.50:0.95 | area=medium | maxDets=100 ] = 0.578
 Average Precision  (AP) @[ IoU=0.50:0.95 | area= large | maxDets=100 ] = 0.733
 Average Recall     (AR) @[ IoU=0.50:0.95 | area=   all | maxDets=  1 ] = 0.754
 Average Recall     (AR) @[ IoU=0.50:0.95 | area=   all | maxDets= 10 ] = 0.755
 Average Recall     (AR) @[ IoU=0.50:0.95 | area=   all | maxDets=100 ] = 0.755
 Average Recall     (AR) @[ IoU=0.50:0.95 | area= small | maxDets=100 ] = -1.000
 Average Recall     (AR) @[ IoU=0.50:0.95 | area=medium | maxDets=100 ] = 0.590
 Average Recall     (AR) @[ IoU=0.50:0.95 | area= large | maxDets=100 ] = 0.776
[08/08 16:22:19 d2.evaluation.coco_evaluation]: Evaluation results for segm: 
|   AP   |  AP50  |  AP75  |  APs  |  APm   |  APl   |
|:------:|:------:|:------:|:-----:|:------:|:------:|
| 71.534 | 93.036 | 88.098 |  nan  | 57.776 | 73.265 |
[08/08 16:22:19 d2.evaluation.coco_evaluation]: Some metrics cannot be computed and is shown as NaN.
[Iter 2 AP] → mAP@[.5:.95] = 71.534
[08/08 16:22:20 d2.utils.events]:  eta: 0:05:14  iter: 1019  total_loss: 0.2192  loss_cls: 0.02437  loss_box_reg: 0.05603  loss_mask: 0.1348  loss_rpn_cls: 7.778e-07  loss_rpn_loc: 0.002241    time: 0.0797  last_time: 0.0830  data_time: 0.0024  last_data_time: 0.0025   lr: 0.0005  max_mem: 1683M
[08/08 16:22:22 d2.utils.events]:  eta: 0:05:13  iter: 1039  total_loss: 0.1913  loss_cls: 0.02251  loss_box_reg: 0.05364  loss_mask: 0.1187  loss_rpn_cls: 7.142e-06  loss_rpn_loc: 0.002034    time: 0.0797  last_time: 0.0793  data_time: 0.0024  last_data_time: 0.0024   lr: 0.0005  max_mem: 1683M
[08/08 16:22:23 d2.utils.events]:  eta: 0:05:11  iter: 1059  total_loss: 0.2026  loss_cls: 0.02397  loss_box_reg: 0.05242  loss_mask: 0.123  loss_rpn_cls: 4.422e-05  loss_rpn_loc: 0.002676    time: 0.0797  last_time: 0.0773  data_time: 0.0023  last_data_time: 0.0020   lr: 0.0005  max_mem: 1683M
[08/08 16:22:25 d2.utils.events]:  eta: 0:05:09  iter: 1079  total_loss: 0.1996  loss_cls: 0.02001  loss_box_reg: 0.05167  loss_mask: 0.119  loss_rpn_cls: 3.092e-05  loss_rpn_loc: 0.002673    time: 0.0797  last_time: 0.0770  data_time: 0.0024  last_data_time: 0.0025   lr: 0.0005  max_mem: 1683M
[08/08 16:22:27 d2.utils.events]:  eta: 0:05:08  iter: 1099  total_loss: 0.1967  loss_cls: 0.01855  loss_box_reg: 0.05352  loss_mask: 0.1165  loss_rpn_cls: 6.516e-06  loss_rpn_loc: 0.002556    time: 0.0796  last_time: 0.0783  data_time: 0.0023  last_data_time: 0.0022   lr: 0.0005  max_mem: 1683M
[08/08 16:22:27 d2.evaluation.coco_evaluation]: Fast COCO eval is not built. Falling back to official COCO eval.
[08/08 16:22:27 d2.data.datasets.coco]: Loaded 89 images in COCO format from /projects/PUCHALLA/LLP2024/tumor-segmentation/data/processed_data/rgb/test/images/test.json
[08/08 16:22:27 d2.data.dataset_mapper]: [DatasetMapper] Augmentations used in inference: [ResizeShortestEdge(short_edge_length=(800, 800), max_size=1333, sample_style='choice')]
[08/08 16:22:27 d2.data.common]: Serializing the dataset using: <class 'detectron2.data.common._TorchSerializedList'>
[08/08 16:22:27 d2.data.common]: Serializing 89 elements to byte tensors and concatenating them all ...
[08/08 16:22:27 d2.data.common]: Serialized dataset takes 0.07 MiB
[08/08 16:22:27 d2.evaluation.evaluator]: Start inference on 89 batches
[08/08 16:22:27 d2.evaluation.evaluator]: Inference done 11/89. Dataloading: 0.0006 s/iter. Inference: 0.0247 s/iter. Eval: 0.0004 s/iter. Total: 0.0257 s/iter. ETA=0:00:02
[08/08 16:22:29 d2.evaluation.evaluator]: Total inference time: 0:00:02.209726 (0.026306 s / iter per device, on 1 devices)
[08/08 16:22:29 d2.evaluation.evaluator]: Total inference pure compute time: 0:00:02 (0.024206 s / iter per device, on 1 devices)
[08/08 16:22:29 d2.evaluation.coco_evaluation]: Preparing results for COCO format ...
[08/08 16:22:29 d2.evaluation.coco_evaluation]: Saving results to ../../../../../models/rgb-testing/rerun-model-4-rgb/coco_instances_results.json
[08/08 16:22:29 d2.evaluation.coco_evaluation]: Evaluating predictions with official COCO API...
Loading and preparing results...
DONE (t=0.00s)
creating index...
index created!
Running per image evaluation...
Evaluate annotation type *bbox*
DONE (t=0.02s).
Accumulating evaluation results...
DONE (t=0.01s).
 Average Precision  (AP) @[ IoU=0.50:0.95 | area=   all | maxDets=100 ] = 0.706
 Average Precision  (AP) @[ IoU=0.50      | area=   all | maxDets=100 ] = 0.936
 Average Precision  (AP) @[ IoU=0.75      | area=   all | maxDets=100 ] = 0.896
 Average Precision  (AP) @[ IoU=0.50:0.95 | area= small | maxDets=100 ] = -1.000
 Average Precision  (AP) @[ IoU=0.50:0.95 | area=medium | maxDets=100 ] = 0.560
 Average Precision  (AP) @[ IoU=0.50:0.95 | area= large | maxDets=100 ] = 0.725
 Average Recall     (AR) @[ IoU=0.50:0.95 | area=   all | maxDets=  1 ] = 0.753
 Average Recall     (AR) @[ IoU=0.50:0.95 | area=   all | maxDets= 10 ] = 0.756
 Average Recall     (AR) @[ IoU=0.50:0.95 | area=   all | maxDets=100 ] = 0.756
 Average Recall     (AR) @[ IoU=0.50:0.95 | area= small | maxDets=100 ] = -1.000
 Average Recall     (AR) @[ IoU=0.50:0.95 | area=medium | maxDets=100 ] = 0.560
 Average Recall     (AR) @[ IoU=0.50:0.95 | area= large | maxDets=100 ] = 0.781
[08/08 16:22:29 d2.evaluation.coco_evaluation]: Evaluation results for bbox: 
|   AP   |  AP50  |  AP75  |  APs  |  APm   |  APl   |
|:------:|:------:|:------:|:-----:|:------:|:------:|
| 70.611 | 93.586 | 89.621 |  nan  | 56.040 | 72.469 |
[08/08 16:22:29 d2.evaluation.coco_evaluation]: Some metrics cannot be computed and is shown as NaN.
Loading and preparing results...
DONE (t=0.00s)
creating index...
index created!
Running per image evaluation...
Evaluate annotation type *segm*
DONE (t=0.02s).
Accumulating evaluation results...
DONE (t=0.01s).
 Average Precision  (AP) @[ IoU=0.50:0.95 | area=   all | maxDets=100 ] = 0.715
 Average Precision  (AP) @[ IoU=0.50      | area=   all | maxDets=100 ] = 0.926
 Average Precision  (AP) @[ IoU=0.75      | area=   all | maxDets=100 ] = 0.896
 Average Precision  (AP) @[ IoU=0.50:0.95 | area= small | maxDets=100 ] = -1.000
 Average Precision  (AP) @[ IoU=0.50:0.95 | area=medium | maxDets=100 ] = 0.555
 Average Precision  (AP) @[ IoU=0.50:0.95 | area= large | maxDets=100 ] = 0.733
 Average Recall     (AR) @[ IoU=0.50:0.95 | area=   all | maxDets=  1 ] = 0.761
 Average Recall     (AR) @[ IoU=0.50:0.95 | area=   all | maxDets= 10 ] = 0.762
 Average Recall     (AR) @[ IoU=0.50:0.95 | area=   all | maxDets=100 ] = 0.762
 Average Recall     (AR) @[ IoU=0.50:0.95 | area= small | maxDets=100 ] = -1.000
 Average Recall     (AR) @[ IoU=0.50:0.95 | area=medium | maxDets=100 ] = 0.570
 Average Recall     (AR) @[ IoU=0.50:0.95 | area= large | maxDets=100 ] = 0.786
[08/08 16:22:29 d2.evaluation.coco_evaluation]: Evaluation results for segm: 
|   AP   |  AP50  |  AP75  |  APs  |  APm   |  APl   |
|:------:|:------:|:------:|:-----:|:------:|:------:|
| 71.462 | 92.618 | 89.621 |  nan  | 55.495 | 73.295 |
[08/08 16:22:29 d2.evaluation.coco_evaluation]: Some metrics cannot be computed and is shown as NaN.
[Iter 2 AP] → mAP@[.5:.95] = 71.462
[08/08 16:22:31 d2.utils.events]:  eta: 0:05:06  iter: 1119  total_loss: 0.219  loss_cls: 0.01981  loss_box_reg: 0.05342  loss_mask: 0.1361  loss_rpn_cls: 2.59e-05  loss_rpn_loc: 0.00285    time: 0.0796  last_time: 0.0834  data_time: 0.0024  last_data_time: 0.0026   lr: 0.0005  max_mem: 1683M
[08/08 16:22:32 d2.utils.events]:  eta: 0:05:04  iter: 1139  total_loss: 0.1928  loss_cls: 0.02168  loss_box_reg: 0.05149  loss_mask: 0.1222  loss_rpn_cls: 8.339e-06  loss_rpn_loc: 0.002031    time: 0.0796  last_time: 0.0784  data_time: 0.0024  last_data_time: 0.0024   lr: 0.0005  max_mem: 1683M
[08/08 16:22:34 d2.utils.events]:  eta: 0:05:03  iter: 1159  total_loss: 0.2356  loss_cls: 0.0218  loss_box_reg: 0.05504  loss_mask: 0.1466  loss_rpn_cls: 6.071e-06  loss_rpn_loc: 0.002328    time: 0.0796  last_time: 0.0740  data_time: 0.0024  last_data_time: 0.0023   lr: 0.0005  max_mem: 1683M
[08/08 16:22:36 d2.utils.events]:  eta: 0:05:01  iter: 1179  total_loss: 0.2145  loss_cls: 0.0207  loss_box_reg: 0.04896  loss_mask: 0.1234  loss_rpn_cls: 2.964e-06  loss_rpn_loc: 0.00269    time: 0.0796  last_time: 0.0766  data_time: 0.0025  last_data_time: 0.0024   lr: 0.0005  max_mem: 1683M
[08/08 16:22:37 d2.utils.events]:  eta: 0:04:59  iter: 1199  total_loss: 0.226  loss_cls: 0.02471  loss_box_reg: 0.0623  loss_mask: 0.1365  loss_rpn_cls: 1.215e-05  loss_rpn_loc: 0.002561    time: 0.0796  last_time: 0.0757  data_time: 0.0024  last_data_time: 0.0022   lr: 0.0005  max_mem: 1683M
[08/08 16:22:37 d2.evaluation.coco_evaluation]: Fast COCO eval is not built. Falling back to official COCO eval.
[08/08 16:22:37 d2.data.datasets.coco]: Loaded 89 images in COCO format from /projects/PUCHALLA/LLP2024/tumor-segmentation/data/processed_data/rgb/test/images/test.json
[08/08 16:22:37 d2.data.dataset_mapper]: [DatasetMapper] Augmentations used in inference: [ResizeShortestEdge(short_edge_length=(800, 800), max_size=1333, sample_style='choice')]
[08/08 16:22:37 d2.data.common]: Serializing the dataset using: <class 'detectron2.data.common._TorchSerializedList'>
[08/08 16:22:37 d2.data.common]: Serializing 89 elements to byte tensors and concatenating them all ...
[08/08 16:22:37 d2.data.common]: Serialized dataset takes 0.07 MiB
[08/08 16:22:37 d2.evaluation.evaluator]: Start inference on 89 batches
[08/08 16:22:38 d2.evaluation.evaluator]: Inference done 11/89. Dataloading: 0.0007 s/iter. Inference: 0.0247 s/iter. Eval: 0.0004 s/iter. Total: 0.0258 s/iter. ETA=0:00:02
[08/08 16:22:40 d2.evaluation.evaluator]: Total inference time: 0:00:02.204610 (0.026245 s / iter per device, on 1 devices)
[08/08 16:22:40 d2.evaluation.evaluator]: Total inference pure compute time: 0:00:02 (0.024101 s / iter per device, on 1 devices)
[08/08 16:22:40 d2.evaluation.coco_evaluation]: Preparing results for COCO format ...
[08/08 16:22:40 d2.evaluation.coco_evaluation]: Saving results to ../../../../../models/rgb-testing/rerun-model-4-rgb/coco_instances_results.json
[08/08 16:22:40 d2.evaluation.coco_evaluation]: Evaluating predictions with official COCO API...
Loading and preparing results...
DONE (t=0.00s)
creating index...
index created!
Running per image evaluation...
Evaluate annotation type *bbox*
DONE (t=0.02s).
Accumulating evaluation results...
DONE (t=0.01s).
 Average Precision  (AP) @[ IoU=0.50:0.95 | area=   all | maxDets=100 ] = 0.705
 Average Precision  (AP) @[ IoU=0.50      | area=   all | maxDets=100 ] = 0.939
 Average Precision  (AP) @[ IoU=0.75      | area=   all | maxDets=100 ] = 0.878
 Average Precision  (AP) @[ IoU=0.50:0.95 | area= small | maxDets=100 ] = -1.000
 Average Precision  (AP) @[ IoU=0.50:0.95 | area=medium | maxDets=100 ] = 0.555
 Average Precision  (AP) @[ IoU=0.50:0.95 | area= large | maxDets=100 ] = 0.725
 Average Recall     (AR) @[ IoU=0.50:0.95 | area=   all | maxDets=  1 ] = 0.752
 Average Recall     (AR) @[ IoU=0.50:0.95 | area=   all | maxDets= 10 ] = 0.755
 Average Recall     (AR) @[ IoU=0.50:0.95 | area=   all | maxDets=100 ] = 0.755
 Average Recall     (AR) @[ IoU=0.50:0.95 | area= small | maxDets=100 ] = -1.000
 Average Recall     (AR) @[ IoU=0.50:0.95 | area=medium | maxDets=100 ] = 0.560
 Average Recall     (AR) @[ IoU=0.50:0.95 | area= large | maxDets=100 ] = 0.780
[08/08 16:22:40 d2.evaluation.coco_evaluation]: Evaluation results for bbox: 
|   AP   |  AP50  |  AP75  |  APs  |  APm   |  APl   |
|:------:|:------:|:------:|:-----:|:------:|:------:|
| 70.500 | 93.858 | 87.750 |  nan  | 55.522 | 72.549 |
[08/08 16:22:40 d2.evaluation.coco_evaluation]: Some metrics cannot be computed and is shown as NaN.
Loading and preparing results...
DONE (t=0.00s)
creating index...
index created!
Running per image evaluation...
Evaluate annotation type *segm*
DONE (t=0.02s).
Accumulating evaluation results...
DONE (t=0.01s).
 Average Precision  (AP) @[ IoU=0.50:0.95 | area=   all | maxDets=100 ] = 0.713
 Average Precision  (AP) @[ IoU=0.50      | area=   all | maxDets=100 ] = 0.939
 Average Precision  (AP) @[ IoU=0.75      | area=   all | maxDets=100 ] = 0.878
 Average Precision  (AP) @[ IoU=0.50:0.95 | area= small | maxDets=100 ] = -1.000
 Average Precision  (AP) @[ IoU=0.50:0.95 | area=medium | maxDets=100 ] = 0.539
 Average Precision  (AP) @[ IoU=0.50:0.95 | area= large | maxDets=100 ] = 0.733
 Average Recall     (AR) @[ IoU=0.50:0.95 | area=   all | maxDets=  1 ] = 0.756
 Average Recall     (AR) @[ IoU=0.50:0.95 | area=   all | maxDets= 10 ] = 0.758
 Average Recall     (AR) @[ IoU=0.50:0.95 | area=   all | maxDets=100 ] = 0.758
 Average Recall     (AR) @[ IoU=0.50:0.95 | area= small | maxDets=100 ] = -1.000
 Average Recall     (AR) @[ IoU=0.50:0.95 | area=medium | maxDets=100 ] = 0.580
 Average Recall     (AR) @[ IoU=0.50:0.95 | area= large | maxDets=100 ] = 0.781
[08/08 16:22:40 d2.evaluation.coco_evaluation]: Evaluation results for segm: 
|   AP   |  AP50  |  AP75  |  APs  |  APm   |  APl   |
|:------:|:------:|:------:|:-----:|:------:|:------:|
| 71.261 | 93.858 | 87.750 |  nan  | 53.949 | 73.253 |
[08/08 16:22:40 d2.evaluation.coco_evaluation]: Some metrics cannot be computed and is shown as NaN.
[Iter 2 AP] → mAP@[.5:.95] = 71.261
[08/08 16:22:41 d2.utils.events]:  eta: 0:04:58  iter: 1219  total_loss: 0.2092  loss_cls: 0.02136  loss_box_reg: 0.0553  loss_mask: 0.1272  loss_rpn_cls: 9.168e-06  loss_rpn_loc: 0.002528    time: 0.0796  last_time: 0.0815  data_time: 0.0025  last_data_time: 0.0024   lr: 0.0005  max_mem: 1683M
[08/08 16:22:43 d2.utils.events]:  eta: 0:04:56  iter: 1239  total_loss: 0.1927  loss_cls: 0.02164  loss_box_reg: 0.04862  loss_mask: 0.124  loss_rpn_cls: 1.601e-05  loss_rpn_loc: 0.002405    time: 0.0796  last_time: 0.0736  data_time: 0.0024  last_data_time: 0.0021   lr: 0.0005  max_mem: 1683M
[08/08 16:22:45 d2.utils.events]:  eta: 0:04:55  iter: 1259  total_loss: 0.2091  loss_cls: 0.01817  loss_box_reg: 0.0571  loss_mask: 0.1366  loss_rpn_cls: 2.563e-06  loss_rpn_loc: 0.002832    time: 0.0797  last_time: 0.0857  data_time: 0.0025  last_data_time: 0.0037   lr: 0.0005  max_mem: 1683M
[08/08 16:22:46 d2.utils.events]:  eta: 0:04:53  iter: 1279  total_loss: 0.23  loss_cls: 0.02412  loss_box_reg: 0.05643  loss_mask: 0.1435  loss_rpn_cls: 6.003e-06  loss_rpn_loc: 0.002412    time: 0.0796  last_time: 0.0763  data_time: 0.0024  last_data_time: 0.0024   lr: 0.0005  max_mem: 1683M
[08/08 16:22:48 d2.utils.events]:  eta: 0:04:51  iter: 1299  total_loss: 0.212  loss_cls: 0.02476  loss_box_reg: 0.06037  loss_mask: 0.1224  loss_rpn_cls: 2.205e-05  loss_rpn_loc: 0.00245    time: 0.0797  last_time: 0.0771  data_time: 0.0026  last_data_time: 0.0026   lr: 0.0005  max_mem: 1683M
[08/08 16:22:48 d2.evaluation.coco_evaluation]: Fast COCO eval is not built. Falling back to official COCO eval.
[08/08 16:22:48 d2.data.datasets.coco]: Loaded 89 images in COCO format from /projects/PUCHALLA/LLP2024/tumor-segmentation/data/processed_data/rgb/test/images/test.json
[08/08 16:22:48 d2.data.dataset_mapper]: [DatasetMapper] Augmentations used in inference: [ResizeShortestEdge(short_edge_length=(800, 800), max_size=1333, sample_style='choice')]
[08/08 16:22:48 d2.data.common]: Serializing the dataset using: <class 'detectron2.data.common._TorchSerializedList'>
[08/08 16:22:48 d2.data.common]: Serializing 89 elements to byte tensors and concatenating them all ...
[08/08 16:22:48 d2.data.common]: Serialized dataset takes 0.07 MiB
[08/08 16:22:48 d2.evaluation.evaluator]: Start inference on 89 batches
[08/08 16:22:48 d2.evaluation.evaluator]: Inference done 11/89. Dataloading: 0.0006 s/iter. Inference: 0.0247 s/iter. Eval: 0.0004 s/iter. Total: 0.0257 s/iter. ETA=0:00:02
[08/08 16:22:50 d2.evaluation.evaluator]: Total inference time: 0:00:02.212575 (0.026340 s / iter per device, on 1 devices)
[08/08 16:22:50 d2.evaluation.evaluator]: Total inference pure compute time: 0:00:02 (0.024241 s / iter per device, on 1 devices)
[08/08 16:22:50 d2.evaluation.coco_evaluation]: Preparing results for COCO format ...
[08/08 16:22:50 d2.evaluation.coco_evaluation]: Saving results to ../../../../../models/rgb-testing/rerun-model-4-rgb/coco_instances_results.json
[08/08 16:22:50 d2.evaluation.coco_evaluation]: Evaluating predictions with official COCO API...
Loading and preparing results...
DONE (t=0.00s)
creating index...
index created!
Running per image evaluation...
Evaluate annotation type *bbox*
DONE (t=0.02s).
Accumulating evaluation results...
DONE (t=0.01s).
 Average Precision  (AP) @[ IoU=0.50:0.95 | area=   all | maxDets=100 ] = 0.744
 Average Precision  (AP) @[ IoU=0.50      | area=   all | maxDets=100 ] = 0.951
 Average Precision  (AP) @[ IoU=0.75      | area=   all | maxDets=100 ] = 0.919
 Average Precision  (AP) @[ IoU=0.50:0.95 | area= small | maxDets=100 ] = -1.000
 Average Precision  (AP) @[ IoU=0.50:0.95 | area=medium | maxDets=100 ] = 0.550
 Average Precision  (AP) @[ IoU=0.50:0.95 | area= large | maxDets=100 ] = 0.768
 Average Recall     (AR) @[ IoU=0.50:0.95 | area=   all | maxDets=  1 ] = 0.788
 Average Recall     (AR) @[ IoU=0.50:0.95 | area=   all | maxDets= 10 ] = 0.791
 Average Recall     (AR) @[ IoU=0.50:0.95 | area=   all | maxDets=100 ] = 0.791
 Average Recall     (AR) @[ IoU=0.50:0.95 | area= small | maxDets=100 ] = -1.000
 Average Recall     (AR) @[ IoU=0.50:0.95 | area=medium | maxDets=100 ] = 0.570
 Average Recall     (AR) @[ IoU=0.50:0.95 | area= large | maxDets=100 ] = 0.819
[08/08 16:22:50 d2.evaluation.coco_evaluation]: Evaluation results for bbox: 
|   AP   |  AP50  |  AP75  |  APs  |  APm   |  APl   |
|:------:|:------:|:------:|:-----:|:------:|:------:|
| 74.431 | 95.059 | 91.944 |  nan  | 54.977 | 76.812 |
[08/08 16:22:50 d2.evaluation.coco_evaluation]: Some metrics cannot be computed and is shown as NaN.
Loading and preparing results...
DONE (t=0.00s)
creating index...
index created!
Running per image evaluation...
Evaluate annotation type *segm*
DONE (t=0.02s).
Accumulating evaluation results...
DONE (t=0.01s).
 Average Precision  (AP) @[ IoU=0.50:0.95 | area=   all | maxDets=100 ] = 0.740
 Average Precision  (AP) @[ IoU=0.50      | area=   all | maxDets=100 ] = 0.951
 Average Precision  (AP) @[ IoU=0.75      | area=   all | maxDets=100 ] = 0.919
 Average Precision  (AP) @[ IoU=0.50:0.95 | area= small | maxDets=100 ] = -1.000
 Average Precision  (AP) @[ IoU=0.50:0.95 | area=medium | maxDets=100 ] = 0.562
 Average Precision  (AP) @[ IoU=0.50:0.95 | area= large | maxDets=100 ] = 0.763
 Average Recall     (AR) @[ IoU=0.50:0.95 | area=   all | maxDets=  1 ] = 0.780
 Average Recall     (AR) @[ IoU=0.50:0.95 | area=   all | maxDets= 10 ] = 0.782
 Average Recall     (AR) @[ IoU=0.50:0.95 | area=   all | maxDets=100 ] = 0.782
 Average Recall     (AR) @[ IoU=0.50:0.95 | area= small | maxDets=100 ] = -1.000
 Average Recall     (AR) @[ IoU=0.50:0.95 | area=medium | maxDets=100 ] = 0.580
 Average Recall     (AR) @[ IoU=0.50:0.95 | area= large | maxDets=100 ] = 0.808
[08/08 16:22:50 d2.evaluation.coco_evaluation]: Evaluation results for segm: 
|   AP   |  AP50  |  AP75  |  APs  |  APm   |  APl   |
|:------:|:------:|:------:|:-----:|:------:|:------:|
| 74.020 | 95.059 | 91.944 |  nan  | 56.202 | 76.304 |
[08/08 16:22:50 d2.evaluation.coco_evaluation]: Some metrics cannot be computed and is shown as NaN.
[Iter 2 AP] → mAP@[.5:.95] = 74.020
[08/08 16:22:52 d2.utils.events]:  eta: 0:04:50  iter: 1319  total_loss: 0.1981  loss_cls: 0.02066  loss_box_reg: 0.04153  loss_mask: 0.1286  loss_rpn_cls: 1.043e-05  loss_rpn_loc: 0.002403    time: 0.0797  last_time: 0.0768  data_time: 0.0024  last_data_time: 0.0023   lr: 0.0005  max_mem: 1683M
[08/08 16:22:53 d2.utils.events]:  eta: 0:04:48  iter: 1339  total_loss: 0.2014  loss_cls: 0.01824  loss_box_reg: 0.05349  loss_mask: 0.1239  loss_rpn_cls: 1.876e-05  loss_rpn_loc: 0.00234    time: 0.0796  last_time: 0.0801  data_time: 0.0024  last_data_time: 0.0027   lr: 0.0005  max_mem: 1683M
[08/08 16:22:55 d2.utils.events]:  eta: 0:04:47  iter: 1359  total_loss: 0.182  loss_cls: 0.02001  loss_box_reg: 0.04491  loss_mask: 0.1219  loss_rpn_cls: 9.287e-05  loss_rpn_loc: 0.002632    time: 0.0796  last_time: 0.0774  data_time: 0.0024  last_data_time: 0.0024   lr: 0.0005  max_mem: 1683M
[08/08 16:22:57 d2.utils.events]:  eta: 0:04:45  iter: 1379  total_loss: 0.1831  loss_cls: 0.01818  loss_box_reg: 0.0439  loss_mask: 0.1136  loss_rpn_cls: 1.687e-05  loss_rpn_loc: 0.00263    time: 0.0796  last_time: 0.0760  data_time: 0.0024  last_data_time: 0.0024   lr: 0.0005  max_mem: 1683M
[08/08 16:22:58 d2.utils.events]:  eta: 0:04:44  iter: 1399  total_loss: 0.2143  loss_cls: 0.0164  loss_box_reg: 0.04496  loss_mask: 0.1408  loss_rpn_cls: 9.768e-06  loss_rpn_loc: 0.002491    time: 0.0796  last_time: 0.0813  data_time: 0.0024  last_data_time: 0.0023   lr: 0.0005  max_mem: 1683M
[08/08 16:22:58 d2.evaluation.coco_evaluation]: Fast COCO eval is not built. Falling back to official COCO eval.
[08/08 16:22:58 d2.data.datasets.coco]: Loaded 89 images in COCO format from /projects/PUCHALLA/LLP2024/tumor-segmentation/data/processed_data/rgb/test/images/test.json
[08/08 16:22:58 d2.data.dataset_mapper]: [DatasetMapper] Augmentations used in inference: [ResizeShortestEdge(short_edge_length=(800, 800), max_size=1333, sample_style='choice')]
[08/08 16:22:58 d2.data.common]: Serializing the dataset using: <class 'detectron2.data.common._TorchSerializedList'>
[08/08 16:22:58 d2.data.common]: Serializing 89 elements to byte tensors and concatenating them all ...
[08/08 16:22:58 d2.data.common]: Serialized dataset takes 0.07 MiB
[08/08 16:22:58 d2.evaluation.evaluator]: Start inference on 89 batches
[08/08 16:22:59 d2.evaluation.evaluator]: Inference done 11/89. Dataloading: 0.0007 s/iter. Inference: 0.0247 s/iter. Eval: 0.0004 s/iter. Total: 0.0257 s/iter. ETA=0:00:02
[08/08 16:23:01 d2.evaluation.evaluator]: Total inference time: 0:00:02.214368 (0.026362 s / iter per device, on 1 devices)
[08/08 16:23:01 d2.evaluation.evaluator]: Total inference pure compute time: 0:00:02 (0.024214 s / iter per device, on 1 devices)
[08/08 16:23:01 d2.evaluation.coco_evaluation]: Preparing results for COCO format ...
[08/08 16:23:01 d2.evaluation.coco_evaluation]: Saving results to ../../../../../models/rgb-testing/rerun-model-4-rgb/coco_instances_results.json
[08/08 16:23:01 d2.evaluation.coco_evaluation]: Evaluating predictions with official COCO API...
Loading and preparing results...
DONE (t=0.00s)
creating index...
index created!
Running per image evaluation...
Evaluate annotation type *bbox*
DONE (t=0.02s).
Accumulating evaluation results...
DONE (t=0.01s).
 Average Precision  (AP) @[ IoU=0.50:0.95 | area=   all | maxDets=100 ] = 0.692
 Average Precision  (AP) @[ IoU=0.50      | area=   all | maxDets=100 ] = 0.928
 Average Precision  (AP) @[ IoU=0.75      | area=   all | maxDets=100 ] = 0.842
 Average Precision  (AP) @[ IoU=0.50:0.95 | area= small | maxDets=100 ] = -1.000
 Average Precision  (AP) @[ IoU=0.50:0.95 | area=medium | maxDets=100 ] = 0.544
 Average Precision  (AP) @[ IoU=0.50:0.95 | area= large | maxDets=100 ] = 0.710
 Average Recall     (AR) @[ IoU=0.50:0.95 | area=   all | maxDets=  1 ] = 0.736
 Average Recall     (AR) @[ IoU=0.50:0.95 | area=   all | maxDets= 10 ] = 0.738
 Average Recall     (AR) @[ IoU=0.50:0.95 | area=   all | maxDets=100 ] = 0.738
 Average Recall     (AR) @[ IoU=0.50:0.95 | area= small | maxDets=100 ] = -1.000
 Average Recall     (AR) @[ IoU=0.50:0.95 | area=medium | maxDets=100 ] = 0.560
 Average Recall     (AR) @[ IoU=0.50:0.95 | area= large | maxDets=100 ] = 0.761
[08/08 16:23:01 d2.evaluation.coco_evaluation]: Evaluation results for bbox: 
|   AP   |  AP50  |  AP75  |  APs  |  APm   |  APl   |
|:------:|:------:|:------:|:-----:|:------:|:------:|
| 69.189 | 92.787 | 84.171 |  nan  | 54.383 | 71.030 |
[08/08 16:23:01 d2.evaluation.coco_evaluation]: Some metrics cannot be computed and is shown as NaN.
Loading and preparing results...
DONE (t=0.00s)
creating index...
index created!
Running per image evaluation...
Evaluate annotation type *segm*
DONE (t=0.02s).
Accumulating evaluation results...
DONE (t=0.01s).
 Average Precision  (AP) @[ IoU=0.50:0.95 | area=   all | maxDets=100 ] = 0.713
 Average Precision  (AP) @[ IoU=0.50      | area=   all | maxDets=100 ] = 0.928
 Average Precision  (AP) @[ IoU=0.75      | area=   all | maxDets=100 ] = 0.856
 Average Precision  (AP) @[ IoU=0.50:0.95 | area= small | maxDets=100 ] = -1.000
 Average Precision  (AP) @[ IoU=0.50:0.95 | area=medium | maxDets=100 ] = 0.545
 Average Precision  (AP) @[ IoU=0.50:0.95 | area= large | maxDets=100 ] = 0.734
 Average Recall     (AR) @[ IoU=0.50:0.95 | area=   all | maxDets=  1 ] = 0.749
 Average Recall     (AR) @[ IoU=0.50:0.95 | area=   all | maxDets= 10 ] = 0.752
 Average Recall     (AR) @[ IoU=0.50:0.95 | area=   all | maxDets=100 ] = 0.752
 Average Recall     (AR) @[ IoU=0.50:0.95 | area= small | maxDets=100 ] = -1.000
 Average Recall     (AR) @[ IoU=0.50:0.95 | area=medium | maxDets=100 ] = 0.570
 Average Recall     (AR) @[ IoU=0.50:0.95 | area= large | maxDets=100 ] = 0.775
[08/08 16:23:01 d2.evaluation.coco_evaluation]: Evaluation results for segm: 
|   AP   |  AP50  |  AP75  |  APs  |  APm   |  APl   |
|:------:|:------:|:------:|:-----:|:------:|:------:|
| 71.313 | 92.752 | 85.624 |  nan  | 54.472 | 73.417 |
[08/08 16:23:01 d2.evaluation.coco_evaluation]: Some metrics cannot be computed and is shown as NaN.
[Iter 2 AP] → mAP@[.5:.95] = 71.313
[08/08 16:23:02 d2.utils.events]:  eta: 0:04:42  iter: 1419  total_loss: 0.2165  loss_cls: 0.0211  loss_box_reg: 0.05177  loss_mask: 0.1315  loss_rpn_cls: 5.92e-06  loss_rpn_loc: 0.002241    time: 0.0796  last_time: 0.0855  data_time: 0.0024  last_data_time: 0.0025   lr: 0.0005  max_mem: 1683M
[08/08 16:23:04 d2.utils.events]:  eta: 0:04:41  iter: 1439  total_loss: 0.186  loss_cls: 0.02032  loss_box_reg: 0.04964  loss_mask: 0.1178  loss_rpn_cls: 4.76e-06  loss_rpn_loc: 0.002598    time: 0.0796  last_time: 0.0806  data_time: 0.0025  last_data_time: 0.0023   lr: 0.0005  max_mem: 1683M
[08/08 16:23:06 d2.utils.events]:  eta: 0:04:39  iter: 1459  total_loss: 0.1784  loss_cls: 0.02156  loss_box_reg: 0.04967  loss_mask: 0.1078  loss_rpn_cls: 9.569e-06  loss_rpn_loc: 0.002768    time: 0.0796  last_time: 0.0760  data_time: 0.0023  last_data_time: 0.0024   lr: 0.0005  max_mem: 1683M
[08/08 16:23:07 d2.utils.events]:  eta: 0:04:37  iter: 1479  total_loss: 0.1769  loss_cls: 0.01814  loss_box_reg: 0.04259  loss_mask: 0.1139  loss_rpn_cls: 7.972e-06  loss_rpn_loc: 0.002433    time: 0.0796  last_time: 0.0771  data_time: 0.0024  last_data_time: 0.0022   lr: 0.0005  max_mem: 1683M
[08/08 16:23:09 d2.utils.events]:  eta: 0:04:36  iter: 1499  total_loss: 0.1942  loss_cls: 0.01733  loss_box_reg: 0.05246  loss_mask: 0.1199  loss_rpn_cls: 5.629e-05  loss_rpn_loc: 0.002352    time: 0.0796  last_time: 0.0741  data_time: 0.0025  last_data_time: 0.0026   lr: 0.0005  max_mem: 1683M
[08/08 16:23:09 d2.evaluation.coco_evaluation]: Fast COCO eval is not built. Falling back to official COCO eval.
[08/08 16:23:09 d2.data.datasets.coco]: Loaded 89 images in COCO format from /projects/PUCHALLA/LLP2024/tumor-segmentation/data/processed_data/rgb/test/images/test.json
[08/08 16:23:09 d2.data.dataset_mapper]: [DatasetMapper] Augmentations used in inference: [ResizeShortestEdge(short_edge_length=(800, 800), max_size=1333, sample_style='choice')]
[08/08 16:23:09 d2.data.common]: Serializing the dataset using: <class 'detectron2.data.common._TorchSerializedList'>
[08/08 16:23:09 d2.data.common]: Serializing 89 elements to byte tensors and concatenating them all ...
[08/08 16:23:09 d2.data.common]: Serialized dataset takes 0.07 MiB
[08/08 16:23:09 d2.evaluation.evaluator]: Start inference on 89 batches
[08/08 16:23:09 d2.evaluation.evaluator]: Inference done 11/89. Dataloading: 0.0006 s/iter. Inference: 0.0244 s/iter. Eval: 0.0004 s/iter. Total: 0.0253 s/iter. ETA=0:00:01
[08/08 16:23:11 d2.evaluation.evaluator]: Total inference time: 0:00:02.224630 (0.026484 s / iter per device, on 1 devices)
[08/08 16:23:11 d2.evaluation.evaluator]: Total inference pure compute time: 0:00:02 (0.024330 s / iter per device, on 1 devices)
[08/08 16:23:11 d2.evaluation.coco_evaluation]: Preparing results for COCO format ...
[08/08 16:23:11 d2.evaluation.coco_evaluation]: Saving results to ../../../../../models/rgb-testing/rerun-model-4-rgb/coco_instances_results.json
[08/08 16:23:11 d2.evaluation.coco_evaluation]: Evaluating predictions with official COCO API...
Loading and preparing results...
DONE (t=0.00s)
creating index...
index created!
Running per image evaluation...
Evaluate annotation type *bbox*
DONE (t=0.02s).
Accumulating evaluation results...
DONE (t=0.01s).
 Average Precision  (AP) @[ IoU=0.50:0.95 | area=   all | maxDets=100 ] = 0.700
 Average Precision  (AP) @[ IoU=0.50      | area=   all | maxDets=100 ] = 0.939
 Average Precision  (AP) @[ IoU=0.75      | area=   all | maxDets=100 ] = 0.879
 Average Precision  (AP) @[ IoU=0.50:0.95 | area= small | maxDets=100 ] = -1.000
 Average Precision  (AP) @[ IoU=0.50:0.95 | area=medium | maxDets=100 ] = 0.536
 Average Precision  (AP) @[ IoU=0.50:0.95 | area= large | maxDets=100 ] = 0.720
 Average Recall     (AR) @[ IoU=0.50:0.95 | area=   all | maxDets=  1 ] = 0.744
 Average Recall     (AR) @[ IoU=0.50:0.95 | area=   all | maxDets= 10 ] = 0.746
 Average Recall     (AR) @[ IoU=0.50:0.95 | area=   all | maxDets=100 ] = 0.746
 Average Recall     (AR) @[ IoU=0.50:0.95 | area= small | maxDets=100 ] = -1.000
 Average Recall     (AR) @[ IoU=0.50:0.95 | area=medium | maxDets=100 ] = 0.550
 Average Recall     (AR) @[ IoU=0.50:0.95 | area= large | maxDets=100 ] = 0.771
[08/08 16:23:11 d2.evaluation.coco_evaluation]: Evaluation results for bbox: 
|   AP   |  AP50  |  AP75  |  APs  |  APm   |  APl   |
|:------:|:------:|:------:|:-----:|:------:|:------:|
| 70.044 | 93.941 | 87.934 |  nan  | 53.560 | 72.040 |
[08/08 16:23:11 d2.evaluation.coco_evaluation]: Some metrics cannot be computed and is shown as NaN.
Loading and preparing results...
DONE (t=0.00s)
creating index...
index created!
Running per image evaluation...
Evaluate annotation type *segm*
DONE (t=0.02s).
Accumulating evaluation results...
DONE (t=0.01s).
 Average Precision  (AP) @[ IoU=0.50:0.95 | area=   all | maxDets=100 ] = 0.723
 Average Precision  (AP) @[ IoU=0.50      | area=   all | maxDets=100 ] = 0.930
 Average Precision  (AP) @[ IoU=0.75      | area=   all | maxDets=100 ] = 0.869
 Average Precision  (AP) @[ IoU=0.50:0.95 | area= small | maxDets=100 ] = -1.000
 Average Precision  (AP) @[ IoU=0.50:0.95 | area=medium | maxDets=100 ] = 0.567
 Average Precision  (AP) @[ IoU=0.50:0.95 | area= large | maxDets=100 ] = 0.742
 Average Recall     (AR) @[ IoU=0.50:0.95 | area=   all | maxDets=  1 ] = 0.762
 Average Recall     (AR) @[ IoU=0.50:0.95 | area=   all | maxDets= 10 ] = 0.763
 Average Recall     (AR) @[ IoU=0.50:0.95 | area=   all | maxDets=100 ] = 0.763
 Average Recall     (AR) @[ IoU=0.50:0.95 | area= small | maxDets=100 ] = -1.000
 Average Recall     (AR) @[ IoU=0.50:0.95 | area=medium | maxDets=100 ] = 0.580
 Average Recall     (AR) @[ IoU=0.50:0.95 | area= large | maxDets=100 ] = 0.786
[08/08 16:23:11 d2.evaluation.coco_evaluation]: Evaluation results for segm: 
|   AP   |  AP50  |  AP75  |  APs  |  APm   |  APl   |
|:------:|:------:|:------:|:-----:|:------:|:------:|
| 72.308 | 92.983 | 86.909 |  nan  | 56.704 | 74.225 |
[08/08 16:23:11 d2.evaluation.coco_evaluation]: Some metrics cannot be computed and is shown as NaN.
[Iter 2 AP] → mAP@[.5:.95] = 72.308
[08/08 16:23:13 d2.utils.events]:  eta: 0:04:34  iter: 1519  total_loss: 0.1709  loss_cls: 0.02013  loss_box_reg: 0.04611  loss_mask: 0.1062  loss_rpn_cls: 1.404e-06  loss_rpn_loc: 0.002069    time: 0.0796  last_time: 0.0715  data_time: 0.0024  last_data_time: 0.0025   lr: 0.0005  max_mem: 1683M
[08/08 16:23:14 d2.utils.events]:  eta: 0:04:33  iter: 1539  total_loss: 0.1802  loss_cls: 0.01812  loss_box_reg: 0.04355  loss_mask: 0.1119  loss_rpn_cls: 4.384e-06  loss_rpn_loc: 0.002208    time: 0.0796  last_time: 0.0774  data_time: 0.0024  last_data_time: 0.0022   lr: 0.0005  max_mem: 1683M
[08/08 16:23:16 d2.utils.events]:  eta: 0:04:31  iter: 1559  total_loss: 0.198  loss_cls: 0.01849  loss_box_reg: 0.0495  loss_mask: 0.1287  loss_rpn_cls: 3.266e-06  loss_rpn_loc: 0.002386    time: 0.0796  last_time: 0.0806  data_time: 0.0024  last_data_time: 0.0024   lr: 0.0005  max_mem: 1683M
[08/08 16:23:18 d2.utils.events]:  eta: 0:04:29  iter: 1579  total_loss: 0.2001  loss_cls: 0.01955  loss_box_reg: 0.04887  loss_mask: 0.1233  loss_rpn_cls: 1.071e-06  loss_rpn_loc: 0.002077    time: 0.0795  last_time: 0.0775  data_time: 0.0024  last_data_time: 0.0024   lr: 0.0005  max_mem: 1683M
[08/08 16:23:19 d2.utils.events]:  eta: 0:04:28  iter: 1599  total_loss: 0.198  loss_cls: 0.0215  loss_box_reg: 0.04642  loss_mask: 0.1335  loss_rpn_cls: 3.891e-06  loss_rpn_loc: 0.003014    time: 0.0795  last_time: 0.0799  data_time: 0.0024  last_data_time: 0.0025   lr: 0.0005  max_mem: 1683M
[08/08 16:23:19 d2.evaluation.coco_evaluation]: Fast COCO eval is not built. Falling back to official COCO eval.
[08/08 16:23:19 d2.data.datasets.coco]: Loaded 89 images in COCO format from /projects/PUCHALLA/LLP2024/tumor-segmentation/data/processed_data/rgb/test/images/test.json
[08/08 16:23:19 d2.data.dataset_mapper]: [DatasetMapper] Augmentations used in inference: [ResizeShortestEdge(short_edge_length=(800, 800), max_size=1333, sample_style='choice')]
[08/08 16:23:19 d2.data.common]: Serializing the dataset using: <class 'detectron2.data.common._TorchSerializedList'>
[08/08 16:23:19 d2.data.common]: Serializing 89 elements to byte tensors and concatenating them all ...
[08/08 16:23:19 d2.data.common]: Serialized dataset takes 0.07 MiB
[08/08 16:23:19 d2.evaluation.evaluator]: Start inference on 89 batches
[08/08 16:23:20 d2.evaluation.evaluator]: Inference done 11/89. Dataloading: 0.0006 s/iter. Inference: 0.0240 s/iter. Eval: 0.0004 s/iter. Total: 0.0250 s/iter. ETA=0:00:01
[08/08 16:23:22 d2.evaluation.evaluator]: Total inference time: 0:00:02.221254 (0.026444 s / iter per device, on 1 devices)
[08/08 16:23:22 d2.evaluation.evaluator]: Total inference pure compute time: 0:00:02 (0.024334 s / iter per device, on 1 devices)
[08/08 16:23:22 d2.evaluation.coco_evaluation]: Preparing results for COCO format ...
[08/08 16:23:22 d2.evaluation.coco_evaluation]: Saving results to ../../../../../models/rgb-testing/rerun-model-4-rgb/coco_instances_results.json
[08/08 16:23:22 d2.evaluation.coco_evaluation]: Evaluating predictions with official COCO API...
Loading and preparing results...
DONE (t=0.00s)
creating index...
index created!
Running per image evaluation...
Evaluate annotation type *bbox*
DONE (t=0.02s).
Accumulating evaluation results...
DONE (t=0.01s).
 Average Precision  (AP) @[ IoU=0.50:0.95 | area=   all | maxDets=100 ] = 0.693
 Average Precision  (AP) @[ IoU=0.50      | area=   all | maxDets=100 ] = 0.923
 Average Precision  (AP) @[ IoU=0.75      | area=   all | maxDets=100 ] = 0.865
 Average Precision  (AP) @[ IoU=0.50:0.95 | area= small | maxDets=100 ] = -1.000
 Average Precision  (AP) @[ IoU=0.50:0.95 | area=medium | maxDets=100 ] = 0.549
 Average Precision  (AP) @[ IoU=0.50:0.95 | area= large | maxDets=100 ] = 0.713
 Average Recall     (AR) @[ IoU=0.50:0.95 | area=   all | maxDets=  1 ] = 0.736
 Average Recall     (AR) @[ IoU=0.50:0.95 | area=   all | maxDets= 10 ] = 0.742
 Average Recall     (AR) @[ IoU=0.50:0.95 | area=   all | maxDets=100 ] = 0.742
 Average Recall     (AR) @[ IoU=0.50:0.95 | area= small | maxDets=100 ] = -1.000
 Average Recall     (AR) @[ IoU=0.50:0.95 | area=medium | maxDets=100 ] = 0.560
 Average Recall     (AR) @[ IoU=0.50:0.95 | area= large | maxDets=100 ] = 0.765
[08/08 16:23:22 d2.evaluation.coco_evaluation]: Evaluation results for bbox: 
|   AP   |  AP50  |  AP75  |  APs  |  APm   |  APl   |
|:------:|:------:|:------:|:-----:|:------:|:------:|
| 69.342 | 92.313 | 86.468 |  nan  | 54.926 | 71.349 |
[08/08 16:23:22 d2.evaluation.coco_evaluation]: Some metrics cannot be computed and is shown as NaN.
Loading and preparing results...
DONE (t=0.00s)
creating index...
index created!
Running per image evaluation...
Evaluate annotation type *segm*
DONE (t=0.02s).
Accumulating evaluation results...
DONE (t=0.01s).
 Average Precision  (AP) @[ IoU=0.50:0.95 | area=   all | maxDets=100 ] = 0.693
 Average Precision  (AP) @[ IoU=0.50      | area=   all | maxDets=100 ] = 0.923
 Average Precision  (AP) @[ IoU=0.75      | area=   all | maxDets=100 ] = 0.839
 Average Precision  (AP) @[ IoU=0.50:0.95 | area= small | maxDets=100 ] = -1.000
 Average Precision  (AP) @[ IoU=0.50:0.95 | area=medium | maxDets=100 ] = 0.545
 Average Precision  (AP) @[ IoU=0.50:0.95 | area= large | maxDets=100 ] = 0.713
 Average Recall     (AR) @[ IoU=0.50:0.95 | area=   all | maxDets=  1 ] = 0.734
 Average Recall     (AR) @[ IoU=0.50:0.95 | area=   all | maxDets= 10 ] = 0.737
 Average Recall     (AR) @[ IoU=0.50:0.95 | area=   all | maxDets=100 ] = 0.737
 Average Recall     (AR) @[ IoU=0.50:0.95 | area= small | maxDets=100 ] = -1.000
 Average Recall     (AR) @[ IoU=0.50:0.95 | area=medium | maxDets=100 ] = 0.560
 Average Recall     (AR) @[ IoU=0.50:0.95 | area= large | maxDets=100 ] = 0.759
[08/08 16:23:22 d2.evaluation.coco_evaluation]: Evaluation results for segm: 
|   AP   |  AP50  |  AP75  |  APs  |  APm   |  APl   |
|:------:|:------:|:------:|:-----:|:------:|:------:|
| 69.285 | 92.313 | 83.859 |  nan  | 54.451 | 71.310 |
[08/08 16:23:22 d2.evaluation.coco_evaluation]: Some metrics cannot be computed and is shown as NaN.
[Iter 2 AP] → mAP@[.5:.95] = 69.285
[08/08 16:23:23 d2.utils.events]:  eta: 0:04:26  iter: 1619  total_loss: 0.2102  loss_cls: 0.02297  loss_box_reg: 0.051  loss_mask: 0.1358  loss_rpn_cls: 1.923e-05  loss_rpn_loc: 0.002648    time: 0.0795  last_time: 0.0842  data_time: 0.0024  last_data_time: 0.0021   lr: 0.0005  max_mem: 1683M
[08/08 16:23:25 d2.utils.events]:  eta: 0:04:24  iter: 1639  total_loss: 0.1759  loss_cls: 0.01665  loss_box_reg: 0.03852  loss_mask: 0.112  loss_rpn_cls: 5.12e-06  loss_rpn_loc: 0.001732    time: 0.0795  last_time: 0.0907  data_time: 0.0023  last_data_time: 0.0025   lr: 0.0005  max_mem: 1683M
[08/08 16:23:27 d2.utils.events]:  eta: 0:04:23  iter: 1659  total_loss: 0.187  loss_cls: 0.02192  loss_box_reg: 0.04685  loss_mask: 0.1233  loss_rpn_cls: 2.593e-06  loss_rpn_loc: 0.002357    time: 0.0795  last_time: 0.0802  data_time: 0.0024  last_data_time: 0.0023   lr: 0.0005  max_mem: 1683M
[08/08 16:23:28 d2.utils.events]:  eta: 0:04:21  iter: 1679  total_loss: 0.1969  loss_cls: 0.02038  loss_box_reg: 0.05303  loss_mask: 0.1186  loss_rpn_cls: 1.211e-05  loss_rpn_loc: 0.002472    time: 0.0795  last_time: 0.0765  data_time: 0.0024  last_data_time: 0.0021   lr: 0.0005  max_mem: 1683M
[08/08 16:23:30 d2.utils.events]:  eta: 0:04:20  iter: 1699  total_loss: 0.1668  loss_cls: 0.01717  loss_box_reg: 0.04158  loss_mask: 0.1072  loss_rpn_cls: 4.029e-06  loss_rpn_loc: 0.00221    time: 0.0795  last_time: 0.0784  data_time: 0.0025  last_data_time: 0.0024   lr: 0.0005  max_mem: 1683M
[08/08 16:23:30 d2.evaluation.coco_evaluation]: Fast COCO eval is not built. Falling back to official COCO eval.
[08/08 16:23:30 d2.data.datasets.coco]: Loaded 89 images in COCO format from /projects/PUCHALLA/LLP2024/tumor-segmentation/data/processed_data/rgb/test/images/test.json
[08/08 16:23:30 d2.data.dataset_mapper]: [DatasetMapper] Augmentations used in inference: [ResizeShortestEdge(short_edge_length=(800, 800), max_size=1333, sample_style='choice')]
[08/08 16:23:30 d2.data.common]: Serializing the dataset using: <class 'detectron2.data.common._TorchSerializedList'>
[08/08 16:23:30 d2.data.common]: Serializing 89 elements to byte tensors and concatenating them all ...
[08/08 16:23:30 d2.data.common]: Serialized dataset takes 0.07 MiB
[08/08 16:23:30 d2.evaluation.evaluator]: Start inference on 89 batches
[08/08 16:23:30 d2.evaluation.evaluator]: Inference done 11/89. Dataloading: 0.0006 s/iter. Inference: 0.0247 s/iter. Eval: 0.0004 s/iter. Total: 0.0256 s/iter. ETA=0:00:01
[08/08 16:23:32 d2.evaluation.evaluator]: Total inference time: 0:00:02.247671 (0.026758 s / iter per device, on 1 devices)
[08/08 16:23:32 d2.evaluation.evaluator]: Total inference pure compute time: 0:00:02 (0.024634 s / iter per device, on 1 devices)
[08/08 16:23:32 d2.evaluation.coco_evaluation]: Preparing results for COCO format ...
[08/08 16:23:32 d2.evaluation.coco_evaluation]: Saving results to ../../../../../models/rgb-testing/rerun-model-4-rgb/coco_instances_results.json
[08/08 16:23:32 d2.evaluation.coco_evaluation]: Evaluating predictions with official COCO API...
Loading and preparing results...
DONE (t=0.00s)
creating index...
index created!
Running per image evaluation...
Evaluate annotation type *bbox*
DONE (t=0.02s).
Accumulating evaluation results...
DONE (t=0.01s).
 Average Precision  (AP) @[ IoU=0.50:0.95 | area=   all | maxDets=100 ] = 0.698
 Average Precision  (AP) @[ IoU=0.50      | area=   all | maxDets=100 ] = 0.937
 Average Precision  (AP) @[ IoU=0.75      | area=   all | maxDets=100 ] = 0.839
 Average Precision  (AP) @[ IoU=0.50:0.95 | area= small | maxDets=100 ] = -1.000
 Average Precision  (AP) @[ IoU=0.50:0.95 | area=medium | maxDets=100 ] = 0.558
 Average Precision  (AP) @[ IoU=0.50:0.95 | area= large | maxDets=100 ] = 0.716
 Average Recall     (AR) @[ IoU=0.50:0.95 | area=   all | maxDets=  1 ] = 0.752
 Average Recall     (AR) @[ IoU=0.50:0.95 | area=   all | maxDets= 10 ] = 0.757
 Average Recall     (AR) @[ IoU=0.50:0.95 | area=   all | maxDets=100 ] = 0.757
 Average Recall     (AR) @[ IoU=0.50:0.95 | area= small | maxDets=100 ] = -1.000
 Average Recall     (AR) @[ IoU=0.50:0.95 | area=medium | maxDets=100 ] = 0.580
 Average Recall     (AR) @[ IoU=0.50:0.95 | area= large | maxDets=100 ] = 0.780
[08/08 16:23:32 d2.evaluation.coco_evaluation]: Evaluation results for bbox: 
|   AP   |  AP50  |  AP75  |  APs  |  APm   |  APl   |
|:------:|:------:|:------:|:-----:|:------:|:------:|
| 69.767 | 93.720 | 83.864 |  nan  | 55.783 | 71.610 |
[08/08 16:23:32 d2.evaluation.coco_evaluation]: Some metrics cannot be computed and is shown as NaN.
Loading and preparing results...
DONE (t=0.00s)
creating index...
index created!
Running per image evaluation...
Evaluate annotation type *segm*
DONE (t=0.02s).
Accumulating evaluation results...
DONE (t=0.01s).
 Average Precision  (AP) @[ IoU=0.50:0.95 | area=   all | maxDets=100 ] = 0.714
 Average Precision  (AP) @[ IoU=0.50      | area=   all | maxDets=100 ] = 0.937
 Average Precision  (AP) @[ IoU=0.75      | area=   all | maxDets=100 ] = 0.857
 Average Precision  (AP) @[ IoU=0.50:0.95 | area= small | maxDets=100 ] = -1.000
 Average Precision  (AP) @[ IoU=0.50:0.95 | area=medium | maxDets=100 ] = 0.564
 Average Precision  (AP) @[ IoU=0.50:0.95 | area= large | maxDets=100 ] = 0.731
 Average Recall     (AR) @[ IoU=0.50:0.95 | area=   all | maxDets=  1 ] = 0.755
 Average Recall     (AR) @[ IoU=0.50:0.95 | area=   all | maxDets= 10 ] = 0.762
 Average Recall     (AR) @[ IoU=0.50:0.95 | area=   all | maxDets=100 ] = 0.762
 Average Recall     (AR) @[ IoU=0.50:0.95 | area= small | maxDets=100 ] = -1.000
 Average Recall     (AR) @[ IoU=0.50:0.95 | area=medium | maxDets=100 ] = 0.590
 Average Recall     (AR) @[ IoU=0.50:0.95 | area= large | maxDets=100 ] = 0.784
[08/08 16:23:32 d2.evaluation.coco_evaluation]: Evaluation results for segm: 
|   AP   |  AP50  |  AP75  |  APs  |  APm   |  APl   |
|:------:|:------:|:------:|:-----:|:------:|:------:|
| 71.405 | 93.663 | 85.746 |  nan  | 56.368 | 73.093 |
[08/08 16:23:32 d2.evaluation.coco_evaluation]: Some metrics cannot be computed and is shown as NaN.
[Iter 2 AP] → mAP@[.5:.95] = 71.405
[08/08 16:23:34 d2.utils.events]:  eta: 0:04:18  iter: 1719  total_loss: 0.1906  loss_cls: 0.01832  loss_box_reg: 0.04399  loss_mask: 0.1215  loss_rpn_cls: 4.65e-06  loss_rpn_loc: 0.002333    time: 0.0795  last_time: 0.0806  data_time: 0.0026  last_data_time: 0.0025   lr: 0.0005  max_mem: 1683M
[08/08 16:23:36 d2.utils.events]:  eta: 0:04:17  iter: 1739  total_loss: 0.2127  loss_cls: 0.02191  loss_box_reg: 0.04457  loss_mask: 0.1484  loss_rpn_cls: 1.917e-05  loss_rpn_loc: 0.002939    time: 0.0795  last_time: 0.0841  data_time: 0.0025  last_data_time: 0.0023   lr: 0.0005  max_mem: 1683M
[08/08 16:23:37 d2.utils.events]:  eta: 0:04:15  iter: 1759  total_loss: 0.1723  loss_cls: 0.0194  loss_box_reg: 0.04183  loss_mask: 0.1101  loss_rpn_cls: 4.128e-06  loss_rpn_loc: 0.002203    time: 0.0795  last_time: 0.0815  data_time: 0.0025  last_data_time: 0.0026   lr: 0.0005  max_mem: 1683M
[08/08 16:23:39 d2.utils.events]:  eta: 0:04:14  iter: 1779  total_loss: 0.1856  loss_cls: 0.01784  loss_box_reg: 0.04342  loss_mask: 0.1223  loss_rpn_cls: 5.721e-05  loss_rpn_loc: 0.002395    time: 0.0795  last_time: 0.0782  data_time: 0.0025  last_data_time: 0.0026   lr: 0.0005  max_mem: 1683M
[08/08 16:23:40 d2.utils.events]:  eta: 0:04:12  iter: 1799  total_loss: 0.1857  loss_cls: 0.01761  loss_box_reg: 0.04449  loss_mask: 0.1112  loss_rpn_cls: 7.823e-06  loss_rpn_loc: 0.002466    time: 0.0795  last_time: 0.0728  data_time: 0.0025  last_data_time: 0.0025   lr: 0.0005  max_mem: 1683M
[08/08 16:23:40 d2.evaluation.coco_evaluation]: Fast COCO eval is not built. Falling back to official COCO eval.
[08/08 16:23:40 d2.data.datasets.coco]: Loaded 89 images in COCO format from /projects/PUCHALLA/LLP2024/tumor-segmentation/data/processed_data/rgb/test/images/test.json
[08/08 16:23:40 d2.data.dataset_mapper]: [DatasetMapper] Augmentations used in inference: [ResizeShortestEdge(short_edge_length=(800, 800), max_size=1333, sample_style='choice')]
[08/08 16:23:40 d2.data.common]: Serializing the dataset using: <class 'detectron2.data.common._TorchSerializedList'>
[08/08 16:23:40 d2.data.common]: Serializing 89 elements to byte tensors and concatenating them all ...
[08/08 16:23:40 d2.data.common]: Serialized dataset takes 0.07 MiB
[08/08 16:23:40 d2.evaluation.evaluator]: Start inference on 89 batches
[08/08 16:23:41 d2.evaluation.evaluator]: Inference done 11/89. Dataloading: 0.0006 s/iter. Inference: 0.0247 s/iter. Eval: 0.0004 s/iter. Total: 0.0257 s/iter. ETA=0:00:02
[08/08 16:23:43 d2.evaluation.evaluator]: Total inference time: 0:00:02.218904 (0.026416 s / iter per device, on 1 devices)
[08/08 16:23:43 d2.evaluation.evaluator]: Total inference pure compute time: 0:00:02 (0.024360 s / iter per device, on 1 devices)
[08/08 16:23:43 d2.evaluation.coco_evaluation]: Preparing results for COCO format ...
[08/08 16:23:43 d2.evaluation.coco_evaluation]: Saving results to ../../../../../models/rgb-testing/rerun-model-4-rgb/coco_instances_results.json
[08/08 16:23:43 d2.evaluation.coco_evaluation]: Evaluating predictions with official COCO API...
Loading and preparing results...
DONE (t=0.00s)
creating index...
index created!
Running per image evaluation...
Evaluate annotation type *bbox*
DONE (t=0.02s).
Accumulating evaluation results...
DONE (t=0.01s).
 Average Precision  (AP) @[ IoU=0.50:0.95 | area=   all | maxDets=100 ] = 0.725
 Average Precision  (AP) @[ IoU=0.50      | area=   all | maxDets=100 ] = 0.938
 Average Precision  (AP) @[ IoU=0.75      | area=   all | maxDets=100 ] = 0.878
 Average Precision  (AP) @[ IoU=0.50:0.95 | area= small | maxDets=100 ] = -1.000
 Average Precision  (AP) @[ IoU=0.50:0.95 | area=medium | maxDets=100 ] = 0.550
 Average Precision  (AP) @[ IoU=0.50:0.95 | area= large | maxDets=100 ] = 0.748
 Average Recall     (AR) @[ IoU=0.50:0.95 | area=   all | maxDets=  1 ] = 0.773
 Average Recall     (AR) @[ IoU=0.50:0.95 | area=   all | maxDets= 10 ] = 0.775
 Average Recall     (AR) @[ IoU=0.50:0.95 | area=   all | maxDets=100 ] = 0.775
 Average Recall     (AR) @[ IoU=0.50:0.95 | area= small | maxDets=100 ] = -1.000
 Average Recall     (AR) @[ IoU=0.50:0.95 | area=medium | maxDets=100 ] = 0.570
 Average Recall     (AR) @[ IoU=0.50:0.95 | area= large | maxDets=100 ] = 0.801
[08/08 16:23:43 d2.evaluation.coco_evaluation]: Evaluation results for bbox: 
|   AP   |  AP50  |  AP75  |  APs  |  APm   |  APl   |
|:------:|:------:|:------:|:-----:|:------:|:------:|
| 72.533 | 93.823 | 87.843 |  nan  | 54.959 | 74.793 |
[08/08 16:23:43 d2.evaluation.coco_evaluation]: Some metrics cannot be computed and is shown as NaN.
Loading and preparing results...
DONE (t=0.00s)
creating index...
index created!
Running per image evaluation...
Evaluate annotation type *segm*
DONE (t=0.02s).
Accumulating evaluation results...
DONE (t=0.01s).
 Average Precision  (AP) @[ IoU=0.50:0.95 | area=   all | maxDets=100 ] = 0.730
 Average Precision  (AP) @[ IoU=0.50      | area=   all | maxDets=100 ] = 0.938
 Average Precision  (AP) @[ IoU=0.75      | area=   all | maxDets=100 ] = 0.869
 Average Precision  (AP) @[ IoU=0.50:0.95 | area= small | maxDets=100 ] = -1.000
 Average Precision  (AP) @[ IoU=0.50:0.95 | area=medium | maxDets=100 ] = 0.565
 Average Precision  (AP) @[ IoU=0.50:0.95 | area= large | maxDets=100 ] = 0.751
 Average Recall     (AR) @[ IoU=0.50:0.95 | area=   all | maxDets=  1 ] = 0.767
 Average Recall     (AR) @[ IoU=0.50:0.95 | area=   all | maxDets= 10 ] = 0.771
 Average Recall     (AR) @[ IoU=0.50:0.95 | area=   all | maxDets=100 ] = 0.771
 Average Recall     (AR) @[ IoU=0.50:0.95 | area= small | maxDets=100 ] = -1.000
 Average Recall     (AR) @[ IoU=0.50:0.95 | area=medium | maxDets=100 ] = 0.580
 Average Recall     (AR) @[ IoU=0.50:0.95 | area= large | maxDets=100 ] = 0.795
[08/08 16:23:43 d2.evaluation.coco_evaluation]: Evaluation results for segm: 
|   AP   |  AP50  |  AP75  |  APs  |  APm   |  APl   |
|:------:|:------:|:------:|:-----:|:------:|:------:|
| 72.988 | 93.798 | 86.852 |  nan  | 56.462 | 75.133 |
[08/08 16:23:43 d2.evaluation.coco_evaluation]: Some metrics cannot be computed and is shown as NaN.
[Iter 2 AP] → mAP@[.5:.95] = 72.988
[08/08 16:23:44 d2.utils.events]:  eta: 0:04:11  iter: 1819  total_loss: 0.2072  loss_cls: 0.02628  loss_box_reg: 0.05492  loss_mask: 0.1305  loss_rpn_cls: 2.242e-06  loss_rpn_loc: 0.002269    time: 0.0795  last_time: 0.0784  data_time: 0.0024  last_data_time: 0.0024   lr: 0.0005  max_mem: 1683M
[08/08 16:23:46 d2.utils.events]:  eta: 0:04:09  iter: 1839  total_loss: 0.1781  loss_cls: 0.01936  loss_box_reg: 0.04208  loss_mask: 0.1166  loss_rpn_cls: 6.759e-06  loss_rpn_loc: 0.002719    time: 0.0795  last_time: 0.0733  data_time: 0.0023  last_data_time: 0.0021   lr: 0.0005  max_mem: 1683M
[08/08 16:23:48 d2.utils.events]:  eta: 0:04:07  iter: 1859  total_loss: 0.1739  loss_cls: 0.01736  loss_box_reg: 0.04499  loss_mask: 0.1144  loss_rpn_cls: 2.462e-05  loss_rpn_loc: 0.002108    time: 0.0795  last_time: 0.0836  data_time: 0.0025  last_data_time: 0.0026   lr: 0.0005  max_mem: 1683M
[08/08 16:23:49 d2.utils.events]:  eta: 0:04:06  iter: 1879  total_loss: 0.1749  loss_cls: 0.01744  loss_box_reg: 0.04212  loss_mask: 0.1139  loss_rpn_cls: 1.169e-05  loss_rpn_loc: 0.002145    time: 0.0795  last_time: 0.0777  data_time: 0.0024  last_data_time: 0.0023   lr: 0.0005  max_mem: 1683M
[08/08 16:23:51 d2.utils.events]:  eta: 0:04:04  iter: 1899  total_loss: 0.2252  loss_cls: 0.01967  loss_box_reg: 0.051  loss_mask: 0.1407  loss_rpn_cls: 2.16e-05  loss_rpn_loc: 0.002991    time: 0.0795  last_time: 0.0770  data_time: 0.0025  last_data_time: 0.0021   lr: 0.0005  max_mem: 1683M
[08/08 16:23:51 d2.evaluation.coco_evaluation]: Fast COCO eval is not built. Falling back to official COCO eval.
[08/08 16:23:51 d2.data.datasets.coco]: Loaded 89 images in COCO format from /projects/PUCHALLA/LLP2024/tumor-segmentation/data/processed_data/rgb/test/images/test.json
[08/08 16:23:51 d2.data.dataset_mapper]: [DatasetMapper] Augmentations used in inference: [ResizeShortestEdge(short_edge_length=(800, 800), max_size=1333, sample_style='choice')]
[08/08 16:23:51 d2.data.common]: Serializing the dataset using: <class 'detectron2.data.common._TorchSerializedList'>
[08/08 16:23:51 d2.data.common]: Serializing 89 elements to byte tensors and concatenating them all ...
[08/08 16:23:51 d2.data.common]: Serialized dataset takes 0.07 MiB
[08/08 16:23:51 d2.evaluation.evaluator]: Start inference on 89 batches
[08/08 16:23:51 d2.evaluation.evaluator]: Inference done 11/89. Dataloading: 0.0006 s/iter. Inference: 0.0247 s/iter. Eval: 0.0004 s/iter. Total: 0.0256 s/iter. ETA=0:00:01
[08/08 16:23:53 d2.evaluation.evaluator]: Total inference time: 0:00:02.249082 (0.026775 s / iter per device, on 1 devices)
[08/08 16:23:53 d2.evaluation.evaluator]: Total inference pure compute time: 0:00:02 (0.024660 s / iter per device, on 1 devices)
[08/08 16:23:53 d2.evaluation.coco_evaluation]: Preparing results for COCO format ...
[08/08 16:23:53 d2.evaluation.coco_evaluation]: Saving results to ../../../../../models/rgb-testing/rerun-model-4-rgb/coco_instances_results.json
[08/08 16:23:53 d2.evaluation.coco_evaluation]: Evaluating predictions with official COCO API...
Loading and preparing results...
DONE (t=0.00s)
creating index...
index created!
Running per image evaluation...
Evaluate annotation type *bbox*
DONE (t=0.02s).
Accumulating evaluation results...
DONE (t=0.01s).
 Average Precision  (AP) @[ IoU=0.50:0.95 | area=   all | maxDets=100 ] = 0.722
 Average Precision  (AP) @[ IoU=0.50      | area=   all | maxDets=100 ] = 0.942
 Average Precision  (AP) @[ IoU=0.75      | area=   all | maxDets=100 ] = 0.883
 Average Precision  (AP) @[ IoU=0.50:0.95 | area= small | maxDets=100 ] = -1.000
 Average Precision  (AP) @[ IoU=0.50:0.95 | area=medium | maxDets=100 ] = 0.581
 Average Precision  (AP) @[ IoU=0.50:0.95 | area= large | maxDets=100 ] = 0.741
 Average Recall     (AR) @[ IoU=0.50:0.95 | area=   all | maxDets=  1 ] = 0.770
 Average Recall     (AR) @[ IoU=0.50:0.95 | area=   all | maxDets= 10 ] = 0.773
 Average Recall     (AR) @[ IoU=0.50:0.95 | area=   all | maxDets=100 ] = 0.773
 Average Recall     (AR) @[ IoU=0.50:0.95 | area= small | maxDets=100 ] = -1.000
 Average Recall     (AR) @[ IoU=0.50:0.95 | area=medium | maxDets=100 ] = 0.580
 Average Recall     (AR) @[ IoU=0.50:0.95 | area= large | maxDets=100 ] = 0.797
[08/08 16:23:53 d2.evaluation.coco_evaluation]: Evaluation results for bbox: 
|   AP   |  AP50  |  AP75  |  APs  |  APm   |  APl   |
|:------:|:------:|:------:|:-----:|:------:|:------:|
| 72.239 | 94.241 | 88.335 |  nan  | 58.119 | 74.137 |
[08/08 16:23:53 d2.evaluation.coco_evaluation]: Some metrics cannot be computed and is shown as NaN.
Loading and preparing results...
DONE (t=0.00s)
creating index...
index created!
Running per image evaluation...
Evaluate annotation type *segm*
DONE (t=0.02s).
Accumulating evaluation results...
DONE (t=0.01s).
 Average Precision  (AP) @[ IoU=0.50:0.95 | area=   all | maxDets=100 ] = 0.726
 Average Precision  (AP) @[ IoU=0.50      | area=   all | maxDets=100 ] = 0.942
 Average Precision  (AP) @[ IoU=0.75      | area=   all | maxDets=100 ] = 0.872
 Average Precision  (AP) @[ IoU=0.50:0.95 | area= small | maxDets=100 ] = -1.000
 Average Precision  (AP) @[ IoU=0.50:0.95 | area=medium | maxDets=100 ] = 0.572
 Average Precision  (AP) @[ IoU=0.50:0.95 | area= large | maxDets=100 ] = 0.747
 Average Recall     (AR) @[ IoU=0.50:0.95 | area=   all | maxDets=  1 ] = 0.769
 Average Recall     (AR) @[ IoU=0.50:0.95 | area=   all | maxDets= 10 ] = 0.771
 Average Recall     (AR) @[ IoU=0.50:0.95 | area=   all | maxDets=100 ] = 0.771
 Average Recall     (AR) @[ IoU=0.50:0.95 | area= small | maxDets=100 ] = -1.000
 Average Recall     (AR) @[ IoU=0.50:0.95 | area=medium | maxDets=100 ] = 0.580
 Average Recall     (AR) @[ IoU=0.50:0.95 | area= large | maxDets=100 ] = 0.795
[08/08 16:23:53 d2.evaluation.coco_evaluation]: Evaluation results for segm: 
|   AP   |  AP50  |  AP75  |  APs  |  APm   |  APl   |
|:------:|:------:|:------:|:-----:|:------:|:------:|
| 72.637 | 94.241 | 87.223 |  nan  | 57.240 | 74.680 |
[08/08 16:23:53 d2.evaluation.coco_evaluation]: Some metrics cannot be computed and is shown as NaN.
[Iter 2 AP] → mAP@[.5:.95] = 72.637
[08/08 16:23:55 d2.utils.events]:  eta: 0:04:03  iter: 1919  total_loss: 0.1949  loss_cls: 0.01971  loss_box_reg: 0.04813  loss_mask: 0.1236  loss_rpn_cls: 2.831e-05  loss_rpn_loc: 0.002348    time: 0.0795  last_time: 0.0793  data_time: 0.0025  last_data_time: 0.0025   lr: 0.0005  max_mem: 1683M
[08/08 16:23:57 d2.utils.events]:  eta: 0:04:01  iter: 1939  total_loss: 0.1762  loss_cls: 0.01823  loss_box_reg: 0.04213  loss_mask: 0.1171  loss_rpn_cls: 7.032e-06  loss_rpn_loc: 0.002156    time: 0.0795  last_time: 0.0782  data_time: 0.0024  last_data_time: 0.0024   lr: 0.0005  max_mem: 1683M
[08/08 16:23:58 d2.utils.events]:  eta: 0:03:59  iter: 1959  total_loss: 0.1939  loss_cls: 0.01654  loss_box_reg: 0.04436  loss_mask: 0.1308  loss_rpn_cls: 1.006e-05  loss_rpn_loc: 0.002439    time: 0.0795  last_time: 0.0734  data_time: 0.0025  last_data_time: 0.0023   lr: 0.0005  max_mem: 1683M
[08/08 16:24:00 d2.utils.events]:  eta: 0:03:58  iter: 1979  total_loss: 0.1684  loss_cls: 0.01887  loss_box_reg: 0.04287  loss_mask: 0.1024  loss_rpn_cls: 1.998e-05  loss_rpn_loc: 0.002262    time: 0.0795  last_time: 0.0804  data_time: 0.0024  last_data_time: 0.0024   lr: 0.0005  max_mem: 1683M
[08/08 16:24:01 d2.utils.events]:  eta: 0:03:56  iter: 1999  total_loss: 0.1854  loss_cls: 0.01938  loss_box_reg: 0.04792  loss_mask: 0.1146  loss_rpn_cls: 2.313e-05  loss_rpn_loc: 0.002499    time: 0.0795  last_time: 0.0761  data_time: 0.0024  last_data_time: 0.0024   lr: 0.0005  max_mem: 1683M
[08/08 16:24:01 d2.evaluation.coco_evaluation]: Fast COCO eval is not built. Falling back to official COCO eval.
[08/08 16:24:01 d2.data.datasets.coco]: Loaded 89 images in COCO format from /projects/PUCHALLA/LLP2024/tumor-segmentation/data/processed_data/rgb/test/images/test.json
[08/08 16:24:01 d2.data.dataset_mapper]: [DatasetMapper] Augmentations used in inference: [ResizeShortestEdge(short_edge_length=(800, 800), max_size=1333, sample_style='choice')]
[08/08 16:24:01 d2.data.common]: Serializing the dataset using: <class 'detectron2.data.common._TorchSerializedList'>
[08/08 16:24:01 d2.data.common]: Serializing 89 elements to byte tensors and concatenating them all ...
[08/08 16:24:01 d2.data.common]: Serialized dataset takes 0.07 MiB
[08/08 16:24:01 d2.evaluation.evaluator]: Start inference on 89 batches
[08/08 16:24:02 d2.evaluation.evaluator]: Inference done 11/89. Dataloading: 0.0006 s/iter. Inference: 0.0248 s/iter. Eval: 0.0004 s/iter. Total: 0.0257 s/iter. ETA=0:00:02
[08/08 16:24:04 d2.evaluation.evaluator]: Total inference time: 0:00:02.233387 (0.026588 s / iter per device, on 1 devices)
[08/08 16:24:04 d2.evaluation.evaluator]: Total inference pure compute time: 0:00:02 (0.024541 s / iter per device, on 1 devices)
[08/08 16:24:04 d2.evaluation.coco_evaluation]: Preparing results for COCO format ...
[08/08 16:24:04 d2.evaluation.coco_evaluation]: Saving results to ../../../../../models/rgb-testing/rerun-model-4-rgb/coco_instances_results.json
[08/08 16:24:04 d2.evaluation.coco_evaluation]: Evaluating predictions with official COCO API...
Loading and preparing results...
DONE (t=0.00s)
creating index...
index created!
Running per image evaluation...
Evaluate annotation type *bbox*
DONE (t=0.02s).
Accumulating evaluation results...
DONE (t=0.01s).
 Average Precision  (AP) @[ IoU=0.50:0.95 | area=   all | maxDets=100 ] = 0.701
 Average Precision  (AP) @[ IoU=0.50      | area=   all | maxDets=100 ] = 0.938
 Average Precision  (AP) @[ IoU=0.75      | area=   all | maxDets=100 ] = 0.870
 Average Precision  (AP) @[ IoU=0.50:0.95 | area= small | maxDets=100 ] = -1.000
 Average Precision  (AP) @[ IoU=0.50:0.95 | area=medium | maxDets=100 ] = 0.579
 Average Precision  (AP) @[ IoU=0.50:0.95 | area= large | maxDets=100 ] = 0.719
 Average Recall     (AR) @[ IoU=0.50:0.95 | area=   all | maxDets=  1 ] = 0.754
 Average Recall     (AR) @[ IoU=0.50:0.95 | area=   all | maxDets= 10 ] = 0.756
 Average Recall     (AR) @[ IoU=0.50:0.95 | area=   all | maxDets=100 ] = 0.756
 Average Recall     (AR) @[ IoU=0.50:0.95 | area= small | maxDets=100 ] = -1.000
 Average Recall     (AR) @[ IoU=0.50:0.95 | area=medium | maxDets=100 ] = 0.590
 Average Recall     (AR) @[ IoU=0.50:0.95 | area= large | maxDets=100 ] = 0.777
[08/08 16:24:04 d2.evaluation.coco_evaluation]: Evaluation results for bbox: 
|   AP   |  AP50  |  AP75  |  APs  |  APm   |  APl   |
|:------:|:------:|:------:|:-----:|:------:|:------:|
| 70.064 | 93.814 | 86.973 |  nan  | 57.880 | 71.921 |
[08/08 16:24:04 d2.evaluation.coco_evaluation]: Some metrics cannot be computed and is shown as NaN.
Loading and preparing results...
DONE (t=0.00s)
creating index...
index created!
Running per image evaluation...
Evaluate annotation type *segm*
DONE (t=0.02s).
Accumulating evaluation results...
DONE (t=0.01s).
 Average Precision  (AP) @[ IoU=0.50:0.95 | area=   all | maxDets=100 ] = 0.708
 Average Precision  (AP) @[ IoU=0.50      | area=   all | maxDets=100 ] = 0.938
 Average Precision  (AP) @[ IoU=0.75      | area=   all | maxDets=100 ] = 0.897
 Average Precision  (AP) @[ IoU=0.50:0.95 | area= small | maxDets=100 ] = -1.000
 Average Precision  (AP) @[ IoU=0.50:0.95 | area=medium | maxDets=100 ] = 0.551
 Average Precision  (AP) @[ IoU=0.50:0.95 | area= large | maxDets=100 ] = 0.725
 Average Recall     (AR) @[ IoU=0.50:0.95 | area=   all | maxDets=  1 ] = 0.752
 Average Recall     (AR) @[ IoU=0.50:0.95 | area=   all | maxDets= 10 ] = 0.753
 Average Recall     (AR) @[ IoU=0.50:0.95 | area=   all | maxDets=100 ] = 0.753
 Average Recall     (AR) @[ IoU=0.50:0.95 | area= small | maxDets=100 ] = -1.000
 Average Recall     (AR) @[ IoU=0.50:0.95 | area=medium | maxDets=100 ] = 0.570
 Average Recall     (AR) @[ IoU=0.50:0.95 | area= large | maxDets=100 ] = 0.776
[08/08 16:24:04 d2.evaluation.coco_evaluation]: Evaluation results for segm: 
|   AP   |  AP50  |  AP75  |  APs  |  APm   |  APl   |
|:------:|:------:|:------:|:-----:|:------:|:------:|
| 70.804 | 93.814 | 89.672 |  nan  | 55.091 | 72.525 |
[08/08 16:24:04 d2.evaluation.coco_evaluation]: Some metrics cannot be computed and is shown as NaN.
[Iter 2 AP] → mAP@[.5:.95] = 70.804
[08/08 16:24:05 d2.utils.events]:  eta: 0:03:55  iter: 2019  total_loss: 0.1947  loss_cls: 0.01708  loss_box_reg: 0.05487  loss_mask: 0.1287  loss_rpn_cls: 2.083e-05  loss_rpn_loc: 0.002263    time: 0.0795  last_time: 0.0796  data_time: 0.0025  last_data_time: 0.0024   lr: 0.0005  max_mem: 1683M
[08/08 16:24:07 d2.utils.events]:  eta: 0:03:53  iter: 2039  total_loss: 0.151  loss_cls: 0.01332  loss_box_reg: 0.0331  loss_mask: 0.0976  loss_rpn_cls: 1.728e-05  loss_rpn_loc: 0.002523    time: 0.0795  last_time: 0.0777  data_time: 0.0025  last_data_time: 0.0025   lr: 0.0005  max_mem: 1683M
[08/08 16:24:09 d2.utils.events]:  eta: 0:03:51  iter: 2059  total_loss: 0.17  loss_cls: 0.01669  loss_box_reg: 0.04175  loss_mask: 0.101  loss_rpn_cls: 3.71e-05  loss_rpn_loc: 0.002434    time: 0.0795  last_time: 0.0827  data_time: 0.0024  last_data_time: 0.0025   lr: 0.0005  max_mem: 1683M
[08/08 16:24:10 d2.utils.events]:  eta: 0:03:50  iter: 2079  total_loss: 0.185  loss_cls: 0.01673  loss_box_reg: 0.04177  loss_mask: 0.1174  loss_rpn_cls: 2.059e-06  loss_rpn_loc: 0.002438    time: 0.0794  last_time: 0.0854  data_time: 0.0024  last_data_time: 0.0025   lr: 0.0005  max_mem: 1683M
[08/08 16:24:12 d2.utils.events]:  eta: 0:03:48  iter: 2099  total_loss: 0.1813  loss_cls: 0.01806  loss_box_reg: 0.04791  loss_mask: 0.1113  loss_rpn_cls: 3.963e-06  loss_rpn_loc: 0.002549    time: 0.0795  last_time: 0.0782  data_time: 0.0025  last_data_time: 0.0023   lr: 0.0005  max_mem: 1683M
[08/08 16:24:12 d2.evaluation.coco_evaluation]: Fast COCO eval is not built. Falling back to official COCO eval.
[08/08 16:24:12 d2.data.datasets.coco]: Loaded 89 images in COCO format from /projects/PUCHALLA/LLP2024/tumor-segmentation/data/processed_data/rgb/test/images/test.json
[08/08 16:24:12 d2.data.dataset_mapper]: [DatasetMapper] Augmentations used in inference: [ResizeShortestEdge(short_edge_length=(800, 800), max_size=1333, sample_style='choice')]
[08/08 16:24:12 d2.data.common]: Serializing the dataset using: <class 'detectron2.data.common._TorchSerializedList'>
[08/08 16:24:12 d2.data.common]: Serializing 89 elements to byte tensors and concatenating them all ...
[08/08 16:24:12 d2.data.common]: Serialized dataset takes 0.07 MiB
[08/08 16:24:12 d2.evaluation.evaluator]: Start inference on 89 batches
[08/08 16:24:12 d2.evaluation.evaluator]: Inference done 11/89. Dataloading: 0.0006 s/iter. Inference: 0.0246 s/iter. Eval: 0.0004 s/iter. Total: 0.0256 s/iter. ETA=0:00:01
[08/08 16:24:15 d2.evaluation.evaluator]: Total inference time: 0:00:02.246534 (0.026744 s / iter per device, on 1 devices)
[08/08 16:24:15 d2.evaluation.evaluator]: Total inference pure compute time: 0:00:02 (0.024675 s / iter per device, on 1 devices)
[08/08 16:24:15 d2.evaluation.coco_evaluation]: Preparing results for COCO format ...
[08/08 16:24:15 d2.evaluation.coco_evaluation]: Saving results to ../../../../../models/rgb-testing/rerun-model-4-rgb/coco_instances_results.json
[08/08 16:24:15 d2.evaluation.coco_evaluation]: Evaluating predictions with official COCO API...
Loading and preparing results...
DONE (t=0.00s)
creating index...
index created!
Running per image evaluation...
Evaluate annotation type *bbox*
DONE (t=0.02s).
Accumulating evaluation results...
DONE (t=0.01s).
 Average Precision  (AP) @[ IoU=0.50:0.95 | area=   all | maxDets=100 ] = 0.745
 Average Precision  (AP) @[ IoU=0.50      | area=   all | maxDets=100 ] = 0.951
 Average Precision  (AP) @[ IoU=0.75      | area=   all | maxDets=100 ] = 0.920
 Average Precision  (AP) @[ IoU=0.50:0.95 | area= small | maxDets=100 ] = -1.000
 Average Precision  (AP) @[ IoU=0.50:0.95 | area=medium | maxDets=100 ] = 0.557
 Average Precision  (AP) @[ IoU=0.50:0.95 | area= large | maxDets=100 ] = 0.770
 Average Recall     (AR) @[ IoU=0.50:0.95 | area=   all | maxDets=  1 ] = 0.788
 Average Recall     (AR) @[ IoU=0.50:0.95 | area=   all | maxDets= 10 ] = 0.791
 Average Recall     (AR) @[ IoU=0.50:0.95 | area=   all | maxDets=100 ] = 0.791
 Average Recall     (AR) @[ IoU=0.50:0.95 | area= small | maxDets=100 ] = -1.000
 Average Recall     (AR) @[ IoU=0.50:0.95 | area=medium | maxDets=100 ] = 0.570
 Average Recall     (AR) @[ IoU=0.50:0.95 | area= large | maxDets=100 ] = 0.819
[08/08 16:24:15 d2.evaluation.coco_evaluation]: Evaluation results for bbox: 
|   AP   |  AP50  |  AP75  |  APs  |  APm   |  APl   |
|:------:|:------:|:------:|:-----:|:------:|:------:|
| 74.550 | 95.098 | 92.011 |  nan  | 55.711 | 77.026 |
[08/08 16:24:15 d2.evaluation.coco_evaluation]: Some metrics cannot be computed and is shown as NaN.
Loading and preparing results...
DONE (t=0.00s)
creating index...
index created!
Running per image evaluation...
Evaluate annotation type *segm*
DONE (t=0.02s).
Accumulating evaluation results...
DONE (t=0.01s).
 Average Precision  (AP) @[ IoU=0.50:0.95 | area=   all | maxDets=100 ] = 0.750
 Average Precision  (AP) @[ IoU=0.50      | area=   all | maxDets=100 ] = 0.951
 Average Precision  (AP) @[ IoU=0.75      | area=   all | maxDets=100 ] = 0.920
 Average Precision  (AP) @[ IoU=0.50:0.95 | area= small | maxDets=100 ] = -1.000
 Average Precision  (AP) @[ IoU=0.50:0.95 | area=medium | maxDets=100 ] = 0.559
 Average Precision  (AP) @[ IoU=0.50:0.95 | area= large | maxDets=100 ] = 0.775
 Average Recall     (AR) @[ IoU=0.50:0.95 | area=   all | maxDets=  1 ] = 0.785
 Average Recall     (AR) @[ IoU=0.50:0.95 | area=   all | maxDets= 10 ] = 0.790
 Average Recall     (AR) @[ IoU=0.50:0.95 | area=   all | maxDets=100 ] = 0.790
 Average Recall     (AR) @[ IoU=0.50:0.95 | area= small | maxDets=100 ] = -1.000
 Average Recall     (AR) @[ IoU=0.50:0.95 | area=medium | maxDets=100 ] = 0.570
 Average Recall     (AR) @[ IoU=0.50:0.95 | area= large | maxDets=100 ] = 0.818
[08/08 16:24:15 d2.evaluation.coco_evaluation]: Evaluation results for segm: 
|   AP   |  AP50  |  AP75  |  APs  |  APm   |  APl   |
|:------:|:------:|:------:|:-----:|:------:|:------:|
| 74.952 | 95.098 | 92.011 |  nan  | 55.900 | 77.462 |
[08/08 16:24:15 d2.evaluation.coco_evaluation]: Some metrics cannot be computed and is shown as NaN.
[Iter 2 AP] → mAP@[.5:.95] = 74.952
[08/08 16:24:16 d2.utils.events]:  eta: 0:03:47  iter: 2119  total_loss: 0.1912  loss_cls: 0.02015  loss_box_reg: 0.04785  loss_mask: 0.1151  loss_rpn_cls: 4.645e-06  loss_rpn_loc: 0.001897    time: 0.0795  last_time: 0.0778  data_time: 0.0024  last_data_time: 0.0024   lr: 0.0005  max_mem: 1683M
[08/08 16:24:18 d2.utils.events]:  eta: 0:03:45  iter: 2139  total_loss: 0.1887  loss_cls: 0.01897  loss_box_reg: 0.0457  loss_mask: 0.1191  loss_rpn_cls: 1.378e-05  loss_rpn_loc: 0.002353    time: 0.0795  last_time: 0.0709  data_time: 0.0024  last_data_time: 0.0024   lr: 0.0005  max_mem: 1683M
[08/08 16:24:19 d2.utils.events]:  eta: 0:03:44  iter: 2159  total_loss: 0.1857  loss_cls: 0.02061  loss_box_reg: 0.05331  loss_mask: 0.1136  loss_rpn_cls: 6.596e-06  loss_rpn_loc: 0.002275    time: 0.0795  last_time: 0.0752  data_time: 0.0024  last_data_time: 0.0026   lr: 0.0005  max_mem: 1683M
[08/08 16:24:21 d2.utils.events]:  eta: 0:03:42  iter: 2179  total_loss: 0.2  loss_cls: 0.01733  loss_box_reg: 0.04941  loss_mask: 0.1371  loss_rpn_cls: 2.626e-06  loss_rpn_loc: 0.002223    time: 0.0795  last_time: 0.0792  data_time: 0.0025  last_data_time: 0.0025   lr: 0.0005  max_mem: 1683M
[08/08 16:24:22 d2.utils.events]:  eta: 0:03:40  iter: 2199  total_loss: 0.1664  loss_cls: 0.01641  loss_box_reg: 0.04174  loss_mask: 0.1015  loss_rpn_cls: 3.646e-06  loss_rpn_loc: 0.001783    time: 0.0795  last_time: 0.0784  data_time: 0.0024  last_data_time: 0.0025   lr: 0.0005  max_mem: 1683M
[08/08 16:24:23 d2.evaluation.coco_evaluation]: Fast COCO eval is not built. Falling back to official COCO eval.
[08/08 16:24:23 d2.data.datasets.coco]: Loaded 89 images in COCO format from /projects/PUCHALLA/LLP2024/tumor-segmentation/data/processed_data/rgb/test/images/test.json
[08/08 16:24:23 d2.data.dataset_mapper]: [DatasetMapper] Augmentations used in inference: [ResizeShortestEdge(short_edge_length=(800, 800), max_size=1333, sample_style='choice')]
[08/08 16:24:23 d2.data.common]: Serializing the dataset using: <class 'detectron2.data.common._TorchSerializedList'>
[08/08 16:24:23 d2.data.common]: Serializing 89 elements to byte tensors and concatenating them all ...
[08/08 16:24:23 d2.data.common]: Serialized dataset takes 0.07 MiB
[08/08 16:24:23 d2.evaluation.evaluator]: Start inference on 89 batches
[08/08 16:24:23 d2.evaluation.evaluator]: Inference done 11/89. Dataloading: 0.0006 s/iter. Inference: 0.0199 s/iter. Eval: 0.0004 s/iter. Total: 0.0208 s/iter. ETA=0:00:01
[08/08 16:24:25 d2.evaluation.evaluator]: Total inference time: 0:00:02.150427 (0.025600 s / iter per device, on 1 devices)
[08/08 16:24:25 d2.evaluation.evaluator]: Total inference pure compute time: 0:00:01 (0.023541 s / iter per device, on 1 devices)
[08/08 16:24:25 d2.evaluation.coco_evaluation]: Preparing results for COCO format ...
[08/08 16:24:25 d2.evaluation.coco_evaluation]: Saving results to ../../../../../models/rgb-testing/rerun-model-4-rgb/coco_instances_results.json
[08/08 16:24:25 d2.evaluation.coco_evaluation]: Evaluating predictions with official COCO API...
Loading and preparing results...
DONE (t=0.00s)
creating index...
index created!
Running per image evaluation...
Evaluate annotation type *bbox*
DONE (t=0.02s).
Accumulating evaluation results...
DONE (t=0.01s).
 Average Precision  (AP) @[ IoU=0.50:0.95 | area=   all | maxDets=100 ] = 0.741
 Average Precision  (AP) @[ IoU=0.50      | area=   all | maxDets=100 ] = 0.950
 Average Precision  (AP) @[ IoU=0.75      | area=   all | maxDets=100 ] = 0.919
 Average Precision  (AP) @[ IoU=0.50:0.95 | area= small | maxDets=100 ] = -1.000
 Average Precision  (AP) @[ IoU=0.50:0.95 | area=medium | maxDets=100 ] = 0.581
 Average Precision  (AP) @[ IoU=0.50:0.95 | area= large | maxDets=100 ] = 0.763
 Average Recall     (AR) @[ IoU=0.50:0.95 | area=   all | maxDets=  1 ] = 0.788
 Average Recall     (AR) @[ IoU=0.50:0.95 | area=   all | maxDets= 10 ] = 0.791
 Average Recall     (AR) @[ IoU=0.50:0.95 | area=   all | maxDets=100 ] = 0.791
 Average Recall     (AR) @[ IoU=0.50:0.95 | area= small | maxDets=100 ] = -1.000
 Average Recall     (AR) @[ IoU=0.50:0.95 | area=medium | maxDets=100 ] = 0.590
 Average Recall     (AR) @[ IoU=0.50:0.95 | area= large | maxDets=100 ] = 0.816
[08/08 16:24:25 d2.evaluation.coco_evaluation]: Evaluation results for bbox: 
|   AP   |  AP50  |  AP75  |  APs  |  APm   |  APl   |
|:------:|:------:|:------:|:-----:|:------:|:------:|
| 74.077 | 94.978 | 91.882 |  nan  | 58.097 | 76.335 |
[08/08 16:24:25 d2.evaluation.coco_evaluation]: Some metrics cannot be computed and is shown as NaN.
Loading and preparing results...
DONE (t=0.00s)
creating index...
index created!
Running per image evaluation...
Evaluate annotation type *segm*
DONE (t=0.02s).
Accumulating evaluation results...
DONE (t=0.01s).
 Average Precision  (AP) @[ IoU=0.50:0.95 | area=   all | maxDets=100 ] = 0.730
 Average Precision  (AP) @[ IoU=0.50      | area=   all | maxDets=100 ] = 0.940
 Average Precision  (AP) @[ IoU=0.75      | area=   all | maxDets=100 ] = 0.900
 Average Precision  (AP) @[ IoU=0.50:0.95 | area= small | maxDets=100 ] = -1.000
 Average Precision  (AP) @[ IoU=0.50:0.95 | area=medium | maxDets=100 ] = 0.551
 Average Precision  (AP) @[ IoU=0.50:0.95 | area= large | maxDets=100 ] = 0.753
 Average Recall     (AR) @[ IoU=0.50:0.95 | area=   all | maxDets=  1 ] = 0.771
 Average Recall     (AR) @[ IoU=0.50:0.95 | area=   all | maxDets= 10 ] = 0.773
 Average Recall     (AR) @[ IoU=0.50:0.95 | area=   all | maxDets=100 ] = 0.773
 Average Recall     (AR) @[ IoU=0.50:0.95 | area= small | maxDets=100 ] = -1.000
 Average Recall     (AR) @[ IoU=0.50:0.95 | area=medium | maxDets=100 ] = 0.560
 Average Recall     (AR) @[ IoU=0.50:0.95 | area= large | maxDets=100 ] = 0.800
[08/08 16:24:25 d2.evaluation.coco_evaluation]: Evaluation results for segm: 
|   AP   |  AP50  |  AP75  |  APs  |  APm   |  APl   |
|:------:|:------:|:------:|:-----:|:------:|:------:|
| 72.971 | 93.962 | 89.957 |  nan  | 55.055 | 75.275 |
[08/08 16:24:25 d2.evaluation.coco_evaluation]: Some metrics cannot be computed and is shown as NaN.
[Iter 2 AP] → mAP@[.5:.95] = 72.971
[08/08 16:24:27 d2.utils.events]:  eta: 0:03:39  iter: 2219  total_loss: 0.1881  loss_cls: 0.01992  loss_box_reg: 0.0445  loss_mask: 0.1163  loss_rpn_cls: 8.219e-06  loss_rpn_loc: 0.002374    time: 0.0795  last_time: 0.0833  data_time: 0.0024  last_data_time: 0.0022   lr: 0.0005  max_mem: 1683M
[08/08 16:24:28 d2.utils.events]:  eta: 0:03:37  iter: 2239  total_loss: 0.1918  loss_cls: 0.01787  loss_box_reg: 0.04649  loss_mask: 0.1226  loss_rpn_cls: 4.237e-06  loss_rpn_loc: 0.002384    time: 0.0795  last_time: 0.0783  data_time: 0.0023  last_data_time: 0.0021   lr: 0.0005  max_mem: 1683M
[08/08 16:24:30 d2.utils.events]:  eta: 0:03:36  iter: 2259  total_loss: 0.1841  loss_cls: 0.01865  loss_box_reg: 0.04441  loss_mask: 0.1146  loss_rpn_cls: 7.446e-06  loss_rpn_loc: 0.002408    time: 0.0795  last_time: 0.0829  data_time: 0.0024  last_data_time: 0.0025   lr: 0.0005  max_mem: 1683M
[08/08 16:24:31 d2.utils.events]:  eta: 0:03:34  iter: 2279  total_loss: 0.1635  loss_cls: 0.01941  loss_box_reg: 0.03921  loss_mask: 0.1204  loss_rpn_cls: 6.581e-06  loss_rpn_loc: 0.002313    time: 0.0795  last_time: 0.0795  data_time: 0.0024  last_data_time: 0.0022   lr: 0.0005  max_mem: 1683M
[08/08 16:24:33 d2.utils.events]:  eta: 0:03:33  iter: 2299  total_loss: 0.18  loss_cls: 0.01647  loss_box_reg: 0.04198  loss_mask: 0.1137  loss_rpn_cls: 2.889e-06  loss_rpn_loc: 0.00202    time: 0.0795  last_time: 0.0847  data_time: 0.0024  last_data_time: 0.0022   lr: 0.0005  max_mem: 1683M
[08/08 16:24:33 d2.evaluation.coco_evaluation]: Fast COCO eval is not built. Falling back to official COCO eval.
[08/08 16:24:33 d2.data.datasets.coco]: Loaded 89 images in COCO format from /projects/PUCHALLA/LLP2024/tumor-segmentation/data/processed_data/rgb/test/images/test.json
[08/08 16:24:33 d2.data.dataset_mapper]: [DatasetMapper] Augmentations used in inference: [ResizeShortestEdge(short_edge_length=(800, 800), max_size=1333, sample_style='choice')]
[08/08 16:24:33 d2.data.common]: Serializing the dataset using: <class 'detectron2.data.common._TorchSerializedList'>
[08/08 16:24:33 d2.data.common]: Serializing 89 elements to byte tensors and concatenating them all ...
[08/08 16:24:33 d2.data.common]: Serialized dataset takes 0.07 MiB
[08/08 16:24:33 d2.evaluation.evaluator]: Start inference on 89 batches
[08/08 16:24:33 d2.evaluation.evaluator]: Inference done 11/89. Dataloading: 0.0006 s/iter. Inference: 0.0249 s/iter. Eval: 0.0004 s/iter. Total: 0.0259 s/iter. ETA=0:00:02
[08/08 16:24:35 d2.evaluation.evaluator]: Total inference time: 0:00:02.241625 (0.026686 s / iter per device, on 1 devices)
[08/08 16:24:35 d2.evaluation.evaluator]: Total inference pure compute time: 0:00:02 (0.024624 s / iter per device, on 1 devices)
[08/08 16:24:35 d2.evaluation.coco_evaluation]: Preparing results for COCO format ...
[08/08 16:24:35 d2.evaluation.coco_evaluation]: Saving results to ../../../../../models/rgb-testing/rerun-model-4-rgb/coco_instances_results.json
[08/08 16:24:35 d2.evaluation.coco_evaluation]: Evaluating predictions with official COCO API...
Loading and preparing results...
DONE (t=0.00s)
creating index...
index created!
Running per image evaluation...
Evaluate annotation type *bbox*
DONE (t=0.02s).
Accumulating evaluation results...
DONE (t=0.01s).
 Average Precision  (AP) @[ IoU=0.50:0.95 | area=   all | maxDets=100 ] = 0.725
 Average Precision  (AP) @[ IoU=0.50      | area=   all | maxDets=100 ] = 0.938
 Average Precision  (AP) @[ IoU=0.75      | area=   all | maxDets=100 ] = 0.898
 Average Precision  (AP) @[ IoU=0.50:0.95 | area= small | maxDets=100 ] = -1.000
 Average Precision  (AP) @[ IoU=0.50:0.95 | area=medium | maxDets=100 ] = 0.536
 Average Precision  (AP) @[ IoU=0.50:0.95 | area= large | maxDets=100 ] = 0.749
 Average Recall     (AR) @[ IoU=0.50:0.95 | area=   all | maxDets=  1 ] = 0.771
 Average Recall     (AR) @[ IoU=0.50:0.95 | area=   all | maxDets= 10 ] = 0.774
 Average Recall     (AR) @[ IoU=0.50:0.95 | area=   all | maxDets=100 ] = 0.774
 Average Recall     (AR) @[ IoU=0.50:0.95 | area= small | maxDets=100 ] = -1.000
 Average Recall     (AR) @[ IoU=0.50:0.95 | area=medium | maxDets=100 ] = 0.550
 Average Recall     (AR) @[ IoU=0.50:0.95 | area= large | maxDets=100 ] = 0.803
[08/08 16:24:35 d2.evaluation.coco_evaluation]: Evaluation results for bbox: 
|   AP   |  AP50  |  AP75  |  APs  |  APm   |  APl   |
|:------:|:------:|:------:|:-----:|:------:|:------:|
| 72.544 | 93.830 | 89.776 |  nan  | 53.617 | 74.949 |
[08/08 16:24:35 d2.evaluation.coco_evaluation]: Some metrics cannot be computed and is shown as NaN.
Loading and preparing results...
DONE (t=0.00s)
creating index...
index created!
Running per image evaluation...
Evaluate annotation type *segm*
DONE (t=0.02s).
Accumulating evaluation results...
DONE (t=0.01s).
 Average Precision  (AP) @[ IoU=0.50:0.95 | area=   all | maxDets=100 ] = 0.744
 Average Precision  (AP) @[ IoU=0.50      | area=   all | maxDets=100 ] = 0.938
 Average Precision  (AP) @[ IoU=0.75      | area=   all | maxDets=100 ] = 0.898
 Average Precision  (AP) @[ IoU=0.50:0.95 | area= small | maxDets=100 ] = -1.000
 Average Precision  (AP) @[ IoU=0.50:0.95 | area=medium | maxDets=100 ] = 0.557
 Average Precision  (AP) @[ IoU=0.50:0.95 | area= large | maxDets=100 ] = 0.766
 Average Recall     (AR) @[ IoU=0.50:0.95 | area=   all | maxDets=  1 ] = 0.781
 Average Recall     (AR) @[ IoU=0.50:0.95 | area=   all | maxDets= 10 ] = 0.783
 Average Recall     (AR) @[ IoU=0.50:0.95 | area=   all | maxDets=100 ] = 0.783
 Average Recall     (AR) @[ IoU=0.50:0.95 | area= small | maxDets=100 ] = -1.000
 Average Recall     (AR) @[ IoU=0.50:0.95 | area=medium | maxDets=100 ] = 0.570
 Average Recall     (AR) @[ IoU=0.50:0.95 | area= large | maxDets=100 ] = 0.810
[08/08 16:24:35 d2.evaluation.coco_evaluation]: Evaluation results for segm: 
|   AP   |  AP50  |  AP75  |  APs  |  APm   |  APl   |
|:------:|:------:|:------:|:-----:|:------:|:------:|
| 74.350 | 93.830 | 89.776 |  nan  | 55.720 | 76.649 |
[08/08 16:24:35 d2.evaluation.coco_evaluation]: Some metrics cannot be computed and is shown as NaN.
[Iter 2 AP] → mAP@[.5:.95] = 74.350
[08/08 16:24:37 d2.utils.events]:  eta: 0:03:31  iter: 2319  total_loss: 0.1898  loss_cls: 0.0188  loss_box_reg: 0.04415  loss_mask: 0.1258  loss_rpn_cls: 2.067e-06  loss_rpn_loc: 0.001874    time: 0.0795  last_time: 0.0804  data_time: 0.0024  last_data_time: 0.0024   lr: 0.0005  max_mem: 1683M
[08/08 16:24:39 d2.utils.events]:  eta: 0:03:29  iter: 2339  total_loss: 0.1655  loss_cls: 0.01591  loss_box_reg: 0.03942  loss_mask: 0.1084  loss_rpn_cls: 3.267e-06  loss_rpn_loc: 0.002127    time: 0.0795  last_time: 0.0761  data_time: 0.0024  last_data_time: 0.0024   lr: 0.0005  max_mem: 1683M
[08/08 16:24:40 d2.utils.events]:  eta: 0:03:28  iter: 2359  total_loss: 0.1731  loss_cls: 0.02101  loss_box_reg: 0.04431  loss_mask: 0.1009  loss_rpn_cls: 9.681e-06  loss_rpn_loc: 0.002131    time: 0.0794  last_time: 0.0772  data_time: 0.0024  last_data_time: 0.0021   lr: 0.0005  max_mem: 1683M
[08/08 16:24:42 d2.utils.events]:  eta: 0:03:26  iter: 2379  total_loss: 0.1693  loss_cls: 0.01633  loss_box_reg: 0.04178  loss_mask: 0.1116  loss_rpn_cls: 4.965e-06  loss_rpn_loc: 0.001843    time: 0.0794  last_time: 0.0812  data_time: 0.0024  last_data_time: 0.0025   lr: 0.0005  max_mem: 1683M
[08/08 16:24:43 d2.utils.events]:  eta: 0:03:25  iter: 2399  total_loss: 0.1675  loss_cls: 0.01693  loss_box_reg: 0.04311  loss_mask: 0.1024  loss_rpn_cls: 8.578e-06  loss_rpn_loc: 0.002374    time: 0.0794  last_time: 0.0823  data_time: 0.0025  last_data_time: 0.0022   lr: 0.0005  max_mem: 1683M
[08/08 16:24:43 d2.evaluation.coco_evaluation]: Fast COCO eval is not built. Falling back to official COCO eval.
[08/08 16:24:44 d2.data.datasets.coco]: Loaded 89 images in COCO format from /projects/PUCHALLA/LLP2024/tumor-segmentation/data/processed_data/rgb/test/images/test.json
[08/08 16:24:44 d2.data.dataset_mapper]: [DatasetMapper] Augmentations used in inference: [ResizeShortestEdge(short_edge_length=(800, 800), max_size=1333, sample_style='choice')]
[08/08 16:24:44 d2.data.common]: Serializing the dataset using: <class 'detectron2.data.common._TorchSerializedList'>
[08/08 16:24:44 d2.data.common]: Serializing 89 elements to byte tensors and concatenating them all ...
[08/08 16:24:44 d2.data.common]: Serialized dataset takes 0.07 MiB
[08/08 16:24:44 d2.evaluation.evaluator]: Start inference on 89 batches
[08/08 16:24:44 d2.evaluation.evaluator]: Inference done 11/89. Dataloading: 0.0006 s/iter. Inference: 0.0247 s/iter. Eval: 0.0004 s/iter. Total: 0.0257 s/iter. ETA=0:00:02
[08/08 16:24:46 d2.evaluation.evaluator]: Total inference time: 0:00:02.218405 (0.026410 s / iter per device, on 1 devices)
[08/08 16:24:46 d2.evaluation.evaluator]: Total inference pure compute time: 0:00:02 (0.024364 s / iter per device, on 1 devices)
[08/08 16:24:46 d2.evaluation.coco_evaluation]: Preparing results for COCO format ...
[08/08 16:24:46 d2.evaluation.coco_evaluation]: Saving results to ../../../../../models/rgb-testing/rerun-model-4-rgb/coco_instances_results.json
[08/08 16:24:46 d2.evaluation.coco_evaluation]: Evaluating predictions with official COCO API...
Loading and preparing results...
DONE (t=0.00s)
creating index...
index created!
Running per image evaluation...
Evaluate annotation type *bbox*
DONE (t=0.02s).
Accumulating evaluation results...
DONE (t=0.01s).
 Average Precision  (AP) @[ IoU=0.50:0.95 | area=   all | maxDets=100 ] = 0.705
 Average Precision  (AP) @[ IoU=0.50      | area=   all | maxDets=100 ] = 0.949
 Average Precision  (AP) @[ IoU=0.75      | area=   all | maxDets=100 ] = 0.899
 Average Precision  (AP) @[ IoU=0.50:0.95 | area= small | maxDets=100 ] = -1.000
 Average Precision  (AP) @[ IoU=0.50:0.95 | area=medium | maxDets=100 ] = 0.580
 Average Precision  (AP) @[ IoU=0.50:0.95 | area= large | maxDets=100 ] = 0.721
 Average Recall     (AR) @[ IoU=0.50:0.95 | area=   all | maxDets=  1 ] = 0.755
 Average Recall     (AR) @[ IoU=0.50:0.95 | area=   all | maxDets= 10 ] = 0.762
 Average Recall     (AR) @[ IoU=0.50:0.95 | area=   all | maxDets=100 ] = 0.762
 Average Recall     (AR) @[ IoU=0.50:0.95 | area= small | maxDets=100 ] = -1.000
 Average Recall     (AR) @[ IoU=0.50:0.95 | area=medium | maxDets=100 ] = 0.590
 Average Recall     (AR) @[ IoU=0.50:0.95 | area= large | maxDets=100 ] = 0.784
[08/08 16:24:46 d2.evaluation.coco_evaluation]: Evaluation results for bbox: 
|   AP   |  AP50  |  AP75  |  APs  |  APm   |  APl   |
|:------:|:------:|:------:|:-----:|:------:|:------:|
| 70.529 | 94.931 | 89.925 |  nan  | 58.024 | 72.103 |
[08/08 16:24:46 d2.evaluation.coco_evaluation]: Some metrics cannot be computed and is shown as NaN.
Loading and preparing results...
DONE (t=0.00s)
creating index...
index created!
Running per image evaluation...
Evaluate annotation type *segm*
DONE (t=0.02s).
Accumulating evaluation results...
DONE (t=0.01s).
 Average Precision  (AP) @[ IoU=0.50:0.95 | area=   all | maxDets=100 ] = 0.743
 Average Precision  (AP) @[ IoU=0.50      | area=   all | maxDets=100 ] = 0.949
 Average Precision  (AP) @[ IoU=0.75      | area=   all | maxDets=100 ] = 0.879
 Average Precision  (AP) @[ IoU=0.50:0.95 | area= small | maxDets=100 ] = -1.000
 Average Precision  (AP) @[ IoU=0.50:0.95 | area=medium | maxDets=100 ] = 0.587
 Average Precision  (AP) @[ IoU=0.50:0.95 | area= large | maxDets=100 ] = 0.763
 Average Recall     (AR) @[ IoU=0.50:0.95 | area=   all | maxDets=  1 ] = 0.780
 Average Recall     (AR) @[ IoU=0.50:0.95 | area=   all | maxDets= 10 ] = 0.784
 Average Recall     (AR) @[ IoU=0.50:0.95 | area=   all | maxDets=100 ] = 0.784
 Average Recall     (AR) @[ IoU=0.50:0.95 | area= small | maxDets=100 ] = -1.000
 Average Recall     (AR) @[ IoU=0.50:0.95 | area=medium | maxDets=100 ] = 0.600
 Average Recall     (AR) @[ IoU=0.50:0.95 | area= large | maxDets=100 ] = 0.808
[08/08 16:24:46 d2.evaluation.coco_evaluation]: Evaluation results for segm: 
|   AP   |  AP50  |  AP75  |  APs  |  APm   |  APl   |
|:------:|:------:|:------:|:-----:|:------:|:------:|
| 74.335 | 94.919 | 87.943 |  nan  | 58.688 | 76.332 |
[08/08 16:24:46 d2.evaluation.coco_evaluation]: Some metrics cannot be computed and is shown as NaN.
[Iter 2 AP] → mAP@[.5:.95] = 74.335
[08/08 16:24:48 d2.utils.events]:  eta: 0:03:23  iter: 2419  total_loss: 0.1921  loss_cls: 0.01981  loss_box_reg: 0.05063  loss_mask: 0.1272  loss_rpn_cls: 2.039e-05  loss_rpn_loc: 0.002172    time: 0.0795  last_time: 0.0813  data_time: 0.0024  last_data_time: 0.0024   lr: 0.0005  max_mem: 1683M
[08/08 16:24:49 d2.utils.events]:  eta: 0:03:22  iter: 2439  total_loss: 0.1988  loss_cls: 0.0192  loss_box_reg: 0.04906  loss_mask: 0.118  loss_rpn_cls: 5.747e-06  loss_rpn_loc: 0.00287    time: 0.0795  last_time: 0.0840  data_time: 0.0025  last_data_time: 0.0024   lr: 0.0005  max_mem: 1683M
[08/08 16:24:51 d2.utils.events]:  eta: 0:03:20  iter: 2459  total_loss: 0.1762  loss_cls: 0.01925  loss_box_reg: 0.04009  loss_mask: 0.1231  loss_rpn_cls: 6.262e-06  loss_rpn_loc: 0.00232    time: 0.0795  last_time: 0.0737  data_time: 0.0025  last_data_time: 0.0026   lr: 0.0005  max_mem: 1683M
[08/08 16:24:52 d2.utils.events]:  eta: 0:03:19  iter: 2479  total_loss: 0.1699  loss_cls: 0.01644  loss_box_reg: 0.04739  loss_mask: 0.1108  loss_rpn_cls: 1.194e-05  loss_rpn_loc: 0.002471    time: 0.0795  last_time: 0.0805  data_time: 0.0025  last_data_time: 0.0026   lr: 0.0005  max_mem: 1683M
[08/08 16:24:54 d2.utils.events]:  eta: 0:03:17  iter: 2499  total_loss: 0.1792  loss_cls: 0.01892  loss_box_reg: 0.04643  loss_mask: 0.1153  loss_rpn_cls: 2.446e-06  loss_rpn_loc: 0.002201    time: 0.0795  last_time: 0.0782  data_time: 0.0025  last_data_time: 0.0022   lr: 0.0005  max_mem: 1683M
[08/08 16:24:54 d2.evaluation.coco_evaluation]: Fast COCO eval is not built. Falling back to official COCO eval.
[08/08 16:24:54 d2.data.datasets.coco]: Loaded 89 images in COCO format from /projects/PUCHALLA/LLP2024/tumor-segmentation/data/processed_data/rgb/test/images/test.json
[08/08 16:24:54 d2.data.dataset_mapper]: [DatasetMapper] Augmentations used in inference: [ResizeShortestEdge(short_edge_length=(800, 800), max_size=1333, sample_style='choice')]
[08/08 16:24:54 d2.data.common]: Serializing the dataset using: <class 'detectron2.data.common._TorchSerializedList'>
[08/08 16:24:54 d2.data.common]: Serializing 89 elements to byte tensors and concatenating them all ...
[08/08 16:24:54 d2.data.common]: Serialized dataset takes 0.07 MiB
[08/08 16:24:54 d2.evaluation.evaluator]: Start inference on 89 batches
[08/08 16:24:55 d2.evaluation.evaluator]: Inference done 11/89. Dataloading: 0.0006 s/iter. Inference: 0.0247 s/iter. Eval: 0.0004 s/iter. Total: 0.0257 s/iter. ETA=0:00:02
[08/08 16:24:57 d2.evaluation.evaluator]: Total inference time: 0:00:02.210395 (0.026314 s / iter per device, on 1 devices)
[08/08 16:24:57 d2.evaluation.evaluator]: Total inference pure compute time: 0:00:02 (0.024269 s / iter per device, on 1 devices)
[08/08 16:24:57 d2.evaluation.coco_evaluation]: Preparing results for COCO format ...
[08/08 16:24:57 d2.evaluation.coco_evaluation]: Saving results to ../../../../../models/rgb-testing/rerun-model-4-rgb/coco_instances_results.json
[08/08 16:24:57 d2.evaluation.coco_evaluation]: Evaluating predictions with official COCO API...
Loading and preparing results...
DONE (t=0.00s)
creating index...
index created!
Running per image evaluation...
Evaluate annotation type *bbox*
DONE (t=0.02s).
Accumulating evaluation results...
DONE (t=0.01s).
 Average Precision  (AP) @[ IoU=0.50:0.95 | area=   all | maxDets=100 ] = 0.748
 Average Precision  (AP) @[ IoU=0.50      | area=   all | maxDets=100 ] = 0.953
 Average Precision  (AP) @[ IoU=0.75      | area=   all | maxDets=100 ] = 0.901
 Average Precision  (AP) @[ IoU=0.50:0.95 | area= small | maxDets=100 ] = -1.000
 Average Precision  (AP) @[ IoU=0.50:0.95 | area=medium | maxDets=100 ] = 0.565
 Average Precision  (AP) @[ IoU=0.50:0.95 | area= large | maxDets=100 ] = 0.772
 Average Recall     (AR) @[ IoU=0.50:0.95 | area=   all | maxDets=  1 ] = 0.787
 Average Recall     (AR) @[ IoU=0.50:0.95 | area=   all | maxDets= 10 ] = 0.790
 Average Recall     (AR) @[ IoU=0.50:0.95 | area=   all | maxDets=100 ] = 0.790
 Average Recall     (AR) @[ IoU=0.50:0.95 | area= small | maxDets=100 ] = -1.000
 Average Recall     (AR) @[ IoU=0.50:0.95 | area=medium | maxDets=100 ] = 0.580
 Average Recall     (AR) @[ IoU=0.50:0.95 | area= large | maxDets=100 ] = 0.816
[08/08 16:24:57 d2.evaluation.coco_evaluation]: Evaluation results for bbox: 
|   AP   |  AP50  |  AP75  |  APs  |  APm   |  APl   |
|:------:|:------:|:------:|:-----:|:------:|:------:|
| 74.839 | 95.253 | 90.089 |  nan  | 56.493 | 77.236 |
[08/08 16:24:57 d2.evaluation.coco_evaluation]: Some metrics cannot be computed and is shown as NaN.
Loading and preparing results...
DONE (t=0.00s)
creating index...
index created!
Running per image evaluation...
Evaluate annotation type *segm*
DONE (t=0.02s).
Accumulating evaluation results...
DONE (t=0.01s).
 Average Precision  (AP) @[ IoU=0.50:0.95 | area=   all | maxDets=100 ] = 0.743
 Average Precision  (AP) @[ IoU=0.50      | area=   all | maxDets=100 ] = 0.942
 Average Precision  (AP) @[ IoU=0.75      | area=   all | maxDets=100 ] = 0.901
 Average Precision  (AP) @[ IoU=0.50:0.95 | area= small | maxDets=100 ] = -1.000
 Average Precision  (AP) @[ IoU=0.50:0.95 | area=medium | maxDets=100 ] = 0.543
 Average Precision  (AP) @[ IoU=0.50:0.95 | area= large | maxDets=100 ] = 0.767
 Average Recall     (AR) @[ IoU=0.50:0.95 | area=   all | maxDets=  1 ] = 0.778
 Average Recall     (AR) @[ IoU=0.50:0.95 | area=   all | maxDets= 10 ] = 0.780
 Average Recall     (AR) @[ IoU=0.50:0.95 | area=   all | maxDets=100 ] = 0.780
 Average Recall     (AR) @[ IoU=0.50:0.95 | area= small | maxDets=100 ] = -1.000
 Average Recall     (AR) @[ IoU=0.50:0.95 | area=medium | maxDets=100 ] = 0.560
 Average Recall     (AR) @[ IoU=0.50:0.95 | area= large | maxDets=100 ] = 0.808
[08/08 16:24:57 d2.evaluation.coco_evaluation]: Evaluation results for segm: 
|   AP   |  AP50  |  AP75  |  APs  |  APm   |  APl   |
|:------:|:------:|:------:|:-----:|:------:|:------:|
| 74.311 | 94.248 | 90.065 |  nan  | 54.308 | 76.715 |
[08/08 16:24:57 d2.evaluation.coco_evaluation]: Some metrics cannot be computed and is shown as NaN.
[Iter 2 AP] → mAP@[.5:.95] = 74.311
[08/08 16:24:58 d2.utils.events]:  eta: 0:03:16  iter: 2519  total_loss: 0.1563  loss_cls: 0.01498  loss_box_reg: 0.03427  loss_mask: 0.09764  loss_rpn_cls: 7.935e-06  loss_rpn_loc: 0.002517    time: 0.0795  last_time: 0.0758  data_time: 0.0024  last_data_time: 0.0024   lr: 0.0005  max_mem: 1683M
[08/08 16:25:00 d2.utils.events]:  eta: 0:03:14  iter: 2539  total_loss: 0.1614  loss_cls: 0.01846  loss_box_reg: 0.04088  loss_mask: 0.09953  loss_rpn_cls: 2.213e-06  loss_rpn_loc: 0.00194    time: 0.0795  last_time: 0.0827  data_time: 0.0025  last_data_time: 0.0024   lr: 0.0005  max_mem: 1683M
[08/08 16:25:01 d2.utils.events]:  eta: 0:03:13  iter: 2559  total_loss: 0.1771  loss_cls: 0.01759  loss_box_reg: 0.04298  loss_mask: 0.1056  loss_rpn_cls: 1.314e-05  loss_rpn_loc: 0.002121    time: 0.0795  last_time: 0.0743  data_time: 0.0024  last_data_time: 0.0025   lr: 0.0005  max_mem: 1683M
[08/08 16:25:03 d2.utils.events]:  eta: 0:03:11  iter: 2579  total_loss: 0.1904  loss_cls: 0.01735  loss_box_reg: 0.04037  loss_mask: 0.1218  loss_rpn_cls: 5.617e-06  loss_rpn_loc: 0.002221    time: 0.0795  last_time: 0.0794  data_time: 0.0024  last_data_time: 0.0024   lr: 0.0005  max_mem: 1683M
[08/08 16:25:05 d2.utils.events]:  eta: 0:03:09  iter: 2599  total_loss: 0.1818  loss_cls: 0.01818  loss_box_reg: 0.04501  loss_mask: 0.1098  loss_rpn_cls: 6.455e-06  loss_rpn_loc: 0.002611    time: 0.0795  last_time: 0.0816  data_time: 0.0025  last_data_time: 0.0025   lr: 0.0005  max_mem: 1683M
[08/08 16:25:05 d2.evaluation.coco_evaluation]: Fast COCO eval is not built. Falling back to official COCO eval.
[08/08 16:25:05 d2.data.datasets.coco]: Loaded 89 images in COCO format from /projects/PUCHALLA/LLP2024/tumor-segmentation/data/processed_data/rgb/test/images/test.json
[08/08 16:25:05 d2.data.dataset_mapper]: [DatasetMapper] Augmentations used in inference: [ResizeShortestEdge(short_edge_length=(800, 800), max_size=1333, sample_style='choice')]
[08/08 16:25:05 d2.data.common]: Serializing the dataset using: <class 'detectron2.data.common._TorchSerializedList'>
[08/08 16:25:05 d2.data.common]: Serializing 89 elements to byte tensors and concatenating them all ...
[08/08 16:25:05 d2.data.common]: Serialized dataset takes 0.07 MiB
[08/08 16:25:05 d2.evaluation.evaluator]: Start inference on 89 batches
[08/08 16:25:05 d2.evaluation.evaluator]: Inference done 11/89. Dataloading: 0.0005 s/iter. Inference: 0.0240 s/iter. Eval: 0.0003 s/iter. Total: 0.0248 s/iter. ETA=0:00:01
[08/08 16:25:07 d2.evaluation.evaluator]: Total inference time: 0:00:02.217117 (0.026394 s / iter per device, on 1 devices)
[08/08 16:25:07 d2.evaluation.evaluator]: Total inference pure compute time: 0:00:02 (0.024346 s / iter per device, on 1 devices)
[08/08 16:25:07 d2.evaluation.coco_evaluation]: Preparing results for COCO format ...
[08/08 16:25:07 d2.evaluation.coco_evaluation]: Saving results to ../../../../../models/rgb-testing/rerun-model-4-rgb/coco_instances_results.json
[08/08 16:25:07 d2.evaluation.coco_evaluation]: Evaluating predictions with official COCO API...
Loading and preparing results...
DONE (t=0.00s)
creating index...
index created!
Running per image evaluation...
Evaluate annotation type *bbox*
DONE (t=0.02s).
Accumulating evaluation results...
DONE (t=0.01s).
 Average Precision  (AP) @[ IoU=0.50:0.95 | area=   all | maxDets=100 ] = 0.746
 Average Precision  (AP) @[ IoU=0.50      | area=   all | maxDets=100 ] = 0.952
 Average Precision  (AP) @[ IoU=0.75      | area=   all | maxDets=100 ] = 0.912
 Average Precision  (AP) @[ IoU=0.50:0.95 | area= small | maxDets=100 ] = -1.000
 Average Precision  (AP) @[ IoU=0.50:0.95 | area=medium | maxDets=100 ] = 0.559
 Average Precision  (AP) @[ IoU=0.50:0.95 | area= large | maxDets=100 ] = 0.770
 Average Recall     (AR) @[ IoU=0.50:0.95 | area=   all | maxDets=  1 ] = 0.783
 Average Recall     (AR) @[ IoU=0.50:0.95 | area=   all | maxDets= 10 ] = 0.787
 Average Recall     (AR) @[ IoU=0.50:0.95 | area=   all | maxDets=100 ] = 0.787
 Average Recall     (AR) @[ IoU=0.50:0.95 | area= small | maxDets=100 ] = -1.000
 Average Recall     (AR) @[ IoU=0.50:0.95 | area=medium | maxDets=100 ] = 0.570
 Average Recall     (AR) @[ IoU=0.50:0.95 | area= large | maxDets=100 ] = 0.814
[08/08 16:25:07 d2.evaluation.coco_evaluation]: Evaluation results for bbox: 
|   AP   |  AP50  |  AP75  |  APs  |  APm   |  APl   |
|:------:|:------:|:------:|:-----:|:------:|:------:|
| 74.590 | 95.188 | 91.158 |  nan  | 55.916 | 76.953 |
[08/08 16:25:07 d2.evaluation.coco_evaluation]: Some metrics cannot be computed and is shown as NaN.
Loading and preparing results...
DONE (t=0.00s)
creating index...
index created!
Running per image evaluation...
Evaluate annotation type *segm*
DONE (t=0.02s).
Accumulating evaluation results...
DONE (t=0.01s).
 Average Precision  (AP) @[ IoU=0.50:0.95 | area=   all | maxDets=100 ] = 0.755
 Average Precision  (AP) @[ IoU=0.50      | area=   all | maxDets=100 ] = 0.952
 Average Precision  (AP) @[ IoU=0.75      | area=   all | maxDets=100 ] = 0.901
 Average Precision  (AP) @[ IoU=0.50:0.95 | area= small | maxDets=100 ] = -1.000
 Average Precision  (AP) @[ IoU=0.50:0.95 | area=medium | maxDets=100 ] = 0.563
 Average Precision  (AP) @[ IoU=0.50:0.95 | area= large | maxDets=100 ] = 0.777
 Average Recall     (AR) @[ IoU=0.50:0.95 | area=   all | maxDets=  1 ] = 0.787
 Average Recall     (AR) @[ IoU=0.50:0.95 | area=   all | maxDets= 10 ] = 0.789
 Average Recall     (AR) @[ IoU=0.50:0.95 | area=   all | maxDets=100 ] = 0.789
 Average Recall     (AR) @[ IoU=0.50:0.95 | area= small | maxDets=100 ] = -1.000
 Average Recall     (AR) @[ IoU=0.50:0.95 | area=medium | maxDets=100 ] = 0.580
 Average Recall     (AR) @[ IoU=0.50:0.95 | area= large | maxDets=100 ] = 0.815
[08/08 16:25:07 d2.evaluation.coco_evaluation]: Evaluation results for segm: 
|   AP   |  AP50  |  AP75  |  APs  |  APm   |  APl   |
|:------:|:------:|:------:|:-----:|:------:|:------:|
| 75.454 | 95.188 | 90.125 |  nan  | 56.256 | 77.655 |
[08/08 16:25:07 d2.evaluation.coco_evaluation]: Some metrics cannot be computed and is shown as NaN.
[Iter 2 AP] → mAP@[.5:.95] = 75.454
[08/08 16:25:09 d2.utils.events]:  eta: 0:03:08  iter: 2619  total_loss: 0.1851  loss_cls: 0.01795  loss_box_reg: 0.04428  loss_mask: 0.1174  loss_rpn_cls: 4.475e-06  loss_rpn_loc: 0.002026    time: 0.0795  last_time: 0.0785  data_time: 0.0024  last_data_time: 0.0025   lr: 0.0005  max_mem: 1683M
[08/08 16:25:10 d2.utils.events]:  eta: 0:03:06  iter: 2639  total_loss: 0.1733  loss_cls: 0.01671  loss_box_reg: 0.04324  loss_mask: 0.1126  loss_rpn_cls: 9.322e-06  loss_rpn_loc: 0.002112    time: 0.0795  last_time: 0.0746  data_time: 0.0025  last_data_time: 0.0024   lr: 0.0005  max_mem: 1683M
[08/08 16:25:12 d2.utils.events]:  eta: 0:03:05  iter: 2659  total_loss: 0.1801  loss_cls: 0.01618  loss_box_reg: 0.04318  loss_mask: 0.1095  loss_rpn_cls: 1.957e-06  loss_rpn_loc: 0.001947    time: 0.0795  last_time: 0.0794  data_time: 0.0024  last_data_time: 0.0024   lr: 0.0005  max_mem: 1683M
[08/08 16:25:13 d2.utils.events]:  eta: 0:03:03  iter: 2679  total_loss: 0.173  loss_cls: 0.01797  loss_box_reg: 0.03949  loss_mask: 0.1134  loss_rpn_cls: 6.012e-06  loss_rpn_loc: 0.002465    time: 0.0795  last_time: 0.0756  data_time: 0.0024  last_data_time: 0.0025   lr: 0.0005  max_mem: 1683M
[08/08 16:25:15 d2.utils.events]:  eta: 0:03:01  iter: 2699  total_loss: 0.1614  loss_cls: 0.01593  loss_box_reg: 0.03681  loss_mask: 0.1057  loss_rpn_cls: 8.518e-06  loss_rpn_loc: 0.002217    time: 0.0795  last_time: 0.0737  data_time: 0.0025  last_data_time: 0.0023   lr: 0.0005  max_mem: 1683M
[08/08 16:25:15 d2.evaluation.coco_evaluation]: Fast COCO eval is not built. Falling back to official COCO eval.
[08/08 16:25:15 d2.data.datasets.coco]: Loaded 89 images in COCO format from /projects/PUCHALLA/LLP2024/tumor-segmentation/data/processed_data/rgb/test/images/test.json
[08/08 16:25:15 d2.data.dataset_mapper]: [DatasetMapper] Augmentations used in inference: [ResizeShortestEdge(short_edge_length=(800, 800), max_size=1333, sample_style='choice')]
[08/08 16:25:15 d2.data.common]: Serializing the dataset using: <class 'detectron2.data.common._TorchSerializedList'>
[08/08 16:25:15 d2.data.common]: Serializing 89 elements to byte tensors and concatenating them all ...
[08/08 16:25:15 d2.data.common]: Serialized dataset takes 0.07 MiB
[08/08 16:25:15 d2.evaluation.evaluator]: Start inference on 89 batches
[08/08 16:25:16 d2.evaluation.evaluator]: Inference done 11/89. Dataloading: 0.0006 s/iter. Inference: 0.0258 s/iter. Eval: 0.0004 s/iter. Total: 0.0268 s/iter. ETA=0:00:02
[08/08 16:25:18 d2.evaluation.evaluator]: Total inference time: 0:00:02.228550 (0.026530 s / iter per device, on 1 devices)
[08/08 16:25:18 d2.evaluation.evaluator]: Total inference pure compute time: 0:00:02 (0.024456 s / iter per device, on 1 devices)
[08/08 16:25:18 d2.evaluation.coco_evaluation]: Preparing results for COCO format ...
[08/08 16:25:18 d2.evaluation.coco_evaluation]: Saving results to ../../../../../models/rgb-testing/rerun-model-4-rgb/coco_instances_results.json
[08/08 16:25:18 d2.evaluation.coco_evaluation]: Evaluating predictions with official COCO API...
Loading and preparing results...
DONE (t=0.00s)
creating index...
index created!
Running per image evaluation...
Evaluate annotation type *bbox*
DONE (t=0.02s).
Accumulating evaluation results...
DONE (t=0.01s).
 Average Precision  (AP) @[ IoU=0.50:0.95 | area=   all | maxDets=100 ] = 0.723
 Average Precision  (AP) @[ IoU=0.50      | area=   all | maxDets=100 ] = 0.944
 Average Precision  (AP) @[ IoU=0.75      | area=   all | maxDets=100 ] = 0.903
 Average Precision  (AP) @[ IoU=0.50:0.95 | area= small | maxDets=100 ] = -1.000
 Average Precision  (AP) @[ IoU=0.50:0.95 | area=medium | maxDets=100 ] = 0.544
 Average Precision  (AP) @[ IoU=0.50:0.95 | area= large | maxDets=100 ] = 0.746
 Average Recall     (AR) @[ IoU=0.50:0.95 | area=   all | maxDets=  1 ] = 0.766
 Average Recall     (AR) @[ IoU=0.50:0.95 | area=   all | maxDets= 10 ] = 0.770
 Average Recall     (AR) @[ IoU=0.50:0.95 | area=   all | maxDets=100 ] = 0.770
 Average Recall     (AR) @[ IoU=0.50:0.95 | area= small | maxDets=100 ] = -1.000
 Average Recall     (AR) @[ IoU=0.50:0.95 | area=medium | maxDets=100 ] = 0.550
 Average Recall     (AR) @[ IoU=0.50:0.95 | area= large | maxDets=100 ] = 0.797
[08/08 16:25:18 d2.evaluation.coco_evaluation]: Evaluation results for bbox: 
|   AP   |  AP50  |  AP75  |  APs  |  APm   |  APl   |
|:------:|:------:|:------:|:-----:|:------:|:------:|
| 72.283 | 94.352 | 90.262 |  nan  | 54.369 | 74.567 |
[08/08 16:25:18 d2.evaluation.coco_evaluation]: Some metrics cannot be computed and is shown as NaN.
Loading and preparing results...
DONE (t=0.00s)
creating index...
index created!
Running per image evaluation...
Evaluate annotation type *segm*
DONE (t=0.02s).
Accumulating evaluation results...
DONE (t=0.01s).
 Average Precision  (AP) @[ IoU=0.50:0.95 | area=   all | maxDets=100 ] = 0.745
 Average Precision  (AP) @[ IoU=0.50      | area=   all | maxDets=100 ] = 0.944
 Average Precision  (AP) @[ IoU=0.75      | area=   all | maxDets=100 ] = 0.902
 Average Precision  (AP) @[ IoU=0.50:0.95 | area= small | maxDets=100 ] = -1.000
 Average Precision  (AP) @[ IoU=0.50:0.95 | area=medium | maxDets=100 ] = 0.543
 Average Precision  (AP) @[ IoU=0.50:0.95 | area= large | maxDets=100 ] = 0.771
 Average Recall     (AR) @[ IoU=0.50:0.95 | area=   all | maxDets=  1 ] = 0.778
 Average Recall     (AR) @[ IoU=0.50:0.95 | area=   all | maxDets= 10 ] = 0.780
 Average Recall     (AR) @[ IoU=0.50:0.95 | area=   all | maxDets=100 ] = 0.780
 Average Recall     (AR) @[ IoU=0.50:0.95 | area= small | maxDets=100 ] = -1.000
 Average Recall     (AR) @[ IoU=0.50:0.95 | area=medium | maxDets=100 ] = 0.550
 Average Recall     (AR) @[ IoU=0.50:0.95 | area= large | maxDets=100 ] = 0.809
[08/08 16:25:18 d2.evaluation.coco_evaluation]: Evaluation results for segm: 
|   AP   |  AP50  |  AP75  |  APs  |  APm   |  APl   |
|:------:|:------:|:------:|:-----:|:------:|:------:|
| 74.459 | 94.352 | 90.232 |  nan  | 54.348 | 77.057 |
[08/08 16:25:18 d2.evaluation.coco_evaluation]: Some metrics cannot be computed and is shown as NaN.
[Iter 2 AP] → mAP@[.5:.95] = 74.459
[08/08 16:25:19 d2.utils.events]:  eta: 0:03:00  iter: 2719  total_loss: 0.1814  loss_cls: 0.01981  loss_box_reg: 0.04863  loss_mask: 0.1179  loss_rpn_cls: 5.015e-06  loss_rpn_loc: 0.002228    time: 0.0795  last_time: 0.0840  data_time: 0.0024  last_data_time: 0.0026   lr: 0.0005  max_mem: 1683M
[08/08 16:25:21 d2.utils.events]:  eta: 0:02:58  iter: 2739  total_loss: 0.1799  loss_cls: 0.01869  loss_box_reg: 0.04865  loss_mask: 0.1081  loss_rpn_cls: 5.829e-06  loss_rpn_loc: 0.00205    time: 0.0795  last_time: 0.0801  data_time: 0.0025  last_data_time: 0.0026   lr: 0.0005  max_mem: 1683M
[08/08 16:25:22 d2.utils.events]:  eta: 0:02:57  iter: 2759  total_loss: 0.1623  loss_cls: 0.01629  loss_box_reg: 0.04263  loss_mask: 0.1014  loss_rpn_cls: 1.24e-05  loss_rpn_loc: 0.001819    time: 0.0795  last_time: 0.0807  data_time: 0.0025  last_data_time: 0.0022   lr: 0.0005  max_mem: 1683M
[08/08 16:25:24 d2.utils.events]:  eta: 0:02:55  iter: 2779  total_loss: 0.1687  loss_cls: 0.01707  loss_box_reg: 0.04334  loss_mask: 0.1126  loss_rpn_cls: 1.348e-05  loss_rpn_loc: 0.002468    time: 0.0795  last_time: 0.0851  data_time: 0.0025  last_data_time: 0.0024   lr: 0.0005  max_mem: 1683M
[08/08 16:25:26 d2.utils.events]:  eta: 0:02:54  iter: 2799  total_loss: 0.1795  loss_cls: 0.01738  loss_box_reg: 0.05145  loss_mask: 0.114  loss_rpn_cls: 2.219e-05  loss_rpn_loc: 0.002348    time: 0.0795  last_time: 0.0833  data_time: 0.0024  last_data_time: 0.0024   lr: 0.0005  max_mem: 1683M
[08/08 16:25:26 d2.evaluation.coco_evaluation]: Fast COCO eval is not built. Falling back to official COCO eval.
[08/08 16:25:26 d2.data.datasets.coco]: Loaded 89 images in COCO format from /projects/PUCHALLA/LLP2024/tumor-segmentation/data/processed_data/rgb/test/images/test.json
[08/08 16:25:26 d2.data.dataset_mapper]: [DatasetMapper] Augmentations used in inference: [ResizeShortestEdge(short_edge_length=(800, 800), max_size=1333, sample_style='choice')]
[08/08 16:25:26 d2.data.common]: Serializing the dataset using: <class 'detectron2.data.common._TorchSerializedList'>
[08/08 16:25:26 d2.data.common]: Serializing 89 elements to byte tensors and concatenating them all ...
[08/08 16:25:26 d2.data.common]: Serialized dataset takes 0.07 MiB
[08/08 16:25:26 d2.evaluation.evaluator]: Start inference on 89 batches
[08/08 16:25:26 d2.evaluation.evaluator]: Inference done 11/89. Dataloading: 0.0006 s/iter. Inference: 0.0246 s/iter. Eval: 0.0004 s/iter. Total: 0.0256 s/iter. ETA=0:00:01
[08/08 16:25:28 d2.evaluation.evaluator]: Total inference time: 0:00:02.222783 (0.026462 s / iter per device, on 1 devices)
[08/08 16:25:28 d2.evaluation.evaluator]: Total inference pure compute time: 0:00:02 (0.024360 s / iter per device, on 1 devices)
[08/08 16:25:28 d2.evaluation.coco_evaluation]: Preparing results for COCO format ...
[08/08 16:25:28 d2.evaluation.coco_evaluation]: Saving results to ../../../../../models/rgb-testing/rerun-model-4-rgb/coco_instances_results.json
[08/08 16:25:28 d2.evaluation.coco_evaluation]: Evaluating predictions with official COCO API...
Loading and preparing results...
DONE (t=0.00s)
creating index...
index created!
Running per image evaluation...
Evaluate annotation type *bbox*
DONE (t=0.01s).
Accumulating evaluation results...
DONE (t=0.01s).
 Average Precision  (AP) @[ IoU=0.50:0.95 | area=   all | maxDets=100 ] = 0.730
 Average Precision  (AP) @[ IoU=0.50      | area=   all | maxDets=100 ] = 0.940
 Average Precision  (AP) @[ IoU=0.75      | area=   all | maxDets=100 ] = 0.910
 Average Precision  (AP) @[ IoU=0.50:0.95 | area= small | maxDets=100 ] = -1.000
 Average Precision  (AP) @[ IoU=0.50:0.95 | area=medium | maxDets=100 ] = 0.533
 Average Precision  (AP) @[ IoU=0.50:0.95 | area= large | maxDets=100 ] = 0.753
 Average Recall     (AR) @[ IoU=0.50:0.95 | area=   all | maxDets=  1 ] = 0.770
 Average Recall     (AR) @[ IoU=0.50:0.95 | area=   all | maxDets= 10 ] = 0.774
 Average Recall     (AR) @[ IoU=0.50:0.95 | area=   all | maxDets=100 ] = 0.774
 Average Recall     (AR) @[ IoU=0.50:0.95 | area= small | maxDets=100 ] = -1.000
 Average Recall     (AR) @[ IoU=0.50:0.95 | area=medium | maxDets=100 ] = 0.560
 Average Recall     (AR) @[ IoU=0.50:0.95 | area= large | maxDets=100 ] = 0.801
[08/08 16:25:28 d2.evaluation.coco_evaluation]: Evaluation results for bbox: 
|   AP   |  AP50  |  AP75  |  APs  |  APm   |  APl   |
|:------:|:------:|:------:|:-----:|:------:|:------:|
| 72.962 | 93.971 | 90.957 |  nan  | 53.255 | 75.286 |
[08/08 16:25:28 d2.evaluation.coco_evaluation]: Some metrics cannot be computed and is shown as NaN.
Loading and preparing results...
DONE (t=0.00s)
creating index...
index created!
Running per image evaluation...
Evaluate annotation type *segm*
DONE (t=0.02s).
Accumulating evaluation results...
DONE (t=0.01s).
 Average Precision  (AP) @[ IoU=0.50:0.95 | area=   all | maxDets=100 ] = 0.736
 Average Precision  (AP) @[ IoU=0.50      | area=   all | maxDets=100 ] = 0.940
 Average Precision  (AP) @[ IoU=0.75      | area=   all | maxDets=100 ] = 0.898
 Average Precision  (AP) @[ IoU=0.50:0.95 | area= small | maxDets=100 ] = -1.000
 Average Precision  (AP) @[ IoU=0.50:0.95 | area=medium | maxDets=100 ] = 0.570
 Average Precision  (AP) @[ IoU=0.50:0.95 | area= large | maxDets=100 ] = 0.758
 Average Recall     (AR) @[ IoU=0.50:0.95 | area=   all | maxDets=  1 ] = 0.772
 Average Recall     (AR) @[ IoU=0.50:0.95 | area=   all | maxDets= 10 ] = 0.776
 Average Recall     (AR) @[ IoU=0.50:0.95 | area=   all | maxDets=100 ] = 0.776
 Average Recall     (AR) @[ IoU=0.50:0.95 | area= small | maxDets=100 ] = -1.000
 Average Recall     (AR) @[ IoU=0.50:0.95 | area=medium | maxDets=100 ] = 0.590
 Average Recall     (AR) @[ IoU=0.50:0.95 | area= large | maxDets=100 ] = 0.800
[08/08 16:25:28 d2.evaluation.coco_evaluation]: Evaluation results for segm: 
|   AP   |  AP50  |  AP75  |  APs  |  APm   |  APl   |
|:------:|:------:|:------:|:-----:|:------:|:------:|
| 73.609 | 93.971 | 89.816 |  nan  | 56.988 | 75.835 |
[08/08 16:25:28 d2.evaluation.coco_evaluation]: Some metrics cannot be computed and is shown as NaN.
[Iter 2 AP] → mAP@[.5:.95] = 73.609
[08/08 16:25:30 d2.utils.events]:  eta: 0:02:52  iter: 2819  total_loss: 0.1945  loss_cls: 0.01818  loss_box_reg: 0.04876  loss_mask: 0.1223  loss_rpn_cls: 3.636e-06  loss_rpn_loc: 0.002176    time: 0.0795  last_time: 0.0847  data_time: 0.0025  last_data_time: 0.0024   lr: 0.0005  max_mem: 1683M
[08/08 16:25:31 d2.utils.events]:  eta: 0:02:50  iter: 2839  total_loss: 0.1942  loss_cls: 0.0191  loss_box_reg: 0.04751  loss_mask: 0.1249  loss_rpn_cls: 9.375e-06  loss_rpn_loc: 0.002024    time: 0.0795  last_time: 0.0826  data_time: 0.0024  last_data_time: 0.0025   lr: 0.0005  max_mem: 1683M
[08/08 16:25:33 d2.utils.events]:  eta: 0:02:49  iter: 2859  total_loss: 0.1828  loss_cls: 0.01711  loss_box_reg: 0.04502  loss_mask: 0.1158  loss_rpn_cls: 8.756e-06  loss_rpn_loc: 0.002126    time: 0.0795  last_time: 0.0754  data_time: 0.0026  last_data_time: 0.0025   lr: 0.0005  max_mem: 1683M
[08/08 16:25:35 d2.utils.events]:  eta: 0:02:47  iter: 2879  total_loss: 0.1672  loss_cls: 0.0174  loss_box_reg: 0.03906  loss_mask: 0.1018  loss_rpn_cls: 6.634e-06  loss_rpn_loc: 0.002359    time: 0.0795  last_time: 0.0836  data_time: 0.0024  last_data_time: 0.0024   lr: 0.0005  max_mem: 1683M
[08/08 16:25:36 d2.utils.events]:  eta: 0:02:46  iter: 2899  total_loss: 0.1778  loss_cls: 0.01592  loss_box_reg: 0.04229  loss_mask: 0.1166  loss_rpn_cls: 6.048e-06  loss_rpn_loc: 0.001944    time: 0.0795  last_time: 0.0768  data_time: 0.0025  last_data_time: 0.0023   lr: 0.0005  max_mem: 1683M
[08/08 16:25:36 d2.evaluation.coco_evaluation]: Fast COCO eval is not built. Falling back to official COCO eval.
[08/08 16:25:36 d2.data.datasets.coco]: Loaded 89 images in COCO format from /projects/PUCHALLA/LLP2024/tumor-segmentation/data/processed_data/rgb/test/images/test.json
[08/08 16:25:36 d2.data.dataset_mapper]: [DatasetMapper] Augmentations used in inference: [ResizeShortestEdge(short_edge_length=(800, 800), max_size=1333, sample_style='choice')]
[08/08 16:25:36 d2.data.common]: Serializing the dataset using: <class 'detectron2.data.common._TorchSerializedList'>
[08/08 16:25:36 d2.data.common]: Serializing 89 elements to byte tensors and concatenating them all ...
[08/08 16:25:36 d2.data.common]: Serialized dataset takes 0.07 MiB
[08/08 16:25:36 d2.evaluation.evaluator]: Start inference on 89 batches
[08/08 16:25:37 d2.evaluation.evaluator]: Inference done 11/89. Dataloading: 0.0006 s/iter. Inference: 0.0242 s/iter. Eval: 0.0004 s/iter. Total: 0.0252 s/iter. ETA=0:00:01
[08/08 16:25:39 d2.evaluation.evaluator]: Total inference time: 0:00:02.208822 (0.026295 s / iter per device, on 1 devices)
[08/08 16:25:39 d2.evaluation.evaluator]: Total inference pure compute time: 0:00:02 (0.024214 s / iter per device, on 1 devices)
[08/08 16:25:39 d2.evaluation.coco_evaluation]: Preparing results for COCO format ...
[08/08 16:25:39 d2.evaluation.coco_evaluation]: Saving results to ../../../../../models/rgb-testing/rerun-model-4-rgb/coco_instances_results.json
[08/08 16:25:39 d2.evaluation.coco_evaluation]: Evaluating predictions with official COCO API...
Loading and preparing results...
DONE (t=0.00s)
creating index...
index created!
Running per image evaluation...
Evaluate annotation type *bbox*
DONE (t=0.02s).
Accumulating evaluation results...
DONE (t=0.01s).
 Average Precision  (AP) @[ IoU=0.50:0.95 | area=   all | maxDets=100 ] = 0.731
 Average Precision  (AP) @[ IoU=0.50      | area=   all | maxDets=100 ] = 0.950
 Average Precision  (AP) @[ IoU=0.75      | area=   all | maxDets=100 ] = 0.908
 Average Precision  (AP) @[ IoU=0.50:0.95 | area= small | maxDets=100 ] = -1.000
 Average Precision  (AP) @[ IoU=0.50:0.95 | area=medium | maxDets=100 ] = 0.562
 Average Precision  (AP) @[ IoU=0.50:0.95 | area= large | maxDets=100 ] = 0.752
 Average Recall     (AR) @[ IoU=0.50:0.95 | area=   all | maxDets=  1 ] = 0.778
 Average Recall     (AR) @[ IoU=0.50:0.95 | area=   all | maxDets= 10 ] = 0.781
 Average Recall     (AR) @[ IoU=0.50:0.95 | area=   all | maxDets=100 ] = 0.781
 Average Recall     (AR) @[ IoU=0.50:0.95 | area= small | maxDets=100 ] = -1.000
 Average Recall     (AR) @[ IoU=0.50:0.95 | area=medium | maxDets=100 ] = 0.580
 Average Recall     (AR) @[ IoU=0.50:0.95 | area= large | maxDets=100 ] = 0.806
[08/08 16:25:39 d2.evaluation.coco_evaluation]: Evaluation results for bbox: 
|   AP   |  AP50  |  AP75  |  APs  |  APm   |  APl   |
|:------:|:------:|:------:|:-----:|:------:|:------:|
| 73.067 | 94.982 | 90.828 |  nan  | 56.244 | 75.213 |
[08/08 16:25:39 d2.evaluation.coco_evaluation]: Some metrics cannot be computed and is shown as NaN.
Loading and preparing results...
DONE (t=0.00s)
creating index...
index created!
Running per image evaluation...
Evaluate annotation type *segm*
DONE (t=0.02s).
Accumulating evaluation results...
DONE (t=0.01s).
 Average Precision  (AP) @[ IoU=0.50:0.95 | area=   all | maxDets=100 ] = 0.741
 Average Precision  (AP) @[ IoU=0.50      | area=   all | maxDets=100 ] = 0.940
 Average Precision  (AP) @[ IoU=0.75      | area=   all | maxDets=100 ] = 0.897
 Average Precision  (AP) @[ IoU=0.50:0.95 | area= small | maxDets=100 ] = -1.000
 Average Precision  (AP) @[ IoU=0.50:0.95 | area=medium | maxDets=100 ] = 0.576
 Average Precision  (AP) @[ IoU=0.50:0.95 | area= large | maxDets=100 ] = 0.762
 Average Recall     (AR) @[ IoU=0.50:0.95 | area=   all | maxDets=  1 ] = 0.781
 Average Recall     (AR) @[ IoU=0.50:0.95 | area=   all | maxDets= 10 ] = 0.783
 Average Recall     (AR) @[ IoU=0.50:0.95 | area=   all | maxDets=100 ] = 0.783
 Average Recall     (AR) @[ IoU=0.50:0.95 | area= small | maxDets=100 ] = -1.000
 Average Recall     (AR) @[ IoU=0.50:0.95 | area=medium | maxDets=100 ] = 0.590
 Average Recall     (AR) @[ IoU=0.50:0.95 | area= large | maxDets=100 ] = 0.808
[08/08 16:25:39 d2.evaluation.coco_evaluation]: Evaluation results for segm: 
|   AP   |  AP50  |  AP75  |  APs  |  APm   |  APl   |
|:------:|:------:|:------:|:-----:|:------:|:------:|
| 74.120 | 93.973 | 89.705 |  nan  | 57.558 | 76.228 |
[08/08 16:25:39 d2.evaluation.coco_evaluation]: Some metrics cannot be computed and is shown as NaN.
[Iter 2 AP] → mAP@[.5:.95] = 74.120
[08/08 16:25:40 d2.utils.events]:  eta: 0:02:44  iter: 2919  total_loss: 0.1503  loss_cls: 0.01619  loss_box_reg: 0.03993  loss_mask: 0.09849  loss_rpn_cls: 5.347e-06  loss_rpn_loc: 0.001764    time: 0.0795  last_time: 0.0798  data_time: 0.0024  last_data_time: 0.0026   lr: 0.0005  max_mem: 1683M
[08/08 16:25:42 d2.utils.events]:  eta: 0:02:43  iter: 2939  total_loss: 0.165  loss_cls: 0.01702  loss_box_reg: 0.04268  loss_mask: 0.1075  loss_rpn_cls: 1.54e-05  loss_rpn_loc: 0.002165    time: 0.0795  last_time: 0.0753  data_time: 0.0025  last_data_time: 0.0025   lr: 0.0005  max_mem: 1683M
[08/08 16:25:44 d2.utils.events]:  eta: 0:02:41  iter: 2959  total_loss: 0.1642  loss_cls: 0.01531  loss_box_reg: 0.03648  loss_mask: 0.1021  loss_rpn_cls: 8.524e-06  loss_rpn_loc: 0.002272    time: 0.0795  last_time: 0.0793  data_time: 0.0024  last_data_time: 0.0024   lr: 0.0005  max_mem: 1683M
[08/08 16:25:45 d2.utils.events]:  eta: 0:02:39  iter: 2979  total_loss: 0.1509  loss_cls: 0.01357  loss_box_reg: 0.03424  loss_mask: 0.09806  loss_rpn_cls: 1.079e-05  loss_rpn_loc: 0.002099    time: 0.0795  last_time: 0.0741  data_time: 0.0025  last_data_time: 0.0024   lr: 0.0005  max_mem: 1683M
[08/08 16:25:47 d2.utils.events]:  eta: 0:02:38  iter: 2999  total_loss: 0.1865  loss_cls: 0.01773  loss_box_reg: 0.04346  loss_mask: 0.1185  loss_rpn_cls: 1.566e-05  loss_rpn_loc: 0.002012    time: 0.0795  last_time: 0.0785  data_time: 0.0024  last_data_time: 0.0025   lr: 0.0005  max_mem: 1683M
[08/08 16:25:47 d2.evaluation.coco_evaluation]: Fast COCO eval is not built. Falling back to official COCO eval.
[08/08 16:25:47 d2.data.datasets.coco]: Loaded 89 images in COCO format from /projects/PUCHALLA/LLP2024/tumor-segmentation/data/processed_data/rgb/test/images/test.json
[08/08 16:25:47 d2.data.dataset_mapper]: [DatasetMapper] Augmentations used in inference: [ResizeShortestEdge(short_edge_length=(800, 800), max_size=1333, sample_style='choice')]
[08/08 16:25:47 d2.data.common]: Serializing the dataset using: <class 'detectron2.data.common._TorchSerializedList'>
[08/08 16:25:47 d2.data.common]: Serializing 89 elements to byte tensors and concatenating them all ...
[08/08 16:25:47 d2.data.common]: Serialized dataset takes 0.07 MiB
[08/08 16:25:47 d2.evaluation.evaluator]: Start inference on 89 batches
[08/08 16:25:47 d2.evaluation.evaluator]: Inference done 11/89. Dataloading: 0.0006 s/iter. Inference: 0.0245 s/iter. Eval: 0.0004 s/iter. Total: 0.0255 s/iter. ETA=0:00:01
[08/08 16:25:49 d2.evaluation.evaluator]: Total inference time: 0:00:02.228848 (0.026534 s / iter per device, on 1 devices)
[08/08 16:25:49 d2.evaluation.evaluator]: Total inference pure compute time: 0:00:02 (0.024441 s / iter per device, on 1 devices)
[08/08 16:25:49 d2.evaluation.coco_evaluation]: Preparing results for COCO format ...
[08/08 16:25:49 d2.evaluation.coco_evaluation]: Saving results to ../../../../../models/rgb-testing/rerun-model-4-rgb/coco_instances_results.json
[08/08 16:25:49 d2.evaluation.coco_evaluation]: Evaluating predictions with official COCO API...
Loading and preparing results...
DONE (t=0.00s)
creating index...
index created!
Running per image evaluation...
Evaluate annotation type *bbox*
DONE (t=0.01s).
Accumulating evaluation results...
DONE (t=0.01s).
 Average Precision  (AP) @[ IoU=0.50:0.95 | area=   all | maxDets=100 ] = 0.708
 Average Precision  (AP) @[ IoU=0.50      | area=   all | maxDets=100 ] = 0.952
 Average Precision  (AP) @[ IoU=0.75      | area=   all | maxDets=100 ] = 0.875
 Average Precision  (AP) @[ IoU=0.50:0.95 | area= small | maxDets=100 ] = -1.000
 Average Precision  (AP) @[ IoU=0.50:0.95 | area=medium | maxDets=100 ] = 0.593
 Average Precision  (AP) @[ IoU=0.50:0.95 | area= large | maxDets=100 ] = 0.727
 Average Recall     (AR) @[ IoU=0.50:0.95 | area=   all | maxDets=  1 ] = 0.758
 Average Recall     (AR) @[ IoU=0.50:0.95 | area=   all | maxDets= 10 ] = 0.763
 Average Recall     (AR) @[ IoU=0.50:0.95 | area=   all | maxDets=100 ] = 0.763
 Average Recall     (AR) @[ IoU=0.50:0.95 | area= small | maxDets=100 ] = -1.000
 Average Recall     (AR) @[ IoU=0.50:0.95 | area=medium | maxDets=100 ] = 0.610
 Average Recall     (AR) @[ IoU=0.50:0.95 | area= large | maxDets=100 ] = 0.782
[08/08 16:25:49 d2.evaluation.coco_evaluation]: Evaluation results for bbox: 
|   AP   |  AP50  |  AP75  |  APs  |  APm   |  APl   |
|:------:|:------:|:------:|:-----:|:------:|:------:|
| 70.806 | 95.167 | 87.501 |  nan  | 59.335 | 72.694 |
[08/08 16:25:49 d2.evaluation.coco_evaluation]: Some metrics cannot be computed and is shown as NaN.
Loading and preparing results...
DONE (t=0.00s)
creating index...
index created!
Running per image evaluation...
Evaluate annotation type *segm*
DONE (t=0.02s).
Accumulating evaluation results...
DONE (t=0.01s).
 Average Precision  (AP) @[ IoU=0.50:0.95 | area=   all | maxDets=100 ] = 0.730
 Average Precision  (AP) @[ IoU=0.50      | area=   all | maxDets=100 ] = 0.941
 Average Precision  (AP) @[ IoU=0.75      | area=   all | maxDets=100 ] = 0.900
 Average Precision  (AP) @[ IoU=0.50:0.95 | area= small | maxDets=100 ] = -1.000
 Average Precision  (AP) @[ IoU=0.50:0.95 | area=medium | maxDets=100 ] = 0.524
 Average Precision  (AP) @[ IoU=0.50:0.95 | area= large | maxDets=100 ] = 0.754
 Average Recall     (AR) @[ IoU=0.50:0.95 | area=   all | maxDets=  1 ] = 0.764
 Average Recall     (AR) @[ IoU=0.50:0.95 | area=   all | maxDets= 10 ] = 0.767
 Average Recall     (AR) @[ IoU=0.50:0.95 | area=   all | maxDets=100 ] = 0.767
 Average Recall     (AR) @[ IoU=0.50:0.95 | area= small | maxDets=100 ] = -1.000
 Average Recall     (AR) @[ IoU=0.50:0.95 | area=medium | maxDets=100 ] = 0.560
 Average Recall     (AR) @[ IoU=0.50:0.95 | area= large | maxDets=100 ] = 0.794
[08/08 16:25:49 d2.evaluation.coco_evaluation]: Evaluation results for segm: 
|   AP   |  AP50  |  AP75  |  APs  |  APm   |  APl   |
|:------:|:------:|:------:|:-----:|:------:|:------:|
| 72.978 | 94.098 | 90.014 |  nan  | 52.409 | 75.355 |
[08/08 16:25:49 d2.evaluation.coco_evaluation]: Some metrics cannot be computed and is shown as NaN.
[Iter 2 AP] → mAP@[.5:.95] = 72.978
[08/08 16:25:51 d2.utils.events]:  eta: 0:02:36  iter: 3019  total_loss: 0.1617  loss_cls: 0.01594  loss_box_reg: 0.03917  loss_mask: 0.1038  loss_rpn_cls: 1.212e-05  loss_rpn_loc: 0.002058    time: 0.0795  last_time: 0.0832  data_time: 0.0024  last_data_time: 0.0025   lr: 0.00025  max_mem: 1683M
[08/08 16:25:52 d2.utils.events]:  eta: 0:02:35  iter: 3039  total_loss: 0.1479  loss_cls: 0.01609  loss_box_reg: 0.03714  loss_mask: 0.09131  loss_rpn_cls: 1.447e-05  loss_rpn_loc: 0.002313    time: 0.0795  last_time: 0.0788  data_time: 0.0024  last_data_time: 0.0026   lr: 0.00025  max_mem: 1683M
[08/08 16:25:54 d2.utils.events]:  eta: 0:02:33  iter: 3059  total_loss: 0.1807  loss_cls: 0.01755  loss_box_reg: 0.04015  loss_mask: 0.1194  loss_rpn_cls: 7.118e-06  loss_rpn_loc: 0.002047    time: 0.0795  last_time: 0.0775  data_time: 0.0025  last_data_time: 0.0025   lr: 0.00025  max_mem: 1683M
[08/08 16:25:56 d2.utils.events]:  eta: 0:02:32  iter: 3079  total_loss: 0.1574  loss_cls: 0.01522  loss_box_reg: 0.03712  loss_mask: 0.1008  loss_rpn_cls: 4.874e-06  loss_rpn_loc: 0.001688    time: 0.0795  last_time: 0.0830  data_time: 0.0025  last_data_time: 0.0025   lr: 0.00025  max_mem: 1683M
[08/08 16:25:57 d2.utils.events]:  eta: 0:02:30  iter: 3099  total_loss: 0.1661  loss_cls: 0.01457  loss_box_reg: 0.03788  loss_mask: 0.1074  loss_rpn_cls: 5.494e-06  loss_rpn_loc: 0.001835    time: 0.0795  last_time: 0.0781  data_time: 0.0025  last_data_time: 0.0026   lr: 0.00025  max_mem: 1683M
[08/08 16:25:57 d2.evaluation.coco_evaluation]: Fast COCO eval is not built. Falling back to official COCO eval.
[08/08 16:25:57 d2.data.datasets.coco]: Loaded 89 images in COCO format from /projects/PUCHALLA/LLP2024/tumor-segmentation/data/processed_data/rgb/test/images/test.json
[08/08 16:25:57 d2.data.dataset_mapper]: [DatasetMapper] Augmentations used in inference: [ResizeShortestEdge(short_edge_length=(800, 800), max_size=1333, sample_style='choice')]
[08/08 16:25:57 d2.data.common]: Serializing the dataset using: <class 'detectron2.data.common._TorchSerializedList'>
[08/08 16:25:57 d2.data.common]: Serializing 89 elements to byte tensors and concatenating them all ...
[08/08 16:25:57 d2.data.common]: Serialized dataset takes 0.07 MiB
[08/08 16:25:57 d2.evaluation.evaluator]: Start inference on 89 batches
[08/08 16:25:58 d2.evaluation.evaluator]: Inference done 11/89. Dataloading: 0.0006 s/iter. Inference: 0.0246 s/iter. Eval: 0.0004 s/iter. Total: 0.0255 s/iter. ETA=0:00:01
[08/08 16:26:00 d2.evaluation.evaluator]: Total inference time: 0:00:02.202492 (0.026220 s / iter per device, on 1 devices)
[08/08 16:26:00 d2.evaluation.evaluator]: Total inference pure compute time: 0:00:02 (0.024162 s / iter per device, on 1 devices)
[08/08 16:26:00 d2.evaluation.coco_evaluation]: Preparing results for COCO format ...
[08/08 16:26:00 d2.evaluation.coco_evaluation]: Saving results to ../../../../../models/rgb-testing/rerun-model-4-rgb/coco_instances_results.json
[08/08 16:26:00 d2.evaluation.coco_evaluation]: Evaluating predictions with official COCO API...
Loading and preparing results...
DONE (t=0.00s)
creating index...
index created!
Running per image evaluation...
Evaluate annotation type *bbox*
DONE (t=0.02s).
Accumulating evaluation results...
DONE (t=0.01s).
 Average Precision  (AP) @[ IoU=0.50:0.95 | area=   all | maxDets=100 ] = 0.743
 Average Precision  (AP) @[ IoU=0.50      | area=   all | maxDets=100 ] = 0.941
 Average Precision  (AP) @[ IoU=0.75      | area=   all | maxDets=100 ] = 0.900
 Average Precision  (AP) @[ IoU=0.50:0.95 | area= small | maxDets=100 ] = -1.000
 Average Precision  (AP) @[ IoU=0.50:0.95 | area=medium | maxDets=100 ] = 0.567
 Average Precision  (AP) @[ IoU=0.50:0.95 | area= large | maxDets=100 ] = 0.763
 Average Recall     (AR) @[ IoU=0.50:0.95 | area=   all | maxDets=  1 ] = 0.784
 Average Recall     (AR) @[ IoU=0.50:0.95 | area=   all | maxDets= 10 ] = 0.788
 Average Recall     (AR) @[ IoU=0.50:0.95 | area=   all | maxDets=100 ] = 0.788
 Average Recall     (AR) @[ IoU=0.50:0.95 | area= small | maxDets=100 ] = -1.000
 Average Recall     (AR) @[ IoU=0.50:0.95 | area=medium | maxDets=100 ] = 0.580
 Average Recall     (AR) @[ IoU=0.50:0.95 | area= large | maxDets=100 ] = 0.814
[08/08 16:26:00 d2.evaluation.coco_evaluation]: Evaluation results for bbox: 
|   AP   |  AP50  |  AP75  |  APs  |  APm   |  APl   |
|:------:|:------:|:------:|:-----:|:------:|:------:|
| 74.325 | 94.095 | 90.041 |  nan  | 56.696 | 76.297 |
[08/08 16:26:00 d2.evaluation.coco_evaluation]: Some metrics cannot be computed and is shown as NaN.
Loading and preparing results...
DONE (t=0.00s)
creating index...
index created!
Running per image evaluation...
Evaluate annotation type *segm*
DONE (t=0.02s).
Accumulating evaluation results...
DONE (t=0.01s).
 Average Precision  (AP) @[ IoU=0.50:0.95 | area=   all | maxDets=100 ] = 0.740
 Average Precision  (AP) @[ IoU=0.50      | area=   all | maxDets=100 ] = 0.941
 Average Precision  (AP) @[ IoU=0.75      | area=   all | maxDets=100 ] = 0.880
 Average Precision  (AP) @[ IoU=0.50:0.95 | area= small | maxDets=100 ] = -1.000
 Average Precision  (AP) @[ IoU=0.50:0.95 | area=medium | maxDets=100 ] = 0.551
 Average Precision  (AP) @[ IoU=0.50:0.95 | area= large | maxDets=100 ] = 0.765
 Average Recall     (AR) @[ IoU=0.50:0.95 | area=   all | maxDets=  1 ] = 0.775
 Average Recall     (AR) @[ IoU=0.50:0.95 | area=   all | maxDets= 10 ] = 0.780
 Average Recall     (AR) @[ IoU=0.50:0.95 | area=   all | maxDets=100 ] = 0.780
 Average Recall     (AR) @[ IoU=0.50:0.95 | area= small | maxDets=100 ] = -1.000
 Average Recall     (AR) @[ IoU=0.50:0.95 | area=medium | maxDets=100 ] = 0.560
 Average Recall     (AR) @[ IoU=0.50:0.95 | area= large | maxDets=100 ] = 0.808
[08/08 16:26:00 d2.evaluation.coco_evaluation]: Evaluation results for segm: 
|   AP   |  AP50  |  AP75  |  APs  |  APm   |  APl   |
|:------:|:------:|:------:|:-----:|:------:|:------:|
| 73.989 | 94.095 | 88.032 |  nan  | 55.054 | 76.546 |
[08/08 16:26:00 d2.evaluation.coco_evaluation]: Some metrics cannot be computed and is shown as NaN.
[Iter 2 AP] → mAP@[.5:.95] = 73.989
[08/08 16:26:01 d2.utils.events]:  eta: 0:02:28  iter: 3119  total_loss: 0.1496  loss_cls: 0.01489  loss_box_reg: 0.03078  loss_mask: 0.1025  loss_rpn_cls: 3.586e-06  loss_rpn_loc: 0.002361    time: 0.0795  last_time: 0.0757  data_time: 0.0024  last_data_time: 0.0026   lr: 0.00025  max_mem: 1683M
[08/08 16:26:03 d2.utils.events]:  eta: 0:02:27  iter: 3139  total_loss: 0.1614  loss_cls: 0.0179  loss_box_reg: 0.04164  loss_mask: 0.1071  loss_rpn_cls: 6.417e-06  loss_rpn_loc: 0.001917    time: 0.0795  last_time: 0.0845  data_time: 0.0024  last_data_time: 0.0025   lr: 0.00025  max_mem: 1683M
[08/08 16:26:04 d2.utils.events]:  eta: 0:02:25  iter: 3159  total_loss: 0.1516  loss_cls: 0.01412  loss_box_reg: 0.03283  loss_mask: 0.09929  loss_rpn_cls: 3.183e-06  loss_rpn_loc: 0.001749    time: 0.0795  last_time: 0.0806  data_time: 0.0024  last_data_time: 0.0024   lr: 0.00025  max_mem: 1683M
[08/08 16:26:06 d2.utils.events]:  eta: 0:02:24  iter: 3179  total_loss: 0.1638  loss_cls: 0.01658  loss_box_reg: 0.04386  loss_mask: 0.1001  loss_rpn_cls: 8.548e-06  loss_rpn_loc: 0.002183    time: 0.0795  last_time: 0.0756  data_time: 0.0024  last_data_time: 0.0024   lr: 0.00025  max_mem: 1683M
[08/08 16:26:08 d2.utils.events]:  eta: 0:02:22  iter: 3199  total_loss: 0.1682  loss_cls: 0.01635  loss_box_reg: 0.03828  loss_mask: 0.1049  loss_rpn_cls: 5.572e-06  loss_rpn_loc: 0.001699    time: 0.0794  last_time: 0.0737  data_time: 0.0025  last_data_time: 0.0022   lr: 0.00025  max_mem: 1683M
[08/08 16:26:08 d2.evaluation.coco_evaluation]: Fast COCO eval is not built. Falling back to official COCO eval.
[08/08 16:26:08 d2.data.datasets.coco]: Loaded 89 images in COCO format from /projects/PUCHALLA/LLP2024/tumor-segmentation/data/processed_data/rgb/test/images/test.json
[08/08 16:26:08 d2.data.dataset_mapper]: [DatasetMapper] Augmentations used in inference: [ResizeShortestEdge(short_edge_length=(800, 800), max_size=1333, sample_style='choice')]
[08/08 16:26:08 d2.data.common]: Serializing the dataset using: <class 'detectron2.data.common._TorchSerializedList'>
[08/08 16:26:08 d2.data.common]: Serializing 89 elements to byte tensors and concatenating them all ...
[08/08 16:26:08 d2.data.common]: Serialized dataset takes 0.07 MiB
[08/08 16:26:08 d2.evaluation.evaluator]: Start inference on 89 batches
[08/08 16:26:08 d2.evaluation.evaluator]: Inference done 11/89. Dataloading: 0.0006 s/iter. Inference: 0.0243 s/iter. Eval: 0.0004 s/iter. Total: 0.0252 s/iter. ETA=0:00:01
[08/08 16:26:10 d2.evaluation.evaluator]: Total inference time: 0:00:02.225407 (0.026493 s / iter per device, on 1 devices)
[08/08 16:26:10 d2.evaluation.evaluator]: Total inference pure compute time: 0:00:02 (0.024400 s / iter per device, on 1 devices)
[08/08 16:26:10 d2.evaluation.coco_evaluation]: Preparing results for COCO format ...
[08/08 16:26:10 d2.evaluation.coco_evaluation]: Saving results to ../../../../../models/rgb-testing/rerun-model-4-rgb/coco_instances_results.json
[08/08 16:26:10 d2.evaluation.coco_evaluation]: Evaluating predictions with official COCO API...
Loading and preparing results...
DONE (t=0.00s)
creating index...
index created!
Running per image evaluation...
Evaluate annotation type *bbox*
DONE (t=0.02s).
Accumulating evaluation results...
DONE (t=0.01s).
 Average Precision  (AP) @[ IoU=0.50:0.95 | area=   all | maxDets=100 ] = 0.740
 Average Precision  (AP) @[ IoU=0.50      | area=   all | maxDets=100 ] = 0.950
 Average Precision  (AP) @[ IoU=0.75      | area=   all | maxDets=100 ] = 0.893
 Average Precision  (AP) @[ IoU=0.50:0.95 | area= small | maxDets=100 ] = -1.000
 Average Precision  (AP) @[ IoU=0.50:0.95 | area=medium | maxDets=100 ] = 0.563
 Average Precision  (AP) @[ IoU=0.50:0.95 | area= large | maxDets=100 ] = 0.760
 Average Recall     (AR) @[ IoU=0.50:0.95 | area=   all | maxDets=  1 ] = 0.785
 Average Recall     (AR) @[ IoU=0.50:0.95 | area=   all | maxDets= 10 ] = 0.789
 Average Recall     (AR) @[ IoU=0.50:0.95 | area=   all | maxDets=100 ] = 0.789
 Average Recall     (AR) @[ IoU=0.50:0.95 | area= small | maxDets=100 ] = -1.000
 Average Recall     (AR) @[ IoU=0.50:0.95 | area=medium | maxDets=100 ] = 0.590
 Average Recall     (AR) @[ IoU=0.50:0.95 | area= large | maxDets=100 ] = 0.814
[08/08 16:26:10 d2.evaluation.coco_evaluation]: Evaluation results for bbox: 
|   AP   |  AP50  |  AP75  |  APs  |  APm   |  APl   |
|:------:|:------:|:------:|:-----:|:------:|:------:|
| 74.007 | 95.015 | 89.272 |  nan  | 56.345 | 76.044 |
[08/08 16:26:10 d2.evaluation.coco_evaluation]: Some metrics cannot be computed and is shown as NaN.
Loading and preparing results...
DONE (t=0.00s)
creating index...
index created!
Running per image evaluation...
Evaluate annotation type *segm*
DONE (t=0.02s).
Accumulating evaluation results...
DONE (t=0.01s).
 Average Precision  (AP) @[ IoU=0.50:0.95 | area=   all | maxDets=100 ] = 0.749
 Average Precision  (AP) @[ IoU=0.50      | area=   all | maxDets=100 ] = 0.940
 Average Precision  (AP) @[ IoU=0.75      | area=   all | maxDets=100 ] = 0.899
 Average Precision  (AP) @[ IoU=0.50:0.95 | area= small | maxDets=100 ] = -1.000
 Average Precision  (AP) @[ IoU=0.50:0.95 | area=medium | maxDets=100 ] = 0.582
 Average Precision  (AP) @[ IoU=0.50:0.95 | area= large | maxDets=100 ] = 0.769
 Average Recall     (AR) @[ IoU=0.50:0.95 | area=   all | maxDets=  1 ] = 0.779
 Average Recall     (AR) @[ IoU=0.50:0.95 | area=   all | maxDets= 10 ] = 0.782
 Average Recall     (AR) @[ IoU=0.50:0.95 | area=   all | maxDets=100 ] = 0.782
 Average Recall     (AR) @[ IoU=0.50:0.95 | area= small | maxDets=100 ] = -1.000
 Average Recall     (AR) @[ IoU=0.50:0.95 | area=medium | maxDets=100 ] = 0.600
 Average Recall     (AR) @[ IoU=0.50:0.95 | area= large | maxDets=100 ] = 0.805
[08/08 16:26:10 d2.evaluation.coco_evaluation]: Evaluation results for segm: 
|   AP   |  AP50  |  AP75  |  APs  |  APm   |  APl   |
|:------:|:------:|:------:|:-----:|:------:|:------:|
| 74.870 | 94.007 | 89.908 |  nan  | 58.246 | 76.876 |
[08/08 16:26:10 d2.evaluation.coco_evaluation]: Some metrics cannot be computed and is shown as NaN.
[Iter 2 AP] → mAP@[.5:.95] = 74.870
[08/08 16:26:12 d2.utils.events]:  eta: 0:02:20  iter: 3219  total_loss: 0.1612  loss_cls: 0.01545  loss_box_reg: 0.03526  loss_mask: 0.1057  loss_rpn_cls: 8.292e-06  loss_rpn_loc: 0.002688    time: 0.0794  last_time: 0.0816  data_time: 0.0025  last_data_time: 0.0022   lr: 0.00025  max_mem: 1683M
[08/08 16:26:13 d2.utils.events]:  eta: 0:02:19  iter: 3239  total_loss: 0.1465  loss_cls: 0.01553  loss_box_reg: 0.03566  loss_mask: 0.09259  loss_rpn_cls: 1.846e-05  loss_rpn_loc: 0.002076    time: 0.0794  last_time: 0.0742  data_time: 0.0025  last_data_time: 0.0024   lr: 0.00025  max_mem: 1683M
[08/08 16:26:15 d2.utils.events]:  eta: 0:02:17  iter: 3259  total_loss: 0.1536  loss_cls: 0.01732  loss_box_reg: 0.0405  loss_mask: 0.09785  loss_rpn_cls: 1.572e-05  loss_rpn_loc: 0.001885    time: 0.0794  last_time: 0.0828  data_time: 0.0024  last_data_time: 0.0023   lr: 0.00025  max_mem: 1683M
[08/08 16:26:17 d2.utils.events]:  eta: 0:02:16  iter: 3279  total_loss: 0.1587  loss_cls: 0.01474  loss_box_reg: 0.03812  loss_mask: 0.1046  loss_rpn_cls: 9.727e-06  loss_rpn_loc: 0.002164    time: 0.0794  last_time: 0.0795  data_time: 0.0024  last_data_time: 0.0023   lr: 0.00025  max_mem: 1683M
[08/08 16:26:18 d2.utils.events]:  eta: 0:02:14  iter: 3299  total_loss: 0.1591  loss_cls: 0.01729  loss_box_reg: 0.03721  loss_mask: 0.09202  loss_rpn_cls: 9.099e-06  loss_rpn_loc: 0.002123    time: 0.0794  last_time: 0.0790  data_time: 0.0024  last_data_time: 0.0021   lr: 0.00025  max_mem: 1683M
[08/08 16:26:18 d2.evaluation.coco_evaluation]: Fast COCO eval is not built. Falling back to official COCO eval.
[08/08 16:26:18 d2.data.datasets.coco]: Loaded 89 images in COCO format from /projects/PUCHALLA/LLP2024/tumor-segmentation/data/processed_data/rgb/test/images/test.json
[08/08 16:26:18 d2.data.dataset_mapper]: [DatasetMapper] Augmentations used in inference: [ResizeShortestEdge(short_edge_length=(800, 800), max_size=1333, sample_style='choice')]
[08/08 16:26:18 d2.data.common]: Serializing the dataset using: <class 'detectron2.data.common._TorchSerializedList'>
[08/08 16:26:18 d2.data.common]: Serializing 89 elements to byte tensors and concatenating them all ...
[08/08 16:26:18 d2.data.common]: Serialized dataset takes 0.07 MiB
[08/08 16:26:18 d2.evaluation.evaluator]: Start inference on 89 batches
[08/08 16:26:19 d2.evaluation.evaluator]: Inference done 11/89. Dataloading: 0.0006 s/iter. Inference: 0.0243 s/iter. Eval: 0.0004 s/iter. Total: 0.0253 s/iter. ETA=0:00:01
[08/08 16:26:21 d2.evaluation.evaluator]: Total inference time: 0:00:02.232577 (0.026578 s / iter per device, on 1 devices)
[08/08 16:26:21 d2.evaluation.evaluator]: Total inference pure compute time: 0:00:02 (0.024486 s / iter per device, on 1 devices)
[08/08 16:26:21 d2.evaluation.coco_evaluation]: Preparing results for COCO format ...
[08/08 16:26:21 d2.evaluation.coco_evaluation]: Saving results to ../../../../../models/rgb-testing/rerun-model-4-rgb/coco_instances_results.json
[08/08 16:26:21 d2.evaluation.coco_evaluation]: Evaluating predictions with official COCO API...
Loading and preparing results...
DONE (t=0.00s)
creating index...
index created!
Running per image evaluation...
Evaluate annotation type *bbox*
DONE (t=0.02s).
Accumulating evaluation results...
DONE (t=0.01s).
 Average Precision  (AP) @[ IoU=0.50:0.95 | area=   all | maxDets=100 ] = 0.766
 Average Precision  (AP) @[ IoU=0.50      | area=   all | maxDets=100 ] = 0.952
 Average Precision  (AP) @[ IoU=0.75      | area=   all | maxDets=100 ] = 0.922
 Average Precision  (AP) @[ IoU=0.50:0.95 | area= small | maxDets=100 ] = -1.000
 Average Precision  (AP) @[ IoU=0.50:0.95 | area=medium | maxDets=100 ] = 0.557
 Average Precision  (AP) @[ IoU=0.50:0.95 | area= large | maxDets=100 ] = 0.792
 Average Recall     (AR) @[ IoU=0.50:0.95 | area=   all | maxDets=  1 ] = 0.799
 Average Recall     (AR) @[ IoU=0.50:0.95 | area=   all | maxDets= 10 ] = 0.804
 Average Recall     (AR) @[ IoU=0.50:0.95 | area=   all | maxDets=100 ] = 0.804
 Average Recall     (AR) @[ IoU=0.50:0.95 | area= small | maxDets=100 ] = -1.000
 Average Recall     (AR) @[ IoU=0.50:0.95 | area=medium | maxDets=100 ] = 0.570
 Average Recall     (AR) @[ IoU=0.50:0.95 | area= large | maxDets=100 ] = 0.834
[08/08 16:26:21 d2.evaluation.coco_evaluation]: Evaluation results for bbox: 
|   AP   |  AP50  |  AP75  |  APs  |  APm   |  APl   |
|:------:|:------:|:------:|:-----:|:------:|:------:|
| 76.568 | 95.234 | 92.164 |  nan  | 55.668 | 79.226 |
[08/08 16:26:21 d2.evaluation.coco_evaluation]: Some metrics cannot be computed and is shown as NaN.
Loading and preparing results...
DONE (t=0.00s)
creating index...
index created!
Running per image evaluation...
Evaluate annotation type *segm*
DONE (t=0.02s).
Accumulating evaluation results...
DONE (t=0.01s).
 Average Precision  (AP) @[ IoU=0.50:0.95 | area=   all | maxDets=100 ] = 0.758
 Average Precision  (AP) @[ IoU=0.50      | area=   all | maxDets=100 ] = 0.952
 Average Precision  (AP) @[ IoU=0.75      | area=   all | maxDets=100 ] = 0.921
 Average Precision  (AP) @[ IoU=0.50:0.95 | area= small | maxDets=100 ] = -1.000
 Average Precision  (AP) @[ IoU=0.50:0.95 | area=medium | maxDets=100 ] = 0.565
 Average Precision  (AP) @[ IoU=0.50:0.95 | area= large | maxDets=100 ] = 0.783
 Average Recall     (AR) @[ IoU=0.50:0.95 | area=   all | maxDets=  1 ] = 0.788
 Average Recall     (AR) @[ IoU=0.50:0.95 | area=   all | maxDets= 10 ] = 0.794
 Average Recall     (AR) @[ IoU=0.50:0.95 | area=   all | maxDets=100 ] = 0.794
 Average Recall     (AR) @[ IoU=0.50:0.95 | area= small | maxDets=100 ] = -1.000
 Average Recall     (AR) @[ IoU=0.50:0.95 | area=medium | maxDets=100 ] = 0.570
 Average Recall     (AR) @[ IoU=0.50:0.95 | area= large | maxDets=100 ] = 0.823
[08/08 16:26:21 d2.evaluation.coco_evaluation]: Evaluation results for segm: 
|   AP   |  AP50  |  AP75  |  APs  |  APm   |  APl   |
|:------:|:------:|:------:|:-----:|:------:|:------:|
| 75.794 | 95.234 | 92.061 |  nan  | 56.502 | 78.267 |
[08/08 16:26:21 d2.evaluation.coco_evaluation]: Some metrics cannot be computed and is shown as NaN.
[Iter 2 AP] → mAP@[.5:.95] = 75.794
[08/08 16:26:22 d2.utils.events]:  eta: 0:02:13  iter: 3319  total_loss: 0.177  loss_cls: 0.01978  loss_box_reg: 0.04238  loss_mask: 0.1155  loss_rpn_cls: 2.79e-06  loss_rpn_loc: 0.001731    time: 0.0794  last_time: 0.0824  data_time: 0.0024  last_data_time: 0.0023   lr: 0.00025  max_mem: 1683M
[08/08 16:26:24 d2.utils.events]:  eta: 0:02:11  iter: 3339  total_loss: 0.171  loss_cls: 0.01781  loss_box_reg: 0.04221  loss_mask: 0.09891  loss_rpn_cls: 2.828e-05  loss_rpn_loc: 0.001659    time: 0.0794  last_time: 0.0798  data_time: 0.0025  last_data_time: 0.0024   lr: 0.00025  max_mem: 1683M
[08/08 16:26:26 d2.utils.events]:  eta: 0:02:10  iter: 3359  total_loss: 0.1545  loss_cls: 0.01561  loss_box_reg: 0.03681  loss_mask: 0.09926  loss_rpn_cls: 3.235e-06  loss_rpn_loc: 0.00169    time: 0.0795  last_time: 0.0798  data_time: 0.0025  last_data_time: 0.0025   lr: 0.00025  max_mem: 1683M
[08/08 16:26:27 d2.utils.events]:  eta: 0:02:08  iter: 3379  total_loss: 0.1548  loss_cls: 0.01415  loss_box_reg: 0.04023  loss_mask: 0.09604  loss_rpn_cls: 4.1e-06  loss_rpn_loc: 0.00194    time: 0.0795  last_time: 0.0749  data_time: 0.0025  last_data_time: 0.0023   lr: 0.00025  max_mem: 1683M
[08/08 16:26:29 d2.utils.events]:  eta: 0:02:06  iter: 3399  total_loss: 0.1532  loss_cls: 0.01588  loss_box_reg: 0.03789  loss_mask: 0.09604  loss_rpn_cls: 2.748e-06  loss_rpn_loc: 0.001812    time: 0.0795  last_time: 0.0735  data_time: 0.0024  last_data_time: 0.0023   lr: 0.00025  max_mem: 1683M
[08/08 16:26:29 d2.evaluation.coco_evaluation]: Fast COCO eval is not built. Falling back to official COCO eval.
[08/08 16:26:29 d2.data.datasets.coco]: Loaded 89 images in COCO format from /projects/PUCHALLA/LLP2024/tumor-segmentation/data/processed_data/rgb/test/images/test.json
[08/08 16:26:29 d2.data.dataset_mapper]: [DatasetMapper] Augmentations used in inference: [ResizeShortestEdge(short_edge_length=(800, 800), max_size=1333, sample_style='choice')]
[08/08 16:26:29 d2.data.common]: Serializing the dataset using: <class 'detectron2.data.common._TorchSerializedList'>
[08/08 16:26:29 d2.data.common]: Serializing 89 elements to byte tensors and concatenating them all ...
[08/08 16:26:29 d2.data.common]: Serialized dataset takes 0.07 MiB
[08/08 16:26:29 d2.evaluation.evaluator]: Start inference on 89 batches
[08/08 16:26:29 d2.evaluation.evaluator]: Inference done 11/89. Dataloading: 0.0006 s/iter. Inference: 0.0252 s/iter. Eval: 0.0004 s/iter. Total: 0.0261 s/iter. ETA=0:00:02
[08/08 16:26:31 d2.evaluation.evaluator]: Total inference time: 0:00:02.251423 (0.026803 s / iter per device, on 1 devices)
[08/08 16:26:31 d2.evaluation.evaluator]: Total inference pure compute time: 0:00:02 (0.024685 s / iter per device, on 1 devices)
[08/08 16:26:31 d2.evaluation.coco_evaluation]: Preparing results for COCO format ...
[08/08 16:26:31 d2.evaluation.coco_evaluation]: Saving results to ../../../../../models/rgb-testing/rerun-model-4-rgb/coco_instances_results.json
[08/08 16:26:31 d2.evaluation.coco_evaluation]: Evaluating predictions with official COCO API...
Loading and preparing results...
DONE (t=0.00s)
creating index...
index created!
Running per image evaluation...
Evaluate annotation type *bbox*
DONE (t=0.02s).
Accumulating evaluation results...
DONE (t=0.01s).
 Average Precision  (AP) @[ IoU=0.50:0.95 | area=   all | maxDets=100 ] = 0.737
 Average Precision  (AP) @[ IoU=0.50      | area=   all | maxDets=100 ] = 0.953
 Average Precision  (AP) @[ IoU=0.75      | area=   all | maxDets=100 ] = 0.903
 Average Precision  (AP) @[ IoU=0.50:0.95 | area= small | maxDets=100 ] = -1.000
 Average Precision  (AP) @[ IoU=0.50:0.95 | area=medium | maxDets=100 ] = 0.551
 Average Precision  (AP) @[ IoU=0.50:0.95 | area= large | maxDets=100 ] = 0.759
 Average Recall     (AR) @[ IoU=0.50:0.95 | area=   all | maxDets=  1 ] = 0.771
 Average Recall     (AR) @[ IoU=0.50:0.95 | area=   all | maxDets= 10 ] = 0.776
 Average Recall     (AR) @[ IoU=0.50:0.95 | area=   all | maxDets=100 ] = 0.776
 Average Recall     (AR) @[ IoU=0.50:0.95 | area= small | maxDets=100 ] = -1.000
 Average Recall     (AR) @[ IoU=0.50:0.95 | area=medium | maxDets=100 ] = 0.580
 Average Recall     (AR) @[ IoU=0.50:0.95 | area= large | maxDets=100 ] = 0.801
[08/08 16:26:31 d2.evaluation.coco_evaluation]: Evaluation results for bbox: 
|   AP   |  AP50  |  AP75  |  APs  |  APm   |  APl   |
|:------:|:------:|:------:|:-----:|:------:|:------:|
| 73.749 | 95.271 | 90.272 |  nan  | 55.140 | 75.887 |
[08/08 16:26:31 d2.evaluation.coco_evaluation]: Some metrics cannot be computed and is shown as NaN.
Loading and preparing results...
DONE (t=0.00s)
creating index...
index created!
Running per image evaluation...
Evaluate annotation type *segm*
DONE (t=0.02s).
Accumulating evaluation results...
DONE (t=0.01s).
 Average Precision  (AP) @[ IoU=0.50:0.95 | area=   all | maxDets=100 ] = 0.736
 Average Precision  (AP) @[ IoU=0.50      | area=   all | maxDets=100 ] = 0.943
 Average Precision  (AP) @[ IoU=0.75      | area=   all | maxDets=100 ] = 0.882
 Average Precision  (AP) @[ IoU=0.50:0.95 | area= small | maxDets=100 ] = -1.000
 Average Precision  (AP) @[ IoU=0.50:0.95 | area=medium | maxDets=100 ] = 0.555
 Average Precision  (AP) @[ IoU=0.50:0.95 | area= large | maxDets=100 ] = 0.757
 Average Recall     (AR) @[ IoU=0.50:0.95 | area=   all | maxDets=  1 ] = 0.765
 Average Recall     (AR) @[ IoU=0.50:0.95 | area=   all | maxDets= 10 ] = 0.770
 Average Recall     (AR) @[ IoU=0.50:0.95 | area=   all | maxDets=100 ] = 0.770
 Average Recall     (AR) @[ IoU=0.50:0.95 | area= small | maxDets=100 ] = -1.000
 Average Recall     (AR) @[ IoU=0.50:0.95 | area=medium | maxDets=100 ] = 0.580
 Average Recall     (AR) @[ IoU=0.50:0.95 | area= large | maxDets=100 ] = 0.794
[08/08 16:26:31 d2.evaluation.coco_evaluation]: Evaluation results for segm: 
|   AP   |  AP50  |  AP75  |  APs  |  APm   |  APl   |
|:------:|:------:|:------:|:-----:|:------:|:------:|
| 73.588 | 94.270 | 88.204 |  nan  | 55.509 | 75.674 |
[08/08 16:26:31 d2.evaluation.coco_evaluation]: Some metrics cannot be computed and is shown as NaN.
[Iter 2 AP] → mAP@[.5:.95] = 73.588
[08/08 16:26:33 d2.utils.events]:  eta: 0:02:05  iter: 3419  total_loss: 0.1418  loss_cls: 0.01201  loss_box_reg: 0.03557  loss_mask: 0.08992  loss_rpn_cls: 8.358e-06  loss_rpn_loc: 0.00188    time: 0.0795  last_time: 0.0818  data_time: 0.0025  last_data_time: 0.0025   lr: 0.00025  max_mem: 1683M
[08/08 16:26:34 d2.utils.events]:  eta: 0:02:03  iter: 3439  total_loss: 0.1559  loss_cls: 0.01545  loss_box_reg: 0.03891  loss_mask: 0.103  loss_rpn_cls: 8.454e-06  loss_rpn_loc: 0.002104    time: 0.0795  last_time: 0.0741  data_time: 0.0025  last_data_time: 0.0024   lr: 0.00025  max_mem: 1683M
[08/08 16:26:36 d2.utils.events]:  eta: 0:02:02  iter: 3459  total_loss: 0.1385  loss_cls: 0.01339  loss_box_reg: 0.03274  loss_mask: 0.09346  loss_rpn_cls: 2.095e-06  loss_rpn_loc: 0.001975    time: 0.0795  last_time: 0.0775  data_time: 0.0024  last_data_time: 0.0021   lr: 0.00025  max_mem: 1683M
[08/08 16:26:38 d2.utils.events]:  eta: 0:02:00  iter: 3479  total_loss: 0.1861  loss_cls: 0.01847  loss_box_reg: 0.049  loss_mask: 0.1145  loss_rpn_cls: 3.947e-05  loss_rpn_loc: 0.002193    time: 0.0795  last_time: 0.0835  data_time: 0.0024  last_data_time: 0.0025   lr: 0.00025  max_mem: 1683M
[08/08 16:26:39 d2.utils.events]:  eta: 0:01:58  iter: 3499  total_loss: 0.1725  loss_cls: 0.01498  loss_box_reg: 0.03908  loss_mask: 0.1122  loss_rpn_cls: 1.524e-05  loss_rpn_loc: 0.002175    time: 0.0794  last_time: 0.0829  data_time: 0.0024  last_data_time: 0.0021   lr: 0.00025  max_mem: 1683M
[08/08 16:26:39 d2.evaluation.coco_evaluation]: Fast COCO eval is not built. Falling back to official COCO eval.
[08/08 16:26:39 d2.data.datasets.coco]: Loaded 89 images in COCO format from /projects/PUCHALLA/LLP2024/tumor-segmentation/data/processed_data/rgb/test/images/test.json
[08/08 16:26:39 d2.data.dataset_mapper]: [DatasetMapper] Augmentations used in inference: [ResizeShortestEdge(short_edge_length=(800, 800), max_size=1333, sample_style='choice')]
[08/08 16:26:39 d2.data.common]: Serializing the dataset using: <class 'detectron2.data.common._TorchSerializedList'>
[08/08 16:26:39 d2.data.common]: Serializing 89 elements to byte tensors and concatenating them all ...
[08/08 16:26:39 d2.data.common]: Serialized dataset takes 0.07 MiB
[08/08 16:26:39 d2.evaluation.evaluator]: Start inference on 89 batches
[08/08 16:26:40 d2.evaluation.evaluator]: Inference done 11/89. Dataloading: 0.0006 s/iter. Inference: 0.0244 s/iter. Eval: 0.0004 s/iter. Total: 0.0254 s/iter. ETA=0:00:01
[08/08 16:26:42 d2.evaluation.evaluator]: Total inference time: 0:00:02.235782 (0.026616 s / iter per device, on 1 devices)
[08/08 16:26:42 d2.evaluation.evaluator]: Total inference pure compute time: 0:00:02 (0.024513 s / iter per device, on 1 devices)
[08/08 16:26:42 d2.evaluation.coco_evaluation]: Preparing results for COCO format ...
[08/08 16:26:42 d2.evaluation.coco_evaluation]: Saving results to ../../../../../models/rgb-testing/rerun-model-4-rgb/coco_instances_results.json
[08/08 16:26:42 d2.evaluation.coco_evaluation]: Evaluating predictions with official COCO API...
Loading and preparing results...
DONE (t=0.00s)
creating index...
index created!
Running per image evaluation...
Evaluate annotation type *bbox*
DONE (t=0.02s).
Accumulating evaluation results...
DONE (t=0.01s).
 Average Precision  (AP) @[ IoU=0.50:0.95 | area=   all | maxDets=100 ] = 0.722
 Average Precision  (AP) @[ IoU=0.50      | area=   all | maxDets=100 ] = 0.942
 Average Precision  (AP) @[ IoU=0.75      | area=   all | maxDets=100 ] = 0.901
 Average Precision  (AP) @[ IoU=0.50:0.95 | area= small | maxDets=100 ] = -1.000
 Average Precision  (AP) @[ IoU=0.50:0.95 | area=medium | maxDets=100 ] = 0.572
 Average Precision  (AP) @[ IoU=0.50:0.95 | area= large | maxDets=100 ] = 0.739
 Average Recall     (AR) @[ IoU=0.50:0.95 | area=   all | maxDets=  1 ] = 0.769
 Average Recall     (AR) @[ IoU=0.50:0.95 | area=   all | maxDets= 10 ] = 0.772
 Average Recall     (AR) @[ IoU=0.50:0.95 | area=   all | maxDets=100 ] = 0.772
 Average Recall     (AR) @[ IoU=0.50:0.95 | area= small | maxDets=100 ] = -1.000
 Average Recall     (AR) @[ IoU=0.50:0.95 | area=medium | maxDets=100 ] = 0.590
 Average Recall     (AR) @[ IoU=0.50:0.95 | area= large | maxDets=100 ] = 0.795
[08/08 16:26:42 d2.evaluation.coco_evaluation]: Evaluation results for bbox: 
|   AP   |  AP50  |  AP75  |  APs  |  APm   |  APl   |
|:------:|:------:|:------:|:-----:|:------:|:------:|
| 72.172 | 94.185 | 90.077 |  nan  | 57.153 | 73.941 |
[08/08 16:26:42 d2.evaluation.coco_evaluation]: Some metrics cannot be computed and is shown as NaN.
Loading and preparing results...
DONE (t=0.00s)
creating index...
index created!
Running per image evaluation...
Evaluate annotation type *segm*
DONE (t=0.02s).
Accumulating evaluation results...
DONE (t=0.01s).
 Average Precision  (AP) @[ IoU=0.50:0.95 | area=   all | maxDets=100 ] = 0.740
 Average Precision  (AP) @[ IoU=0.50      | area=   all | maxDets=100 ] = 0.942
 Average Precision  (AP) @[ IoU=0.75      | area=   all | maxDets=100 ] = 0.901
 Average Precision  (AP) @[ IoU=0.50:0.95 | area= small | maxDets=100 ] = -1.000
 Average Precision  (AP) @[ IoU=0.50:0.95 | area=medium | maxDets=100 ] = 0.577
 Average Precision  (AP) @[ IoU=0.50:0.95 | area= large | maxDets=100 ] = 0.760
 Average Recall     (AR) @[ IoU=0.50:0.95 | area=   all | maxDets=  1 ] = 0.773
 Average Recall     (AR) @[ IoU=0.50:0.95 | area=   all | maxDets= 10 ] = 0.776
 Average Recall     (AR) @[ IoU=0.50:0.95 | area=   all | maxDets=100 ] = 0.776
 Average Recall     (AR) @[ IoU=0.50:0.95 | area= small | maxDets=100 ] = -1.000
 Average Recall     (AR) @[ IoU=0.50:0.95 | area=medium | maxDets=100 ] = 0.590
 Average Recall     (AR) @[ IoU=0.50:0.95 | area= large | maxDets=100 ] = 0.800
[08/08 16:26:42 d2.evaluation.coco_evaluation]: Evaluation results for segm: 
|   AP   |  AP50  |  AP75  |  APs  |  APm   |  APl   |
|:------:|:------:|:------:|:-----:|:------:|:------:|
| 73.959 | 94.185 | 90.054 |  nan  | 57.723 | 75.967 |
[08/08 16:26:42 d2.evaluation.coco_evaluation]: Some metrics cannot be computed and is shown as NaN.
[Iter 2 AP] → mAP@[.5:.95] = 73.959
[08/08 16:26:43 d2.utils.events]:  eta: 0:01:57  iter: 3519  total_loss: 0.1559  loss_cls: 0.01806  loss_box_reg: 0.03846  loss_mask: 0.1042  loss_rpn_cls: 5.578e-06  loss_rpn_loc: 0.002043    time: 0.0794  last_time: 0.0753  data_time: 0.0024  last_data_time: 0.0021   lr: 0.00025  max_mem: 1683M
[08/08 16:26:45 d2.utils.events]:  eta: 0:01:55  iter: 3539  total_loss: 0.1442  loss_cls: 0.01397  loss_box_reg: 0.03654  loss_mask: 0.09071  loss_rpn_cls: 2.566e-05  loss_rpn_loc: 0.002194    time: 0.0794  last_time: 0.0821  data_time: 0.0025  last_data_time: 0.0025   lr: 0.00025  max_mem: 1683M
[08/08 16:26:47 d2.utils.events]:  eta: 0:01:54  iter: 3559  total_loss: 0.1495  loss_cls: 0.01494  loss_box_reg: 0.03617  loss_mask: 0.09952  loss_rpn_cls: 4.042e-06  loss_rpn_loc: 0.002164    time: 0.0795  last_time: 0.0805  data_time: 0.0025  last_data_time: 0.0021   lr: 0.00025  max_mem: 1683M
[08/08 16:26:48 d2.utils.events]:  eta: 0:01:52  iter: 3579  total_loss: 0.1535  loss_cls: 0.01602  loss_box_reg: 0.03548  loss_mask: 0.09655  loss_rpn_cls: 3.433e-06  loss_rpn_loc: 0.001609    time: 0.0794  last_time: 0.0835  data_time: 0.0025  last_data_time: 0.0024   lr: 0.00025  max_mem: 1683M
[08/08 16:26:50 d2.utils.events]:  eta: 0:01:50  iter: 3599  total_loss: 0.1496  loss_cls: 0.01195  loss_box_reg: 0.03545  loss_mask: 0.1043  loss_rpn_cls: 1.953e-05  loss_rpn_loc: 0.001731    time: 0.0794  last_time: 0.0769  data_time: 0.0024  last_data_time: 0.0022   lr: 0.00025  max_mem: 1683M
[08/08 16:26:50 d2.evaluation.coco_evaluation]: Fast COCO eval is not built. Falling back to official COCO eval.
[08/08 16:26:50 d2.data.datasets.coco]: Loaded 89 images in COCO format from /projects/PUCHALLA/LLP2024/tumor-segmentation/data/processed_data/rgb/test/images/test.json
[08/08 16:26:50 d2.data.dataset_mapper]: [DatasetMapper] Augmentations used in inference: [ResizeShortestEdge(short_edge_length=(800, 800), max_size=1333, sample_style='choice')]
[08/08 16:26:50 d2.data.common]: Serializing the dataset using: <class 'detectron2.data.common._TorchSerializedList'>
[08/08 16:26:50 d2.data.common]: Serializing 89 elements to byte tensors and concatenating them all ...
[08/08 16:26:50 d2.data.common]: Serialized dataset takes 0.07 MiB
[08/08 16:26:50 d2.evaluation.evaluator]: Start inference on 89 batches
[08/08 16:26:50 d2.evaluation.evaluator]: Inference done 11/89. Dataloading: 0.0007 s/iter. Inference: 0.0246 s/iter. Eval: 0.0004 s/iter. Total: 0.0256 s/iter. ETA=0:00:01
[08/08 16:26:52 d2.evaluation.evaluator]: Total inference time: 0:00:02.231080 (0.026560 s / iter per device, on 1 devices)
[08/08 16:26:52 d2.evaluation.evaluator]: Total inference pure compute time: 0:00:02 (0.024431 s / iter per device, on 1 devices)
[08/08 16:26:52 d2.evaluation.coco_evaluation]: Preparing results for COCO format ...
[08/08 16:26:52 d2.evaluation.coco_evaluation]: Saving results to ../../../../../models/rgb-testing/rerun-model-4-rgb/coco_instances_results.json
[08/08 16:26:52 d2.evaluation.coco_evaluation]: Evaluating predictions with official COCO API...
Loading and preparing results...
DONE (t=0.00s)
creating index...
index created!
Running per image evaluation...
Evaluate annotation type *bbox*
DONE (t=0.02s).
Accumulating evaluation results...
DONE (t=0.01s).
 Average Precision  (AP) @[ IoU=0.50:0.95 | area=   all | maxDets=100 ] = 0.722
 Average Precision  (AP) @[ IoU=0.50      | area=   all | maxDets=100 ] = 0.942
 Average Precision  (AP) @[ IoU=0.75      | area=   all | maxDets=100 ] = 0.911
 Average Precision  (AP) @[ IoU=0.50:0.95 | area= small | maxDets=100 ] = -1.000
 Average Precision  (AP) @[ IoU=0.50:0.95 | area=medium | maxDets=100 ] = 0.556
 Average Precision  (AP) @[ IoU=0.50:0.95 | area= large | maxDets=100 ] = 0.740
 Average Recall     (AR) @[ IoU=0.50:0.95 | area=   all | maxDets=  1 ] = 0.763
 Average Recall     (AR) @[ IoU=0.50:0.95 | area=   all | maxDets= 10 ] = 0.766
 Average Recall     (AR) @[ IoU=0.50:0.95 | area=   all | maxDets=100 ] = 0.766
 Average Recall     (AR) @[ IoU=0.50:0.95 | area= small | maxDets=100 ] = -1.000
 Average Recall     (AR) @[ IoU=0.50:0.95 | area=medium | maxDets=100 ] = 0.580
 Average Recall     (AR) @[ IoU=0.50:0.95 | area= large | maxDets=100 ] = 0.790
[08/08 16:26:52 d2.evaluation.coco_evaluation]: Evaluation results for bbox: 
|   AP   |  AP50  |  AP75  |  APs  |  APm   |  APl   |
|:------:|:------:|:------:|:-----:|:------:|:------:|
| 72.181 | 94.226 | 91.107 |  nan  | 55.638 | 73.960 |
[08/08 16:26:52 d2.evaluation.coco_evaluation]: Some metrics cannot be computed and is shown as NaN.
Loading and preparing results...
DONE (t=0.00s)
creating index...
index created!
Running per image evaluation...
Evaluate annotation type *segm*
DONE (t=0.02s).
Accumulating evaluation results...
DONE (t=0.01s).
 Average Precision  (AP) @[ IoU=0.50:0.95 | area=   all | maxDets=100 ] = 0.732
 Average Precision  (AP) @[ IoU=0.50      | area=   all | maxDets=100 ] = 0.942
 Average Precision  (AP) @[ IoU=0.75      | area=   all | maxDets=100 ] = 0.899
 Average Precision  (AP) @[ IoU=0.50:0.95 | area= small | maxDets=100 ] = -1.000
 Average Precision  (AP) @[ IoU=0.50:0.95 | area=medium | maxDets=100 ] = 0.568
 Average Precision  (AP) @[ IoU=0.50:0.95 | area= large | maxDets=100 ] = 0.750
 Average Recall     (AR) @[ IoU=0.50:0.95 | area=   all | maxDets=  1 ] = 0.771
 Average Recall     (AR) @[ IoU=0.50:0.95 | area=   all | maxDets= 10 ] = 0.773
 Average Recall     (AR) @[ IoU=0.50:0.95 | area=   all | maxDets=100 ] = 0.773
 Average Recall     (AR) @[ IoU=0.50:0.95 | area= small | maxDets=100 ] = -1.000
 Average Recall     (AR) @[ IoU=0.50:0.95 | area=medium | maxDets=100 ] = 0.600
 Average Recall     (AR) @[ IoU=0.50:0.95 | area= large | maxDets=100 ] = 0.795
[08/08 16:26:52 d2.evaluation.coco_evaluation]: Evaluation results for segm: 
|   AP   |  AP50  |  AP75  |  APs  |  APm   |  APl   |
|:------:|:------:|:------:|:-----:|:------:|:------:|
| 73.174 | 94.226 | 89.938 |  nan  | 56.777 | 75.032 |
[08/08 16:26:52 d2.evaluation.coco_evaluation]: Some metrics cannot be computed and is shown as NaN.
[Iter 2 AP] → mAP@[.5:.95] = 73.174
[08/08 16:26:54 d2.utils.events]:  eta: 0:01:49  iter: 3619  total_loss: 0.1482  loss_cls: 0.01704  loss_box_reg: 0.03654  loss_mask: 0.09631  loss_rpn_cls: 3.373e-06  loss_rpn_loc: 0.001777    time: 0.0795  last_time: 0.0792  data_time: 0.0025  last_data_time: 0.0022   lr: 0.00025  max_mem: 1683M
[08/08 16:26:56 d2.utils.events]:  eta: 0:01:47  iter: 3639  total_loss: 0.1525  loss_cls: 0.01341  loss_box_reg: 0.03636  loss_mask: 0.102  loss_rpn_cls: 6.294e-06  loss_rpn_loc: 0.002322    time: 0.0795  last_time: 0.0833  data_time: 0.0025  last_data_time: 0.0026   lr: 0.00025  max_mem: 1683M
[08/08 16:26:57 d2.utils.events]:  eta: 0:01:46  iter: 3659  total_loss: 0.1446  loss_cls: 0.01697  loss_box_reg: 0.03809  loss_mask: 0.08913  loss_rpn_cls: 1.149e-05  loss_rpn_loc: 0.002115    time: 0.0795  last_time: 0.0782  data_time: 0.0024  last_data_time: 0.0021   lr: 0.00025  max_mem: 1683M
[08/08 16:26:59 d2.utils.events]:  eta: 0:01:44  iter: 3679  total_loss: 0.165  loss_cls: 0.0174  loss_box_reg: 0.04659  loss_mask: 0.1012  loss_rpn_cls: 5.173e-06  loss_rpn_loc: 0.00219    time: 0.0795  last_time: 0.0790  data_time: 0.0026  last_data_time: 0.0024   lr: 0.00025  max_mem: 1683M
[08/08 16:27:00 d2.utils.events]:  eta: 0:01:43  iter: 3699  total_loss: 0.1686  loss_cls: 0.01635  loss_box_reg: 0.04015  loss_mask: 0.106  loss_rpn_cls: 4.257e-05  loss_rpn_loc: 0.002255    time: 0.0795  last_time: 0.0810  data_time: 0.0023  last_data_time: 0.0025   lr: 0.00025  max_mem: 1683M
[08/08 16:27:00 d2.evaluation.coco_evaluation]: Fast COCO eval is not built. Falling back to official COCO eval.
[08/08 16:27:00 d2.data.datasets.coco]: Loaded 89 images in COCO format from /projects/PUCHALLA/LLP2024/tumor-segmentation/data/processed_data/rgb/test/images/test.json
[08/08 16:27:00 d2.data.dataset_mapper]: [DatasetMapper] Augmentations used in inference: [ResizeShortestEdge(short_edge_length=(800, 800), max_size=1333, sample_style='choice')]
[08/08 16:27:00 d2.data.common]: Serializing the dataset using: <class 'detectron2.data.common._TorchSerializedList'>
[08/08 16:27:00 d2.data.common]: Serializing 89 elements to byte tensors and concatenating them all ...
[08/08 16:27:00 d2.data.common]: Serialized dataset takes 0.07 MiB
[08/08 16:27:00 d2.evaluation.evaluator]: Start inference on 89 batches
[08/08 16:27:01 d2.evaluation.evaluator]: Inference done 11/89. Dataloading: 0.0006 s/iter. Inference: 0.0248 s/iter. Eval: 0.0004 s/iter. Total: 0.0258 s/iter. ETA=0:00:02
[08/08 16:27:03 d2.evaluation.evaluator]: Total inference time: 0:00:02.242351 (0.026695 s / iter per device, on 1 devices)
[08/08 16:27:03 d2.evaluation.evaluator]: Total inference pure compute time: 0:00:02 (0.024588 s / iter per device, on 1 devices)
[08/08 16:27:03 d2.evaluation.coco_evaluation]: Preparing results for COCO format ...
[08/08 16:27:03 d2.evaluation.coco_evaluation]: Saving results to ../../../../../models/rgb-testing/rerun-model-4-rgb/coco_instances_results.json
[08/08 16:27:03 d2.evaluation.coco_evaluation]: Evaluating predictions with official COCO API...
Loading and preparing results...
DONE (t=0.00s)
creating index...
index created!
Running per image evaluation...
Evaluate annotation type *bbox*
DONE (t=0.01s).
Accumulating evaluation results...
DONE (t=0.01s).
 Average Precision  (AP) @[ IoU=0.50:0.95 | area=   all | maxDets=100 ] = 0.733
 Average Precision  (AP) @[ IoU=0.50      | area=   all | maxDets=100 ] = 0.953
 Average Precision  (AP) @[ IoU=0.75      | area=   all | maxDets=100 ] = 0.911
 Average Precision  (AP) @[ IoU=0.50:0.95 | area= small | maxDets=100 ] = -1.000
 Average Precision  (AP) @[ IoU=0.50:0.95 | area=medium | maxDets=100 ] = 0.547
 Average Precision  (AP) @[ IoU=0.50:0.95 | area= large | maxDets=100 ] = 0.755
 Average Recall     (AR) @[ IoU=0.50:0.95 | area=   all | maxDets=  1 ] = 0.775
 Average Recall     (AR) @[ IoU=0.50:0.95 | area=   all | maxDets= 10 ] = 0.779
 Average Recall     (AR) @[ IoU=0.50:0.95 | area=   all | maxDets=100 ] = 0.779
 Average Recall     (AR) @[ IoU=0.50:0.95 | area= small | maxDets=100 ] = -1.000
 Average Recall     (AR) @[ IoU=0.50:0.95 | area=medium | maxDets=100 ] = 0.580
 Average Recall     (AR) @[ IoU=0.50:0.95 | area= large | maxDets=100 ] = 0.804
[08/08 16:27:03 d2.evaluation.coco_evaluation]: Evaluation results for bbox: 
|   AP   |  AP50  |  AP75  |  APs  |  APm   |  APl   |
|:------:|:------:|:------:|:-----:|:------:|:------:|
| 73.341 | 95.258 | 91.117 |  nan  | 54.678 | 75.492 |
[08/08 16:27:03 d2.evaluation.coco_evaluation]: Some metrics cannot be computed and is shown as NaN.
Loading and preparing results...
DONE (t=0.00s)
creating index...
index created!
Running per image evaluation...
Evaluate annotation type *segm*
DONE (t=0.02s).
Accumulating evaluation results...
DONE (t=0.01s).
 Average Precision  (AP) @[ IoU=0.50:0.95 | area=   all | maxDets=100 ] = 0.748
 Average Precision  (AP) @[ IoU=0.50      | area=   all | maxDets=100 ] = 0.943
 Average Precision  (AP) @[ IoU=0.75      | area=   all | maxDets=100 ] = 0.900
 Average Precision  (AP) @[ IoU=0.50:0.95 | area= small | maxDets=100 ] = -1.000
 Average Precision  (AP) @[ IoU=0.50:0.95 | area=medium | maxDets=100 ] = 0.554
 Average Precision  (AP) @[ IoU=0.50:0.95 | area= large | maxDets=100 ] = 0.770
 Average Recall     (AR) @[ IoU=0.50:0.95 | area=   all | maxDets=  1 ] = 0.779
 Average Recall     (AR) @[ IoU=0.50:0.95 | area=   all | maxDets= 10 ] = 0.782
 Average Recall     (AR) @[ IoU=0.50:0.95 | area=   all | maxDets=100 ] = 0.782
 Average Recall     (AR) @[ IoU=0.50:0.95 | area= small | maxDets=100 ] = -1.000
 Average Recall     (AR) @[ IoU=0.50:0.95 | area=medium | maxDets=100 ] = 0.590
 Average Recall     (AR) @[ IoU=0.50:0.95 | area= large | maxDets=100 ] = 0.806
[08/08 16:27:03 d2.evaluation.coco_evaluation]: Evaluation results for segm: 
|   AP   |  AP50  |  AP75  |  APs  |  APm   |  APl   |
|:------:|:------:|:------:|:-----:|:------:|:------:|
| 74.808 | 94.256 | 89.990 |  nan  | 55.388 | 76.951 |
[08/08 16:27:03 d2.evaluation.coco_evaluation]: Some metrics cannot be computed and is shown as NaN.
[Iter 2 AP] → mAP@[.5:.95] = 74.808
[08/08 16:27:05 d2.utils.events]:  eta: 0:01:41  iter: 3719  total_loss: 0.163  loss_cls: 0.01694  loss_box_reg: 0.03544  loss_mask: 0.1  loss_rpn_cls: 2.748e-06  loss_rpn_loc: 0.001789    time: 0.0795  last_time: 0.0753  data_time: 0.0024  last_data_time: 0.0025   lr: 0.00025  max_mem: 1683M
[08/08 16:27:06 d2.utils.events]:  eta: 0:01:39  iter: 3739  total_loss: 0.1637  loss_cls: 0.0179  loss_box_reg: 0.04175  loss_mask: 0.1008  loss_rpn_cls: 7.54e-06  loss_rpn_loc: 0.00206    time: 0.0795  last_time: 0.0794  data_time: 0.0025  last_data_time: 0.0025   lr: 0.00025  max_mem: 1683M
[08/08 16:27:08 d2.utils.events]:  eta: 0:01:38  iter: 3759  total_loss: 0.1426  loss_cls: 0.01524  loss_box_reg: 0.0335  loss_mask: 0.09174  loss_rpn_cls: 1.336e-05  loss_rpn_loc: 0.001842    time: 0.0795  last_time: 0.0789  data_time: 0.0025  last_data_time: 0.0025   lr: 0.00025  max_mem: 1683M
[08/08 16:27:09 d2.utils.events]:  eta: 0:01:36  iter: 3779  total_loss: 0.1461  loss_cls: 0.01451  loss_box_reg: 0.03651  loss_mask: 0.09741  loss_rpn_cls: 4.307e-06  loss_rpn_loc: 0.001774    time: 0.0795  last_time: 0.0752  data_time: 0.0025  last_data_time: 0.0024   lr: 0.00025  max_mem: 1683M
[08/08 16:27:11 d2.utils.events]:  eta: 0:01:35  iter: 3799  total_loss: 0.1518  loss_cls: 0.01623  loss_box_reg: 0.03869  loss_mask: 0.09167  loss_rpn_cls: 5.892e-06  loss_rpn_loc: 0.002107    time: 0.0795  last_time: 0.0826  data_time: 0.0024  last_data_time: 0.0025   lr: 0.00025  max_mem: 1683M
[08/08 16:27:11 d2.evaluation.coco_evaluation]: Fast COCO eval is not built. Falling back to official COCO eval.
[08/08 16:27:11 d2.data.datasets.coco]: Loaded 89 images in COCO format from /projects/PUCHALLA/LLP2024/tumor-segmentation/data/processed_data/rgb/test/images/test.json
[08/08 16:27:11 d2.data.dataset_mapper]: [DatasetMapper] Augmentations used in inference: [ResizeShortestEdge(short_edge_length=(800, 800), max_size=1333, sample_style='choice')]
[08/08 16:27:11 d2.data.common]: Serializing the dataset using: <class 'detectron2.data.common._TorchSerializedList'>
[08/08 16:27:11 d2.data.common]: Serializing 89 elements to byte tensors and concatenating them all ...
[08/08 16:27:11 d2.data.common]: Serialized dataset takes 0.07 MiB
[08/08 16:27:11 d2.evaluation.evaluator]: Start inference on 89 batches
[08/08 16:27:12 d2.evaluation.evaluator]: Inference done 11/89. Dataloading: 0.0006 s/iter. Inference: 0.0258 s/iter. Eval: 0.0004 s/iter. Total: 0.0268 s/iter. ETA=0:00:02
[08/08 16:27:14 d2.evaluation.evaluator]: Total inference time: 0:00:02.268194 (0.027002 s / iter per device, on 1 devices)
[08/08 16:27:14 d2.evaluation.evaluator]: Total inference pure compute time: 0:00:02 (0.024875 s / iter per device, on 1 devices)
[08/08 16:27:14 d2.evaluation.coco_evaluation]: Preparing results for COCO format ...
[08/08 16:27:14 d2.evaluation.coco_evaluation]: Saving results to ../../../../../models/rgb-testing/rerun-model-4-rgb/coco_instances_results.json
[08/08 16:27:14 d2.evaluation.coco_evaluation]: Evaluating predictions with official COCO API...
Loading and preparing results...
DONE (t=0.00s)
creating index...
index created!
Running per image evaluation...
Evaluate annotation type *bbox*
DONE (t=0.02s).
Accumulating evaluation results...
DONE (t=0.01s).
 Average Precision  (AP) @[ IoU=0.50:0.95 | area=   all | maxDets=100 ] = 0.737
 Average Precision  (AP) @[ IoU=0.50      | area=   all | maxDets=100 ] = 0.953
 Average Precision  (AP) @[ IoU=0.75      | area=   all | maxDets=100 ] = 0.913
 Average Precision  (AP) @[ IoU=0.50:0.95 | area= small | maxDets=100 ] = -1.000
 Average Precision  (AP) @[ IoU=0.50:0.95 | area=medium | maxDets=100 ] = 0.549
 Average Precision  (AP) @[ IoU=0.50:0.95 | area= large | maxDets=100 ] = 0.758
 Average Recall     (AR) @[ IoU=0.50:0.95 | area=   all | maxDets=  1 ] = 0.780
 Average Recall     (AR) @[ IoU=0.50:0.95 | area=   all | maxDets= 10 ] = 0.783
 Average Recall     (AR) @[ IoU=0.50:0.95 | area=   all | maxDets=100 ] = 0.783
 Average Recall     (AR) @[ IoU=0.50:0.95 | area= small | maxDets=100 ] = -1.000
 Average Recall     (AR) @[ IoU=0.50:0.95 | area=medium | maxDets=100 ] = 0.580
 Average Recall     (AR) @[ IoU=0.50:0.95 | area= large | maxDets=100 ] = 0.809
[08/08 16:27:14 d2.evaluation.coco_evaluation]: Evaluation results for bbox: 
|   AP   |  AP50  |  AP75  |  APs  |  APm   |  APl   |
|:------:|:------:|:------:|:-----:|:------:|:------:|
| 73.666 | 95.275 | 91.299 |  nan  | 54.926 | 75.791 |
[08/08 16:27:14 d2.evaluation.coco_evaluation]: Some metrics cannot be computed and is shown as NaN.
Loading and preparing results...
DONE (t=0.00s)
creating index...
index created!
Running per image evaluation...
Evaluate annotation type *segm*
DONE (t=0.02s).
Accumulating evaluation results...
DONE (t=0.01s).
 Average Precision  (AP) @[ IoU=0.50:0.95 | area=   all | maxDets=100 ] = 0.753
 Average Precision  (AP) @[ IoU=0.50      | area=   all | maxDets=100 ] = 0.953
 Average Precision  (AP) @[ IoU=0.75      | area=   all | maxDets=100 ] = 0.902
 Average Precision  (AP) @[ IoU=0.50:0.95 | area= small | maxDets=100 ] = -1.000
 Average Precision  (AP) @[ IoU=0.50:0.95 | area=medium | maxDets=100 ] = 0.553
 Average Precision  (AP) @[ IoU=0.50:0.95 | area= large | maxDets=100 ] = 0.774
 Average Recall     (AR) @[ IoU=0.50:0.95 | area=   all | maxDets=  1 ] = 0.783
 Average Recall     (AR) @[ IoU=0.50:0.95 | area=   all | maxDets= 10 ] = 0.787
 Average Recall     (AR) @[ IoU=0.50:0.95 | area=   all | maxDets=100 ] = 0.787
 Average Recall     (AR) @[ IoU=0.50:0.95 | area= small | maxDets=100 ] = -1.000
 Average Recall     (AR) @[ IoU=0.50:0.95 | area=medium | maxDets=100 ] = 0.580
 Average Recall     (AR) @[ IoU=0.50:0.95 | area= large | maxDets=100 ] = 0.813
[08/08 16:27:14 d2.evaluation.coco_evaluation]: Evaluation results for segm: 
|   AP   |  AP50  |  AP75  |  APs  |  APm   |  APl   |
|:------:|:------:|:------:|:-----:|:------:|:------:|
| 75.291 | 95.275 | 90.175 |  nan  | 55.347 | 77.423 |
[08/08 16:27:14 d2.evaluation.coco_evaluation]: Some metrics cannot be computed and is shown as NaN.
[Iter 2 AP] → mAP@[.5:.95] = 75.291
[08/08 16:27:15 d2.utils.events]:  eta: 0:01:33  iter: 3819  total_loss: 0.1562  loss_cls: 0.01452  loss_box_reg: 0.0375  loss_mask: 0.09983  loss_rpn_cls: 6.378e-06  loss_rpn_loc: 0.001971    time: 0.0795  last_time: 0.0730  data_time: 0.0024  last_data_time: 0.0024   lr: 0.00025  max_mem: 1683M
[08/08 16:27:17 d2.utils.events]:  eta: 0:01:31  iter: 3839  total_loss: 0.1546  loss_cls: 0.01498  loss_box_reg: 0.03565  loss_mask: 0.1014  loss_rpn_cls: 1.271e-05  loss_rpn_loc: 0.00182    time: 0.0795  last_time: 0.0804  data_time: 0.0024  last_data_time: 0.0024   lr: 0.00025  max_mem: 1683M
[08/08 16:27:18 d2.utils.events]:  eta: 0:01:30  iter: 3859  total_loss: 0.1565  loss_cls: 0.01622  loss_box_reg: 0.03923  loss_mask: 0.09817  loss_rpn_cls: 1.889e-05  loss_rpn_loc: 0.001986    time: 0.0795  last_time: 0.0765  data_time: 0.0024  last_data_time: 0.0023   lr: 0.00025  max_mem: 1683M
[08/08 16:27:20 d2.utils.events]:  eta: 0:01:28  iter: 3879  total_loss: 0.1611  loss_cls: 0.01646  loss_box_reg: 0.03911  loss_mask: 0.1027  loss_rpn_cls: 7.661e-06  loss_rpn_loc: 0.001775    time: 0.0795  last_time: 0.0796  data_time: 0.0024  last_data_time: 0.0023   lr: 0.00025  max_mem: 1683M
[08/08 16:27:22 d2.utils.events]:  eta: 0:01:27  iter: 3899  total_loss: 0.1517  loss_cls: 0.017  loss_box_reg: 0.03887  loss_mask: 0.09351  loss_rpn_cls: 5.419e-06  loss_rpn_loc: 0.0019    time: 0.0795  last_time: 0.0744  data_time: 0.0024  last_data_time: 0.0023   lr: 0.00025  max_mem: 1683M
[08/08 16:27:22 d2.evaluation.coco_evaluation]: Fast COCO eval is not built. Falling back to official COCO eval.
[08/08 16:27:22 d2.data.datasets.coco]: Loaded 89 images in COCO format from /projects/PUCHALLA/LLP2024/tumor-segmentation/data/processed_data/rgb/test/images/test.json
[08/08 16:27:22 d2.data.dataset_mapper]: [DatasetMapper] Augmentations used in inference: [ResizeShortestEdge(short_edge_length=(800, 800), max_size=1333, sample_style='choice')]
[08/08 16:27:22 d2.data.common]: Serializing the dataset using: <class 'detectron2.data.common._TorchSerializedList'>
[08/08 16:27:22 d2.data.common]: Serializing 89 elements to byte tensors and concatenating them all ...
[08/08 16:27:22 d2.data.common]: Serialized dataset takes 0.07 MiB
[08/08 16:27:22 d2.evaluation.evaluator]: Start inference on 89 batches
[08/08 16:27:22 d2.evaluation.evaluator]: Inference done 11/89. Dataloading: 0.0006 s/iter. Inference: 0.0252 s/iter. Eval: 0.0004 s/iter. Total: 0.0262 s/iter. ETA=0:00:02
[08/08 16:27:24 d2.evaluation.evaluator]: Total inference time: 0:00:02.228794 (0.026533 s / iter per device, on 1 devices)
[08/08 16:27:24 d2.evaluation.evaluator]: Total inference pure compute time: 0:00:02 (0.024420 s / iter per device, on 1 devices)
[08/08 16:27:24 d2.evaluation.coco_evaluation]: Preparing results for COCO format ...
[08/08 16:27:24 d2.evaluation.coco_evaluation]: Saving results to ../../../../../models/rgb-testing/rerun-model-4-rgb/coco_instances_results.json
[08/08 16:27:24 d2.evaluation.coco_evaluation]: Evaluating predictions with official COCO API...
Loading and preparing results...
DONE (t=0.00s)
creating index...
index created!
Running per image evaluation...
Evaluate annotation type *bbox*
DONE (t=0.02s).
Accumulating evaluation results...
DONE (t=0.01s).
 Average Precision  (AP) @[ IoU=0.50:0.95 | area=   all | maxDets=100 ] = 0.751
 Average Precision  (AP) @[ IoU=0.50      | area=   all | maxDets=100 ] = 0.954
 Average Precision  (AP) @[ IoU=0.75      | area=   all | maxDets=100 ] = 0.923
 Average Precision  (AP) @[ IoU=0.50:0.95 | area= small | maxDets=100 ] = -1.000
 Average Precision  (AP) @[ IoU=0.50:0.95 | area=medium | maxDets=100 ] = 0.558
 Average Precision  (AP) @[ IoU=0.50:0.95 | area= large | maxDets=100 ] = 0.775
 Average Recall     (AR) @[ IoU=0.50:0.95 | area=   all | maxDets=  1 ] = 0.792
 Average Recall     (AR) @[ IoU=0.50:0.95 | area=   all | maxDets= 10 ] = 0.796
 Average Recall     (AR) @[ IoU=0.50:0.95 | area=   all | maxDets=100 ] = 0.796
 Average Recall     (AR) @[ IoU=0.50:0.95 | area= small | maxDets=100 ] = -1.000
 Average Recall     (AR) @[ IoU=0.50:0.95 | area=medium | maxDets=100 ] = 0.590
 Average Recall     (AR) @[ IoU=0.50:0.95 | area= large | maxDets=100 ] = 0.822
[08/08 16:27:24 d2.evaluation.coco_evaluation]: Evaluation results for bbox: 
|   AP   |  AP50  |  AP75  |  APs  |  APm   |  APl   |
|:------:|:------:|:------:|:-----:|:------:|:------:|
| 75.121 | 95.420 | 92.342 |  nan  | 55.810 | 77.477 |
[08/08 16:27:24 d2.evaluation.coco_evaluation]: Some metrics cannot be computed and is shown as NaN.
Loading and preparing results...
DONE (t=0.00s)
creating index...
index created!
Running per image evaluation...
Evaluate annotation type *segm*
DONE (t=0.02s).
Accumulating evaluation results...
DONE (t=0.01s).
 Average Precision  (AP) @[ IoU=0.50:0.95 | area=   all | maxDets=100 ] = 0.753
 Average Precision  (AP) @[ IoU=0.50      | area=   all | maxDets=100 ] = 0.954
 Average Precision  (AP) @[ IoU=0.75      | area=   all | maxDets=100 ] = 0.902
 Average Precision  (AP) @[ IoU=0.50:0.95 | area= small | maxDets=100 ] = -1.000
 Average Precision  (AP) @[ IoU=0.50:0.95 | area=medium | maxDets=100 ] = 0.531
 Average Precision  (AP) @[ IoU=0.50:0.95 | area= large | maxDets=100 ] = 0.777
 Average Recall     (AR) @[ IoU=0.50:0.95 | area=   all | maxDets=  1 ] = 0.785
 Average Recall     (AR) @[ IoU=0.50:0.95 | area=   all | maxDets= 10 ] = 0.789
 Average Recall     (AR) @[ IoU=0.50:0.95 | area=   all | maxDets=100 ] = 0.789
 Average Recall     (AR) @[ IoU=0.50:0.95 | area= small | maxDets=100 ] = -1.000
 Average Recall     (AR) @[ IoU=0.50:0.95 | area=medium | maxDets=100 ] = 0.570
 Average Recall     (AR) @[ IoU=0.50:0.95 | area= large | maxDets=100 ] = 0.816
[08/08 16:27:24 d2.evaluation.coco_evaluation]: Evaluation results for segm: 
|   AP   |  AP50  |  AP75  |  APs  |  APm   |  APl   |
|:------:|:------:|:------:|:-----:|:------:|:------:|
| 75.317 | 95.420 | 90.234 |  nan  | 53.119 | 77.719 |
[08/08 16:27:24 d2.evaluation.coco_evaluation]: Some metrics cannot be computed and is shown as NaN.
[Iter 2 AP] → mAP@[.5:.95] = 75.317
[08/08 16:27:26 d2.utils.events]:  eta: 0:01:25  iter: 3919  total_loss: 0.1431  loss_cls: 0.01472  loss_box_reg: 0.03124  loss_mask: 0.09558  loss_rpn_cls: 2.986e-06  loss_rpn_loc: 0.001693    time: 0.0795  last_time: 0.0776  data_time: 0.0024  last_data_time: 0.0024   lr: 0.00025  max_mem: 1683M
[08/08 16:27:27 d2.utils.events]:  eta: 0:01:23  iter: 3939  total_loss: 0.1343  loss_cls: 0.01309  loss_box_reg: 0.03218  loss_mask: 0.08787  loss_rpn_cls: 3.553e-06  loss_rpn_loc: 0.001607    time: 0.0795  last_time: 0.0816  data_time: 0.0023  last_data_time: 0.0024   lr: 0.00025  max_mem: 1683M
[08/08 16:27:29 d2.utils.events]:  eta: 0:01:22  iter: 3959  total_loss: 0.1388  loss_cls: 0.01308  loss_box_reg: 0.03104  loss_mask: 0.08982  loss_rpn_cls: 1.624e-06  loss_rpn_loc: 0.001561    time: 0.0795  last_time: 0.0787  data_time: 0.0025  last_data_time: 0.0023   lr: 0.00025  max_mem: 1683M
[08/08 16:27:31 d2.utils.events]:  eta: 0:01:20  iter: 3979  total_loss: 0.1476  loss_cls: 0.01578  loss_box_reg: 0.03681  loss_mask: 0.09052  loss_rpn_cls: 4.011e-06  loss_rpn_loc: 0.001943    time: 0.0795  last_time: 0.0783  data_time: 0.0025  last_data_time: 0.0023   lr: 0.00025  max_mem: 1683M
[08/08 16:27:32 d2.utils.events]:  eta: 0:01:19  iter: 3999  total_loss: 0.1572  loss_cls: 0.01553  loss_box_reg: 0.03709  loss_mask: 0.1068  loss_rpn_cls: 1.001e-05  loss_rpn_loc: 0.001873    time: 0.0795  last_time: 0.0851  data_time: 0.0024  last_data_time: 0.0025   lr: 0.00025  max_mem: 1683M
[08/08 16:27:32 d2.evaluation.coco_evaluation]: Fast COCO eval is not built. Falling back to official COCO eval.
[08/08 16:27:32 d2.data.datasets.coco]: Loaded 89 images in COCO format from /projects/PUCHALLA/LLP2024/tumor-segmentation/data/processed_data/rgb/test/images/test.json
[08/08 16:27:32 d2.data.dataset_mapper]: [DatasetMapper] Augmentations used in inference: [ResizeShortestEdge(short_edge_length=(800, 800), max_size=1333, sample_style='choice')]
[08/08 16:27:32 d2.data.common]: Serializing the dataset using: <class 'detectron2.data.common._TorchSerializedList'>
[08/08 16:27:32 d2.data.common]: Serializing 89 elements to byte tensors and concatenating them all ...
[08/08 16:27:32 d2.data.common]: Serialized dataset takes 0.07 MiB
[08/08 16:27:32 d2.evaluation.evaluator]: Start inference on 89 batches
[08/08 16:27:33 d2.evaluation.evaluator]: Inference done 11/89. Dataloading: 0.0006 s/iter. Inference: 0.0252 s/iter. Eval: 0.0004 s/iter. Total: 0.0262 s/iter. ETA=0:00:02
[08/08 16:27:35 d2.evaluation.evaluator]: Total inference time: 0:00:02.247920 (0.026761 s / iter per device, on 1 devices)
[08/08 16:27:35 d2.evaluation.evaluator]: Total inference pure compute time: 0:00:02 (0.024629 s / iter per device, on 1 devices)
[08/08 16:27:35 d2.evaluation.coco_evaluation]: Preparing results for COCO format ...
[08/08 16:27:35 d2.evaluation.coco_evaluation]: Saving results to ../../../../../models/rgb-testing/rerun-model-4-rgb/coco_instances_results.json
[08/08 16:27:35 d2.evaluation.coco_evaluation]: Evaluating predictions with official COCO API...
Loading and preparing results...
DONE (t=0.00s)
creating index...
index created!
Running per image evaluation...
Evaluate annotation type *bbox*
DONE (t=0.02s).
Accumulating evaluation results...
DONE (t=0.01s).
 Average Precision  (AP) @[ IoU=0.50:0.95 | area=   all | maxDets=100 ] = 0.728
 Average Precision  (AP) @[ IoU=0.50      | area=   all | maxDets=100 ] = 0.952
 Average Precision  (AP) @[ IoU=0.75      | area=   all | maxDets=100 ] = 0.901
 Average Precision  (AP) @[ IoU=0.50:0.95 | area= small | maxDets=100 ] = -1.000
 Average Precision  (AP) @[ IoU=0.50:0.95 | area=medium | maxDets=100 ] = 0.573
 Average Precision  (AP) @[ IoU=0.50:0.95 | area= large | maxDets=100 ] = 0.747
 Average Recall     (AR) @[ IoU=0.50:0.95 | area=   all | maxDets=  1 ] = 0.773
 Average Recall     (AR) @[ IoU=0.50:0.95 | area=   all | maxDets= 10 ] = 0.776
 Average Recall     (AR) @[ IoU=0.50:0.95 | area=   all | maxDets=100 ] = 0.776
 Average Recall     (AR) @[ IoU=0.50:0.95 | area= small | maxDets=100 ] = -1.000
 Average Recall     (AR) @[ IoU=0.50:0.95 | area=medium | maxDets=100 ] = 0.590
 Average Recall     (AR) @[ IoU=0.50:0.95 | area= large | maxDets=100 ] = 0.800
[08/08 16:27:35 d2.evaluation.coco_evaluation]: Evaluation results for bbox: 
|   AP   |  AP50  |  AP75  |  APs  |  APm   |  APl   |
|:------:|:------:|:------:|:-----:|:------:|:------:|
| 72.845 | 95.204 | 90.109 |  nan  | 57.252 | 74.712 |
[08/08 16:27:35 d2.evaluation.coco_evaluation]: Some metrics cannot be computed and is shown as NaN.
Loading and preparing results...
DONE (t=0.00s)
creating index...
index created!
Running per image evaluation...
Evaluate annotation type *segm*
DONE (t=0.02s).
Accumulating evaluation results...
DONE (t=0.01s).
 Average Precision  (AP) @[ IoU=0.50:0.95 | area=   all | maxDets=100 ] = 0.741
 Average Precision  (AP) @[ IoU=0.50      | area=   all | maxDets=100 ] = 0.942
 Average Precision  (AP) @[ IoU=0.75      | area=   all | maxDets=100 ] = 0.900
 Average Precision  (AP) @[ IoU=0.50:0.95 | area= small | maxDets=100 ] = -1.000
 Average Precision  (AP) @[ IoU=0.50:0.95 | area=medium | maxDets=100 ] = 0.571
 Average Precision  (AP) @[ IoU=0.50:0.95 | area= large | maxDets=100 ] = 0.762
 Average Recall     (AR) @[ IoU=0.50:0.95 | area=   all | maxDets=  1 ] = 0.775
 Average Recall     (AR) @[ IoU=0.50:0.95 | area=   all | maxDets= 10 ] = 0.779
 Average Recall     (AR) @[ IoU=0.50:0.95 | area=   all | maxDets=100 ] = 0.779
 Average Recall     (AR) @[ IoU=0.50:0.95 | area= small | maxDets=100 ] = -1.000
 Average Recall     (AR) @[ IoU=0.50:0.95 | area=medium | maxDets=100 ] = 0.590
 Average Recall     (AR) @[ IoU=0.50:0.95 | area= large | maxDets=100 ] = 0.803
[08/08 16:27:35 d2.evaluation.coco_evaluation]: Evaluation results for segm: 
|   AP   |  AP50  |  AP75  |  APs  |  APm   |  APl   |
|:------:|:------:|:------:|:-----:|:------:|:------:|
| 74.106 | 94.187 | 90.034 |  nan  | 57.118 | 76.199 |
[08/08 16:27:35 d2.evaluation.coco_evaluation]: Some metrics cannot be computed and is shown as NaN.
[Iter 2 AP] → mAP@[.5:.95] = 74.106
[08/08 16:27:36 d2.utils.events]:  eta: 0:01:17  iter: 4019  total_loss: 0.1578  loss_cls: 0.0149  loss_box_reg: 0.03972  loss_mask: 0.09999  loss_rpn_cls: 1.807e-06  loss_rpn_loc: 0.001596    time: 0.0795  last_time: 0.0797  data_time: 0.0024  last_data_time: 0.0025   lr: 0.000125  max_mem: 1683M
[08/08 16:27:38 d2.utils.events]:  eta: 0:01:16  iter: 4039  total_loss: 0.17  loss_cls: 0.01769  loss_box_reg: 0.03814  loss_mask: 0.1077  loss_rpn_cls: 4.048e-06  loss_rpn_loc: 0.001713    time: 0.0795  last_time: 0.0753  data_time: 0.0024  last_data_time: 0.0025   lr: 0.000125  max_mem: 1683M
[08/08 16:27:39 d2.utils.events]:  eta: 0:01:14  iter: 4059  total_loss: 0.1412  loss_cls: 0.01378  loss_box_reg: 0.03283  loss_mask: 0.09182  loss_rpn_cls: 1.153e-05  loss_rpn_loc: 0.002367    time: 0.0795  last_time: 0.0752  data_time: 0.0024  last_data_time: 0.0024   lr: 0.000125  max_mem: 1683M
[08/08 16:27:41 d2.utils.events]:  eta: 0:01:12  iter: 4079  total_loss: 0.1391  loss_cls: 0.01293  loss_box_reg: 0.02983  loss_mask: 0.09283  loss_rpn_cls: 8.17e-06  loss_rpn_loc: 0.002114    time: 0.0795  last_time: 0.0756  data_time: 0.0024  last_data_time: 0.0026   lr: 0.000125  max_mem: 1683M
[08/08 16:27:43 d2.utils.events]:  eta: 0:01:11  iter: 4099  total_loss: 0.1349  loss_cls: 0.01394  loss_box_reg: 0.03122  loss_mask: 0.09563  loss_rpn_cls: 2.163e-06  loss_rpn_loc: 0.00172    time: 0.0795  last_time: 0.0768  data_time: 0.0026  last_data_time: 0.0023   lr: 0.000125  max_mem: 1683M
[08/08 16:27:43 d2.evaluation.coco_evaluation]: Fast COCO eval is not built. Falling back to official COCO eval.
[08/08 16:27:43 d2.data.datasets.coco]: Loaded 89 images in COCO format from /projects/PUCHALLA/LLP2024/tumor-segmentation/data/processed_data/rgb/test/images/test.json
[08/08 16:27:43 d2.data.dataset_mapper]: [DatasetMapper] Augmentations used in inference: [ResizeShortestEdge(short_edge_length=(800, 800), max_size=1333, sample_style='choice')]
[08/08 16:27:43 d2.data.common]: Serializing the dataset using: <class 'detectron2.data.common._TorchSerializedList'>
[08/08 16:27:43 d2.data.common]: Serializing 89 elements to byte tensors and concatenating them all ...
[08/08 16:27:43 d2.data.common]: Serialized dataset takes 0.07 MiB
[08/08 16:27:43 d2.evaluation.evaluator]: Start inference on 89 batches
[08/08 16:27:43 d2.evaluation.evaluator]: Inference done 11/89. Dataloading: 0.0006 s/iter. Inference: 0.0251 s/iter. Eval: 0.0004 s/iter. Total: 0.0260 s/iter. ETA=0:00:02
[08/08 16:27:45 d2.evaluation.evaluator]: Total inference time: 0:00:02.235747 (0.026616 s / iter per device, on 1 devices)
[08/08 16:27:45 d2.evaluation.evaluator]: Total inference pure compute time: 0:00:02 (0.024529 s / iter per device, on 1 devices)
[08/08 16:27:45 d2.evaluation.coco_evaluation]: Preparing results for COCO format ...
[08/08 16:27:45 d2.evaluation.coco_evaluation]: Saving results to ../../../../../models/rgb-testing/rerun-model-4-rgb/coco_instances_results.json
[08/08 16:27:45 d2.evaluation.coco_evaluation]: Evaluating predictions with official COCO API...
Loading and preparing results...
DONE (t=0.00s)
creating index...
index created!
Running per image evaluation...
Evaluate annotation type *bbox*
DONE (t=0.02s).
Accumulating evaluation results...
DONE (t=0.01s).
 Average Precision  (AP) @[ IoU=0.50:0.95 | area=   all | maxDets=100 ] = 0.742
 Average Precision  (AP) @[ IoU=0.50      | area=   all | maxDets=100 ] = 0.952
 Average Precision  (AP) @[ IoU=0.75      | area=   all | maxDets=100 ] = 0.912
 Average Precision  (AP) @[ IoU=0.50:0.95 | area= small | maxDets=100 ] = -1.000
 Average Precision  (AP) @[ IoU=0.50:0.95 | area=medium | maxDets=100 ] = 0.560
 Average Precision  (AP) @[ IoU=0.50:0.95 | area= large | maxDets=100 ] = 0.764
 Average Recall     (AR) @[ IoU=0.50:0.95 | area=   all | maxDets=  1 ] = 0.782
 Average Recall     (AR) @[ IoU=0.50:0.95 | area=   all | maxDets= 10 ] = 0.787
 Average Recall     (AR) @[ IoU=0.50:0.95 | area=   all | maxDets=100 ] = 0.787
 Average Recall     (AR) @[ IoU=0.50:0.95 | area= small | maxDets=100 ] = -1.000
 Average Recall     (AR) @[ IoU=0.50:0.95 | area=medium | maxDets=100 ] = 0.580
 Average Recall     (AR) @[ IoU=0.50:0.95 | area= large | maxDets=100 ] = 0.813
[08/08 16:27:45 d2.evaluation.coco_evaluation]: Evaluation results for bbox: 
|   AP   |  AP50  |  AP75  |  APs  |  APm   |  APl   |
|:------:|:------:|:------:|:-----:|:------:|:------:|
| 74.190 | 95.227 | 91.196 |  nan  | 55.998 | 76.424 |
[08/08 16:27:45 d2.evaluation.coco_evaluation]: Some metrics cannot be computed and is shown as NaN.
Loading and preparing results...
DONE (t=0.00s)
creating index...
index created!
Running per image evaluation...
Evaluate annotation type *segm*
DONE (t=0.02s).
Accumulating evaluation results...
DONE (t=0.01s).
 Average Precision  (AP) @[ IoU=0.50:0.95 | area=   all | maxDets=100 ] = 0.747
 Average Precision  (AP) @[ IoU=0.50      | area=   all | maxDets=100 ] = 0.942
 Average Precision  (AP) @[ IoU=0.75      | area=   all | maxDets=100 ] = 0.900
 Average Precision  (AP) @[ IoU=0.50:0.95 | area= small | maxDets=100 ] = -1.000
 Average Precision  (AP) @[ IoU=0.50:0.95 | area=medium | maxDets=100 ] = 0.569
 Average Precision  (AP) @[ IoU=0.50:0.95 | area= large | maxDets=100 ] = 0.770
 Average Recall     (AR) @[ IoU=0.50:0.95 | area=   all | maxDets=  1 ] = 0.779
 Average Recall     (AR) @[ IoU=0.50:0.95 | area=   all | maxDets= 10 ] = 0.784
 Average Recall     (AR) @[ IoU=0.50:0.95 | area=   all | maxDets=100 ] = 0.784
 Average Recall     (AR) @[ IoU=0.50:0.95 | area= small | maxDets=100 ] = -1.000
 Average Recall     (AR) @[ IoU=0.50:0.95 | area=medium | maxDets=100 ] = 0.590
 Average Recall     (AR) @[ IoU=0.50:0.95 | area= large | maxDets=100 ] = 0.809
[08/08 16:27:45 d2.evaluation.coco_evaluation]: Evaluation results for segm: 
|   AP   |  AP50  |  AP75  |  APs  |  APm   |  APl   |
|:------:|:------:|:------:|:-----:|:------:|:------:|
| 74.705 | 94.214 | 90.023 |  nan  | 56.914 | 76.989 |
[08/08 16:27:45 d2.evaluation.coco_evaluation]: Some metrics cannot be computed and is shown as NaN.
[Iter 2 AP] → mAP@[.5:.95] = 74.705
[08/08 16:27:47 d2.utils.events]:  eta: 0:01:09  iter: 4119  total_loss: 0.1564  loss_cls: 0.01438  loss_box_reg: 0.0375  loss_mask: 0.1032  loss_rpn_cls: 2.452e-06  loss_rpn_loc: 0.001825    time: 0.0795  last_time: 0.0790  data_time: 0.0025  last_data_time: 0.0024   lr: 0.000125  max_mem: 1683M
[08/08 16:27:48 d2.utils.events]:  eta: 0:01:08  iter: 4139  total_loss: 0.1567  loss_cls: 0.014  loss_box_reg: 0.03506  loss_mask: 0.1014  loss_rpn_cls: 9.835e-06  loss_rpn_loc: 0.002029    time: 0.0795  last_time: 0.0816  data_time: 0.0024  last_data_time: 0.0025   lr: 0.000125  max_mem: 1683M
[08/08 16:27:50 d2.utils.events]:  eta: 0:01:06  iter: 4159  total_loss: 0.1479  loss_cls: 0.01317  loss_box_reg: 0.03647  loss_mask: 0.0903  loss_rpn_cls: 2.725e-05  loss_rpn_loc: 0.002135    time: 0.0795  last_time: 0.0788  data_time: 0.0023  last_data_time: 0.0024   lr: 0.000125  max_mem: 1683M
[08/08 16:27:52 d2.utils.events]:  eta: 0:01:05  iter: 4179  total_loss: 0.1562  loss_cls: 0.01515  loss_box_reg: 0.03645  loss_mask: 0.09403  loss_rpn_cls: 3.44e-06  loss_rpn_loc: 0.001946    time: 0.0795  last_time: 0.0827  data_time: 0.0025  last_data_time: 0.0025   lr: 0.000125  max_mem: 1683M
[08/08 16:27:53 d2.utils.events]:  eta: 0:01:03  iter: 4199  total_loss: 0.1667  loss_cls: 0.01781  loss_box_reg: 0.03997  loss_mask: 0.1051  loss_rpn_cls: 1.008e-05  loss_rpn_loc: 0.001837    time: 0.0795  last_time: 0.0799  data_time: 0.0023  last_data_time: 0.0025   lr: 0.000125  max_mem: 1683M
[08/08 16:27:53 d2.evaluation.coco_evaluation]: Fast COCO eval is not built. Falling back to official COCO eval.
[08/08 16:27:53 d2.data.datasets.coco]: Loaded 89 images in COCO format from /projects/PUCHALLA/LLP2024/tumor-segmentation/data/processed_data/rgb/test/images/test.json
[08/08 16:27:53 d2.data.dataset_mapper]: [DatasetMapper] Augmentations used in inference: [ResizeShortestEdge(short_edge_length=(800, 800), max_size=1333, sample_style='choice')]
[08/08 16:27:53 d2.data.common]: Serializing the dataset using: <class 'detectron2.data.common._TorchSerializedList'>
[08/08 16:27:53 d2.data.common]: Serializing 89 elements to byte tensors and concatenating them all ...
[08/08 16:27:53 d2.data.common]: Serialized dataset takes 0.07 MiB
[08/08 16:27:53 d2.evaluation.evaluator]: Start inference on 89 batches
[08/08 16:27:54 d2.evaluation.evaluator]: Inference done 11/89. Dataloading: 0.0006 s/iter. Inference: 0.0251 s/iter. Eval: 0.0004 s/iter. Total: 0.0261 s/iter. ETA=0:00:02
[08/08 16:27:56 d2.evaluation.evaluator]: Total inference time: 0:00:02.233649 (0.026591 s / iter per device, on 1 devices)
[08/08 16:27:56 d2.evaluation.evaluator]: Total inference pure compute time: 0:00:02 (0.024520 s / iter per device, on 1 devices)
[08/08 16:27:56 d2.evaluation.coco_evaluation]: Preparing results for COCO format ...
[08/08 16:27:56 d2.evaluation.coco_evaluation]: Saving results to ../../../../../models/rgb-testing/rerun-model-4-rgb/coco_instances_results.json
[08/08 16:27:56 d2.evaluation.coco_evaluation]: Evaluating predictions with official COCO API...
Loading and preparing results...
DONE (t=0.00s)
creating index...
index created!
Running per image evaluation...
Evaluate annotation type *bbox*
DONE (t=0.02s).
Accumulating evaluation results...
DONE (t=0.01s).
 Average Precision  (AP) @[ IoU=0.50:0.95 | area=   all | maxDets=100 ] = 0.729
 Average Precision  (AP) @[ IoU=0.50      | area=   all | maxDets=100 ] = 0.953
 Average Precision  (AP) @[ IoU=0.75      | area=   all | maxDets=100 ] = 0.913
 Average Precision  (AP) @[ IoU=0.50:0.95 | area= small | maxDets=100 ] = -1.000
 Average Precision  (AP) @[ IoU=0.50:0.95 | area=medium | maxDets=100 ] = 0.568
 Average Precision  (AP) @[ IoU=0.50:0.95 | area= large | maxDets=100 ] = 0.747
 Average Recall     (AR) @[ IoU=0.50:0.95 | area=   all | maxDets=  1 ] = 0.772
 Average Recall     (AR) @[ IoU=0.50:0.95 | area=   all | maxDets= 10 ] = 0.775
 Average Recall     (AR) @[ IoU=0.50:0.95 | area=   all | maxDets=100 ] = 0.775
 Average Recall     (AR) @[ IoU=0.50:0.95 | area= small | maxDets=100 ] = -1.000
 Average Recall     (AR) @[ IoU=0.50:0.95 | area=medium | maxDets=100 ] = 0.590
 Average Recall     (AR) @[ IoU=0.50:0.95 | area= large | maxDets=100 ] = 0.799
[08/08 16:27:56 d2.evaluation.coco_evaluation]: Evaluation results for bbox: 
|   AP   |  AP50  |  AP75  |  APs  |  APm   |  APl   |
|:------:|:------:|:------:|:-----:|:------:|:------:|
| 72.926 | 95.294 | 91.300 |  nan  | 56.836 | 74.729 |
[08/08 16:27:56 d2.evaluation.coco_evaluation]: Some metrics cannot be computed and is shown as NaN.
Loading and preparing results...
DONE (t=0.00s)
creating index...
index created!
Running per image evaluation...
Evaluate annotation type *segm*
DONE (t=0.02s).
Accumulating evaluation results...
DONE (t=0.01s).
 Average Precision  (AP) @[ IoU=0.50:0.95 | area=   all | maxDets=100 ] = 0.750
 Average Precision  (AP) @[ IoU=0.50      | area=   all | maxDets=100 ] = 0.943
 Average Precision  (AP) @[ IoU=0.75      | area=   all | maxDets=100 ] = 0.911
 Average Precision  (AP) @[ IoU=0.50:0.95 | area= small | maxDets=100 ] = -1.000
 Average Precision  (AP) @[ IoU=0.50:0.95 | area=medium | maxDets=100 ] = 0.574
 Average Precision  (AP) @[ IoU=0.50:0.95 | area= large | maxDets=100 ] = 0.771
 Average Recall     (AR) @[ IoU=0.50:0.95 | area=   all | maxDets=  1 ] = 0.782
 Average Recall     (AR) @[ IoU=0.50:0.95 | area=   all | maxDets= 10 ] = 0.785
 Average Recall     (AR) @[ IoU=0.50:0.95 | area=   all | maxDets=100 ] = 0.785
 Average Recall     (AR) @[ IoU=0.50:0.95 | area= small | maxDets=100 ] = -1.000
 Average Recall     (AR) @[ IoU=0.50:0.95 | area=medium | maxDets=100 ] = 0.600
 Average Recall     (AR) @[ IoU=0.50:0.95 | area= large | maxDets=100 ] = 0.809
[08/08 16:27:56 d2.evaluation.coco_evaluation]: Evaluation results for segm: 
|   AP   |  AP50  |  AP75  |  APs  |  APm   |  APl   |
|:------:|:------:|:------:|:-----:|:------:|:------:|
| 75.021 | 94.292 | 91.123 |  nan  | 57.409 | 77.074 |
[08/08 16:27:56 d2.evaluation.coco_evaluation]: Some metrics cannot be computed and is shown as NaN.
[Iter 2 AP] → mAP@[.5:.95] = 75.021
[08/08 16:27:57 d2.utils.events]:  eta: 0:01:01  iter: 4219  total_loss: 0.1513  loss_cls: 0.01403  loss_box_reg: 0.03623  loss_mask: 0.0973  loss_rpn_cls: 1.091e-05  loss_rpn_loc: 0.001577    time: 0.0795  last_time: 0.0805  data_time: 0.0024  last_data_time: 0.0022   lr: 0.000125  max_mem: 1683M
[08/08 16:27:59 d2.utils.events]:  eta: 0:01:00  iter: 4239  total_loss: 0.1385  loss_cls: 0.01606  loss_box_reg: 0.03262  loss_mask: 0.08691  loss_rpn_cls: 5.632e-06  loss_rpn_loc: 0.002048    time: 0.0795  last_time: 0.0803  data_time: 0.0024  last_data_time: 0.0025   lr: 0.000125  max_mem: 1683M
[08/08 16:28:01 d2.utils.events]:  eta: 0:00:58  iter: 4259  total_loss: 0.1407  loss_cls: 0.0134  loss_box_reg: 0.03618  loss_mask: 0.08922  loss_rpn_cls: 9.823e-06  loss_rpn_loc: 0.001897    time: 0.0795  last_time: 0.0782  data_time: 0.0024  last_data_time: 0.0023   lr: 0.000125  max_mem: 1683M
[08/08 16:28:02 d2.utils.events]:  eta: 0:00:57  iter: 4279  total_loss: 0.1403  loss_cls: 0.01371  loss_box_reg: 0.03276  loss_mask: 0.09364  loss_rpn_cls: 3.272e-06  loss_rpn_loc: 0.001829    time: 0.0795  last_time: 0.0734  data_time: 0.0024  last_data_time: 0.0022   lr: 0.000125  max_mem: 1683M
[08/08 16:28:04 d2.utils.events]:  eta: 0:00:55  iter: 4299  total_loss: 0.1474  loss_cls: 0.01405  loss_box_reg: 0.03654  loss_mask: 0.09516  loss_rpn_cls: 1.238e-05  loss_rpn_loc: 0.001916    time: 0.0795  last_time: 0.0807  data_time: 0.0023  last_data_time: 0.0022   lr: 0.000125  max_mem: 1683M
[08/08 16:28:04 d2.evaluation.coco_evaluation]: Fast COCO eval is not built. Falling back to official COCO eval.
[08/08 16:28:04 d2.data.datasets.coco]: Loaded 89 images in COCO format from /projects/PUCHALLA/LLP2024/tumor-segmentation/data/processed_data/rgb/test/images/test.json
[08/08 16:28:04 d2.data.dataset_mapper]: [DatasetMapper] Augmentations used in inference: [ResizeShortestEdge(short_edge_length=(800, 800), max_size=1333, sample_style='choice')]
[08/08 16:28:04 d2.data.common]: Serializing the dataset using: <class 'detectron2.data.common._TorchSerializedList'>
[08/08 16:28:04 d2.data.common]: Serializing 89 elements to byte tensors and concatenating them all ...
[08/08 16:28:04 d2.data.common]: Serialized dataset takes 0.07 MiB
[08/08 16:28:04 d2.evaluation.evaluator]: Start inference on 89 batches
[08/08 16:28:04 d2.evaluation.evaluator]: Inference done 11/89. Dataloading: 0.0005 s/iter. Inference: 0.0240 s/iter. Eval: 0.0003 s/iter. Total: 0.0249 s/iter. ETA=0:00:01
[08/08 16:28:06 d2.evaluation.evaluator]: Total inference time: 0:00:02.191467 (0.026089 s / iter per device, on 1 devices)
[08/08 16:28:06 d2.evaluation.evaluator]: Total inference pure compute time: 0:00:02 (0.024091 s / iter per device, on 1 devices)
[08/08 16:28:06 d2.evaluation.coco_evaluation]: Preparing results for COCO format ...
[08/08 16:28:06 d2.evaluation.coco_evaluation]: Saving results to ../../../../../models/rgb-testing/rerun-model-4-rgb/coco_instances_results.json
[08/08 16:28:06 d2.evaluation.coco_evaluation]: Evaluating predictions with official COCO API...
Loading and preparing results...
DONE (t=0.00s)
creating index...
index created!
Running per image evaluation...
Evaluate annotation type *bbox*
DONE (t=0.02s).
Accumulating evaluation results...
DONE (t=0.01s).
 Average Precision  (AP) @[ IoU=0.50:0.95 | area=   all | maxDets=100 ] = 0.739
 Average Precision  (AP) @[ IoU=0.50      | area=   all | maxDets=100 ] = 0.953
 Average Precision  (AP) @[ IoU=0.75      | area=   all | maxDets=100 ] = 0.922
 Average Precision  (AP) @[ IoU=0.50:0.95 | area= small | maxDets=100 ] = -1.000
 Average Precision  (AP) @[ IoU=0.50:0.95 | area=medium | maxDets=100 ] = 0.540
 Average Precision  (AP) @[ IoU=0.50:0.95 | area= large | maxDets=100 ] = 0.764
 Average Recall     (AR) @[ IoU=0.50:0.95 | area=   all | maxDets=  1 ] = 0.788
 Average Recall     (AR) @[ IoU=0.50:0.95 | area=   all | maxDets= 10 ] = 0.791
 Average Recall     (AR) @[ IoU=0.50:0.95 | area=   all | maxDets=100 ] = 0.791
 Average Recall     (AR) @[ IoU=0.50:0.95 | area= small | maxDets=100 ] = -1.000
 Average Recall     (AR) @[ IoU=0.50:0.95 | area=medium | maxDets=100 ] = 0.570
 Average Recall     (AR) @[ IoU=0.50:0.95 | area= large | maxDets=100 ] = 0.819
[08/08 16:28:06 d2.evaluation.coco_evaluation]: Evaluation results for bbox: 
|   AP   |  AP50  |  AP75  |  APs  |  APm   |  APl   |
|:------:|:------:|:------:|:-----:|:------:|:------:|
| 73.949 | 95.311 | 92.244 |  nan  | 54.013 | 76.412 |
[08/08 16:28:06 d2.evaluation.coco_evaluation]: Some metrics cannot be computed and is shown as NaN.
Loading and preparing results...
DONE (t=0.00s)
creating index...
index created!
Running per image evaluation...
Evaluate annotation type *segm*
DONE (t=0.02s).
Accumulating evaluation results...
DONE (t=0.01s).
 Average Precision  (AP) @[ IoU=0.50:0.95 | area=   all | maxDets=100 ] = 0.755
 Average Precision  (AP) @[ IoU=0.50      | area=   all | maxDets=100 ] = 0.953
 Average Precision  (AP) @[ IoU=0.75      | area=   all | maxDets=100 ] = 0.910
 Average Precision  (AP) @[ IoU=0.50:0.95 | area= small | maxDets=100 ] = -1.000
 Average Precision  (AP) @[ IoU=0.50:0.95 | area=medium | maxDets=100 ] = 0.548
 Average Precision  (AP) @[ IoU=0.50:0.95 | area= large | maxDets=100 ] = 0.781
 Average Recall     (AR) @[ IoU=0.50:0.95 | area=   all | maxDets=  1 ] = 0.788
 Average Recall     (AR) @[ IoU=0.50:0.95 | area=   all | maxDets= 10 ] = 0.790
 Average Recall     (AR) @[ IoU=0.50:0.95 | area=   all | maxDets=100 ] = 0.790
 Average Recall     (AR) @[ IoU=0.50:0.95 | area= small | maxDets=100 ] = -1.000
 Average Recall     (AR) @[ IoU=0.50:0.95 | area=medium | maxDets=100 ] = 0.580
 Average Recall     (AR) @[ IoU=0.50:0.95 | area= large | maxDets=100 ] = 0.816
[08/08 16:28:06 d2.evaluation.coco_evaluation]: Evaluation results for segm: 
|   AP   |  AP50  |  AP75  |  APs  |  APm   |  APl   |
|:------:|:------:|:------:|:-----:|:------:|:------:|
| 75.463 | 95.311 | 91.034 |  nan  | 54.757 | 78.090 |
[08/08 16:28:06 d2.evaluation.coco_evaluation]: Some metrics cannot be computed and is shown as NaN.
[Iter 2 AP] → mAP@[.5:.95] = 75.463
[08/08 16:28:08 d2.utils.events]:  eta: 0:00:53  iter: 4319  total_loss: 0.1661  loss_cls: 0.01424  loss_box_reg: 0.04032  loss_mask: 0.1045  loss_rpn_cls: 5.368e-06  loss_rpn_loc: 0.001963    time: 0.0795  last_time: 0.0786  data_time: 0.0023  last_data_time: 0.0025   lr: 0.000125  max_mem: 1683M
[08/08 16:28:10 d2.utils.events]:  eta: 0:00:52  iter: 4339  total_loss: 0.1517  loss_cls: 0.01372  loss_box_reg: 0.03107  loss_mask: 0.1058  loss_rpn_cls: 6.823e-06  loss_rpn_loc: 0.002202    time: 0.0795  last_time: 0.0742  data_time: 0.0023  last_data_time: 0.0023   lr: 0.000125  max_mem: 1683M
[08/08 16:28:11 d2.utils.events]:  eta: 0:00:50  iter: 4359  total_loss: 0.1512  loss_cls: 0.01637  loss_box_reg: 0.03769  loss_mask: 0.09681  loss_rpn_cls: 8.686e-06  loss_rpn_loc: 0.001764    time: 0.0795  last_time: 0.0767  data_time: 0.0023  last_data_time: 0.0022   lr: 0.000125  max_mem: 1683M
[08/08 16:28:13 d2.utils.events]:  eta: 0:00:49  iter: 4379  total_loss: 0.1439  loss_cls: 0.0161  loss_box_reg: 0.03139  loss_mask: 0.09267  loss_rpn_cls: 2.241e-06  loss_rpn_loc: 0.001682    time: 0.0795  last_time: 0.0849  data_time: 0.0024  last_data_time: 0.0026   lr: 0.000125  max_mem: 1683M
[08/08 16:28:14 d2.utils.events]:  eta: 0:00:47  iter: 4399  total_loss: 0.1361  loss_cls: 0.01542  loss_box_reg: 0.03498  loss_mask: 0.08871  loss_rpn_cls: 1.475e-06  loss_rpn_loc: 0.001589    time: 0.0795  last_time: 0.0828  data_time: 0.0024  last_data_time: 0.0025   lr: 0.000125  max_mem: 1683M
[08/08 16:28:14 d2.evaluation.coco_evaluation]: Fast COCO eval is not built. Falling back to official COCO eval.
[08/08 16:28:14 d2.data.datasets.coco]: Loaded 89 images in COCO format from /projects/PUCHALLA/LLP2024/tumor-segmentation/data/processed_data/rgb/test/images/test.json
[08/08 16:28:14 d2.data.dataset_mapper]: [DatasetMapper] Augmentations used in inference: [ResizeShortestEdge(short_edge_length=(800, 800), max_size=1333, sample_style='choice')]
[08/08 16:28:14 d2.data.common]: Serializing the dataset using: <class 'detectron2.data.common._TorchSerializedList'>
[08/08 16:28:14 d2.data.common]: Serializing 89 elements to byte tensors and concatenating them all ...
[08/08 16:28:14 d2.data.common]: Serialized dataset takes 0.07 MiB
[08/08 16:28:14 d2.evaluation.evaluator]: Start inference on 89 batches
[08/08 16:28:15 d2.evaluation.evaluator]: Inference done 11/89. Dataloading: 0.0005 s/iter. Inference: 0.0239 s/iter. Eval: 0.0003 s/iter. Total: 0.0247 s/iter. ETA=0:00:01
[08/08 16:28:17 d2.evaluation.evaluator]: Total inference time: 0:00:02.221780 (0.026450 s / iter per device, on 1 devices)
[08/08 16:28:17 d2.evaluation.evaluator]: Total inference pure compute time: 0:00:02 (0.024422 s / iter per device, on 1 devices)
[08/08 16:28:17 d2.evaluation.coco_evaluation]: Preparing results for COCO format ...
[08/08 16:28:17 d2.evaluation.coco_evaluation]: Saving results to ../../../../../models/rgb-testing/rerun-model-4-rgb/coco_instances_results.json
[08/08 16:28:17 d2.evaluation.coco_evaluation]: Evaluating predictions with official COCO API...
Loading and preparing results...
DONE (t=0.00s)
creating index...
index created!
Running per image evaluation...
Evaluate annotation type *bbox*
DONE (t=0.02s).
Accumulating evaluation results...
DONE (t=0.01s).
 Average Precision  (AP) @[ IoU=0.50:0.95 | area=   all | maxDets=100 ] = 0.738
 Average Precision  (AP) @[ IoU=0.50      | area=   all | maxDets=100 ] = 0.952
 Average Precision  (AP) @[ IoU=0.75      | area=   all | maxDets=100 ] = 0.921
 Average Precision  (AP) @[ IoU=0.50:0.95 | area= small | maxDets=100 ] = -1.000
 Average Precision  (AP) @[ IoU=0.50:0.95 | area=medium | maxDets=100 ] = 0.539
 Average Precision  (AP) @[ IoU=0.50:0.95 | area= large | maxDets=100 ] = 0.763
 Average Recall     (AR) @[ IoU=0.50:0.95 | area=   all | maxDets=  1 ] = 0.779
 Average Recall     (AR) @[ IoU=0.50:0.95 | area=   all | maxDets= 10 ] = 0.785
 Average Recall     (AR) @[ IoU=0.50:0.95 | area=   all | maxDets=100 ] = 0.785
 Average Recall     (AR) @[ IoU=0.50:0.95 | area= small | maxDets=100 ] = -1.000
 Average Recall     (AR) @[ IoU=0.50:0.95 | area=medium | maxDets=100 ] = 0.570
 Average Recall     (AR) @[ IoU=0.50:0.95 | area= large | maxDets=100 ] = 0.813
[08/08 16:28:17 d2.evaluation.coco_evaluation]: Evaluation results for bbox: 
|   AP   |  AP50  |  AP75  |  APs  |  APm   |  APl   |
|:------:|:------:|:------:|:-----:|:------:|:------:|
| 73.763 | 95.227 | 92.130 |  nan  | 53.886 | 76.263 |
[08/08 16:28:17 d2.evaluation.coco_evaluation]: Some metrics cannot be computed and is shown as NaN.
Loading and preparing results...
DONE (t=0.00s)
creating index...
index created!
Running per image evaluation...
Evaluate annotation type *segm*
DONE (t=0.02s).
Accumulating evaluation results...
DONE (t=0.01s).
 Average Precision  (AP) @[ IoU=0.50:0.95 | area=   all | maxDets=100 ] = 0.745
 Average Precision  (AP) @[ IoU=0.50      | area=   all | maxDets=100 ] = 0.942
 Average Precision  (AP) @[ IoU=0.75      | area=   all | maxDets=100 ] = 0.909
 Average Precision  (AP) @[ IoU=0.50:0.95 | area= small | maxDets=100 ] = -1.000
 Average Precision  (AP) @[ IoU=0.50:0.95 | area=medium | maxDets=100 ] = 0.554
 Average Precision  (AP) @[ IoU=0.50:0.95 | area= large | maxDets=100 ] = 0.768
 Average Recall     (AR) @[ IoU=0.50:0.95 | area=   all | maxDets=  1 ] = 0.775
 Average Recall     (AR) @[ IoU=0.50:0.95 | area=   all | maxDets= 10 ] = 0.783
 Average Recall     (AR) @[ IoU=0.50:0.95 | area=   all | maxDets=100 ] = 0.783
 Average Recall     (AR) @[ IoU=0.50:0.95 | area= small | maxDets=100 ] = -1.000
 Average Recall     (AR) @[ IoU=0.50:0.95 | area=medium | maxDets=100 ] = 0.590
 Average Recall     (AR) @[ IoU=0.50:0.95 | area= large | maxDets=100 ] = 0.808
[08/08 16:28:17 d2.evaluation.coco_evaluation]: Evaluation results for segm: 
|   AP   |  AP50  |  AP75  |  APs  |  APm   |  APl   |
|:------:|:------:|:------:|:-----:|:------:|:------:|
| 74.489 | 94.214 | 90.925 |  nan  | 55.388 | 76.844 |
[08/08 16:28:17 d2.evaluation.coco_evaluation]: Some metrics cannot be computed and is shown as NaN.
[Iter 2 AP] → mAP@[.5:.95] = 74.489
[08/08 16:28:18 d2.utils.events]:  eta: 0:00:45  iter: 4419  total_loss: 0.1411  loss_cls: 0.01341  loss_box_reg: 0.034  loss_mask: 0.09719  loss_rpn_cls: 4.95e-06  loss_rpn_loc: 0.001814    time: 0.0795  last_time: 0.0782  data_time: 0.0024  last_data_time: 0.0024   lr: 0.000125  max_mem: 1683M
[08/08 16:28:20 d2.utils.events]:  eta: 0:00:44  iter: 4439  total_loss: 0.1373  loss_cls: 0.01388  loss_box_reg: 0.03029  loss_mask: 0.0973  loss_rpn_cls: 3.525e-06  loss_rpn_loc: 0.001851    time: 0.0795  last_time: 0.0776  data_time: 0.0024  last_data_time: 0.0022   lr: 0.000125  max_mem: 1683M
[08/08 16:28:22 d2.utils.events]:  eta: 0:00:42  iter: 4459  total_loss: 0.1391  loss_cls: 0.01269  loss_box_reg: 0.03029  loss_mask: 0.08855  loss_rpn_cls: 6.504e-06  loss_rpn_loc: 0.001772    time: 0.0795  last_time: 0.0797  data_time: 0.0023  last_data_time: 0.0025   lr: 0.000125  max_mem: 1683M
[08/08 16:28:23 d2.utils.events]:  eta: 0:00:41  iter: 4479  total_loss: 0.1418  loss_cls: 0.01311  loss_box_reg: 0.03679  loss_mask: 0.09339  loss_rpn_cls: 1.014e-05  loss_rpn_loc: 0.001814    time: 0.0795  last_time: 0.0776  data_time: 0.0023  last_data_time: 0.0022   lr: 0.000125  max_mem: 1683M
[08/08 16:28:25 d2.utils.events]:  eta: 0:00:39  iter: 4499  total_loss: 0.1411  loss_cls: 0.01396  loss_box_reg: 0.03141  loss_mask: 0.09264  loss_rpn_cls: 8.171e-06  loss_rpn_loc: 0.001856    time: 0.0795  last_time: 0.0837  data_time: 0.0023  last_data_time: 0.0024   lr: 0.000125  max_mem: 1683M
[08/08 16:28:25 d2.evaluation.coco_evaluation]: Fast COCO eval is not built. Falling back to official COCO eval.
[08/08 16:28:25 d2.data.datasets.coco]: Loaded 89 images in COCO format from /projects/PUCHALLA/LLP2024/tumor-segmentation/data/processed_data/rgb/test/images/test.json
[08/08 16:28:25 d2.data.dataset_mapper]: [DatasetMapper] Augmentations used in inference: [ResizeShortestEdge(short_edge_length=(800, 800), max_size=1333, sample_style='choice')]
[08/08 16:28:25 d2.data.common]: Serializing the dataset using: <class 'detectron2.data.common._TorchSerializedList'>
[08/08 16:28:25 d2.data.common]: Serializing 89 elements to byte tensors and concatenating them all ...
[08/08 16:28:25 d2.data.common]: Serialized dataset takes 0.07 MiB
[08/08 16:28:25 d2.evaluation.evaluator]: Start inference on 89 batches
[08/08 16:28:25 d2.evaluation.evaluator]: Inference done 11/89. Dataloading: 0.0006 s/iter. Inference: 0.0252 s/iter. Eval: 0.0004 s/iter. Total: 0.0261 s/iter. ETA=0:00:02
[08/08 16:28:27 d2.evaluation.evaluator]: Total inference time: 0:00:02.212225 (0.026336 s / iter per device, on 1 devices)
[08/08 16:28:27 d2.evaluation.evaluator]: Total inference pure compute time: 0:00:02 (0.024296 s / iter per device, on 1 devices)
[08/08 16:28:27 d2.evaluation.coco_evaluation]: Preparing results for COCO format ...
[08/08 16:28:27 d2.evaluation.coco_evaluation]: Saving results to ../../../../../models/rgb-testing/rerun-model-4-rgb/coco_instances_results.json
[08/08 16:28:27 d2.evaluation.coco_evaluation]: Evaluating predictions with official COCO API...
Loading and preparing results...
DONE (t=0.00s)
creating index...
index created!
Running per image evaluation...
Evaluate annotation type *bbox*
DONE (t=0.02s).
Accumulating evaluation results...
DONE (t=0.01s).
 Average Precision  (AP) @[ IoU=0.50:0.95 | area=   all | maxDets=100 ] = 0.748
 Average Precision  (AP) @[ IoU=0.50      | area=   all | maxDets=100 ] = 0.952
 Average Precision  (AP) @[ IoU=0.75      | area=   all | maxDets=100 ] = 0.912
 Average Precision  (AP) @[ IoU=0.50:0.95 | area= small | maxDets=100 ] = -1.000
 Average Precision  (AP) @[ IoU=0.50:0.95 | area=medium | maxDets=100 ] = 0.547
 Average Precision  (AP) @[ IoU=0.50:0.95 | area= large | maxDets=100 ] = 0.770
 Average Recall     (AR) @[ IoU=0.50:0.95 | area=   all | maxDets=  1 ] = 0.787
 Average Recall     (AR) @[ IoU=0.50:0.95 | area=   all | maxDets= 10 ] = 0.792
 Average Recall     (AR) @[ IoU=0.50:0.95 | area=   all | maxDets=100 ] = 0.792
 Average Recall     (AR) @[ IoU=0.50:0.95 | area= small | maxDets=100 ] = -1.000
 Average Recall     (AR) @[ IoU=0.50:0.95 | area=medium | maxDets=100 ] = 0.580
 Average Recall     (AR) @[ IoU=0.50:0.95 | area= large | maxDets=100 ] = 0.819
[08/08 16:28:27 d2.evaluation.coco_evaluation]: Evaluation results for bbox: 
|   AP   |  AP50  |  AP75  |  APs  |  APm   |  APl   |
|:------:|:------:|:------:|:-----:|:------:|:------:|
| 74.766 | 95.215 | 91.196 |  nan  | 54.678 | 77.016 |
[08/08 16:28:27 d2.evaluation.coco_evaluation]: Some metrics cannot be computed and is shown as NaN.
Loading and preparing results...
DONE (t=0.00s)
creating index...
index created!
Running per image evaluation...
Evaluate annotation type *segm*
DONE (t=0.02s).
Accumulating evaluation results...
DONE (t=0.01s).
 Average Precision  (AP) @[ IoU=0.50:0.95 | area=   all | maxDets=100 ] = 0.747
 Average Precision  (AP) @[ IoU=0.50      | area=   all | maxDets=100 ] = 0.952
 Average Precision  (AP) @[ IoU=0.75      | area=   all | maxDets=100 ] = 0.910
 Average Precision  (AP) @[ IoU=0.50:0.95 | area= small | maxDets=100 ] = -1.000
 Average Precision  (AP) @[ IoU=0.50:0.95 | area=medium | maxDets=100 ] = 0.556
 Average Precision  (AP) @[ IoU=0.50:0.95 | area= large | maxDets=100 ] = 0.771
 Average Recall     (AR) @[ IoU=0.50:0.95 | area=   all | maxDets=  1 ] = 0.779
 Average Recall     (AR) @[ IoU=0.50:0.95 | area=   all | maxDets= 10 ] = 0.785
 Average Recall     (AR) @[ IoU=0.50:0.95 | area=   all | maxDets=100 ] = 0.785
 Average Recall     (AR) @[ IoU=0.50:0.95 | area= small | maxDets=100 ] = -1.000
 Average Recall     (AR) @[ IoU=0.50:0.95 | area=medium | maxDets=100 ] = 0.590
 Average Recall     (AR) @[ IoU=0.50:0.95 | area= large | maxDets=100 ] = 0.810
[08/08 16:28:27 d2.evaluation.coco_evaluation]: Evaluation results for segm: 
|   AP   |  AP50  |  AP75  |  APs  |  APm   |  APl   |
|:------:|:------:|:------:|:-----:|:------:|:------:|
| 74.699 | 95.215 | 90.984 |  nan  | 55.619 | 77.083 |
[08/08 16:28:27 d2.evaluation.coco_evaluation]: Some metrics cannot be computed and is shown as NaN.
[Iter 2 AP] → mAP@[.5:.95] = 74.699
[08/08 16:28:29 d2.utils.events]:  eta: 0:00:38  iter: 4519  total_loss: 0.1574  loss_cls: 0.01538  loss_box_reg: 0.03701  loss_mask: 0.1008  loss_rpn_cls: 1.655e-05  loss_rpn_loc: 0.001878    time: 0.0795  last_time: 0.0728  data_time: 0.0024  last_data_time: 0.0022   lr: 0.000125  max_mem: 1683M
[08/08 16:28:30 d2.utils.events]:  eta: 0:00:36  iter: 4539  total_loss: 0.1413  loss_cls: 0.01334  loss_box_reg: 0.03359  loss_mask: 0.08975  loss_rpn_cls: 9.742e-06  loss_rpn_loc: 0.001862    time: 0.0795  last_time: 0.0846  data_time: 0.0024  last_data_time: 0.0025   lr: 0.000125  max_mem: 1683M
[08/08 16:28:32 d2.utils.events]:  eta: 0:00:34  iter: 4559  total_loss: 0.1734  loss_cls: 0.01676  loss_box_reg: 0.0403  loss_mask: 0.1012  loss_rpn_cls: 6.714e-06  loss_rpn_loc: 0.002013    time: 0.0794  last_time: 0.0687  data_time: 0.0024  last_data_time: 0.0022   lr: 0.000125  max_mem: 1683M
[08/08 16:28:34 d2.utils.events]:  eta: 0:00:33  iter: 4579  total_loss: 0.1447  loss_cls: 0.01584  loss_box_reg: 0.03392  loss_mask: 0.09124  loss_rpn_cls: 5.171e-06  loss_rpn_loc: 0.002063    time: 0.0794  last_time: 0.0768  data_time: 0.0023  last_data_time: 0.0022   lr: 0.000125  max_mem: 1683M
[08/08 16:28:35 d2.utils.events]:  eta: 0:00:31  iter: 4599  total_loss: 0.1526  loss_cls: 0.01614  loss_box_reg: 0.03626  loss_mask: 0.0997  loss_rpn_cls: 3.23e-06  loss_rpn_loc: 0.00178    time: 0.0794  last_time: 0.0797  data_time: 0.0023  last_data_time: 0.0022   lr: 0.000125  max_mem: 1683M
[08/08 16:28:35 d2.evaluation.coco_evaluation]: Fast COCO eval is not built. Falling back to official COCO eval.
[08/08 16:28:35 d2.data.datasets.coco]: Loaded 89 images in COCO format from /projects/PUCHALLA/LLP2024/tumor-segmentation/data/processed_data/rgb/test/images/test.json
[08/08 16:28:35 d2.data.dataset_mapper]: [DatasetMapper] Augmentations used in inference: [ResizeShortestEdge(short_edge_length=(800, 800), max_size=1333, sample_style='choice')]
[08/08 16:28:35 d2.data.common]: Serializing the dataset using: <class 'detectron2.data.common._TorchSerializedList'>
[08/08 16:28:35 d2.data.common]: Serializing 89 elements to byte tensors and concatenating them all ...
[08/08 16:28:35 d2.data.common]: Serialized dataset takes 0.07 MiB
[08/08 16:28:35 d2.evaluation.evaluator]: Start inference on 89 batches
[08/08 16:28:36 d2.evaluation.evaluator]: Inference done 11/89. Dataloading: 0.0006 s/iter. Inference: 0.0243 s/iter. Eval: 0.0004 s/iter. Total: 0.0252 s/iter. ETA=0:00:01
[08/08 16:28:38 d2.evaluation.evaluator]: Total inference time: 0:00:02.199212 (0.026181 s / iter per device, on 1 devices)
[08/08 16:28:38 d2.evaluation.evaluator]: Total inference pure compute time: 0:00:02 (0.024203 s / iter per device, on 1 devices)
[08/08 16:28:38 d2.evaluation.coco_evaluation]: Preparing results for COCO format ...
[08/08 16:28:38 d2.evaluation.coco_evaluation]: Saving results to ../../../../../models/rgb-testing/rerun-model-4-rgb/coco_instances_results.json
[08/08 16:28:38 d2.evaluation.coco_evaluation]: Evaluating predictions with official COCO API...
Loading and preparing results...
DONE (t=0.00s)
creating index...
index created!
Running per image evaluation...
Evaluate annotation type *bbox*
DONE (t=0.02s).
Accumulating evaluation results...
DONE (t=0.01s).
 Average Precision  (AP) @[ IoU=0.50:0.95 | area=   all | maxDets=100 ] = 0.727
 Average Precision  (AP) @[ IoU=0.50      | area=   all | maxDets=100 ] = 0.951
 Average Precision  (AP) @[ IoU=0.75      | area=   all | maxDets=100 ] = 0.911
 Average Precision  (AP) @[ IoU=0.50:0.95 | area= small | maxDets=100 ] = -1.000
 Average Precision  (AP) @[ IoU=0.50:0.95 | area=medium | maxDets=100 ] = 0.554
 Average Precision  (AP) @[ IoU=0.50:0.95 | area= large | maxDets=100 ] = 0.746
 Average Recall     (AR) @[ IoU=0.50:0.95 | area=   all | maxDets=  1 ] = 0.772
 Average Recall     (AR) @[ IoU=0.50:0.95 | area=   all | maxDets= 10 ] = 0.775
 Average Recall     (AR) @[ IoU=0.50:0.95 | area=   all | maxDets=100 ] = 0.775
 Average Recall     (AR) @[ IoU=0.50:0.95 | area= small | maxDets=100 ] = -1.000
 Average Recall     (AR) @[ IoU=0.50:0.95 | area=medium | maxDets=100 ] = 0.580
 Average Recall     (AR) @[ IoU=0.50:0.95 | area= large | maxDets=100 ] = 0.800
[08/08 16:28:38 d2.evaluation.coco_evaluation]: Evaluation results for bbox: 
|   AP   |  AP50  |  AP75  |  APs  |  APm   |  APl   |
|:------:|:------:|:------:|:-----:|:------:|:------:|
| 72.692 | 95.130 | 91.137 |  nan  | 55.437 | 74.606 |
[08/08 16:28:38 d2.evaluation.coco_evaluation]: Some metrics cannot be computed and is shown as NaN.
Loading and preparing results...
DONE (t=0.00s)
creating index...
index created!
Running per image evaluation...
Evaluate annotation type *segm*
DONE (t=0.02s).
Accumulating evaluation results...
DONE (t=0.01s).
 Average Precision  (AP) @[ IoU=0.50:0.95 | area=   all | maxDets=100 ] = 0.741
 Average Precision  (AP) @[ IoU=0.50      | area=   all | maxDets=100 ] = 0.941
 Average Precision  (AP) @[ IoU=0.75      | area=   all | maxDets=100 ] = 0.900
 Average Precision  (AP) @[ IoU=0.50:0.95 | area= small | maxDets=100 ] = -1.000
 Average Precision  (AP) @[ IoU=0.50:0.95 | area=medium | maxDets=100 ] = 0.561
 Average Precision  (AP) @[ IoU=0.50:0.95 | area= large | maxDets=100 ] = 0.761
 Average Recall     (AR) @[ IoU=0.50:0.95 | area=   all | maxDets=  1 ] = 0.778
 Average Recall     (AR) @[ IoU=0.50:0.95 | area=   all | maxDets= 10 ] = 0.781
 Average Recall     (AR) @[ IoU=0.50:0.95 | area=   all | maxDets=100 ] = 0.781
 Average Recall     (AR) @[ IoU=0.50:0.95 | area= small | maxDets=100 ] = -1.000
 Average Recall     (AR) @[ IoU=0.50:0.95 | area=medium | maxDets=100 ] = 0.590
 Average Recall     (AR) @[ IoU=0.50:0.95 | area= large | maxDets=100 ] = 0.805
[08/08 16:28:38 d2.evaluation.coco_evaluation]: Evaluation results for segm: 
|   AP   |  AP50  |  AP75  |  APs  |  APm   |  APl   |
|:------:|:------:|:------:|:-----:|:------:|:------:|
| 74.096 | 94.128 | 89.991 |  nan  | 56.097 | 76.140 |
[08/08 16:28:38 d2.evaluation.coco_evaluation]: Some metrics cannot be computed and is shown as NaN.
[Iter 2 AP] → mAP@[.5:.95] = 74.096
[08/08 16:28:39 d2.utils.events]:  eta: 0:00:30  iter: 4619  total_loss: 0.1269  loss_cls: 0.0117  loss_box_reg: 0.0291  loss_mask: 0.08711  loss_rpn_cls: 4.529e-06  loss_rpn_loc: 0.001457    time: 0.0794  last_time: 0.0839  data_time: 0.0024  last_data_time: 0.0025   lr: 0.000125  max_mem: 1683M
[08/08 16:28:41 d2.utils.events]:  eta: 0:00:28  iter: 4639  total_loss: 0.1285  loss_cls: 0.01115  loss_box_reg: 0.0306  loss_mask: 0.08806  loss_rpn_cls: 8.87e-06  loss_rpn_loc: 0.00198    time: 0.0794  last_time: 0.0756  data_time: 0.0024  last_data_time: 0.0025   lr: 0.000125  max_mem: 1683M
[08/08 16:28:43 d2.utils.events]:  eta: 0:00:26  iter: 4659  total_loss: 0.146  loss_cls: 0.01391  loss_box_reg: 0.03122  loss_mask: 0.09792  loss_rpn_cls: 5.545e-06  loss_rpn_loc: 0.00183    time: 0.0795  last_time: 0.0744  data_time: 0.0023  last_data_time: 0.0023   lr: 0.000125  max_mem: 1683M
[08/08 16:28:44 d2.utils.events]:  eta: 0:00:25  iter: 4679  total_loss: 0.1517  loss_cls: 0.01768  loss_box_reg: 0.03652  loss_mask: 0.09393  loss_rpn_cls: 5.142e-06  loss_rpn_loc: 0.001928    time: 0.0794  last_time: 0.0829  data_time: 0.0024  last_data_time: 0.0024   lr: 0.000125  max_mem: 1683M
[08/08 16:28:46 d2.utils.events]:  eta: 0:00:23  iter: 4699  total_loss: 0.1388  loss_cls: 0.01232  loss_box_reg: 0.03273  loss_mask: 0.09247  loss_rpn_cls: 3.869e-06  loss_rpn_loc: 0.001617    time: 0.0794  last_time: 0.0795  data_time: 0.0024  last_data_time: 0.0026   lr: 0.000125  max_mem: 1683M
[08/08 16:28:46 d2.evaluation.coco_evaluation]: Fast COCO eval is not built. Falling back to official COCO eval.
[08/08 16:28:46 d2.data.datasets.coco]: Loaded 89 images in COCO format from /projects/PUCHALLA/LLP2024/tumor-segmentation/data/processed_data/rgb/test/images/test.json
[08/08 16:28:46 d2.data.dataset_mapper]: [DatasetMapper] Augmentations used in inference: [ResizeShortestEdge(short_edge_length=(800, 800), max_size=1333, sample_style='choice')]
[08/08 16:28:46 d2.data.common]: Serializing the dataset using: <class 'detectron2.data.common._TorchSerializedList'>
[08/08 16:28:46 d2.data.common]: Serializing 89 elements to byte tensors and concatenating them all ...
[08/08 16:28:46 d2.data.common]: Serialized dataset takes 0.07 MiB
[08/08 16:28:46 d2.evaluation.evaluator]: Start inference on 89 batches
[08/08 16:28:46 d2.evaluation.evaluator]: Inference done 11/89. Dataloading: 0.0005 s/iter. Inference: 0.0248 s/iter. Eval: 0.0003 s/iter. Total: 0.0256 s/iter. ETA=0:00:02
[08/08 16:28:48 d2.evaluation.evaluator]: Total inference time: 0:00:02.239192 (0.026657 s / iter per device, on 1 devices)
[08/08 16:28:48 d2.evaluation.evaluator]: Total inference pure compute time: 0:00:02 (0.024576 s / iter per device, on 1 devices)
[08/08 16:28:48 d2.evaluation.coco_evaluation]: Preparing results for COCO format ...
[08/08 16:28:48 d2.evaluation.coco_evaluation]: Saving results to ../../../../../models/rgb-testing/rerun-model-4-rgb/coco_instances_results.json
[08/08 16:28:48 d2.evaluation.coco_evaluation]: Evaluating predictions with official COCO API...
Loading and preparing results...
DONE (t=0.00s)
creating index...
index created!
Running per image evaluation...
Evaluate annotation type *bbox*
DONE (t=0.02s).
Accumulating evaluation results...
DONE (t=0.01s).
 Average Precision  (AP) @[ IoU=0.50:0.95 | area=   all | maxDets=100 ] = 0.740
 Average Precision  (AP) @[ IoU=0.50      | area=   all | maxDets=100 ] = 0.941
 Average Precision  (AP) @[ IoU=0.75      | area=   all | maxDets=100 ] = 0.910
 Average Precision  (AP) @[ IoU=0.50:0.95 | area= small | maxDets=100 ] = -1.000
 Average Precision  (AP) @[ IoU=0.50:0.95 | area=medium | maxDets=100 ] = 0.547
 Average Precision  (AP) @[ IoU=0.50:0.95 | area= large | maxDets=100 ] = 0.763
 Average Recall     (AR) @[ IoU=0.50:0.95 | area=   all | maxDets=  1 ] = 0.780
 Average Recall     (AR) @[ IoU=0.50:0.95 | area=   all | maxDets= 10 ] = 0.783
 Average Recall     (AR) @[ IoU=0.50:0.95 | area=   all | maxDets=100 ] = 0.783
 Average Recall     (AR) @[ IoU=0.50:0.95 | area= small | maxDets=100 ] = -1.000
 Average Recall     (AR) @[ IoU=0.50:0.95 | area=medium | maxDets=100 ] = 0.580
 Average Recall     (AR) @[ IoU=0.50:0.95 | area= large | maxDets=100 ] = 0.809
[08/08 16:28:48 d2.evaluation.coco_evaluation]: Evaluation results for bbox: 
|   AP   |  AP50  |  AP75  |  APs  |  APm   |  APl   |
|:------:|:------:|:------:|:-----:|:------:|:------:|
| 74.045 | 94.123 | 90.955 |  nan  | 54.678 | 76.262 |
[08/08 16:28:48 d2.evaluation.coco_evaluation]: Some metrics cannot be computed and is shown as NaN.
Loading and preparing results...
DONE (t=0.00s)
creating index...
index created!
Running per image evaluation...
Evaluate annotation type *segm*
DONE (t=0.02s).
Accumulating evaluation results...
DONE (t=0.01s).
 Average Precision  (AP) @[ IoU=0.50:0.95 | area=   all | maxDets=100 ] = 0.745
 Average Precision  (AP) @[ IoU=0.50      | area=   all | maxDets=100 ] = 0.941
 Average Precision  (AP) @[ IoU=0.75      | area=   all | maxDets=100 ] = 0.898
 Average Precision  (AP) @[ IoU=0.50:0.95 | area= small | maxDets=100 ] = -1.000
 Average Precision  (AP) @[ IoU=0.50:0.95 | area=medium | maxDets=100 ] = 0.556
 Average Precision  (AP) @[ IoU=0.50:0.95 | area= large | maxDets=100 ] = 0.766
 Average Recall     (AR) @[ IoU=0.50:0.95 | area=   all | maxDets=  1 ] = 0.778
 Average Recall     (AR) @[ IoU=0.50:0.95 | area=   all | maxDets= 10 ] = 0.781
 Average Recall     (AR) @[ IoU=0.50:0.95 | area=   all | maxDets=100 ] = 0.781
 Average Recall     (AR) @[ IoU=0.50:0.95 | area= small | maxDets=100 ] = -1.000
 Average Recall     (AR) @[ IoU=0.50:0.95 | area=medium | maxDets=100 ] = 0.590
 Average Recall     (AR) @[ IoU=0.50:0.95 | area= large | maxDets=100 ] = 0.805
[08/08 16:28:48 d2.evaluation.coco_evaluation]: Evaluation results for segm: 
|   AP   |  AP50  |  AP75  |  APs  |  APm   |  APl   |
|:------:|:------:|:------:|:-----:|:------:|:------:|
| 74.547 | 94.123 | 89.779 |  nan  | 55.619 | 76.616 |
[08/08 16:28:48 d2.evaluation.coco_evaluation]: Some metrics cannot be computed and is shown as NaN.
[Iter 2 AP] → mAP@[.5:.95] = 74.547
[08/08 16:28:50 d2.utils.events]:  eta: 0:00:22  iter: 4719  total_loss: 0.1704  loss_cls: 0.01421  loss_box_reg: 0.03707  loss_mask: 0.1103  loss_rpn_cls: 4.919e-06  loss_rpn_loc: 0.001971    time: 0.0794  last_time: 0.0814  data_time: 0.0024  last_data_time: 0.0021   lr: 0.000125  max_mem: 1683M
[08/08 16:28:51 d2.utils.events]:  eta: 0:00:20  iter: 4739  total_loss: 0.137  loss_cls: 0.01297  loss_box_reg: 0.02982  loss_mask: 0.08731  loss_rpn_cls: 5.516e-06  loss_rpn_loc: 0.001679    time: 0.0794  last_time: 0.0830  data_time: 0.0023  last_data_time: 0.0022   lr: 0.000125  max_mem: 1683M
[08/08 16:28:53 d2.utils.events]:  eta: 0:00:18  iter: 4759  total_loss: 0.1461  loss_cls: 0.01432  loss_box_reg: 0.03294  loss_mask: 0.09536  loss_rpn_cls: 9.335e-06  loss_rpn_loc: 0.001778    time: 0.0794  last_time: 0.0828  data_time: 0.0024  last_data_time: 0.0026   lr: 0.000125  max_mem: 1683M
[08/08 16:28:55 d2.utils.events]:  eta: 0:00:17  iter: 4779  total_loss: 0.1324  loss_cls: 0.01452  loss_box_reg: 0.03124  loss_mask: 0.08501  loss_rpn_cls: 1.023e-05  loss_rpn_loc: 0.001659    time: 0.0794  last_time: 0.0789  data_time: 0.0024  last_data_time: 0.0023   lr: 0.000125  max_mem: 1683M
[08/08 16:28:56 d2.utils.events]:  eta: 0:00:15  iter: 4799  total_loss: 0.1428  loss_cls: 0.01412  loss_box_reg: 0.03289  loss_mask: 0.09112  loss_rpn_cls: 2.601e-05  loss_rpn_loc: 0.002283    time: 0.0794  last_time: 0.0720  data_time: 0.0023  last_data_time: 0.0022   lr: 0.000125  max_mem: 1683M
[08/08 16:28:56 d2.evaluation.coco_evaluation]: Fast COCO eval is not built. Falling back to official COCO eval.
[08/08 16:28:56 d2.data.datasets.coco]: Loaded 89 images in COCO format from /projects/PUCHALLA/LLP2024/tumor-segmentation/data/processed_data/rgb/test/images/test.json
[08/08 16:28:56 d2.data.dataset_mapper]: [DatasetMapper] Augmentations used in inference: [ResizeShortestEdge(short_edge_length=(800, 800), max_size=1333, sample_style='choice')]
[08/08 16:28:56 d2.data.common]: Serializing the dataset using: <class 'detectron2.data.common._TorchSerializedList'>
[08/08 16:28:56 d2.data.common]: Serializing 89 elements to byte tensors and concatenating them all ...
[08/08 16:28:56 d2.data.common]: Serialized dataset takes 0.07 MiB
[08/08 16:28:56 d2.evaluation.evaluator]: Start inference on 89 batches
[08/08 16:28:57 d2.evaluation.evaluator]: Inference done 11/89. Dataloading: 0.0006 s/iter. Inference: 0.0252 s/iter. Eval: 0.0004 s/iter. Total: 0.0262 s/iter. ETA=0:00:02
[08/08 16:28:59 d2.evaluation.evaluator]: Total inference time: 0:00:02.236419 (0.026624 s / iter per device, on 1 devices)
[08/08 16:28:59 d2.evaluation.evaluator]: Total inference pure compute time: 0:00:02 (0.024543 s / iter per device, on 1 devices)
[08/08 16:28:59 d2.evaluation.coco_evaluation]: Preparing results for COCO format ...
[08/08 16:28:59 d2.evaluation.coco_evaluation]: Saving results to ../../../../../models/rgb-testing/rerun-model-4-rgb/coco_instances_results.json
[08/08 16:28:59 d2.evaluation.coco_evaluation]: Evaluating predictions with official COCO API...
Loading and preparing results...
DONE (t=0.00s)
creating index...
index created!
Running per image evaluation...
Evaluate annotation type *bbox*
DONE (t=0.02s).
Accumulating evaluation results...
DONE (t=0.01s).
 Average Precision  (AP) @[ IoU=0.50:0.95 | area=   all | maxDets=100 ] = 0.729
 Average Precision  (AP) @[ IoU=0.50      | area=   all | maxDets=100 ] = 0.951
 Average Precision  (AP) @[ IoU=0.75      | area=   all | maxDets=100 ] = 0.910
 Average Precision  (AP) @[ IoU=0.50:0.95 | area= small | maxDets=100 ] = -1.000
 Average Precision  (AP) @[ IoU=0.50:0.95 | area=medium | maxDets=100 ] = 0.551
 Average Precision  (AP) @[ IoU=0.50:0.95 | area= large | maxDets=100 ] = 0.750
 Average Recall     (AR) @[ IoU=0.50:0.95 | area=   all | maxDets=  1 ] = 0.772
 Average Recall     (AR) @[ IoU=0.50:0.95 | area=   all | maxDets= 10 ] = 0.778
 Average Recall     (AR) @[ IoU=0.50:0.95 | area=   all | maxDets=100 ] = 0.778
 Average Recall     (AR) @[ IoU=0.50:0.95 | area= small | maxDets=100 ] = -1.000
 Average Recall     (AR) @[ IoU=0.50:0.95 | area=medium | maxDets=100 ] = 0.580
 Average Recall     (AR) @[ IoU=0.50:0.95 | area= large | maxDets=100 ] = 0.803
[08/08 16:28:59 d2.evaluation.coco_evaluation]: Evaluation results for bbox: 
|   AP   |  AP50  |  AP75  |  APs  |  APm   |  APl   |
|:------:|:------:|:------:|:-----:|:------:|:------:|
| 72.873 | 95.063 | 91.000 |  nan  | 55.091 | 75.023 |
[08/08 16:28:59 d2.evaluation.coco_evaluation]: Some metrics cannot be computed and is shown as NaN.
Loading and preparing results...
DONE (t=0.00s)
creating index...
index created!
Running per image evaluation...
Evaluate annotation type *segm*
DONE (t=0.02s).
Accumulating evaluation results...
DONE (t=0.01s).
 Average Precision  (AP) @[ IoU=0.50:0.95 | area=   all | maxDets=100 ] = 0.747
 Average Precision  (AP) @[ IoU=0.50      | area=   all | maxDets=100 ] = 0.940
 Average Precision  (AP) @[ IoU=0.75      | area=   all | maxDets=100 ] = 0.908
 Average Precision  (AP) @[ IoU=0.50:0.95 | area= small | maxDets=100 ] = -1.000
 Average Precision  (AP) @[ IoU=0.50:0.95 | area=medium | maxDets=100 ] = 0.558
 Average Precision  (AP) @[ IoU=0.50:0.95 | area= large | maxDets=100 ] = 0.770
 Average Recall     (AR) @[ IoU=0.50:0.95 | area=   all | maxDets=  1 ] = 0.779
 Average Recall     (AR) @[ IoU=0.50:0.95 | area=   all | maxDets= 10 ] = 0.785
 Average Recall     (AR) @[ IoU=0.50:0.95 | area=   all | maxDets=100 ] = 0.785
 Average Recall     (AR) @[ IoU=0.50:0.95 | area= small | maxDets=100 ] = -1.000
 Average Recall     (AR) @[ IoU=0.50:0.95 | area=medium | maxDets=100 ] = 0.590
 Average Recall     (AR) @[ IoU=0.50:0.95 | area= large | maxDets=100 ] = 0.810
[08/08 16:28:59 d2.evaluation.coco_evaluation]: Evaluation results for segm: 
|   AP   |  AP50  |  AP75  |  APs  |  APm   |  APl   |
|:------:|:------:|:------:|:-----:|:------:|:------:|
| 74.678 | 94.048 | 90.780 |  nan  | 55.800 | 77.006 |
[08/08 16:28:59 d2.evaluation.coco_evaluation]: Some metrics cannot be computed and is shown as NaN.
[Iter 2 AP] → mAP@[.5:.95] = 74.678
[08/08 16:29:00 d2.utils.events]:  eta: 0:00:14  iter: 4819  total_loss: 0.1396  loss_cls: 0.01472  loss_box_reg: 0.03379  loss_mask: 0.09127  loss_rpn_cls: 4.169e-06  loss_rpn_loc: 0.001993    time: 0.0794  last_time: 0.0788  data_time: 0.0024  last_data_time: 0.0024   lr: 0.000125  max_mem: 1683M
[08/08 16:29:02 d2.utils.events]:  eta: 0:00:12  iter: 4839  total_loss: 0.1426  loss_cls: 0.01268  loss_box_reg: 0.034  loss_mask: 0.09074  loss_rpn_cls: 4.699e-06  loss_rpn_loc: 0.001751    time: 0.0794  last_time: 0.0796  data_time: 0.0024  last_data_time: 0.0025   lr: 0.000125  max_mem: 1683M
[08/08 16:29:03 d2.utils.events]:  eta: 0:00:11  iter: 4859  total_loss: 0.1492  loss_cls: 0.01351  loss_box_reg: 0.03352  loss_mask: 0.09944  loss_rpn_cls: 1.337e-06  loss_rpn_loc: 0.001969    time: 0.0794  last_time: 0.0793  data_time: 0.0023  last_data_time: 0.0021   lr: 0.000125  max_mem: 1683M
[08/08 16:29:05 d2.utils.events]:  eta: 0:00:09  iter: 4879  total_loss: 0.1363  loss_cls: 0.01405  loss_box_reg: 0.03569  loss_mask: 0.08464  loss_rpn_cls: 1.54e-05  loss_rpn_loc: 0.001769    time: 0.0794  last_time: 0.0746  data_time: 0.0023  last_data_time: 0.0022   lr: 0.000125  max_mem: 1683M
[08/08 16:29:07 d2.utils.events]:  eta: 0:00:07  iter: 4899  total_loss: 0.1588  loss_cls: 0.01527  loss_box_reg: 0.03849  loss_mask: 0.09887  loss_rpn_cls: 4.392e-06  loss_rpn_loc: 0.001891    time: 0.0794  last_time: 0.0801  data_time: 0.0024  last_data_time: 0.0025   lr: 0.000125  max_mem: 1683M
[08/08 16:29:07 d2.evaluation.coco_evaluation]: Fast COCO eval is not built. Falling back to official COCO eval.
[08/08 16:29:07 d2.data.datasets.coco]: Loaded 89 images in COCO format from /projects/PUCHALLA/LLP2024/tumor-segmentation/data/processed_data/rgb/test/images/test.json
[08/08 16:29:07 d2.data.dataset_mapper]: [DatasetMapper] Augmentations used in inference: [ResizeShortestEdge(short_edge_length=(800, 800), max_size=1333, sample_style='choice')]
[08/08 16:29:07 d2.data.common]: Serializing the dataset using: <class 'detectron2.data.common._TorchSerializedList'>
[08/08 16:29:07 d2.data.common]: Serializing 89 elements to byte tensors and concatenating them all ...
[08/08 16:29:07 d2.data.common]: Serialized dataset takes 0.07 MiB
[08/08 16:29:07 d2.evaluation.evaluator]: Start inference on 89 batches
[08/08 16:29:07 d2.evaluation.evaluator]: Inference done 11/89. Dataloading: 0.0005 s/iter. Inference: 0.0247 s/iter. Eval: 0.0003 s/iter. Total: 0.0256 s/iter. ETA=0:00:01
[08/08 16:29:09 d2.evaluation.evaluator]: Total inference time: 0:00:02.208051 (0.026286 s / iter per device, on 1 devices)
[08/08 16:29:09 d2.evaluation.evaluator]: Total inference pure compute time: 0:00:02 (0.024239 s / iter per device, on 1 devices)
[08/08 16:29:09 d2.evaluation.coco_evaluation]: Preparing results for COCO format ...
[08/08 16:29:09 d2.evaluation.coco_evaluation]: Saving results to ../../../../../models/rgb-testing/rerun-model-4-rgb/coco_instances_results.json
[08/08 16:29:09 d2.evaluation.coco_evaluation]: Evaluating predictions with official COCO API...
Loading and preparing results...
DONE (t=0.00s)
creating index...
index created!
Running per image evaluation...
Evaluate annotation type *bbox*
DONE (t=0.02s).
Accumulating evaluation results...
DONE (t=0.01s).
 Average Precision  (AP) @[ IoU=0.50:0.95 | area=   all | maxDets=100 ] = 0.742
 Average Precision  (AP) @[ IoU=0.50      | area=   all | maxDets=100 ] = 0.953
 Average Precision  (AP) @[ IoU=0.75      | area=   all | maxDets=100 ] = 0.902
 Average Precision  (AP) @[ IoU=0.50:0.95 | area= small | maxDets=100 ] = -1.000
 Average Precision  (AP) @[ IoU=0.50:0.95 | area=medium | maxDets=100 ] = 0.551
 Average Precision  (AP) @[ IoU=0.50:0.95 | area= large | maxDets=100 ] = 0.763
 Average Recall     (AR) @[ IoU=0.50:0.95 | area=   all | maxDets=  1 ] = 0.781
 Average Recall     (AR) @[ IoU=0.50:0.95 | area=   all | maxDets= 10 ] = 0.784
 Average Recall     (AR) @[ IoU=0.50:0.95 | area=   all | maxDets=100 ] = 0.784
 Average Recall     (AR) @[ IoU=0.50:0.95 | area= small | maxDets=100 ] = -1.000
 Average Recall     (AR) @[ IoU=0.50:0.95 | area=medium | maxDets=100 ] = 0.580
 Average Recall     (AR) @[ IoU=0.50:0.95 | area= large | maxDets=100 ] = 0.810
[08/08 16:29:09 d2.evaluation.coco_evaluation]: Evaluation results for bbox: 
|   AP   |  AP50  |  AP75  |  APs  |  APm   |  APl   |
|:------:|:------:|:------:|:-----:|:------:|:------:|
| 74.156 | 95.305 | 90.154 |  nan  | 55.091 | 76.301 |
[08/08 16:29:09 d2.evaluation.coco_evaluation]: Some metrics cannot be computed and is shown as NaN.
Loading and preparing results...
DONE (t=0.00s)
creating index...
index created!
Running per image evaluation...
Evaluate annotation type *segm*
DONE (t=0.02s).
Accumulating evaluation results...
DONE (t=0.01s).
 Average Precision  (AP) @[ IoU=0.50:0.95 | area=   all | maxDets=100 ] = 0.749
 Average Precision  (AP) @[ IoU=0.50      | area=   all | maxDets=100 ] = 0.943
 Average Precision  (AP) @[ IoU=0.75      | area=   all | maxDets=100 ] = 0.901
 Average Precision  (AP) @[ IoU=0.50:0.95 | area= small | maxDets=100 ] = -1.000
 Average Precision  (AP) @[ IoU=0.50:0.95 | area=medium | maxDets=100 ] = 0.558
 Average Precision  (AP) @[ IoU=0.50:0.95 | area= large | maxDets=100 ] = 0.771
 Average Recall     (AR) @[ IoU=0.50:0.95 | area=   all | maxDets=  1 ] = 0.780
 Average Recall     (AR) @[ IoU=0.50:0.95 | area=   all | maxDets= 10 ] = 0.783
 Average Recall     (AR) @[ IoU=0.50:0.95 | area=   all | maxDets=100 ] = 0.783
 Average Recall     (AR) @[ IoU=0.50:0.95 | area= small | maxDets=100 ] = -1.000
 Average Recall     (AR) @[ IoU=0.50:0.95 | area=medium | maxDets=100 ] = 0.590
 Average Recall     (AR) @[ IoU=0.50:0.95 | area= large | maxDets=100 ] = 0.808
[08/08 16:29:09 d2.evaluation.coco_evaluation]: Evaluation results for segm: 
|   AP   |  AP50  |  AP75  |  APs  |  APm   |  APl   |
|:------:|:------:|:------:|:-----:|:------:|:------:|
| 74.910 | 94.304 | 90.062 |  nan  | 55.759 | 77.107 |
[08/08 16:29:09 d2.evaluation.coco_evaluation]: Some metrics cannot be computed and is shown as NaN.
[Iter 2 AP] → mAP@[.5:.95] = 74.910
[08/08 16:29:11 d2.utils.events]:  eta: 0:00:06  iter: 4919  total_loss: 0.1618  loss_cls: 0.0152  loss_box_reg: 0.03637  loss_mask: 0.1038  loss_rpn_cls: 1.116e-05  loss_rpn_loc: 0.001946    time: 0.0794  last_time: 0.0828  data_time: 0.0023  last_data_time: 0.0021   lr: 0.000125  max_mem: 1683M
[08/08 16:29:12 d2.utils.events]:  eta: 0:00:04  iter: 4939  total_loss: 0.1546  loss_cls: 0.01482  loss_box_reg: 0.03995  loss_mask: 0.09549  loss_rpn_cls: 1.354e-05  loss_rpn_loc: 0.001814    time: 0.0794  last_time: 0.0796  data_time: 0.0023  last_data_time: 0.0024   lr: 0.000125  max_mem: 1683M
[08/08 16:29:14 d2.utils.events]:  eta: 0:00:03  iter: 4959  total_loss: 0.137  loss_cls: 0.01456  loss_box_reg: 0.03507  loss_mask: 0.08964  loss_rpn_cls: 2.473e-05  loss_rpn_loc: 0.002146    time: 0.0794  last_time: 0.0809  data_time: 0.0025  last_data_time: 0.0025   lr: 0.000125  max_mem: 1683M
[08/08 16:29:15 d2.utils.events]:  eta: 0:00:01  iter: 4979  total_loss: 0.1469  loss_cls: 0.01606  loss_box_reg: 0.03441  loss_mask: 0.09948  loss_rpn_cls: 3.652e-06  loss_rpn_loc: 0.001947    time: 0.0794  last_time: 0.0806  data_time: 0.0024  last_data_time: 0.0022   lr: 0.000125  max_mem: 1683M
[08/08 16:29:18 d2.utils.events]:  eta: 0:00:00  iter: 4999  total_loss: 0.1478  loss_cls: 0.0142  loss_box_reg: 0.03246  loss_mask: 0.09325  loss_rpn_cls: 6.92e-06  loss_rpn_loc: 0.001893    time: 0.0794  last_time: 0.0815  data_time: 0.0022  last_data_time: 0.0022   lr: 0.000125  max_mem: 1683M
[08/08 16:29:18 d2.engine.hooks]: Overall training speed: 4998 iterations in 0:06:36 (0.0794 s / it)
[08/08 16:29:18 d2.engine.hooks]: Total training time: 0:08:46 (0:02:09 on hooks)
[08/08 16:29:18 d2.data.dataset_mapper]: [DatasetMapper] Augmentations used in inference: [ResizeShortestEdge(short_edge_length=(800, 800), max_size=1333, sample_style='choice')]
[08/08 16:29:18 d2.data.datasets.coco]: Loaded 89 images in COCO format from /projects/PUCHALLA/LLP2024/tumor-segmentation/data/processed_data/rgb/test/images/test.json
[08/08 16:29:18 d2.data.common]: Serializing the dataset using: <class 'detectron2.data.common._TorchSerializedList'>
[08/08 16:29:18 d2.data.common]: Serializing 89 elements to byte tensors and concatenating them all ...
[08/08 16:29:18 d2.data.common]: Serialized dataset takes 0.07 MiB
[08/08 16:29:18 d2.evaluation.coco_evaluation]: Fast COCO eval is not built. Falling back to official COCO eval.
WARNING [08/08 16:29:18 d2.evaluation.coco_evaluation]: COCO Evaluator instantiated using config, this is deprecated behavior. Please pass in explicit arguments instead.
[08/08 16:29:18 d2.evaluation.evaluator]: Start inference on 89 batches
[08/08 16:29:18 d2.evaluation.evaluator]: Inference done 11/89. Dataloading: 0.0005 s/iter. Inference: 0.0238 s/iter. Eval: 0.0003 s/iter. Total: 0.0246 s/iter. ETA=0:00:01
[08/08 16:29:20 d2.evaluation.evaluator]: Total inference time: 0:00:02.197391 (0.026159 s / iter per device, on 1 devices)
[08/08 16:29:20 d2.evaluation.evaluator]: Total inference pure compute time: 0:00:02 (0.024155 s / iter per device, on 1 devices)
[08/08 16:29:20 d2.evaluation.coco_evaluation]: Preparing results for COCO format ...
[08/08 16:29:20 d2.evaluation.coco_evaluation]: Saving results to ../../../../../models/rgb-testing/rerun-model-4-rgb/coco_instances_results.json
[08/08 16:29:20 d2.evaluation.coco_evaluation]: Evaluating predictions with official COCO API...
Loading and preparing results...
DONE (t=0.00s)
creating index...
index created!
Running per image evaluation...
Evaluate annotation type *bbox*
DONE (t=0.02s).
Accumulating evaluation results...
DONE (t=0.01s).
 Average Precision  (AP) @[ IoU=0.50:0.95 | area=   all | maxDets=100 ] = 0.744
 Average Precision  (AP) @[ IoU=0.50      | area=   all | maxDets=100 ] = 0.951
 Average Precision  (AP) @[ IoU=0.75      | area=   all | maxDets=100 ] = 0.920
 Average Precision  (AP) @[ IoU=0.50:0.95 | area= small | maxDets=100 ] = -1.000
 Average Precision  (AP) @[ IoU=0.50:0.95 | area=medium | maxDets=100 ] = 0.554
 Average Precision  (AP) @[ IoU=0.50:0.95 | area= large | maxDets=100 ] = 0.768
 Average Recall     (AR) @[ IoU=0.50:0.95 | area=   all | maxDets=  1 ] = 0.791
 Average Recall     (AR) @[ IoU=0.50:0.95 | area=   all | maxDets= 10 ] = 0.793
 Average Recall     (AR) @[ IoU=0.50:0.95 | area=   all | maxDets=100 ] = 0.793
 Average Recall     (AR) @[ IoU=0.50:0.95 | area= small | maxDets=100 ] = -1.000
 Average Recall     (AR) @[ IoU=0.50:0.95 | area=medium | maxDets=100 ] = 0.590
 Average Recall     (AR) @[ IoU=0.50:0.95 | area= large | maxDets=100 ] = 0.819
[08/08 16:29:20 d2.evaluation.coco_evaluation]: Evaluation results for bbox: 
|   AP   |  AP50  |  AP75  |  APs  |  APm   |  APl   |
|:------:|:------:|:------:|:-----:|:------:|:------:|
| 74.411 | 95.082 | 91.968 |  nan  | 55.371 | 76.793 |
[08/08 16:29:20 d2.evaluation.coco_evaluation]: Some metrics cannot be computed and is shown as NaN.
Loading and preparing results...
DONE (t=0.00s)
creating index...
index created!
Running per image evaluation...
Evaluate annotation type *segm*
DONE (t=0.02s).
Accumulating evaluation results...
DONE (t=0.01s).
 Average Precision  (AP) @[ IoU=0.50:0.95 | area=   all | maxDets=100 ] = 0.753
 Average Precision  (AP) @[ IoU=0.50      | area=   all | maxDets=100 ] = 0.951
 Average Precision  (AP) @[ IoU=0.75      | area=   all | maxDets=100 ] = 0.908
 Average Precision  (AP) @[ IoU=0.50:0.95 | area= small | maxDets=100 ] = -1.000
 Average Precision  (AP) @[ IoU=0.50:0.95 | area=medium | maxDets=100 ] = 0.544
 Average Precision  (AP) @[ IoU=0.50:0.95 | area= large | maxDets=100 ] = 0.778
 Average Recall     (AR) @[ IoU=0.50:0.95 | area=   all | maxDets=  1 ] = 0.787
 Average Recall     (AR) @[ IoU=0.50:0.95 | area=   all | maxDets= 10 ] = 0.790
 Average Recall     (AR) @[ IoU=0.50:0.95 | area=   all | maxDets=100 ] = 0.790
 Average Recall     (AR) @[ IoU=0.50:0.95 | area= small | maxDets=100 ] = -1.000
 Average Recall     (AR) @[ IoU=0.50:0.95 | area=medium | maxDets=100 ] = 0.580
 Average Recall     (AR) @[ IoU=0.50:0.95 | area= large | maxDets=100 ] = 0.816
[08/08 16:29:20 d2.evaluation.coco_evaluation]: Evaluation results for segm: 
|   AP   |  AP50  |  AP75  |  APs  |  APm   |  APl   |
|:------:|:------:|:------:|:-----:|:------:|:------:|
| 75.324 | 95.082 | 90.825 |  nan  | 54.356 | 77.829 |
[08/08 16:29:20 d2.evaluation.coco_evaluation]: Some metrics cannot be computed and is shown as NaN.
[08/08 16:29:20 d2.engine.defaults]: Evaluation results for my_dataset_test in csv format:
[08/08 16:29:20 d2.evaluation.testing]: copypaste: Task: bbox
[08/08 16:29:20 d2.evaluation.testing]: copypaste: AP,AP50,AP75,APs,APm,APl
[08/08 16:29:20 d2.evaluation.testing]: copypaste: 74.4106,95.0819,91.9678,nan,55.3713,76.7926
[08/08 16:29:20 d2.evaluation.testing]: copypaste: Task: segm
[08/08 16:29:20 d2.evaluation.testing]: copypaste: AP,AP50,AP75,APs,APm,APl
[08/08 16:29:20 d2.evaluation.testing]: copypaste: 75.3238,95.0819,90.8246,nan,54.3564,77.8290
Training Completed, now saving plots....
Saved loss curves to ../slurm_output/loss_plots/rerun-model-4-rgb_loss_plot.png
Saved AP curve to ../slurm_output/AP_Fig/rerun-model-4-rgb_AP_plot.png
