Check logs below to see if args are correct:
Name: rgd-5000-1
Iterations: 5000
RGB: false
Depth: false
RGD: true
Split Cashe: false
Path: ../../
Running tests...
Skipping tests as SKIP_TEST=true
Running training script...
Init Dataset
--DEBUGGING SPLIT_CASHE----
SPLIT_CASHE is False
Created 411 annotations for images in folder: /projects/PUCHALLA/LLP2024/tumor-segmentation/data/processed_data/rgb/train/masks
Created 88 annotations for images in folder: /projects/PUCHALLA/LLP2024/tumor-segmentation/data/processed_data/rgb/val/masks
Created 89 annotations for images in folder: /projects/PUCHALLA/LLP2024/tumor-segmentation/data/processed_data/rgb/test/masks
Created 411 annotations for images in folder: /projects/PUCHALLA/LLP2024/tumor-segmentation/data/processed_data/depth/train/masks
Created 88 annotations for images in folder: /projects/PUCHALLA/LLP2024/tumor-segmentation/data/processed_data/depth/val/masks
Created 89 annotations for images in folder: /projects/PUCHALLA/LLP2024/tumor-segmentation/data/processed_data/depth/test/masks
Created 411 annotations for images in folder: /projects/PUCHALLA/LLP2024/tumor-segmentation/data/processed_data/rgd/train/masks
Created 88 annotations for images in folder: /projects/PUCHALLA/LLP2024/tumor-segmentation/data/processed_data/rgd/val/masks
Created 89 annotations for images in folder: /projects/PUCHALLA/LLP2024/tumor-segmentation/data/processed_data/rgd/test/masks
[08/15 07:11:07 d2.data.datasets.coco]: Loaded 411 images in COCO format from /projects/PUCHALLA/LLP2024/tumor-segmentation/data/processed_data/rgd/train/images/train.json
[08/15 07:11:07 d2.data.datasets.coco]: Loaded 88 images in COCO format from /projects/PUCHALLA/LLP2024/tumor-segmentation/data/processed_data/rgd/val/images/val.json
[08/15 07:11:07 d2.data.datasets.coco]: Loaded 89 images in COCO format from /projects/PUCHALLA/LLP2024/tumor-segmentation/data/processed_data/rgd/test/images/test.json
[08/15 07:11:08 d2.engine.defaults]: Model:
GeneralizedRCNN(
  (backbone): FPN(
    (fpn_lateral2): Conv2d(256, 256, kernel_size=(1, 1), stride=(1, 1))
    (fpn_output2): Conv2d(256, 256, kernel_size=(3, 3), stride=(1, 1), padding=(1, 1))
    (fpn_lateral3): Conv2d(512, 256, kernel_size=(1, 1), stride=(1, 1))
    (fpn_output3): Conv2d(256, 256, kernel_size=(3, 3), stride=(1, 1), padding=(1, 1))
    (fpn_lateral4): Conv2d(1024, 256, kernel_size=(1, 1), stride=(1, 1))
    (fpn_output4): Conv2d(256, 256, kernel_size=(3, 3), stride=(1, 1), padding=(1, 1))
    (fpn_lateral5): Conv2d(2048, 256, kernel_size=(1, 1), stride=(1, 1))
    (fpn_output5): Conv2d(256, 256, kernel_size=(3, 3), stride=(1, 1), padding=(1, 1))
    (top_block): LastLevelMaxPool()
    (bottom_up): ResNet(
      (stem): BasicStem(
        (conv1): Conv2d(
          3, 64, kernel_size=(7, 7), stride=(2, 2), padding=(3, 3), bias=False
          (norm): FrozenBatchNorm2d(num_features=64, eps=1e-05)
        )
      )
      (res2): Sequential(
        (0): BottleneckBlock(
          (shortcut): Conv2d(
            64, 256, kernel_size=(1, 1), stride=(1, 1), bias=False
            (norm): FrozenBatchNorm2d(num_features=256, eps=1e-05)
          )
          (conv1): Conv2d(
            64, 64, kernel_size=(1, 1), stride=(1, 1), bias=False
            (norm): FrozenBatchNorm2d(num_features=64, eps=1e-05)
          )
          (conv2): Conv2d(
            64, 64, kernel_size=(3, 3), stride=(1, 1), padding=(1, 1), bias=False
            (norm): FrozenBatchNorm2d(num_features=64, eps=1e-05)
          )
          (conv3): Conv2d(
            64, 256, kernel_size=(1, 1), stride=(1, 1), bias=False
            (norm): FrozenBatchNorm2d(num_features=256, eps=1e-05)
          )
        )
        (1): BottleneckBlock(
          (conv1): Conv2d(
            256, 64, kernel_size=(1, 1), stride=(1, 1), bias=False
            (norm): FrozenBatchNorm2d(num_features=64, eps=1e-05)
          )
          (conv2): Conv2d(
            64, 64, kernel_size=(3, 3), stride=(1, 1), padding=(1, 1), bias=False
            (norm): FrozenBatchNorm2d(num_features=64, eps=1e-05)
          )
          (conv3): Conv2d(
            64, 256, kernel_size=(1, 1), stride=(1, 1), bias=False
            (norm): FrozenBatchNorm2d(num_features=256, eps=1e-05)
          )
        )
        (2): BottleneckBlock(
          (conv1): Conv2d(
            256, 64, kernel_size=(1, 1), stride=(1, 1), bias=False
            (norm): FrozenBatchNorm2d(num_features=64, eps=1e-05)
          )
          (conv2): Conv2d(
            64, 64, kernel_size=(3, 3), stride=(1, 1), padding=(1, 1), bias=False
            (norm): FrozenBatchNorm2d(num_features=64, eps=1e-05)
          )
          (conv3): Conv2d(
            64, 256, kernel_size=(1, 1), stride=(1, 1), bias=False
            (norm): FrozenBatchNorm2d(num_features=256, eps=1e-05)
          )
        )
      )
      (res3): Sequential(
        (0): BottleneckBlock(
          (shortcut): Conv2d(
            256, 512, kernel_size=(1, 1), stride=(2, 2), bias=False
            (norm): FrozenBatchNorm2d(num_features=512, eps=1e-05)
          )
          (conv1): Conv2d(
            256, 128, kernel_size=(1, 1), stride=(2, 2), bias=False
            (norm): FrozenBatchNorm2d(num_features=128, eps=1e-05)
          )
          (conv2): Conv2d(
            128, 128, kernel_size=(3, 3), stride=(1, 1), padding=(1, 1), bias=False
            (norm): FrozenBatchNorm2d(num_features=128, eps=1e-05)
          )
          (conv3): Conv2d(
            128, 512, kernel_size=(1, 1), stride=(1, 1), bias=False
            (norm): FrozenBatchNorm2d(num_features=512, eps=1e-05)
          )
        )
        (1): BottleneckBlock(
          (conv1): Conv2d(
            512, 128, kernel_size=(1, 1), stride=(1, 1), bias=False
            (norm): FrozenBatchNorm2d(num_features=128, eps=1e-05)
          )
          (conv2): Conv2d(
            128, 128, kernel_size=(3, 3), stride=(1, 1), padding=(1, 1), bias=False
            (norm): FrozenBatchNorm2d(num_features=128, eps=1e-05)
          )
          (conv3): Conv2d(
            128, 512, kernel_size=(1, 1), stride=(1, 1), bias=False
            (norm): FrozenBatchNorm2d(num_features=512, eps=1e-05)
          )
        )
        (2): BottleneckBlock(
          (conv1): Conv2d(
            512, 128, kernel_size=(1, 1), stride=(1, 1), bias=False
            (norm): FrozenBatchNorm2d(num_features=128, eps=1e-05)
          )
          (conv2): Conv2d(
            128, 128, kernel_size=(3, 3), stride=(1, 1), padding=(1, 1), bias=False
            (norm): FrozenBatchNorm2d(num_features=128, eps=1e-05)
          )
          (conv3): Conv2d(
            128, 512, kernel_size=(1, 1), stride=(1, 1), bias=False
            (norm): FrozenBatchNorm2d(num_features=512, eps=1e-05)
          )
        )
        (3): BottleneckBlock(
          (conv1): Conv2d(
            512, 128, kernel_size=(1, 1), stride=(1, 1), bias=False
            (norm): FrozenBatchNorm2d(num_features=128, eps=1e-05)
          )
          (conv2): Conv2d(
            128, 128, kernel_size=(3, 3), stride=(1, 1), padding=(1, 1), bias=False
            (norm): FrozenBatchNorm2d(num_features=128, eps=1e-05)
          )
          (conv3): Conv2d(
            128, 512, kernel_size=(1, 1), stride=(1, 1), bias=False
            (norm): FrozenBatchNorm2d(num_features=512, eps=1e-05)
          )
        )
      )
      (res4): Sequential(
        (0): BottleneckBlock(
          (shortcut): Conv2d(
            512, 1024, kernel_size=(1, 1), stride=(2, 2), bias=False
            (norm): FrozenBatchNorm2d(num_features=1024, eps=1e-05)
          )
          (conv1): Conv2d(
            512, 256, kernel_size=(1, 1), stride=(2, 2), bias=False
            (norm): FrozenBatchNorm2d(num_features=256, eps=1e-05)
          )
          (conv2): Conv2d(
            256, 256, kernel_size=(3, 3), stride=(1, 1), padding=(1, 1), bias=False
            (norm): FrozenBatchNorm2d(num_features=256, eps=1e-05)
          )
          (conv3): Conv2d(
            256, 1024, kernel_size=(1, 1), stride=(1, 1), bias=False
            (norm): FrozenBatchNorm2d(num_features=1024, eps=1e-05)
          )
        )
        (1): BottleneckBlock(
          (conv1): Conv2d(
            1024, 256, kernel_size=(1, 1), stride=(1, 1), bias=False
            (norm): FrozenBatchNorm2d(num_features=256, eps=1e-05)
          )
          (conv2): Conv2d(
            256, 256, kernel_size=(3, 3), stride=(1, 1), padding=(1, 1), bias=False
            (norm): FrozenBatchNorm2d(num_features=256, eps=1e-05)
          )
          (conv3): Conv2d(
            256, 1024, kernel_size=(1, 1), stride=(1, 1), bias=False
            (norm): FrozenBatchNorm2d(num_features=1024, eps=1e-05)
          )
        )
        (2): BottleneckBlock(
          (conv1): Conv2d(
            1024, 256, kernel_size=(1, 1), stride=(1, 1), bias=False
            (norm): FrozenBatchNorm2d(num_features=256, eps=1e-05)
          )
          (conv2): Conv2d(
            256, 256, kernel_size=(3, 3), stride=(1, 1), padding=(1, 1), bias=False
            (norm): FrozenBatchNorm2d(num_features=256, eps=1e-05)
          )
          (conv3): Conv2d(
            256, 1024, kernel_size=(1, 1), stride=(1, 1), bias=False
            (norm): FrozenBatchNorm2d(num_features=1024, eps=1e-05)
          )
        )
        (3): BottleneckBlock(
          (conv1): Conv2d(
            1024, 256, kernel_size=(1, 1), stride=(1, 1), bias=False
            (norm): FrozenBatchNorm2d(num_features=256, eps=1e-05)
          )
          (conv2): Conv2d(
            256, 256, kernel_size=(3, 3), stride=(1, 1), padding=(1, 1), bias=False
            (norm): FrozenBatchNorm2d(num_features=256, eps=1e-05)
          )
          (conv3): Conv2d(
            256, 1024, kernel_size=(1, 1), stride=(1, 1), bias=False
            (norm): FrozenBatchNorm2d(num_features=1024, eps=1e-05)
          )
        )
        (4): BottleneckBlock(
          (conv1): Conv2d(
            1024, 256, kernel_size=(1, 1), stride=(1, 1), bias=False
            (norm): FrozenBatchNorm2d(num_features=256, eps=1e-05)
          )
          (conv2): Conv2d(
            256, 256, kernel_size=(3, 3), stride=(1, 1), padding=(1, 1), bias=False
            (norm): FrozenBatchNorm2d(num_features=256, eps=1e-05)
          )
          (conv3): Conv2d(
            256, 1024, kernel_size=(1, 1), stride=(1, 1), bias=False
            (norm): FrozenBatchNorm2d(num_features=1024, eps=1e-05)
          )
        )
        (5): BottleneckBlock(
          (conv1): Conv2d(
            1024, 256, kernel_size=(1, 1), stride=(1, 1), bias=False
            (norm): FrozenBatchNorm2d(num_features=256, eps=1e-05)
          )
          (conv2): Conv2d(
            256, 256, kernel_size=(3, 3), stride=(1, 1), padding=(1, 1), bias=False
            (norm): FrozenBatchNorm2d(num_features=256, eps=1e-05)
          )
          (conv3): Conv2d(
            256, 1024, kernel_size=(1, 1), stride=(1, 1), bias=False
            (norm): FrozenBatchNorm2d(num_features=1024, eps=1e-05)
          )
        )
      )
      (res5): Sequential(
        (0): BottleneckBlock(
          (shortcut): Conv2d(
            1024, 2048, kernel_size=(1, 1), stride=(2, 2), bias=False
            (norm): FrozenBatchNorm2d(num_features=2048, eps=1e-05)
          )
          (conv1): Conv2d(
            1024, 512, kernel_size=(1, 1), stride=(2, 2), bias=False
            (norm): FrozenBatchNorm2d(num_features=512, eps=1e-05)
          )
          (conv2): Conv2d(
            512, 512, kernel_size=(3, 3), stride=(1, 1), padding=(1, 1), bias=False
            (norm): FrozenBatchNorm2d(num_features=512, eps=1e-05)
          )
          (conv3): Conv2d(
            512, 2048, kernel_size=(1, 1), stride=(1, 1), bias=False
            (norm): FrozenBatchNorm2d(num_features=2048, eps=1e-05)
          )
        )
        (1): BottleneckBlock(
          (conv1): Conv2d(
            2048, 512, kernel_size=(1, 1), stride=(1, 1), bias=False
            (norm): FrozenBatchNorm2d(num_features=512, eps=1e-05)
          )
          (conv2): Conv2d(
            512, 512, kernel_size=(3, 3), stride=(1, 1), padding=(1, 1), bias=False
            (norm): FrozenBatchNorm2d(num_features=512, eps=1e-05)
          )
          (conv3): Conv2d(
            512, 2048, kernel_size=(1, 1), stride=(1, 1), bias=False
            (norm): FrozenBatchNorm2d(num_features=2048, eps=1e-05)
          )
        )
        (2): BottleneckBlock(
          (conv1): Conv2d(
            2048, 512, kernel_size=(1, 1), stride=(1, 1), bias=False
            (norm): FrozenBatchNorm2d(num_features=512, eps=1e-05)
          )
          (conv2): Conv2d(
            512, 512, kernel_size=(3, 3), stride=(1, 1), padding=(1, 1), bias=False
            (norm): FrozenBatchNorm2d(num_features=512, eps=1e-05)
          )
          (conv3): Conv2d(
            512, 2048, kernel_size=(1, 1), stride=(1, 1), bias=False
            (norm): FrozenBatchNorm2d(num_features=2048, eps=1e-05)
          )
        )
      )
    )
  )
  (proposal_generator): RPN(
    (rpn_head): StandardRPNHead(
      (conv): Conv2d(
        256, 256, kernel_size=(3, 3), stride=(1, 1), padding=(1, 1)
        (activation): ReLU()
      )
      (objectness_logits): Conv2d(256, 3, kernel_size=(1, 1), stride=(1, 1))
      (anchor_deltas): Conv2d(256, 12, kernel_size=(1, 1), stride=(1, 1))
    )
    (anchor_generator): DefaultAnchorGenerator(
      (cell_anchors): BufferList()
    )
  )
  (roi_heads): StandardROIHeads(
    (box_pooler): ROIPooler(
      (level_poolers): ModuleList(
        (0): ROIAlign(output_size=(7, 7), spatial_scale=0.25, sampling_ratio=0, aligned=True)
        (1): ROIAlign(output_size=(7, 7), spatial_scale=0.125, sampling_ratio=0, aligned=True)
        (2): ROIAlign(output_size=(7, 7), spatial_scale=0.0625, sampling_ratio=0, aligned=True)
        (3): ROIAlign(output_size=(7, 7), spatial_scale=0.03125, sampling_ratio=0, aligned=True)
      )
    )
    (box_head): FastRCNNConvFCHead(
      (flatten): Flatten(start_dim=1, end_dim=-1)
      (fc1): Linear(in_features=12544, out_features=1024, bias=True)
      (fc_relu1): ReLU()
      (fc2): Linear(in_features=1024, out_features=1024, bias=True)
      (fc_relu2): ReLU()
    )
    (box_predictor): FastRCNNOutputLayers(
      (cls_score): Linear(in_features=1024, out_features=2, bias=True)
      (bbox_pred): Linear(in_features=1024, out_features=4, bias=True)
    )
    (mask_pooler): ROIPooler(
      (level_poolers): ModuleList(
        (0): ROIAlign(output_size=(14, 14), spatial_scale=0.25, sampling_ratio=0, aligned=True)
        (1): ROIAlign(output_size=(14, 14), spatial_scale=0.125, sampling_ratio=0, aligned=True)
        (2): ROIAlign(output_size=(14, 14), spatial_scale=0.0625, sampling_ratio=0, aligned=True)
        (3): ROIAlign(output_size=(14, 14), spatial_scale=0.03125, sampling_ratio=0, aligned=True)
      )
    )
    (mask_head): MaskRCNNConvUpsampleHead(
      (mask_fcn1): Conv2d(
        256, 256, kernel_size=(3, 3), stride=(1, 1), padding=(1, 1)
        (activation): ReLU()
      )
      (mask_fcn2): Conv2d(
        256, 256, kernel_size=(3, 3), stride=(1, 1), padding=(1, 1)
        (activation): ReLU()
      )
      (mask_fcn3): Conv2d(
        256, 256, kernel_size=(3, 3), stride=(1, 1), padding=(1, 1)
        (activation): ReLU()
      )
      (mask_fcn4): Conv2d(
        256, 256, kernel_size=(3, 3), stride=(1, 1), padding=(1, 1)
        (activation): ReLU()
      )
      (deconv): ConvTranspose2d(256, 256, kernel_size=(2, 2), stride=(2, 2))
      (deconv_relu): ReLU()
      (predictor): Conv2d(256, 1, kernel_size=(1, 1), stride=(1, 1))
    )
  )
)
[08/15 07:11:08 d2.data.dataset_mapper]: [DatasetMapper] Augmentations used in training: [ResizeShortestEdge(short_edge_length=(640, 672, 704, 736, 768, 800), max_size=1333, sample_style='choice'), RandomFlip()]
[08/15 07:11:08 d2.data.datasets.coco]: Loaded 411 images in COCO format from /projects/PUCHALLA/LLP2024/tumor-segmentation/data/processed_data/rgd/train/images/train.json
[08/15 07:11:08 d2.data.datasets.coco]: Loaded 88 images in COCO format from /projects/PUCHALLA/LLP2024/tumor-segmentation/data/processed_data/rgd/val/images/val.json
[08/15 07:11:08 d2.data.build]: Distribution of instances among all 1 categories:
|  category  | #instances   |
|:----------:|:-------------|
|   Tumor    | 499          |
|            |              |
[08/15 07:11:08 d2.data.build]: Using training sampler TrainingSampler
[08/15 07:11:08 d2.data.common]: Serializing the dataset using: <class 'detectron2.data.common._TorchSerializedList'>
[08/15 07:11:08 d2.data.common]: Serializing 499 elements to byte tensors and concatenating them all ...
[08/15 07:11:08 d2.data.common]: Serialized dataset takes 0.36 MiB
[08/15 07:11:08 d2.data.build]: Making batched data loader with batch_size=2
[08/15 07:11:08 d2.data.dataset_mapper]: [DatasetMapper] Augmentations used in inference: [ResizeShortestEdge(short_edge_length=(800, 800), max_size=1333, sample_style='choice')]
[08/15 07:11:08 d2.data.datasets.coco]: Loaded 89 images in COCO format from /projects/PUCHALLA/LLP2024/tumor-segmentation/data/processed_data/rgd/test/images/test.json
[08/15 07:11:08 d2.data.build]: Distribution of instances among all 1 categories:
|  category  | #instances   |
|:----------:|:-------------|
|   Tumor    | 89           |
|            |              |
[08/15 07:11:08 d2.data.common]: Serializing the dataset using: <class 'detectron2.data.common._TorchSerializedList'>
[08/15 07:11:08 d2.data.common]: Serializing 89 elements to byte tensors and concatenating them all ...
[08/15 07:11:08 d2.data.common]: Serialized dataset takes 0.07 MiB
[08/15 07:11:08 d2.checkpoint.detection_checkpoint]: [DetectionCheckpointer] Loading from https://dl.fbaipublicfiles.com/detectron2/COCO-InstanceSegmentation/mask_rcnn_R_50_FPN_3x/137849600/model_final_f10217.pkl ...
[08/15 07:11:08 d2.engine.train_loop]: Starting training from iteration 0
[08/15 07:11:10 d2.utils.events]:  eta: 0:06:22  iter: 19  total_loss: 1.308  loss_cls: 0.4564  loss_box_reg: 0.1742  loss_mask: 0.6616  loss_rpn_cls: 0.005724  loss_rpn_loc: 0.006597    time: 0.0845  last_time: 0.0770  data_time: 0.0084  last_data_time: 0.0019   lr: 6.0688e-05  max_mem: 1586M
[08/15 07:11:12 d2.utils.events]:  eta: 0:06:19  iter: 39  total_loss: 0.8606  loss_cls: 0.161  loss_box_reg: 0.1707  loss_mask: 0.5199  loss_rpn_cls: 0.001009  loss_rpn_loc: 0.007246    time: 0.0823  last_time: 0.0686  data_time: 0.0051  last_data_time: 0.0019   lr: 7.1938e-05  max_mem: 1620M
[08/15 07:11:14 d2.utils.events]:  eta: 0:06:16  iter: 59  total_loss: 0.742  loss_cls: 0.1213  loss_box_reg: 0.154  loss_mask: 0.4502  loss_rpn_cls: 0.001268  loss_rpn_loc: 0.005812    time: 0.0801  last_time: 0.0660  data_time: 0.0020  last_data_time: 0.0019   lr: 8.3187e-05  max_mem: 1620M
[08/15 07:11:15 d2.utils.events]:  eta: 0:06:13  iter: 79  total_loss: 0.6347  loss_cls: 0.1054  loss_box_reg: 0.1655  loss_mask: 0.3578  loss_rpn_cls: 0.0009163  loss_rpn_loc: 0.00359    time: 0.0783  last_time: 0.0715  data_time: 0.0019  last_data_time: 0.0019   lr: 9.4438e-05  max_mem: 1620M
[08/15 07:11:17 d2.utils.events]:  eta: 0:06:11  iter: 99  total_loss: 0.6047  loss_cls: 0.09552  loss_box_reg: 0.1587  loss_mask: 0.3435  loss_rpn_cls: 0.001766  loss_rpn_loc: 0.003643    time: 0.0774  last_time: 0.0744  data_time: 0.0019  last_data_time: 0.0020   lr: 0.00010569  max_mem: 1620M
[08/15 07:11:17 d2.evaluation.coco_evaluation]: Fast COCO eval is not built. Falling back to official COCO eval.
[08/15 07:11:17 d2.data.datasets.coco]: Loaded 89 images in COCO format from /projects/PUCHALLA/LLP2024/tumor-segmentation/data/processed_data/rgd/test/images/test.json
[08/15 07:11:17 d2.data.dataset_mapper]: [DatasetMapper] Augmentations used in inference: [ResizeShortestEdge(short_edge_length=(800, 800), max_size=1333, sample_style='choice')]
[08/15 07:11:17 d2.data.common]: Serializing the dataset using: <class 'detectron2.data.common._TorchSerializedList'>
[08/15 07:11:17 d2.data.common]: Serializing 89 elements to byte tensors and concatenating them all ...
[08/15 07:11:17 d2.data.common]: Serialized dataset takes 0.07 MiB
[08/15 07:11:17 d2.evaluation.evaluator]: Start inference on 89 batches
[08/15 07:11:17 d2.evaluation.evaluator]: Inference done 11/89. Dataloading: 0.0006 s/iter. Inference: 0.0230 s/iter. Eval: 0.0004 s/iter. Total: 0.0240 s/iter. ETA=0:00:01
[08/15 07:11:19 d2.evaluation.evaluator]: Total inference time: 0:00:01.758281 (0.020932 s / iter per device, on 1 devices)
[08/15 07:11:19 d2.evaluation.evaluator]: Total inference pure compute time: 0:00:01 (0.019780 s / iter per device, on 1 devices)
[08/15 07:11:19 d2.evaluation.coco_evaluation]: Preparing results for COCO format ...
[08/15 07:11:19 d2.evaluation.coco_evaluation]: Saving results to ../../../../../models/rgb-testing/rgd-5000-1/coco_instances_results.json
[08/15 07:11:19 d2.evaluation.coco_evaluation]: Evaluating predictions with official COCO API...
Loading and preparing results...
DONE (t=0.00s)
creating index...
index created!
Running per image evaluation...
Evaluate annotation type *bbox*
DONE (t=0.01s).
Accumulating evaluation results...
DONE (t=0.01s).
 Average Precision  (AP) @[ IoU=0.50:0.95 | area=   all | maxDets=100 ] = 0.240
 Average Precision  (AP) @[ IoU=0.50      | area=   all | maxDets=100 ] = 0.633
 Average Precision  (AP) @[ IoU=0.75      | area=   all | maxDets=100 ] = 0.116
 Average Precision  (AP) @[ IoU=0.50:0.95 | area= small | maxDets=100 ] = -1.000
 Average Precision  (AP) @[ IoU=0.50:0.95 | area=medium | maxDets=100 ] = 0.230
 Average Precision  (AP) @[ IoU=0.50:0.95 | area= large | maxDets=100 ] = 0.248
 Average Recall     (AR) @[ IoU=0.50:0.95 | area=   all | maxDets=  1 ] = 0.337
 Average Recall     (AR) @[ IoU=0.50:0.95 | area=   all | maxDets= 10 ] = 0.358
 Average Recall     (AR) @[ IoU=0.50:0.95 | area=   all | maxDets=100 ] = 0.358
 Average Recall     (AR) @[ IoU=0.50:0.95 | area= small | maxDets=100 ] = -1.000
 Average Recall     (AR) @[ IoU=0.50:0.95 | area=medium | maxDets=100 ] = 0.290
 Average Recall     (AR) @[ IoU=0.50:0.95 | area= large | maxDets=100 ] = 0.367
[08/15 07:11:19 d2.evaluation.coco_evaluation]: Evaluation results for bbox: 
|   AP   |  AP50  |  AP75  |  APs  |  APm   |  APl   |
|:------:|:------:|:------:|:-----:|:------:|:------:|
| 23.995 | 63.273 | 11.595 |  nan  | 23.012 | 24.819 |
[08/15 07:11:19 d2.evaluation.coco_evaluation]: Some metrics cannot be computed and is shown as NaN.
Loading and preparing results...
DONE (t=0.00s)
creating index...
index created!
Running per image evaluation...
Evaluate annotation type *segm*
DONE (t=0.16s).
Accumulating evaluation results...
DONE (t=0.01s).
 Average Precision  (AP) @[ IoU=0.50:0.95 | area=   all | maxDets=100 ] = 0.373
 Average Precision  (AP) @[ IoU=0.50      | area=   all | maxDets=100 ] = 0.648
 Average Precision  (AP) @[ IoU=0.75      | area=   all | maxDets=100 ] = 0.372
 Average Precision  (AP) @[ IoU=0.50:0.95 | area= small | maxDets=100 ] = -1.000
 Average Precision  (AP) @[ IoU=0.50:0.95 | area=medium | maxDets=100 ] = 0.183
 Average Precision  (AP) @[ IoU=0.50:0.95 | area= large | maxDets=100 ] = 0.408
 Average Recall     (AR) @[ IoU=0.50:0.95 | area=   all | maxDets=  1 ] = 0.440
 Average Recall     (AR) @[ IoU=0.50:0.95 | area=   all | maxDets= 10 ] = 0.474
 Average Recall     (AR) @[ IoU=0.50:0.95 | area=   all | maxDets=100 ] = 0.474
 Average Recall     (AR) @[ IoU=0.50:0.95 | area= small | maxDets=100 ] = -1.000
 Average Recall     (AR) @[ IoU=0.50:0.95 | area=medium | maxDets=100 ] = 0.310
 Average Recall     (AR) @[ IoU=0.50:0.95 | area= large | maxDets=100 ] = 0.495
[08/15 07:11:19 d2.evaluation.coco_evaluation]: Evaluation results for segm: 
|   AP   |  AP50  |  AP75  |  APs  |  APm   |  APl   |
|:------:|:------:|:------:|:-----:|:------:|:------:|
| 37.272 | 64.832 | 37.170 |  nan  | 18.282 | 40.850 |
[08/15 07:11:19 d2.evaluation.coco_evaluation]: Some metrics cannot be computed and is shown as NaN.
[Iter 2 AP] → mAP@[.5:.95] = 37.272
[08/15 07:11:19 d2.data.datasets.coco]: Loaded 89 images in COCO format from /projects/PUCHALLA/LLP2024/tumor-segmentation/data/processed_data/rgd/test/images/test.json
[08/15 07:11:19 d2.data.datasets.coco]: Loaded 89 images in COCO format from /projects/PUCHALLA/LLP2024/tumor-segmentation/data/processed_data/rgd/test/images/test.json
[08/15 07:11:19 d2.data.dataset_mapper]: [DatasetMapper] Augmentations used in inference: [ResizeShortestEdge(short_edge_length=(800, 800), max_size=1333, sample_style='choice')]
[08/15 07:11:19 d2.data.common]: Serializing the dataset using: <class 'detectron2.data.common._TorchSerializedList'>
[08/15 07:11:19 d2.data.common]: Serializing 89 elements to byte tensors and concatenating them all ...
[08/15 07:11:19 d2.data.common]: Serialized dataset takes 0.07 MiB
[08/15 07:11:19 d2.evaluation.evaluator]: Start inference on 89 batches
[08/15 07:11:21 d2.evaluation.evaluator]: Total inference time: 0:00:02.034353 (0.024218 s / iter per device, on 1 devices)
[08/15 07:11:21 d2.evaluation.evaluator]: Total inference pure compute time: 0:00:01 (0.023128 s / iter per device, on 1 devices)
[08/15 07:11:23 d2.utils.events]:  eta: 0:06:09  iter: 119  total_loss: 0.5258  loss_cls: 0.08302  loss_box_reg: 0.1606  loss_mask: 0.2778  loss_rpn_cls: 0.0003892  loss_rpn_loc: 0.003139    time: 0.0771  last_time: 0.0736  data_time: 0.0020  last_data_time: 0.0020   lr: 0.00011694  max_mem: 1620M
[08/15 07:11:24 d2.utils.events]:  eta: 0:06:08  iter: 139  total_loss: 0.4641  loss_cls: 0.06819  loss_box_reg: 0.1577  loss_mask: 0.2291  loss_rpn_cls: 0.001038  loss_rpn_loc: 0.00344    time: 0.0768  last_time: 0.0759  data_time: 0.0019  last_data_time: 0.0020   lr: 0.00012819  max_mem: 1624M
[08/15 07:11:26 d2.utils.events]:  eta: 0:06:06  iter: 159  total_loss: 0.4624  loss_cls: 0.05945  loss_box_reg: 0.1625  loss_mask: 0.2215  loss_rpn_cls: 0.0002652  loss_rpn_loc: 0.004858    time: 0.0764  last_time: 0.0728  data_time: 0.0020  last_data_time: 0.0019   lr: 0.00013944  max_mem: 1624M
[08/15 07:11:27 d2.utils.events]:  eta: 0:06:05  iter: 179  total_loss: 0.3916  loss_cls: 0.05447  loss_box_reg: 0.1623  loss_mask: 0.1644  loss_rpn_cls: 0.000182  loss_rpn_loc: 0.003559    time: 0.0763  last_time: 0.0815  data_time: 0.0020  last_data_time: 0.0020   lr: 0.00015069  max_mem: 1624M
[08/15 07:11:29 d2.utils.events]:  eta: 0:06:04  iter: 199  total_loss: 0.3878  loss_cls: 0.04799  loss_box_reg: 0.131  loss_mask: 0.18  loss_rpn_cls: 9.722e-05  loss_rpn_loc: 0.003461    time: 0.0762  last_time: 0.0755  data_time: 0.0023  last_data_time: 0.0019   lr: 0.00016194  max_mem: 1624M
[08/15 07:11:29 d2.evaluation.coco_evaluation]: Fast COCO eval is not built. Falling back to official COCO eval.
[08/15 07:11:29 d2.data.datasets.coco]: Loaded 89 images in COCO format from /projects/PUCHALLA/LLP2024/tumor-segmentation/data/processed_data/rgd/test/images/test.json
[08/15 07:11:29 d2.data.dataset_mapper]: [DatasetMapper] Augmentations used in inference: [ResizeShortestEdge(short_edge_length=(800, 800), max_size=1333, sample_style='choice')]
[08/15 07:11:29 d2.data.common]: Serializing the dataset using: <class 'detectron2.data.common._TorchSerializedList'>
[08/15 07:11:29 d2.data.common]: Serializing 89 elements to byte tensors and concatenating them all ...
[08/15 07:11:29 d2.data.common]: Serialized dataset takes 0.07 MiB
[08/15 07:11:29 d2.evaluation.evaluator]: Start inference on 89 batches
[08/15 07:11:29 d2.evaluation.evaluator]: Inference done 11/89. Dataloading: 0.0004 s/iter. Inference: 0.0270 s/iter. Eval: 0.0004 s/iter. Total: 0.0278 s/iter. ETA=0:00:02
[08/15 07:11:31 d2.evaluation.evaluator]: Total inference time: 0:00:02.121107 (0.025251 s / iter per device, on 1 devices)
[08/15 07:11:31 d2.evaluation.evaluator]: Total inference pure compute time: 0:00:02 (0.024074 s / iter per device, on 1 devices)
[08/15 07:11:31 d2.evaluation.coco_evaluation]: Preparing results for COCO format ...
[08/15 07:11:31 d2.evaluation.coco_evaluation]: Saving results to ../../../../../models/rgb-testing/rgd-5000-1/coco_instances_results.json
[08/15 07:11:31 d2.evaluation.coco_evaluation]: Evaluating predictions with official COCO API...
Loading and preparing results...
DONE (t=0.00s)
creating index...
index created!
Running per image evaluation...
Evaluate annotation type *bbox*
DONE (t=0.01s).
Accumulating evaluation results...
DONE (t=0.01s).
 Average Precision  (AP) @[ IoU=0.50:0.95 | area=   all | maxDets=100 ] = 0.489
 Average Precision  (AP) @[ IoU=0.50      | area=   all | maxDets=100 ] = 0.873
 Average Precision  (AP) @[ IoU=0.75      | area=   all | maxDets=100 ] = 0.487
 Average Precision  (AP) @[ IoU=0.50:0.95 | area= small | maxDets=100 ] = -1.000
 Average Precision  (AP) @[ IoU=0.50:0.95 | area=medium | maxDets=100 ] = 0.415
 Average Precision  (AP) @[ IoU=0.50:0.95 | area= large | maxDets=100 ] = 0.499
 Average Recall     (AR) @[ IoU=0.50:0.95 | area=   all | maxDets=  1 ] = 0.571
 Average Recall     (AR) @[ IoU=0.50:0.95 | area=   all | maxDets= 10 ] = 0.582
 Average Recall     (AR) @[ IoU=0.50:0.95 | area=   all | maxDets=100 ] = 0.582
 Average Recall     (AR) @[ IoU=0.50:0.95 | area= small | maxDets=100 ] = -1.000
 Average Recall     (AR) @[ IoU=0.50:0.95 | area=medium | maxDets=100 ] = 0.420
 Average Recall     (AR) @[ IoU=0.50:0.95 | area= large | maxDets=100 ] = 0.603
[08/15 07:11:31 d2.evaluation.coco_evaluation]: Evaluation results for bbox: 
|   AP   |  AP50  |  AP75  |  APs  |  APm   |  APl   |
|:------:|:------:|:------:|:-----:|:------:|:------:|
| 48.950 | 87.272 | 48.651 |  nan  | 41.535 | 49.868 |
[08/15 07:11:31 d2.evaluation.coco_evaluation]: Some metrics cannot be computed and is shown as NaN.
Loading and preparing results...
DONE (t=0.00s)
creating index...
index created!
Running per image evaluation...
Evaluate annotation type *segm*
DONE (t=0.02s).
Accumulating evaluation results...
DONE (t=0.01s).
 Average Precision  (AP) @[ IoU=0.50:0.95 | area=   all | maxDets=100 ] = 0.604
 Average Precision  (AP) @[ IoU=0.50      | area=   all | maxDets=100 ] = 0.873
 Average Precision  (AP) @[ IoU=0.75      | area=   all | maxDets=100 ] = 0.790
 Average Precision  (AP) @[ IoU=0.50:0.95 | area= small | maxDets=100 ] = -1.000
 Average Precision  (AP) @[ IoU=0.50:0.95 | area=medium | maxDets=100 ] = 0.502
 Average Precision  (AP) @[ IoU=0.50:0.95 | area= large | maxDets=100 ] = 0.621
 Average Recall     (AR) @[ IoU=0.50:0.95 | area=   all | maxDets=  1 ] = 0.666
 Average Recall     (AR) @[ IoU=0.50:0.95 | area=   all | maxDets= 10 ] = 0.689
 Average Recall     (AR) @[ IoU=0.50:0.95 | area=   all | maxDets=100 ] = 0.689
 Average Recall     (AR) @[ IoU=0.50:0.95 | area= small | maxDets=100 ] = -1.000
 Average Recall     (AR) @[ IoU=0.50:0.95 | area=medium | maxDets=100 ] = 0.530
 Average Recall     (AR) @[ IoU=0.50:0.95 | area= large | maxDets=100 ] = 0.709
[08/15 07:11:31 d2.evaluation.coco_evaluation]: Evaluation results for segm: 
|   AP   |  AP50  |  AP75  |  APs  |  APm   |  APl   |
|:------:|:------:|:------:|:-----:|:------:|:------:|
| 60.413 | 87.272 | 78.978 |  nan  | 50.209 | 62.056 |
[08/15 07:11:31 d2.evaluation.coco_evaluation]: Some metrics cannot be computed and is shown as NaN.
[Iter 2 AP] → mAP@[.5:.95] = 60.413
[08/15 07:11:31 d2.data.datasets.coco]: Loaded 89 images in COCO format from /projects/PUCHALLA/LLP2024/tumor-segmentation/data/processed_data/rgd/test/images/test.json
[08/15 07:11:31 d2.data.datasets.coco]: Loaded 89 images in COCO format from /projects/PUCHALLA/LLP2024/tumor-segmentation/data/processed_data/rgd/test/images/test.json
[08/15 07:11:31 d2.data.dataset_mapper]: [DatasetMapper] Augmentations used in inference: [ResizeShortestEdge(short_edge_length=(800, 800), max_size=1333, sample_style='choice')]
[08/15 07:11:31 d2.data.common]: Serializing the dataset using: <class 'detectron2.data.common._TorchSerializedList'>
[08/15 07:11:31 d2.data.common]: Serializing 89 elements to byte tensors and concatenating them all ...
[08/15 07:11:31 d2.data.common]: Serialized dataset takes 0.07 MiB
[08/15 07:11:31 d2.evaluation.evaluator]: Start inference on 89 batches
[08/15 07:11:34 d2.evaluation.evaluator]: Total inference time: 0:00:02.056885 (0.024487 s / iter per device, on 1 devices)
[08/15 07:11:34 d2.evaluation.evaluator]: Total inference pure compute time: 0:00:01 (0.023311 s / iter per device, on 1 devices)
[08/15 07:11:35 d2.utils.events]:  eta: 0:06:02  iter: 219  total_loss: 0.3754  loss_cls: 0.04282  loss_box_reg: 0.1435  loss_mask: 0.1715  loss_rpn_cls: 5.583e-05  loss_rpn_loc: 0.003447    time: 0.0761  last_time: 0.0767  data_time: 0.0020  last_data_time: 0.0019   lr: 0.00017319  max_mem: 1624M
[08/15 07:11:36 d2.utils.events]:  eta: 0:06:01  iter: 239  total_loss: 0.3083  loss_cls: 0.03584  loss_box_reg: 0.1248  loss_mask: 0.153  loss_rpn_cls: 2.184e-05  loss_rpn_loc: 0.003447    time: 0.0761  last_time: 0.0792  data_time: 0.0020  last_data_time: 0.0018   lr: 0.00018444  max_mem: 1651M
[08/15 07:11:38 d2.utils.events]:  eta: 0:05:59  iter: 259  total_loss: 0.3049  loss_cls: 0.03188  loss_box_reg: 0.1019  loss_mask: 0.1513  loss_rpn_cls: 1.993e-05  loss_rpn_loc: 0.00448    time: 0.0761  last_time: 0.0742  data_time: 0.0021  last_data_time: 0.0021   lr: 0.00019569  max_mem: 1651M
[08/15 07:11:40 d2.utils.events]:  eta: 0:05:57  iter: 279  total_loss: 0.2834  loss_cls: 0.03029  loss_box_reg: 0.09246  loss_mask: 0.1574  loss_rpn_cls: 2.565e-05  loss_rpn_loc: 0.004681    time: 0.0760  last_time: 0.0749  data_time: 0.0021  last_data_time: 0.0021   lr: 0.00020694  max_mem: 1651M
[08/15 07:11:41 d2.utils.events]:  eta: 0:05:56  iter: 299  total_loss: 0.278  loss_cls: 0.03175  loss_box_reg: 0.08121  loss_mask: 0.1468  loss_rpn_cls: 4.082e-05  loss_rpn_loc: 0.004517    time: 0.0761  last_time: 0.0805  data_time: 0.0021  last_data_time: 0.0021   lr: 0.00021819  max_mem: 1651M
[08/15 07:11:41 d2.evaluation.coco_evaluation]: Fast COCO eval is not built. Falling back to official COCO eval.
[08/15 07:11:41 d2.data.datasets.coco]: Loaded 89 images in COCO format from /projects/PUCHALLA/LLP2024/tumor-segmentation/data/processed_data/rgd/test/images/test.json
[08/15 07:11:41 d2.data.dataset_mapper]: [DatasetMapper] Augmentations used in inference: [ResizeShortestEdge(short_edge_length=(800, 800), max_size=1333, sample_style='choice')]
[08/15 07:11:41 d2.data.common]: Serializing the dataset using: <class 'detectron2.data.common._TorchSerializedList'>
[08/15 07:11:41 d2.data.common]: Serializing 89 elements to byte tensors and concatenating them all ...
[08/15 07:11:41 d2.data.common]: Serialized dataset takes 0.07 MiB
[08/15 07:11:41 d2.evaluation.evaluator]: Start inference on 89 batches
[08/15 07:11:42 d2.evaluation.evaluator]: Inference done 11/89. Dataloading: 0.0005 s/iter. Inference: 0.0235 s/iter. Eval: 0.0003 s/iter. Total: 0.0243 s/iter. ETA=0:00:01
[08/15 07:11:43 d2.evaluation.evaluator]: Total inference time: 0:00:02.103168 (0.025038 s / iter per device, on 1 devices)
[08/15 07:11:43 d2.evaluation.evaluator]: Total inference pure compute time: 0:00:02 (0.023878 s / iter per device, on 1 devices)
[08/15 07:11:43 d2.evaluation.coco_evaluation]: Preparing results for COCO format ...
[08/15 07:11:43 d2.evaluation.coco_evaluation]: Saving results to ../../../../../models/rgb-testing/rgd-5000-1/coco_instances_results.json
[08/15 07:11:43 d2.evaluation.coco_evaluation]: Evaluating predictions with official COCO API...
Loading and preparing results...
DONE (t=0.00s)
creating index...
index created!
Running per image evaluation...
Evaluate annotation type *bbox*
DONE (t=0.01s).
Accumulating evaluation results...
DONE (t=0.01s).
 Average Precision  (AP) @[ IoU=0.50:0.95 | area=   all | maxDets=100 ] = 0.663
 Average Precision  (AP) @[ IoU=0.50      | area=   all | maxDets=100 ] = 0.943
 Average Precision  (AP) @[ IoU=0.75      | area=   all | maxDets=100 ] = 0.861
 Average Precision  (AP) @[ IoU=0.50:0.95 | area= small | maxDets=100 ] = -1.000
 Average Precision  (AP) @[ IoU=0.50:0.95 | area=medium | maxDets=100 ] = 0.568
 Average Precision  (AP) @[ IoU=0.50:0.95 | area= large | maxDets=100 ] = 0.679
 Average Recall     (AR) @[ IoU=0.50:0.95 | area=   all | maxDets=  1 ] = 0.713
 Average Recall     (AR) @[ IoU=0.50:0.95 | area=   all | maxDets= 10 ] = 0.716
 Average Recall     (AR) @[ IoU=0.50:0.95 | area=   all | maxDets=100 ] = 0.716
 Average Recall     (AR) @[ IoU=0.50:0.95 | area= small | maxDets=100 ] = -1.000
 Average Recall     (AR) @[ IoU=0.50:0.95 | area=medium | maxDets=100 ] = 0.570
 Average Recall     (AR) @[ IoU=0.50:0.95 | area= large | maxDets=100 ] = 0.734
[08/15 07:11:44 d2.evaluation.coco_evaluation]: Evaluation results for bbox: 
|   AP   |  AP50  |  AP75  |  APs  |  APm   |  APl   |
|:------:|:------:|:------:|:-----:|:------:|:------:|
| 66.283 | 94.319 | 86.087 |  nan  | 56.832 | 67.885 |
[08/15 07:11:44 d2.evaluation.coco_evaluation]: Some metrics cannot be computed and is shown as NaN.
Loading and preparing results...
DONE (t=0.00s)
creating index...
index created!
Running per image evaluation...
Evaluate annotation type *segm*
DONE (t=0.02s).
Accumulating evaluation results...
DONE (t=0.01s).
 Average Precision  (AP) @[ IoU=0.50:0.95 | area=   all | maxDets=100 ] = 0.698
 Average Precision  (AP) @[ IoU=0.50      | area=   all | maxDets=100 ] = 0.933
 Average Precision  (AP) @[ IoU=0.75      | area=   all | maxDets=100 ] = 0.886
 Average Precision  (AP) @[ IoU=0.50:0.95 | area= small | maxDets=100 ] = -1.000
 Average Precision  (AP) @[ IoU=0.50:0.95 | area=medium | maxDets=100 ] = 0.562
 Average Precision  (AP) @[ IoU=0.50:0.95 | area= large | maxDets=100 ] = 0.716
 Average Recall     (AR) @[ IoU=0.50:0.95 | area=   all | maxDets=  1 ] = 0.748
 Average Recall     (AR) @[ IoU=0.50:0.95 | area=   all | maxDets= 10 ] = 0.748
 Average Recall     (AR) @[ IoU=0.50:0.95 | area=   all | maxDets=100 ] = 0.748
 Average Recall     (AR) @[ IoU=0.50:0.95 | area= small | maxDets=100 ] = -1.000
 Average Recall     (AR) @[ IoU=0.50:0.95 | area=medium | maxDets=100 ] = 0.580
 Average Recall     (AR) @[ IoU=0.50:0.95 | area= large | maxDets=100 ] = 0.770
[08/15 07:11:44 d2.evaluation.coco_evaluation]: Evaluation results for segm: 
|   AP   |  AP50  |  AP75  |  APs  |  APm   |  APl   |
|:------:|:------:|:------:|:-----:|:------:|:------:|
| 69.812 | 93.343 | 88.587 |  nan  | 56.155 | 71.618 |
[08/15 07:11:44 d2.evaluation.coco_evaluation]: Some metrics cannot be computed and is shown as NaN.
[Iter 2 AP] → mAP@[.5:.95] = 69.812
[08/15 07:11:44 d2.data.datasets.coco]: Loaded 89 images in COCO format from /projects/PUCHALLA/LLP2024/tumor-segmentation/data/processed_data/rgd/test/images/test.json
[08/15 07:11:44 d2.data.datasets.coco]: Loaded 89 images in COCO format from /projects/PUCHALLA/LLP2024/tumor-segmentation/data/processed_data/rgd/test/images/test.json
[08/15 07:11:44 d2.data.dataset_mapper]: [DatasetMapper] Augmentations used in inference: [ResizeShortestEdge(short_edge_length=(800, 800), max_size=1333, sample_style='choice')]
[08/15 07:11:44 d2.data.common]: Serializing the dataset using: <class 'detectron2.data.common._TorchSerializedList'>
[08/15 07:11:44 d2.data.common]: Serializing 89 elements to byte tensors and concatenating them all ...
[08/15 07:11:44 d2.data.common]: Serialized dataset takes 0.07 MiB
[08/15 07:11:44 d2.evaluation.evaluator]: Start inference on 89 batches
[08/15 07:11:46 d2.evaluation.evaluator]: Total inference time: 0:00:02.079618 (0.024757 s / iter per device, on 1 devices)
[08/15 07:11:46 d2.evaluation.evaluator]: Total inference pure compute time: 0:00:01 (0.023632 s / iter per device, on 1 devices)
[08/15 07:11:47 d2.utils.events]:  eta: 0:05:55  iter: 319  total_loss: 0.2583  loss_cls: 0.02997  loss_box_reg: 0.07253  loss_mask: 0.1449  loss_rpn_cls: 4.971e-06  loss_rpn_loc: 0.003397    time: 0.0761  last_time: 0.0784  data_time: 0.0021  last_data_time: 0.0020   lr: 0.00022944  max_mem: 1651M
[08/15 07:11:49 d2.utils.events]:  eta: 0:05:54  iter: 339  total_loss: 0.2459  loss_cls: 0.02787  loss_box_reg: 0.05703  loss_mask: 0.1523  loss_rpn_cls: 1.034e-05  loss_rpn_loc: 0.003522    time: 0.0760  last_time: 0.0765  data_time: 0.0021  last_data_time: 0.0022   lr: 0.00024069  max_mem: 1651M
[08/15 07:11:50 d2.utils.events]:  eta: 0:05:52  iter: 359  total_loss: 0.2696  loss_cls: 0.03121  loss_box_reg: 0.07023  loss_mask: 0.1615  loss_rpn_cls: 1.278e-05  loss_rpn_loc: 0.003474    time: 0.0761  last_time: 0.0780  data_time: 0.0020  last_data_time: 0.0021   lr: 0.00025194  max_mem: 1651M
[08/15 07:11:52 d2.utils.events]:  eta: 0:05:51  iter: 379  total_loss: 0.2667  loss_cls: 0.02864  loss_box_reg: 0.0781  loss_mask: 0.166  loss_rpn_cls: 2.492e-05  loss_rpn_loc: 0.003314    time: 0.0762  last_time: 0.0818  data_time: 0.0021  last_data_time: 0.0021   lr: 0.00026319  max_mem: 1651M
[08/15 07:11:53 d2.utils.events]:  eta: 0:05:50  iter: 399  total_loss: 0.2202  loss_cls: 0.02594  loss_box_reg: 0.0585  loss_mask: 0.1318  loss_rpn_cls: 1.316e-05  loss_rpn_loc: 0.003128    time: 0.0762  last_time: 0.0708  data_time: 0.0021  last_data_time: 0.0019   lr: 0.00027444  max_mem: 1651M
[08/15 07:11:54 d2.evaluation.coco_evaluation]: Fast COCO eval is not built. Falling back to official COCO eval.
[08/15 07:11:54 d2.data.datasets.coco]: Loaded 89 images in COCO format from /projects/PUCHALLA/LLP2024/tumor-segmentation/data/processed_data/rgd/test/images/test.json
[08/15 07:11:54 d2.data.dataset_mapper]: [DatasetMapper] Augmentations used in inference: [ResizeShortestEdge(short_edge_length=(800, 800), max_size=1333, sample_style='choice')]
[08/15 07:11:54 d2.data.common]: Serializing the dataset using: <class 'detectron2.data.common._TorchSerializedList'>
[08/15 07:11:54 d2.data.common]: Serializing 89 elements to byte tensors and concatenating them all ...
[08/15 07:11:54 d2.data.common]: Serialized dataset takes 0.07 MiB
[08/15 07:11:54 d2.evaluation.evaluator]: Start inference on 89 batches
[08/15 07:11:54 d2.evaluation.evaluator]: Inference done 11/89. Dataloading: 0.0004 s/iter. Inference: 0.0232 s/iter. Eval: 0.0003 s/iter. Total: 0.0240 s/iter. ETA=0:00:01
[08/15 07:11:56 d2.evaluation.evaluator]: Total inference time: 0:00:02.064651 (0.024579 s / iter per device, on 1 devices)
[08/15 07:11:56 d2.evaluation.evaluator]: Total inference pure compute time: 0:00:01 (0.023415 s / iter per device, on 1 devices)
[08/15 07:11:56 d2.evaluation.coco_evaluation]: Preparing results for COCO format ...
[08/15 07:11:56 d2.evaluation.coco_evaluation]: Saving results to ../../../../../models/rgb-testing/rgd-5000-1/coco_instances_results.json
[08/15 07:11:56 d2.evaluation.coco_evaluation]: Evaluating predictions with official COCO API...
Loading and preparing results...
DONE (t=0.00s)
creating index...
index created!
Running per image evaluation...
Evaluate annotation type *bbox*
DONE (t=0.01s).
Accumulating evaluation results...
DONE (t=0.01s).
 Average Precision  (AP) @[ IoU=0.50:0.95 | area=   all | maxDets=100 ] = 0.697
 Average Precision  (AP) @[ IoU=0.50      | area=   all | maxDets=100 ] = 0.932
 Average Precision  (AP) @[ IoU=0.75      | area=   all | maxDets=100 ] = 0.897
 Average Precision  (AP) @[ IoU=0.50:0.95 | area= small | maxDets=100 ] = -1.000
 Average Precision  (AP) @[ IoU=0.50:0.95 | area=medium | maxDets=100 ] = 0.597
 Average Precision  (AP) @[ IoU=0.50:0.95 | area= large | maxDets=100 ] = 0.712
 Average Recall     (AR) @[ IoU=0.50:0.95 | area=   all | maxDets=  1 ] = 0.749
 Average Recall     (AR) @[ IoU=0.50:0.95 | area=   all | maxDets= 10 ] = 0.752
 Average Recall     (AR) @[ IoU=0.50:0.95 | area=   all | maxDets=100 ] = 0.752
 Average Recall     (AR) @[ IoU=0.50:0.95 | area= small | maxDets=100 ] = -1.000
 Average Recall     (AR) @[ IoU=0.50:0.95 | area=medium | maxDets=100 ] = 0.600
 Average Recall     (AR) @[ IoU=0.50:0.95 | area= large | maxDets=100 ] = 0.771
[08/15 07:11:56 d2.evaluation.coco_evaluation]: Evaluation results for bbox: 
|   AP   |  AP50  |  AP75  |  APs  |  APm   |  APl   |
|:------:|:------:|:------:|:-----:|:------:|:------:|
| 69.688 | 93.182 | 89.716 |  nan  | 59.670 | 71.168 |
[08/15 07:11:56 d2.evaluation.coco_evaluation]: Some metrics cannot be computed and is shown as NaN.
Loading and preparing results...
DONE (t=0.00s)
creating index...
index created!
Running per image evaluation...
Evaluate annotation type *segm*
DONE (t=0.02s).
Accumulating evaluation results...
DONE (t=0.01s).
 Average Precision  (AP) @[ IoU=0.50:0.95 | area=   all | maxDets=100 ] = 0.701
 Average Precision  (AP) @[ IoU=0.50      | area=   all | maxDets=100 ] = 0.932
 Average Precision  (AP) @[ IoU=0.75      | area=   all | maxDets=100 ] = 0.897
 Average Precision  (AP) @[ IoU=0.50:0.95 | area= small | maxDets=100 ] = -1.000
 Average Precision  (AP) @[ IoU=0.50:0.95 | area=medium | maxDets=100 ] = 0.548
 Average Precision  (AP) @[ IoU=0.50:0.95 | area= large | maxDets=100 ] = 0.723
 Average Recall     (AR) @[ IoU=0.50:0.95 | area=   all | maxDets=  1 ] = 0.757
 Average Recall     (AR) @[ IoU=0.50:0.95 | area=   all | maxDets= 10 ] = 0.758
 Average Recall     (AR) @[ IoU=0.50:0.95 | area=   all | maxDets=100 ] = 0.758
 Average Recall     (AR) @[ IoU=0.50:0.95 | area= small | maxDets=100 ] = -1.000
 Average Recall     (AR) @[ IoU=0.50:0.95 | area=medium | maxDets=100 ] = 0.570
 Average Recall     (AR) @[ IoU=0.50:0.95 | area= large | maxDets=100 ] = 0.782
[08/15 07:11:56 d2.evaluation.coco_evaluation]: Evaluation results for segm: 
|   AP   |  AP50  |  AP75  |  APs  |  APm   |  APl   |
|:------:|:------:|:------:|:-----:|:------:|:------:|
| 70.127 | 93.182 | 89.716 |  nan  | 54.843 | 72.257 |
[08/15 07:11:56 d2.evaluation.coco_evaluation]: Some metrics cannot be computed and is shown as NaN.
[Iter 2 AP] → mAP@[.5:.95] = 70.127
[08/15 07:11:56 d2.data.datasets.coco]: Loaded 89 images in COCO format from /projects/PUCHALLA/LLP2024/tumor-segmentation/data/processed_data/rgd/test/images/test.json
[08/15 07:11:56 d2.data.datasets.coco]: Loaded 89 images in COCO format from /projects/PUCHALLA/LLP2024/tumor-segmentation/data/processed_data/rgd/test/images/test.json
[08/15 07:11:56 d2.data.dataset_mapper]: [DatasetMapper] Augmentations used in inference: [ResizeShortestEdge(short_edge_length=(800, 800), max_size=1333, sample_style='choice')]
[08/15 07:11:56 d2.data.common]: Serializing the dataset using: <class 'detectron2.data.common._TorchSerializedList'>
[08/15 07:11:56 d2.data.common]: Serializing 89 elements to byte tensors and concatenating them all ...
[08/15 07:11:56 d2.data.common]: Serialized dataset takes 0.07 MiB
[08/15 07:11:56 d2.evaluation.evaluator]: Start inference on 89 batches
[08/15 07:11:58 d2.evaluation.evaluator]: Total inference time: 0:00:02.092243 (0.024908 s / iter per device, on 1 devices)
[08/15 07:11:58 d2.evaluation.evaluator]: Total inference pure compute time: 0:00:01 (0.023770 s / iter per device, on 1 devices)
[08/15 07:12:00 d2.utils.events]:  eta: 0:05:49  iter: 419  total_loss: 0.2385  loss_cls: 0.02561  loss_box_reg: 0.06307  loss_mask: 0.1449  loss_rpn_cls: 5.771e-06  loss_rpn_loc: 0.003086    time: 0.0764  last_time: 0.0815  data_time: 0.0021  last_data_time: 0.0020   lr: 0.00028569  max_mem: 1672M
[08/15 07:12:01 d2.utils.events]:  eta: 0:05:47  iter: 439  total_loss: 0.1967  loss_cls: 0.02243  loss_box_reg: 0.05993  loss_mask: 0.1198  loss_rpn_cls: 1.172e-05  loss_rpn_loc: 0.003234    time: 0.0764  last_time: 0.0803  data_time: 0.0022  last_data_time: 0.0021   lr: 0.00029694  max_mem: 1672M
[08/15 07:12:03 d2.utils.events]:  eta: 0:05:45  iter: 459  total_loss: 0.2336  loss_cls: 0.0235  loss_box_reg: 0.05359  loss_mask: 0.1396  loss_rpn_cls: 2.134e-06  loss_rpn_loc: 0.003316    time: 0.0764  last_time: 0.0804  data_time: 0.0021  last_data_time: 0.0020   lr: 0.00030819  max_mem: 1672M
[08/15 07:12:04 d2.utils.events]:  eta: 0:05:44  iter: 479  total_loss: 0.2267  loss_cls: 0.02455  loss_box_reg: 0.06578  loss_mask: 0.1277  loss_rpn_cls: 5.603e-06  loss_rpn_loc: 0.002882    time: 0.0763  last_time: 0.0760  data_time: 0.0021  last_data_time: 0.0020   lr: 0.00031944  max_mem: 1672M
[08/15 07:12:06 d2.utils.events]:  eta: 0:05:43  iter: 499  total_loss: 0.265  loss_cls: 0.02486  loss_box_reg: 0.06685  loss_mask: 0.1476  loss_rpn_cls: 6.96e-06  loss_rpn_loc: 0.002799    time: 0.0763  last_time: 0.0773  data_time: 0.0022  last_data_time: 0.0020   lr: 0.00033069  max_mem: 1672M
[08/15 07:12:06 d2.evaluation.coco_evaluation]: Fast COCO eval is not built. Falling back to official COCO eval.
[08/15 07:12:06 d2.data.datasets.coco]: Loaded 89 images in COCO format from /projects/PUCHALLA/LLP2024/tumor-segmentation/data/processed_data/rgd/test/images/test.json
[08/15 07:12:06 d2.data.dataset_mapper]: [DatasetMapper] Augmentations used in inference: [ResizeShortestEdge(short_edge_length=(800, 800), max_size=1333, sample_style='choice')]
[08/15 07:12:06 d2.data.common]: Serializing the dataset using: <class 'detectron2.data.common._TorchSerializedList'>
[08/15 07:12:06 d2.data.common]: Serializing 89 elements to byte tensors and concatenating them all ...
[08/15 07:12:06 d2.data.common]: Serialized dataset takes 0.07 MiB
[08/15 07:12:06 d2.evaluation.evaluator]: Start inference on 89 batches
[08/15 07:12:06 d2.evaluation.evaluator]: Inference done 11/89. Dataloading: 0.0004 s/iter. Inference: 0.0233 s/iter. Eval: 0.0003 s/iter. Total: 0.0241 s/iter. ETA=0:00:01
[08/15 07:12:08 d2.evaluation.evaluator]: Total inference time: 0:00:02.062277 (0.024551 s / iter per device, on 1 devices)
[08/15 07:12:08 d2.evaluation.evaluator]: Total inference pure compute time: 0:00:01 (0.023364 s / iter per device, on 1 devices)
[08/15 07:12:08 d2.evaluation.coco_evaluation]: Preparing results for COCO format ...
[08/15 07:12:08 d2.evaluation.coco_evaluation]: Saving results to ../../../../../models/rgb-testing/rgd-5000-1/coco_instances_results.json
[08/15 07:12:08 d2.evaluation.coco_evaluation]: Evaluating predictions with official COCO API...
Loading and preparing results...
DONE (t=0.00s)
creating index...
index created!
Running per image evaluation...
Evaluate annotation type *bbox*
DONE (t=0.01s).
Accumulating evaluation results...
DONE (t=0.01s).
 Average Precision  (AP) @[ IoU=0.50:0.95 | area=   all | maxDets=100 ] = 0.713
 Average Precision  (AP) @[ IoU=0.50      | area=   all | maxDets=100 ] = 0.923
 Average Precision  (AP) @[ IoU=0.75      | area=   all | maxDets=100 ] = 0.896
 Average Precision  (AP) @[ IoU=0.50:0.95 | area= small | maxDets=100 ] = -1.000
 Average Precision  (AP) @[ IoU=0.50:0.95 | area=medium | maxDets=100 ] = 0.601
 Average Precision  (AP) @[ IoU=0.50:0.95 | area= large | maxDets=100 ] = 0.730
 Average Recall     (AR) @[ IoU=0.50:0.95 | area=   all | maxDets=  1 ] = 0.767
 Average Recall     (AR) @[ IoU=0.50:0.95 | area=   all | maxDets= 10 ] = 0.767
 Average Recall     (AR) @[ IoU=0.50:0.95 | area=   all | maxDets=100 ] = 0.767
 Average Recall     (AR) @[ IoU=0.50:0.95 | area= small | maxDets=100 ] = -1.000
 Average Recall     (AR) @[ IoU=0.50:0.95 | area=medium | maxDets=100 ] = 0.600
 Average Recall     (AR) @[ IoU=0.50:0.95 | area= large | maxDets=100 ] = 0.789
[08/15 07:12:08 d2.evaluation.coco_evaluation]: Evaluation results for bbox: 
|   AP   |  AP50  |  AP75  |  APs  |  APm   |  APl   |
|:------:|:------:|:------:|:-----:|:------:|:------:|
| 71.301 | 92.305 | 89.610 |  nan  | 60.099 | 73.025 |
[08/15 07:12:08 d2.evaluation.coco_evaluation]: Some metrics cannot be computed and is shown as NaN.
Loading and preparing results...
DONE (t=0.00s)
creating index...
index created!
Running per image evaluation...
Evaluate annotation type *segm*
DONE (t=0.02s).
Accumulating evaluation results...
DONE (t=0.01s).
 Average Precision  (AP) @[ IoU=0.50:0.95 | area=   all | maxDets=100 ] = 0.699
 Average Precision  (AP) @[ IoU=0.50      | area=   all | maxDets=100 ] = 0.923
 Average Precision  (AP) @[ IoU=0.75      | area=   all | maxDets=100 ] = 0.878
 Average Precision  (AP) @[ IoU=0.50:0.95 | area= small | maxDets=100 ] = -1.000
 Average Precision  (AP) @[ IoU=0.50:0.95 | area=medium | maxDets=100 ] = 0.549
 Average Precision  (AP) @[ IoU=0.50:0.95 | area= large | maxDets=100 ] = 0.717
 Average Recall     (AR) @[ IoU=0.50:0.95 | area=   all | maxDets=  1 ] = 0.754
 Average Recall     (AR) @[ IoU=0.50:0.95 | area=   all | maxDets= 10 ] = 0.754
 Average Recall     (AR) @[ IoU=0.50:0.95 | area=   all | maxDets=100 ] = 0.754
 Average Recall     (AR) @[ IoU=0.50:0.95 | area= small | maxDets=100 ] = -1.000
 Average Recall     (AR) @[ IoU=0.50:0.95 | area=medium | maxDets=100 ] = 0.590
 Average Recall     (AR) @[ IoU=0.50:0.95 | area= large | maxDets=100 ] = 0.775
[08/15 07:12:08 d2.evaluation.coco_evaluation]: Evaluation results for segm: 
|   AP   |  AP50  |  AP75  |  APs  |  APm   |  APl   |
|:------:|:------:|:------:|:-----:|:------:|:------:|
| 69.918 | 92.305 | 87.772 |  nan  | 54.906 | 71.697 |
[08/15 07:12:08 d2.evaluation.coco_evaluation]: Some metrics cannot be computed and is shown as NaN.
[Iter 2 AP] → mAP@[.5:.95] = 69.918
[08/15 07:12:08 d2.data.datasets.coco]: Loaded 89 images in COCO format from /projects/PUCHALLA/LLP2024/tumor-segmentation/data/processed_data/rgd/test/images/test.json
[08/15 07:12:08 d2.data.datasets.coco]: Loaded 89 images in COCO format from /projects/PUCHALLA/LLP2024/tumor-segmentation/data/processed_data/rgd/test/images/test.json
[08/15 07:12:08 d2.data.dataset_mapper]: [DatasetMapper] Augmentations used in inference: [ResizeShortestEdge(short_edge_length=(800, 800), max_size=1333, sample_style='choice')]
[08/15 07:12:08 d2.data.common]: Serializing the dataset using: <class 'detectron2.data.common._TorchSerializedList'>
[08/15 07:12:08 d2.data.common]: Serializing 89 elements to byte tensors and concatenating them all ...
[08/15 07:12:08 d2.data.common]: Serialized dataset takes 0.07 MiB
[08/15 07:12:08 d2.evaluation.evaluator]: Start inference on 89 batches
[08/15 07:12:10 d2.evaluation.evaluator]: Total inference time: 0:00:02.070266 (0.024646 s / iter per device, on 1 devices)
[08/15 07:12:10 d2.evaluation.evaluator]: Total inference pure compute time: 0:00:01 (0.023498 s / iter per device, on 1 devices)
[08/15 07:12:12 d2.utils.events]:  eta: 0:05:41  iter: 519  total_loss: 0.2375  loss_cls: 0.02174  loss_box_reg: 0.06111  loss_mask: 0.1439  loss_rpn_cls: 1.335e-05  loss_rpn_loc: 0.003466    time: 0.0763  last_time: 0.0774  data_time: 0.0021  last_data_time: 0.0019   lr: 0.00034194  max_mem: 1672M
[08/15 07:12:14 d2.utils.events]:  eta: 0:05:40  iter: 539  total_loss: 0.2212  loss_cls: 0.02346  loss_box_reg: 0.05774  loss_mask: 0.136  loss_rpn_cls: 4.534e-06  loss_rpn_loc: 0.002799    time: 0.0766  last_time: 0.0821  data_time: 0.0021  last_data_time: 0.0021   lr: 0.00035319  max_mem: 1672M
[08/15 07:12:15 d2.utils.events]:  eta: 0:05:38  iter: 559  total_loss: 0.2469  loss_cls: 0.02244  loss_box_reg: 0.05819  loss_mask: 0.1509  loss_rpn_cls: 1.933e-06  loss_rpn_loc: 0.00282    time: 0.0765  last_time: 0.0829  data_time: 0.0021  last_data_time: 0.0020   lr: 0.00036444  max_mem: 1672M
[08/15 07:12:17 d2.utils.events]:  eta: 0:05:37  iter: 579  total_loss: 0.2403  loss_cls: 0.02471  loss_box_reg: 0.05822  loss_mask: 0.1464  loss_rpn_cls: 1.875e-05  loss_rpn_loc: 0.002502    time: 0.0765  last_time: 0.0699  data_time: 0.0022  last_data_time: 0.0021   lr: 0.00037569  max_mem: 1672M
[08/15 07:12:18 d2.utils.events]:  eta: 0:05:35  iter: 599  total_loss: 0.2208  loss_cls: 0.02368  loss_box_reg: 0.0558  loss_mask: 0.1361  loss_rpn_cls: 7.987e-06  loss_rpn_loc: 0.002624    time: 0.0765  last_time: 0.0720  data_time: 0.0021  last_data_time: 0.0021   lr: 0.00038694  max_mem: 1672M
[08/15 07:12:18 d2.evaluation.coco_evaluation]: Fast COCO eval is not built. Falling back to official COCO eval.
[08/15 07:12:18 d2.data.datasets.coco]: Loaded 89 images in COCO format from /projects/PUCHALLA/LLP2024/tumor-segmentation/data/processed_data/rgd/test/images/test.json
[08/15 07:12:18 d2.data.dataset_mapper]: [DatasetMapper] Augmentations used in inference: [ResizeShortestEdge(short_edge_length=(800, 800), max_size=1333, sample_style='choice')]
[08/15 07:12:18 d2.data.common]: Serializing the dataset using: <class 'detectron2.data.common._TorchSerializedList'>
[08/15 07:12:18 d2.data.common]: Serializing 89 elements to byte tensors and concatenating them all ...
[08/15 07:12:18 d2.data.common]: Serialized dataset takes 0.07 MiB
[08/15 07:12:18 d2.evaluation.evaluator]: Start inference on 89 batches
[08/15 07:12:19 d2.evaluation.evaluator]: Inference done 11/89. Dataloading: 0.0004 s/iter. Inference: 0.0235 s/iter. Eval: 0.0003 s/iter. Total: 0.0242 s/iter. ETA=0:00:01
[08/15 07:12:21 d2.evaluation.evaluator]: Total inference time: 0:00:02.081419 (0.024779 s / iter per device, on 1 devices)
[08/15 07:12:21 d2.evaluation.evaluator]: Total inference pure compute time: 0:00:01 (0.023605 s / iter per device, on 1 devices)
[08/15 07:12:21 d2.evaluation.coco_evaluation]: Preparing results for COCO format ...
[08/15 07:12:21 d2.evaluation.coco_evaluation]: Saving results to ../../../../../models/rgb-testing/rgd-5000-1/coco_instances_results.json
[08/15 07:12:21 d2.evaluation.coco_evaluation]: Evaluating predictions with official COCO API...
Loading and preparing results...
DONE (t=0.00s)
creating index...
index created!
Running per image evaluation...
Evaluate annotation type *bbox*
DONE (t=0.02s).
Accumulating evaluation results...
DONE (t=0.01s).
 Average Precision  (AP) @[ IoU=0.50:0.95 | area=   all | maxDets=100 ] = 0.681
 Average Precision  (AP) @[ IoU=0.50      | area=   all | maxDets=100 ] = 0.939
 Average Precision  (AP) @[ IoU=0.75      | area=   all | maxDets=100 ] = 0.897
 Average Precision  (AP) @[ IoU=0.50:0.95 | area= small | maxDets=100 ] = -1.000
 Average Precision  (AP) @[ IoU=0.50:0.95 | area=medium | maxDets=100 ] = 0.560
 Average Precision  (AP) @[ IoU=0.50:0.95 | area= large | maxDets=100 ] = 0.697
 Average Recall     (AR) @[ IoU=0.50:0.95 | area=   all | maxDets=  1 ] = 0.721
 Average Recall     (AR) @[ IoU=0.50:0.95 | area=   all | maxDets= 10 ] = 0.722
 Average Recall     (AR) @[ IoU=0.50:0.95 | area=   all | maxDets=100 ] = 0.722
 Average Recall     (AR) @[ IoU=0.50:0.95 | area= small | maxDets=100 ] = -1.000
 Average Recall     (AR) @[ IoU=0.50:0.95 | area=medium | maxDets=100 ] = 0.570
 Average Recall     (AR) @[ IoU=0.50:0.95 | area= large | maxDets=100 ] = 0.742
[08/15 07:12:21 d2.evaluation.coco_evaluation]: Evaluation results for bbox: 
|   AP   |  AP50  |  AP75  |  APs  |  APm   |  APl   |
|:------:|:------:|:------:|:-----:|:------:|:------:|
| 68.084 | 93.861 | 89.723 |  nan  | 55.974 | 69.652 |
[08/15 07:12:21 d2.evaluation.coco_evaluation]: Some metrics cannot be computed and is shown as NaN.
Loading and preparing results...
DONE (t=0.00s)
creating index...
index created!
Running per image evaluation...
Evaluate annotation type *segm*
DONE (t=0.02s).
Accumulating evaluation results...
DONE (t=0.01s).
 Average Precision  (AP) @[ IoU=0.50:0.95 | area=   all | maxDets=100 ] = 0.697
 Average Precision  (AP) @[ IoU=0.50      | area=   all | maxDets=100 ] = 0.929
 Average Precision  (AP) @[ IoU=0.75      | area=   all | maxDets=100 ] = 0.878
 Average Precision  (AP) @[ IoU=0.50:0.95 | area= small | maxDets=100 ] = -1.000
 Average Precision  (AP) @[ IoU=0.50:0.95 | area=medium | maxDets=100 ] = 0.557
 Average Precision  (AP) @[ IoU=0.50:0.95 | area= large | maxDets=100 ] = 0.716
 Average Recall     (AR) @[ IoU=0.50:0.95 | area=   all | maxDets=  1 ] = 0.736
 Average Recall     (AR) @[ IoU=0.50:0.95 | area=   all | maxDets= 10 ] = 0.736
 Average Recall     (AR) @[ IoU=0.50:0.95 | area=   all | maxDets=100 ] = 0.736
 Average Recall     (AR) @[ IoU=0.50:0.95 | area= small | maxDets=100 ] = -1.000
 Average Recall     (AR) @[ IoU=0.50:0.95 | area=medium | maxDets=100 ] = 0.560
 Average Recall     (AR) @[ IoU=0.50:0.95 | area= large | maxDets=100 ] = 0.758
[08/15 07:12:21 d2.evaluation.coco_evaluation]: Evaluation results for segm: 
|   AP   |  AP50  |  AP75  |  APs  |  APm   |  APl   |
|:------:|:------:|:------:|:-----:|:------:|:------:|
| 69.722 | 92.901 | 87.807 |  nan  | 55.693 | 71.573 |
[08/15 07:12:21 d2.evaluation.coco_evaluation]: Some metrics cannot be computed and is shown as NaN.
[Iter 2 AP] → mAP@[.5:.95] = 69.722
[08/15 07:12:21 d2.data.datasets.coco]: Loaded 89 images in COCO format from /projects/PUCHALLA/LLP2024/tumor-segmentation/data/processed_data/rgd/test/images/test.json
[08/15 07:12:21 d2.data.datasets.coco]: Loaded 89 images in COCO format from /projects/PUCHALLA/LLP2024/tumor-segmentation/data/processed_data/rgd/test/images/test.json
[08/15 07:12:21 d2.data.dataset_mapper]: [DatasetMapper] Augmentations used in inference: [ResizeShortestEdge(short_edge_length=(800, 800), max_size=1333, sample_style='choice')]
[08/15 07:12:21 d2.data.common]: Serializing the dataset using: <class 'detectron2.data.common._TorchSerializedList'>
[08/15 07:12:21 d2.data.common]: Serializing 89 elements to byte tensors and concatenating them all ...
[08/15 07:12:21 d2.data.common]: Serialized dataset takes 0.07 MiB
[08/15 07:12:21 d2.evaluation.evaluator]: Start inference on 89 batches
[08/15 07:12:23 d2.evaluation.evaluator]: Total inference time: 0:00:02.069245 (0.024634 s / iter per device, on 1 devices)
[08/15 07:12:23 d2.evaluation.evaluator]: Total inference pure compute time: 0:00:01 (0.023473 s / iter per device, on 1 devices)
[08/15 07:12:24 d2.utils.events]:  eta: 0:05:34  iter: 619  total_loss: 0.2167  loss_cls: 0.01893  loss_box_reg: 0.05116  loss_mask: 0.1294  loss_rpn_cls: 7.001e-06  loss_rpn_loc: 0.002467    time: 0.0766  last_time: 0.0756  data_time: 0.0022  last_data_time: 0.0021   lr: 0.00039819  max_mem: 1672M
[08/15 07:12:26 d2.utils.events]:  eta: 0:05:33  iter: 639  total_loss: 0.2183  loss_cls: 0.02331  loss_box_reg: 0.0587  loss_mask: 0.1393  loss_rpn_cls: 3.761e-06  loss_rpn_loc: 0.00308    time: 0.0766  last_time: 0.0755  data_time: 0.0021  last_data_time: 0.0020   lr: 0.00040944  max_mem: 1672M
[08/15 07:12:27 d2.utils.events]:  eta: 0:05:31  iter: 659  total_loss: 0.2122  loss_cls: 0.02174  loss_box_reg: 0.05601  loss_mask: 0.1314  loss_rpn_cls: 5.414e-06  loss_rpn_loc: 0.003037    time: 0.0766  last_time: 0.0723  data_time: 0.0021  last_data_time: 0.0021   lr: 0.00042069  max_mem: 1672M
[08/15 07:12:29 d2.utils.events]:  eta: 0:05:30  iter: 679  total_loss: 0.2349  loss_cls: 0.02517  loss_box_reg: 0.0618  loss_mask: 0.1515  loss_rpn_cls: 3.859e-06  loss_rpn_loc: 0.003232    time: 0.0766  last_time: 0.0725  data_time: 0.0021  last_data_time: 0.0020   lr: 0.00043194  max_mem: 1672M
[08/15 07:12:31 d2.utils.events]:  eta: 0:05:28  iter: 699  total_loss: 0.2325  loss_cls: 0.0267  loss_box_reg: 0.06171  loss_mask: 0.1327  loss_rpn_cls: 2.619e-05  loss_rpn_loc: 0.002797    time: 0.0767  last_time: 0.0728  data_time: 0.0021  last_data_time: 0.0022   lr: 0.00044319  max_mem: 1679M
[08/15 07:12:31 d2.evaluation.coco_evaluation]: Fast COCO eval is not built. Falling back to official COCO eval.
[08/15 07:12:31 d2.data.datasets.coco]: Loaded 89 images in COCO format from /projects/PUCHALLA/LLP2024/tumor-segmentation/data/processed_data/rgd/test/images/test.json
[08/15 07:12:31 d2.data.dataset_mapper]: [DatasetMapper] Augmentations used in inference: [ResizeShortestEdge(short_edge_length=(800, 800), max_size=1333, sample_style='choice')]
[08/15 07:12:31 d2.data.common]: Serializing the dataset using: <class 'detectron2.data.common._TorchSerializedList'>
[08/15 07:12:31 d2.data.common]: Serializing 89 elements to byte tensors and concatenating them all ...
[08/15 07:12:31 d2.data.common]: Serialized dataset takes 0.07 MiB
[08/15 07:12:31 d2.evaluation.evaluator]: Start inference on 89 batches
[08/15 07:12:31 d2.evaluation.evaluator]: Inference done 11/89. Dataloading: 0.0004 s/iter. Inference: 0.0235 s/iter. Eval: 0.0003 s/iter. Total: 0.0243 s/iter. ETA=0:00:01
[08/15 07:12:33 d2.evaluation.evaluator]: Total inference time: 0:00:02.081863 (0.024784 s / iter per device, on 1 devices)
[08/15 07:12:33 d2.evaluation.evaluator]: Total inference pure compute time: 0:00:01 (0.023623 s / iter per device, on 1 devices)
[08/15 07:12:33 d2.evaluation.coco_evaluation]: Preparing results for COCO format ...
[08/15 07:12:33 d2.evaluation.coco_evaluation]: Saving results to ../../../../../models/rgb-testing/rgd-5000-1/coco_instances_results.json
[08/15 07:12:33 d2.evaluation.coco_evaluation]: Evaluating predictions with official COCO API...
Loading and preparing results...
DONE (t=0.00s)
creating index...
index created!
Running per image evaluation...
Evaluate annotation type *bbox*
DONE (t=0.02s).
Accumulating evaluation results...
DONE (t=0.01s).
 Average Precision  (AP) @[ IoU=0.50:0.95 | area=   all | maxDets=100 ] = 0.714
 Average Precision  (AP) @[ IoU=0.50      | area=   all | maxDets=100 ] = 0.951
 Average Precision  (AP) @[ IoU=0.75      | area=   all | maxDets=100 ] = 0.908
 Average Precision  (AP) @[ IoU=0.50:0.95 | area= small | maxDets=100 ] = -1.000
 Average Precision  (AP) @[ IoU=0.50:0.95 | area=medium | maxDets=100 ] = 0.595
 Average Precision  (AP) @[ IoU=0.50:0.95 | area= large | maxDets=100 ] = 0.732
 Average Recall     (AR) @[ IoU=0.50:0.95 | area=   all | maxDets=  1 ] = 0.755
 Average Recall     (AR) @[ IoU=0.50:0.95 | area=   all | maxDets= 10 ] = 0.757
 Average Recall     (AR) @[ IoU=0.50:0.95 | area=   all | maxDets=100 ] = 0.757
 Average Recall     (AR) @[ IoU=0.50:0.95 | area= small | maxDets=100 ] = -1.000
 Average Recall     (AR) @[ IoU=0.50:0.95 | area=medium | maxDets=100 ] = 0.620
 Average Recall     (AR) @[ IoU=0.50:0.95 | area= large | maxDets=100 ] = 0.775
[08/15 07:12:33 d2.evaluation.coco_evaluation]: Evaluation results for bbox: 
|   AP   |  AP50  |  AP75  |  APs  |  APm   |  APl   |
|:------:|:------:|:------:|:-----:|:------:|:------:|
| 71.448 | 95.124 | 90.775 |  nan  | 59.479 | 73.220 |
[08/15 07:12:33 d2.evaluation.coco_evaluation]: Some metrics cannot be computed and is shown as NaN.
Loading and preparing results...
DONE (t=0.00s)
creating index...
index created!
Running per image evaluation...
Evaluate annotation type *segm*
DONE (t=0.02s).
Accumulating evaluation results...
DONE (t=0.01s).
 Average Precision  (AP) @[ IoU=0.50:0.95 | area=   all | maxDets=100 ] = 0.746
 Average Precision  (AP) @[ IoU=0.50      | area=   all | maxDets=100 ] = 0.951
 Average Precision  (AP) @[ IoU=0.75      | area=   all | maxDets=100 ] = 0.908
 Average Precision  (AP) @[ IoU=0.50:0.95 | area= small | maxDets=100 ] = -1.000
 Average Precision  (AP) @[ IoU=0.50:0.95 | area=medium | maxDets=100 ] = 0.649
 Average Precision  (AP) @[ IoU=0.50:0.95 | area= large | maxDets=100 ] = 0.760
 Average Recall     (AR) @[ IoU=0.50:0.95 | area=   all | maxDets=  1 ] = 0.783
 Average Recall     (AR) @[ IoU=0.50:0.95 | area=   all | maxDets= 10 ] = 0.787
 Average Recall     (AR) @[ IoU=0.50:0.95 | area=   all | maxDets=100 ] = 0.787
 Average Recall     (AR) @[ IoU=0.50:0.95 | area= small | maxDets=100 ] = -1.000
 Average Recall     (AR) @[ IoU=0.50:0.95 | area=medium | maxDets=100 ] = 0.670
 Average Recall     (AR) @[ IoU=0.50:0.95 | area= large | maxDets=100 ] = 0.801
[08/15 07:12:33 d2.evaluation.coco_evaluation]: Evaluation results for segm: 
|   AP   |  AP50  |  AP75  |  APs  |  APm   |  APl   |
|:------:|:------:|:------:|:-----:|:------:|:------:|
| 74.616 | 95.124 | 90.844 |  nan  | 64.933 | 76.035 |
[08/15 07:12:33 d2.evaluation.coco_evaluation]: Some metrics cannot be computed and is shown as NaN.
[Iter 2 AP] → mAP@[.5:.95] = 74.616
[08/15 07:12:33 d2.data.datasets.coco]: Loaded 89 images in COCO format from /projects/PUCHALLA/LLP2024/tumor-segmentation/data/processed_data/rgd/test/images/test.json
[08/15 07:12:33 d2.data.datasets.coco]: Loaded 89 images in COCO format from /projects/PUCHALLA/LLP2024/tumor-segmentation/data/processed_data/rgd/test/images/test.json
[08/15 07:12:33 d2.data.dataset_mapper]: [DatasetMapper] Augmentations used in inference: [ResizeShortestEdge(short_edge_length=(800, 800), max_size=1333, sample_style='choice')]
[08/15 07:12:33 d2.data.common]: Serializing the dataset using: <class 'detectron2.data.common._TorchSerializedList'>
[08/15 07:12:33 d2.data.common]: Serializing 89 elements to byte tensors and concatenating them all ...
[08/15 07:12:33 d2.data.common]: Serialized dataset takes 0.07 MiB
[08/15 07:12:33 d2.evaluation.evaluator]: Start inference on 89 batches
[08/15 07:12:35 d2.evaluation.evaluator]: Total inference time: 0:00:02.079562 (0.024757 s / iter per device, on 1 devices)
[08/15 07:12:35 d2.evaluation.evaluator]: Total inference pure compute time: 0:00:01 (0.023576 s / iter per device, on 1 devices)
[08/15 07:12:37 d2.utils.events]:  eta: 0:05:27  iter: 719  total_loss: 0.1824  loss_cls: 0.02025  loss_box_reg: 0.05232  loss_mask: 0.1037  loss_rpn_cls: 1.329e-05  loss_rpn_loc: 0.002292    time: 0.0767  last_time: 0.0803  data_time: 0.0021  last_data_time: 0.0021   lr: 0.00045444  max_mem: 1679M
[08/15 07:12:38 d2.utils.events]:  eta: 0:05:25  iter: 739  total_loss: 0.2484  loss_cls: 0.02728  loss_box_reg: 0.06959  loss_mask: 0.1352  loss_rpn_cls: 2.465e-06  loss_rpn_loc: 0.002758    time: 0.0767  last_time: 0.0812  data_time: 0.0021  last_data_time: 0.0021   lr: 0.00046569  max_mem: 1679M
[08/15 07:12:40 d2.utils.events]:  eta: 0:05:24  iter: 759  total_loss: 0.196  loss_cls: 0.02429  loss_box_reg: 0.0526  loss_mask: 0.1223  loss_rpn_cls: 1.028e-05  loss_rpn_loc: 0.002459    time: 0.0768  last_time: 0.0803  data_time: 0.0021  last_data_time: 0.0021   lr: 0.00047694  max_mem: 1682M
[08/15 07:12:41 d2.utils.events]:  eta: 0:05:22  iter: 779  total_loss: 0.2257  loss_cls: 0.02653  loss_box_reg: 0.05659  loss_mask: 0.1388  loss_rpn_cls: 7.37e-06  loss_rpn_loc: 0.003182    time: 0.0768  last_time: 0.0759  data_time: 0.0020  last_data_time: 0.0021   lr: 0.00048819  max_mem: 1682M
[08/15 07:12:43 d2.utils.events]:  eta: 0:05:21  iter: 799  total_loss: 0.2167  loss_cls: 0.02142  loss_box_reg: 0.05394  loss_mask: 0.1397  loss_rpn_cls: 2.307e-06  loss_rpn_loc: 0.002883    time: 0.0768  last_time: 0.0781  data_time: 0.0021  last_data_time: 0.0021   lr: 0.00049944  max_mem: 1682M
[08/15 07:12:43 d2.evaluation.coco_evaluation]: Fast COCO eval is not built. Falling back to official COCO eval.
[08/15 07:12:43 d2.data.datasets.coco]: Loaded 89 images in COCO format from /projects/PUCHALLA/LLP2024/tumor-segmentation/data/processed_data/rgd/test/images/test.json
[08/15 07:12:43 d2.data.dataset_mapper]: [DatasetMapper] Augmentations used in inference: [ResizeShortestEdge(short_edge_length=(800, 800), max_size=1333, sample_style='choice')]
[08/15 07:12:43 d2.data.common]: Serializing the dataset using: <class 'detectron2.data.common._TorchSerializedList'>
[08/15 07:12:43 d2.data.common]: Serializing 89 elements to byte tensors and concatenating them all ...
[08/15 07:12:43 d2.data.common]: Serialized dataset takes 0.07 MiB
[08/15 07:12:43 d2.evaluation.evaluator]: Start inference on 89 batches
[08/15 07:12:43 d2.evaluation.evaluator]: Inference done 11/89. Dataloading: 0.0004 s/iter. Inference: 0.0234 s/iter. Eval: 0.0003 s/iter. Total: 0.0242 s/iter. ETA=0:00:01
[08/15 07:12:45 d2.evaluation.evaluator]: Total inference time: 0:00:02.078100 (0.024739 s / iter per device, on 1 devices)
[08/15 07:12:45 d2.evaluation.evaluator]: Total inference pure compute time: 0:00:01 (0.023588 s / iter per device, on 1 devices)
[08/15 07:12:45 d2.evaluation.coco_evaluation]: Preparing results for COCO format ...
[08/15 07:12:45 d2.evaluation.coco_evaluation]: Saving results to ../../../../../models/rgb-testing/rgd-5000-1/coco_instances_results.json
[08/15 07:12:45 d2.evaluation.coco_evaluation]: Evaluating predictions with official COCO API...
Loading and preparing results...
DONE (t=0.00s)
creating index...
index created!
Running per image evaluation...
Evaluate annotation type *bbox*
DONE (t=0.01s).
Accumulating evaluation results...
DONE (t=0.01s).
 Average Precision  (AP) @[ IoU=0.50:0.95 | area=   all | maxDets=100 ] = 0.718
 Average Precision  (AP) @[ IoU=0.50      | area=   all | maxDets=100 ] = 0.946
 Average Precision  (AP) @[ IoU=0.75      | area=   all | maxDets=100 ] = 0.894
 Average Precision  (AP) @[ IoU=0.50:0.95 | area= small | maxDets=100 ] = -1.000
 Average Precision  (AP) @[ IoU=0.50:0.95 | area=medium | maxDets=100 ] = 0.637
 Average Precision  (AP) @[ IoU=0.50:0.95 | area= large | maxDets=100 ] = 0.729
 Average Recall     (AR) @[ IoU=0.50:0.95 | area=   all | maxDets=  1 ] = 0.774
 Average Recall     (AR) @[ IoU=0.50:0.95 | area=   all | maxDets= 10 ] = 0.776
 Average Recall     (AR) @[ IoU=0.50:0.95 | area=   all | maxDets=100 ] = 0.776
 Average Recall     (AR) @[ IoU=0.50:0.95 | area= small | maxDets=100 ] = -1.000
 Average Recall     (AR) @[ IoU=0.50:0.95 | area=medium | maxDets=100 ] = 0.670
 Average Recall     (AR) @[ IoU=0.50:0.95 | area= large | maxDets=100 ] = 0.790
[08/15 07:12:45 d2.evaluation.coco_evaluation]: Evaluation results for bbox: 
|   AP   |  AP50  |  AP75  |  APs  |  APm   |  APl   |
|:------:|:------:|:------:|:-----:|:------:|:------:|
| 71.828 | 94.605 | 89.443 |  nan  | 63.699 | 72.935 |
[08/15 07:12:45 d2.evaluation.coco_evaluation]: Some metrics cannot be computed and is shown as NaN.
Loading and preparing results...
DONE (t=0.00s)
creating index...
index created!
Running per image evaluation...
Evaluate annotation type *segm*
DONE (t=0.02s).
Accumulating evaluation results...
DONE (t=0.01s).
 Average Precision  (AP) @[ IoU=0.50:0.95 | area=   all | maxDets=100 ] = 0.731
 Average Precision  (AP) @[ IoU=0.50      | area=   all | maxDets=100 ] = 0.946
 Average Precision  (AP) @[ IoU=0.75      | area=   all | maxDets=100 ] = 0.904
 Average Precision  (AP) @[ IoU=0.50:0.95 | area= small | maxDets=100 ] = -1.000
 Average Precision  (AP) @[ IoU=0.50:0.95 | area=medium | maxDets=100 ] = 0.572
 Average Precision  (AP) @[ IoU=0.50:0.95 | area= large | maxDets=100 ] = 0.749
 Average Recall     (AR) @[ IoU=0.50:0.95 | area=   all | maxDets=  1 ] = 0.778
 Average Recall     (AR) @[ IoU=0.50:0.95 | area=   all | maxDets= 10 ] = 0.779
 Average Recall     (AR) @[ IoU=0.50:0.95 | area=   all | maxDets=100 ] = 0.779
 Average Recall     (AR) @[ IoU=0.50:0.95 | area= small | maxDets=100 ] = -1.000
 Average Recall     (AR) @[ IoU=0.50:0.95 | area=medium | maxDets=100 ] = 0.630
 Average Recall     (AR) @[ IoU=0.50:0.95 | area= large | maxDets=100 ] = 0.797
[08/15 07:12:45 d2.evaluation.coco_evaluation]: Evaluation results for segm: 
|   AP   |  AP50  |  AP75  |  APs  |  APm   |  APl   |
|:------:|:------:|:------:|:-----:|:------:|:------:|
| 73.066 | 94.605 | 90.377 |  nan  | 57.169 | 74.860 |
[08/15 07:12:45 d2.evaluation.coco_evaluation]: Some metrics cannot be computed and is shown as NaN.
[Iter 2 AP] → mAP@[.5:.95] = 73.066
[08/15 07:12:45 d2.data.datasets.coco]: Loaded 89 images in COCO format from /projects/PUCHALLA/LLP2024/tumor-segmentation/data/processed_data/rgd/test/images/test.json
[08/15 07:12:45 d2.data.datasets.coco]: Loaded 89 images in COCO format from /projects/PUCHALLA/LLP2024/tumor-segmentation/data/processed_data/rgd/test/images/test.json
[08/15 07:12:45 d2.data.dataset_mapper]: [DatasetMapper] Augmentations used in inference: [ResizeShortestEdge(short_edge_length=(800, 800), max_size=1333, sample_style='choice')]
[08/15 07:12:45 d2.data.common]: Serializing the dataset using: <class 'detectron2.data.common._TorchSerializedList'>
[08/15 07:12:45 d2.data.common]: Serializing 89 elements to byte tensors and concatenating them all ...
[08/15 07:12:45 d2.data.common]: Serialized dataset takes 0.07 MiB
[08/15 07:12:45 d2.evaluation.evaluator]: Start inference on 89 batches
[08/15 07:12:48 d2.evaluation.evaluator]: Total inference time: 0:00:02.073840 (0.024689 s / iter per device, on 1 devices)
[08/15 07:12:48 d2.evaluation.evaluator]: Total inference pure compute time: 0:00:01 (0.023521 s / iter per device, on 1 devices)
[08/15 07:12:49 d2.utils.events]:  eta: 0:05:19  iter: 819  total_loss: 0.2086  loss_cls: 0.02715  loss_box_reg: 0.05998  loss_mask: 0.1206  loss_rpn_cls: 1.94e-05  loss_rpn_loc: 0.002563    time: 0.0768  last_time: 0.0722  data_time: 0.0022  last_data_time: 0.0022   lr: 0.0005  max_mem: 1682M
[08/15 07:12:51 d2.utils.events]:  eta: 0:05:18  iter: 839  total_loss: 0.1983  loss_cls: 0.02146  loss_box_reg: 0.04763  loss_mask: 0.1323  loss_rpn_cls: 8.625e-06  loss_rpn_loc: 0.0027    time: 0.0768  last_time: 0.0752  data_time: 0.0021  last_data_time: 0.0020   lr: 0.0005  max_mem: 1682M
[08/15 07:12:52 d2.utils.events]:  eta: 0:05:16  iter: 859  total_loss: 0.2295  loss_cls: 0.0236  loss_box_reg: 0.05393  loss_mask: 0.1428  loss_rpn_cls: 9.007e-06  loss_rpn_loc: 0.00244    time: 0.0768  last_time: 0.0837  data_time: 0.0020  last_data_time: 0.0020   lr: 0.0005  max_mem: 1682M
[08/15 07:12:54 d2.utils.events]:  eta: 0:05:15  iter: 879  total_loss: 0.2023  loss_cls: 0.02448  loss_box_reg: 0.04978  loss_mask: 0.1183  loss_rpn_cls: 1.153e-05  loss_rpn_loc: 0.002671    time: 0.0767  last_time: 0.0764  data_time: 0.0021  last_data_time: 0.0020   lr: 0.0005  max_mem: 1682M
[08/15 07:12:55 d2.utils.events]:  eta: 0:05:13  iter: 899  total_loss: 0.2111  loss_cls: 0.02255  loss_box_reg: 0.06188  loss_mask: 0.1287  loss_rpn_cls: 6.434e-06  loss_rpn_loc: 0.002542    time: 0.0768  last_time: 0.0775  data_time: 0.0021  last_data_time: 0.0021   lr: 0.0005  max_mem: 1682M
[08/15 07:12:55 d2.evaluation.coco_evaluation]: Fast COCO eval is not built. Falling back to official COCO eval.
[08/15 07:12:55 d2.data.datasets.coco]: Loaded 89 images in COCO format from /projects/PUCHALLA/LLP2024/tumor-segmentation/data/processed_data/rgd/test/images/test.json
[08/15 07:12:55 d2.data.dataset_mapper]: [DatasetMapper] Augmentations used in inference: [ResizeShortestEdge(short_edge_length=(800, 800), max_size=1333, sample_style='choice')]
[08/15 07:12:55 d2.data.common]: Serializing the dataset using: <class 'detectron2.data.common._TorchSerializedList'>
[08/15 07:12:55 d2.data.common]: Serializing 89 elements to byte tensors and concatenating them all ...
[08/15 07:12:55 d2.data.common]: Serialized dataset takes 0.07 MiB
[08/15 07:12:55 d2.evaluation.evaluator]: Start inference on 89 batches
[08/15 07:12:56 d2.evaluation.evaluator]: Inference done 11/89. Dataloading: 0.0004 s/iter. Inference: 0.0236 s/iter. Eval: 0.0003 s/iter. Total: 0.0244 s/iter. ETA=0:00:01
[08/15 07:12:58 d2.evaluation.evaluator]: Total inference time: 0:00:02.092329 (0.024909 s / iter per device, on 1 devices)
[08/15 07:12:58 d2.evaluation.evaluator]: Total inference pure compute time: 0:00:01 (0.023733 s / iter per device, on 1 devices)
[08/15 07:12:58 d2.evaluation.coco_evaluation]: Preparing results for COCO format ...
[08/15 07:12:58 d2.evaluation.coco_evaluation]: Saving results to ../../../../../models/rgb-testing/rgd-5000-1/coco_instances_results.json
[08/15 07:12:58 d2.evaluation.coco_evaluation]: Evaluating predictions with official COCO API...
Loading and preparing results...
DONE (t=0.00s)
creating index...
index created!
Running per image evaluation...
Evaluate annotation type *bbox*
DONE (t=0.01s).
Accumulating evaluation results...
DONE (t=0.01s).
 Average Precision  (AP) @[ IoU=0.50:0.95 | area=   all | maxDets=100 ] = 0.726
 Average Precision  (AP) @[ IoU=0.50      | area=   all | maxDets=100 ] = 0.969
 Average Precision  (AP) @[ IoU=0.75      | area=   all | maxDets=100 ] = 0.926
 Average Precision  (AP) @[ IoU=0.50:0.95 | area= small | maxDets=100 ] = -1.000
 Average Precision  (AP) @[ IoU=0.50:0.95 | area=medium | maxDets=100 ] = 0.662
 Average Precision  (AP) @[ IoU=0.50:0.95 | area= large | maxDets=100 ] = 0.739
 Average Recall     (AR) @[ IoU=0.50:0.95 | area=   all | maxDets=  1 ] = 0.776
 Average Recall     (AR) @[ IoU=0.50:0.95 | area=   all | maxDets= 10 ] = 0.782
 Average Recall     (AR) @[ IoU=0.50:0.95 | area=   all | maxDets=100 ] = 0.782
 Average Recall     (AR) @[ IoU=0.50:0.95 | area= small | maxDets=100 ] = -1.000
 Average Recall     (AR) @[ IoU=0.50:0.95 | area=medium | maxDets=100 ] = 0.660
 Average Recall     (AR) @[ IoU=0.50:0.95 | area= large | maxDets=100 ] = 0.797
[08/15 07:12:58 d2.evaluation.coco_evaluation]: Evaluation results for bbox: 
|   AP   |  AP50  |  AP75  |  APs  |  APm   |  APl   |
|:------:|:------:|:------:|:-----:|:------:|:------:|
| 72.553 | 96.938 | 92.598 |  nan  | 66.238 | 73.915 |
[08/15 07:12:58 d2.evaluation.coco_evaluation]: Some metrics cannot be computed and is shown as NaN.
Loading and preparing results...
DONE (t=0.00s)
creating index...
index created!
Running per image evaluation...
Evaluate annotation type *segm*
DONE (t=0.02s).
Accumulating evaluation results...
DONE (t=0.01s).
 Average Precision  (AP) @[ IoU=0.50:0.95 | area=   all | maxDets=100 ] = 0.747
 Average Precision  (AP) @[ IoU=0.50      | area=   all | maxDets=100 ] = 0.969
 Average Precision  (AP) @[ IoU=0.75      | area=   all | maxDets=100 ] = 0.914
 Average Precision  (AP) @[ IoU=0.50:0.95 | area= small | maxDets=100 ] = -1.000
 Average Precision  (AP) @[ IoU=0.50:0.95 | area=medium | maxDets=100 ] = 0.646
 Average Precision  (AP) @[ IoU=0.50:0.95 | area= large | maxDets=100 ] = 0.761
 Average Recall     (AR) @[ IoU=0.50:0.95 | area=   all | maxDets=  1 ] = 0.791
 Average Recall     (AR) @[ IoU=0.50:0.95 | area=   all | maxDets= 10 ] = 0.797
 Average Recall     (AR) @[ IoU=0.50:0.95 | area=   all | maxDets=100 ] = 0.797
 Average Recall     (AR) @[ IoU=0.50:0.95 | area= small | maxDets=100 ] = -1.000
 Average Recall     (AR) @[ IoU=0.50:0.95 | area=medium | maxDets=100 ] = 0.670
 Average Recall     (AR) @[ IoU=0.50:0.95 | area= large | maxDets=100 ] = 0.813
[08/15 07:12:58 d2.evaluation.coco_evaluation]: Evaluation results for segm: 
|   AP   |  AP50  |  AP75  |  APs  |  APm   |  APl   |
|:------:|:------:|:------:|:-----:|:------:|:------:|
| 74.718 | 96.938 | 91.409 |  nan  | 64.603 | 76.111 |
[08/15 07:12:58 d2.evaluation.coco_evaluation]: Some metrics cannot be computed and is shown as NaN.
[Iter 2 AP] → mAP@[.5:.95] = 74.718
[08/15 07:12:58 d2.data.datasets.coco]: Loaded 89 images in COCO format from /projects/PUCHALLA/LLP2024/tumor-segmentation/data/processed_data/rgd/test/images/test.json
[08/15 07:12:58 d2.data.datasets.coco]: Loaded 89 images in COCO format from /projects/PUCHALLA/LLP2024/tumor-segmentation/data/processed_data/rgd/test/images/test.json
[08/15 07:12:58 d2.data.dataset_mapper]: [DatasetMapper] Augmentations used in inference: [ResizeShortestEdge(short_edge_length=(800, 800), max_size=1333, sample_style='choice')]
[08/15 07:12:58 d2.data.common]: Serializing the dataset using: <class 'detectron2.data.common._TorchSerializedList'>
[08/15 07:12:58 d2.data.common]: Serializing 89 elements to byte tensors and concatenating them all ...
[08/15 07:12:58 d2.data.common]: Serialized dataset takes 0.07 MiB
[08/15 07:12:58 d2.evaluation.evaluator]: Start inference on 89 batches
[08/15 07:13:00 d2.evaluation.evaluator]: Total inference time: 0:00:02.097182 (0.024966 s / iter per device, on 1 devices)
[08/15 07:13:00 d2.evaluation.evaluator]: Total inference pure compute time: 0:00:02 (0.023816 s / iter per device, on 1 devices)
[08/15 07:13:02 d2.utils.events]:  eta: 0:05:12  iter: 919  total_loss: 0.1949  loss_cls: 0.02259  loss_box_reg: 0.05437  loss_mask: 0.1177  loss_rpn_cls: 2.171e-06  loss_rpn_loc: 0.002426    time: 0.0768  last_time: 0.0780  data_time: 0.0021  last_data_time: 0.0021   lr: 0.0005  max_mem: 1682M
[08/15 07:13:03 d2.utils.events]:  eta: 0:05:10  iter: 939  total_loss: 0.1995  loss_cls: 0.02443  loss_box_reg: 0.05876  loss_mask: 0.1104  loss_rpn_cls: 2.674e-05  loss_rpn_loc: 0.002902    time: 0.0769  last_time: 0.0729  data_time: 0.0021  last_data_time: 0.0021   lr: 0.0005  max_mem: 1682M
[08/15 07:13:05 d2.utils.events]:  eta: 0:05:09  iter: 959  total_loss: 0.2249  loss_cls: 0.01994  loss_box_reg: 0.05676  loss_mask: 0.1365  loss_rpn_cls: 3.206e-06  loss_rpn_loc: 0.002783    time: 0.0769  last_time: 0.0717  data_time: 0.0021  last_data_time: 0.0020   lr: 0.0005  max_mem: 1682M
[08/15 07:13:06 d2.utils.events]:  eta: 0:05:07  iter: 979  total_loss: 0.2361  loss_cls: 0.02035  loss_box_reg: 0.06295  loss_mask: 0.1513  loss_rpn_cls: 2.875e-05  loss_rpn_loc: 0.002787    time: 0.0769  last_time: 0.0741  data_time: 0.0022  last_data_time: 0.0021   lr: 0.0005  max_mem: 1682M
[08/15 07:13:08 d2.utils.events]:  eta: 0:05:06  iter: 999  total_loss: 0.2138  loss_cls: 0.02226  loss_box_reg: 0.05142  loss_mask: 0.1243  loss_rpn_cls: 6.285e-06  loss_rpn_loc: 0.002587    time: 0.0769  last_time: 0.0758  data_time: 0.0021  last_data_time: 0.0022   lr: 0.0005  max_mem: 1682M
[08/15 07:13:08 d2.evaluation.coco_evaluation]: Fast COCO eval is not built. Falling back to official COCO eval.
[08/15 07:13:08 d2.data.datasets.coco]: Loaded 89 images in COCO format from /projects/PUCHALLA/LLP2024/tumor-segmentation/data/processed_data/rgd/test/images/test.json
[08/15 07:13:08 d2.data.dataset_mapper]: [DatasetMapper] Augmentations used in inference: [ResizeShortestEdge(short_edge_length=(800, 800), max_size=1333, sample_style='choice')]
[08/15 07:13:08 d2.data.common]: Serializing the dataset using: <class 'detectron2.data.common._TorchSerializedList'>
[08/15 07:13:08 d2.data.common]: Serializing 89 elements to byte tensors and concatenating them all ...
[08/15 07:13:08 d2.data.common]: Serialized dataset takes 0.07 MiB
[08/15 07:13:08 d2.evaluation.evaluator]: Start inference on 89 batches
[08/15 07:13:08 d2.evaluation.evaluator]: Inference done 11/89. Dataloading: 0.0005 s/iter. Inference: 0.0233 s/iter. Eval: 0.0003 s/iter. Total: 0.0241 s/iter. ETA=0:00:01
[08/15 07:13:10 d2.evaluation.evaluator]: Total inference time: 0:00:02.087470 (0.024851 s / iter per device, on 1 devices)
[08/15 07:13:10 d2.evaluation.evaluator]: Total inference pure compute time: 0:00:01 (0.023688 s / iter per device, on 1 devices)
[08/15 07:13:10 d2.evaluation.coco_evaluation]: Preparing results for COCO format ...
[08/15 07:13:10 d2.evaluation.coco_evaluation]: Saving results to ../../../../../models/rgb-testing/rgd-5000-1/coco_instances_results.json
[08/15 07:13:10 d2.evaluation.coco_evaluation]: Evaluating predictions with official COCO API...
Loading and preparing results...
DONE (t=0.00s)
creating index...
index created!
Running per image evaluation...
Evaluate annotation type *bbox*
DONE (t=0.01s).
Accumulating evaluation results...
DONE (t=0.01s).
 Average Precision  (AP) @[ IoU=0.50:0.95 | area=   all | maxDets=100 ] = 0.749
 Average Precision  (AP) @[ IoU=0.50      | area=   all | maxDets=100 ] = 0.951
 Average Precision  (AP) @[ IoU=0.75      | area=   all | maxDets=100 ] = 0.919
 Average Precision  (AP) @[ IoU=0.50:0.95 | area= small | maxDets=100 ] = -1.000
 Average Precision  (AP) @[ IoU=0.50:0.95 | area=medium | maxDets=100 ] = 0.639
 Average Precision  (AP) @[ IoU=0.50:0.95 | area= large | maxDets=100 ] = 0.764
 Average Recall     (AR) @[ IoU=0.50:0.95 | area=   all | maxDets=  1 ] = 0.788
 Average Recall     (AR) @[ IoU=0.50:0.95 | area=   all | maxDets= 10 ] = 0.794
 Average Recall     (AR) @[ IoU=0.50:0.95 | area=   all | maxDets=100 ] = 0.794
 Average Recall     (AR) @[ IoU=0.50:0.95 | area= small | maxDets=100 ] = -1.000
 Average Recall     (AR) @[ IoU=0.50:0.95 | area=medium | maxDets=100 ] = 0.660
 Average Recall     (AR) @[ IoU=0.50:0.95 | area= large | maxDets=100 ] = 0.811
[08/15 07:13:10 d2.evaluation.coco_evaluation]: Evaluation results for bbox: 
|   AP   |  AP50  |  AP75  |  APs  |  APm   |  APl   |
|:------:|:------:|:------:|:-----:|:------:|:------:|
| 74.907 | 95.054 | 91.942 |  nan  | 63.892 | 76.447 |
[08/15 07:13:10 d2.evaluation.coco_evaluation]: Some metrics cannot be computed and is shown as NaN.
Loading and preparing results...
DONE (t=0.00s)
creating index...
index created!
Running per image evaluation...
Evaluate annotation type *segm*
DONE (t=0.02s).
Accumulating evaluation results...
DONE (t=0.01s).
 Average Precision  (AP) @[ IoU=0.50:0.95 | area=   all | maxDets=100 ] = 0.747
 Average Precision  (AP) @[ IoU=0.50      | area=   all | maxDets=100 ] = 0.951
 Average Precision  (AP) @[ IoU=0.75      | area=   all | maxDets=100 ] = 0.919
 Average Precision  (AP) @[ IoU=0.50:0.95 | area= small | maxDets=100 ] = -1.000
 Average Precision  (AP) @[ IoU=0.50:0.95 | area=medium | maxDets=100 ] = 0.626
 Average Precision  (AP) @[ IoU=0.50:0.95 | area= large | maxDets=100 ] = 0.764
 Average Recall     (AR) @[ IoU=0.50:0.95 | area=   all | maxDets=  1 ] = 0.781
 Average Recall     (AR) @[ IoU=0.50:0.95 | area=   all | maxDets= 10 ] = 0.788
 Average Recall     (AR) @[ IoU=0.50:0.95 | area=   all | maxDets=100 ] = 0.788
 Average Recall     (AR) @[ IoU=0.50:0.95 | area= small | maxDets=100 ] = -1.000
 Average Recall     (AR) @[ IoU=0.50:0.95 | area=medium | maxDets=100 ] = 0.640
 Average Recall     (AR) @[ IoU=0.50:0.95 | area= large | maxDets=100 ] = 0.806
[08/15 07:13:10 d2.evaluation.coco_evaluation]: Evaluation results for segm: 
|   AP   |  AP50  |  AP75  |  APs  |  APm   |  APl   |
|:------:|:------:|:------:|:-----:|:------:|:------:|
| 74.738 | 95.054 | 91.942 |  nan  | 62.601 | 76.442 |
[08/15 07:13:10 d2.evaluation.coco_evaluation]: Some metrics cannot be computed and is shown as NaN.
[Iter 2 AP] → mAP@[.5:.95] = 74.738
[08/15 07:13:10 d2.data.datasets.coco]: Loaded 89 images in COCO format from /projects/PUCHALLA/LLP2024/tumor-segmentation/data/processed_data/rgd/test/images/test.json
[08/15 07:13:10 d2.data.datasets.coco]: Loaded 89 images in COCO format from /projects/PUCHALLA/LLP2024/tumor-segmentation/data/processed_data/rgd/test/images/test.json
[08/15 07:13:10 d2.data.dataset_mapper]: [DatasetMapper] Augmentations used in inference: [ResizeShortestEdge(short_edge_length=(800, 800), max_size=1333, sample_style='choice')]
[08/15 07:13:10 d2.data.common]: Serializing the dataset using: <class 'detectron2.data.common._TorchSerializedList'>
[08/15 07:13:10 d2.data.common]: Serializing 89 elements to byte tensors and concatenating them all ...
[08/15 07:13:10 d2.data.common]: Serialized dataset takes 0.07 MiB
[08/15 07:13:10 d2.evaluation.evaluator]: Start inference on 89 batches
[08/15 07:13:13 d2.evaluation.evaluator]: Total inference time: 0:00:02.063606 (0.024567 s / iter per device, on 1 devices)
[08/15 07:13:13 d2.evaluation.evaluator]: Total inference pure compute time: 0:00:01 (0.023435 s / iter per device, on 1 devices)
[08/15 07:13:14 d2.utils.events]:  eta: 0:05:04  iter: 1019  total_loss: 0.1996  loss_cls: 0.01996  loss_box_reg: 0.04897  loss_mask: 0.1211  loss_rpn_cls: 1.976e-06  loss_rpn_loc: 0.002426    time: 0.0769  last_time: 0.0773  data_time: 0.0021  last_data_time: 0.0020   lr: 0.0005  max_mem: 1682M
[08/15 07:13:16 d2.utils.events]:  eta: 0:05:03  iter: 1039  total_loss: 0.2012  loss_cls: 0.0247  loss_box_reg: 0.06009  loss_mask: 0.1186  loss_rpn_cls: 5.021e-06  loss_rpn_loc: 0.002523    time: 0.0769  last_time: 0.0768  data_time: 0.0022  last_data_time: 0.0020   lr: 0.0005  max_mem: 1682M
[08/15 07:13:17 d2.utils.events]:  eta: 0:05:01  iter: 1059  total_loss: 0.1958  loss_cls: 0.01994  loss_box_reg: 0.05147  loss_mask: 0.1229  loss_rpn_cls: 0.0001166  loss_rpn_loc: 0.002395    time: 0.0769  last_time: 0.0770  data_time: 0.0021  last_data_time: 0.0020   lr: 0.0005  max_mem: 1682M
[08/15 07:13:19 d2.utils.events]:  eta: 0:05:00  iter: 1079  total_loss: 0.1984  loss_cls: 0.01967  loss_box_reg: 0.04983  loss_mask: 0.1203  loss_rpn_cls: 6.169e-06  loss_rpn_loc: 0.002272    time: 0.0769  last_time: 0.0760  data_time: 0.0021  last_data_time: 0.0021   lr: 0.0005  max_mem: 1682M
[08/15 07:13:20 d2.utils.events]:  eta: 0:04:59  iter: 1099  total_loss: 0.192  loss_cls: 0.0218  loss_box_reg: 0.05227  loss_mask: 0.1124  loss_rpn_cls: 7.279e-06  loss_rpn_loc: 0.002364    time: 0.0769  last_time: 0.0812  data_time: 0.0021  last_data_time: 0.0021   lr: 0.0005  max_mem: 1682M
[08/15 07:13:20 d2.evaluation.coco_evaluation]: Fast COCO eval is not built. Falling back to official COCO eval.
[08/15 07:13:20 d2.data.datasets.coco]: Loaded 89 images in COCO format from /projects/PUCHALLA/LLP2024/tumor-segmentation/data/processed_data/rgd/test/images/test.json
[08/15 07:13:20 d2.data.dataset_mapper]: [DatasetMapper] Augmentations used in inference: [ResizeShortestEdge(short_edge_length=(800, 800), max_size=1333, sample_style='choice')]
[08/15 07:13:20 d2.data.common]: Serializing the dataset using: <class 'detectron2.data.common._TorchSerializedList'>
[08/15 07:13:20 d2.data.common]: Serializing 89 elements to byte tensors and concatenating them all ...
[08/15 07:13:20 d2.data.common]: Serialized dataset takes 0.07 MiB
[08/15 07:13:20 d2.evaluation.evaluator]: Start inference on 89 batches
[08/15 07:13:21 d2.evaluation.evaluator]: Inference done 11/89. Dataloading: 0.0004 s/iter. Inference: 0.0234 s/iter. Eval: 0.0003 s/iter. Total: 0.0241 s/iter. ETA=0:00:01
[08/15 07:13:23 d2.evaluation.evaluator]: Total inference time: 0:00:02.076812 (0.024724 s / iter per device, on 1 devices)
[08/15 07:13:23 d2.evaluation.evaluator]: Total inference pure compute time: 0:00:01 (0.023580 s / iter per device, on 1 devices)
[08/15 07:13:23 d2.evaluation.coco_evaluation]: Preparing results for COCO format ...
[08/15 07:13:23 d2.evaluation.coco_evaluation]: Saving results to ../../../../../models/rgb-testing/rgd-5000-1/coco_instances_results.json
[08/15 07:13:23 d2.evaluation.coco_evaluation]: Evaluating predictions with official COCO API...
Loading and preparing results...
DONE (t=0.00s)
creating index...
index created!
Running per image evaluation...
Evaluate annotation type *bbox*
DONE (t=0.01s).
Accumulating evaluation results...
DONE (t=0.01s).
 Average Precision  (AP) @[ IoU=0.50:0.95 | area=   all | maxDets=100 ] = 0.738
 Average Precision  (AP) @[ IoU=0.50      | area=   all | maxDets=100 ] = 0.954
 Average Precision  (AP) @[ IoU=0.75      | area=   all | maxDets=100 ] = 0.932
 Average Precision  (AP) @[ IoU=0.50:0.95 | area= small | maxDets=100 ] = -1.000
 Average Precision  (AP) @[ IoU=0.50:0.95 | area=medium | maxDets=100 ] = 0.568
 Average Precision  (AP) @[ IoU=0.50:0.95 | area= large | maxDets=100 ] = 0.759
 Average Recall     (AR) @[ IoU=0.50:0.95 | area=   all | maxDets=  1 ] = 0.781
 Average Recall     (AR) @[ IoU=0.50:0.95 | area=   all | maxDets= 10 ] = 0.783
 Average Recall     (AR) @[ IoU=0.50:0.95 | area=   all | maxDets=100 ] = 0.783
 Average Recall     (AR) @[ IoU=0.50:0.95 | area= small | maxDets=100 ] = -1.000
 Average Recall     (AR) @[ IoU=0.50:0.95 | area=medium | maxDets=100 ] = 0.590
 Average Recall     (AR) @[ IoU=0.50:0.95 | area= large | maxDets=100 ] = 0.808
[08/15 07:13:23 d2.evaluation.coco_evaluation]: Evaluation results for bbox: 
|   AP   |  AP50  |  AP75  |  APs  |  APm   |  APl   |
|:------:|:------:|:------:|:-----:|:------:|:------:|
| 73.767 | 95.389 | 93.224 |  nan  | 56.816 | 75.949 |
[08/15 07:13:23 d2.evaluation.coco_evaluation]: Some metrics cannot be computed and is shown as NaN.
Loading and preparing results...
DONE (t=0.00s)
creating index...
index created!
Running per image evaluation...
Evaluate annotation type *segm*
DONE (t=0.02s).
Accumulating evaluation results...
DONE (t=0.01s).
 Average Precision  (AP) @[ IoU=0.50:0.95 | area=   all | maxDets=100 ] = 0.754
 Average Precision  (AP) @[ IoU=0.50      | area=   all | maxDets=100 ] = 0.954
 Average Precision  (AP) @[ IoU=0.75      | area=   all | maxDets=100 ] = 0.923
 Average Precision  (AP) @[ IoU=0.50:0.95 | area= small | maxDets=100 ] = -1.000
 Average Precision  (AP) @[ IoU=0.50:0.95 | area=medium | maxDets=100 ] = 0.585
 Average Precision  (AP) @[ IoU=0.50:0.95 | area= large | maxDets=100 ] = 0.775
 Average Recall     (AR) @[ IoU=0.50:0.95 | area=   all | maxDets=  1 ] = 0.791
 Average Recall     (AR) @[ IoU=0.50:0.95 | area=   all | maxDets= 10 ] = 0.792
 Average Recall     (AR) @[ IoU=0.50:0.95 | area=   all | maxDets=100 ] = 0.792
 Average Recall     (AR) @[ IoU=0.50:0.95 | area= small | maxDets=100 ] = -1.000
 Average Recall     (AR) @[ IoU=0.50:0.95 | area=medium | maxDets=100 ] = 0.600
 Average Recall     (AR) @[ IoU=0.50:0.95 | area= large | maxDets=100 ] = 0.816
[08/15 07:13:23 d2.evaluation.coco_evaluation]: Evaluation results for segm: 
|   AP   |  AP50  |  AP75  |  APs  |  APm   |  APl   |
|:------:|:------:|:------:|:-----:|:------:|:------:|
| 75.356 | 95.389 | 92.265 |  nan  | 58.511 | 77.544 |
[08/15 07:13:23 d2.evaluation.coco_evaluation]: Some metrics cannot be computed and is shown as NaN.
[Iter 2 AP] → mAP@[.5:.95] = 75.356
[08/15 07:13:23 d2.data.datasets.coco]: Loaded 89 images in COCO format from /projects/PUCHALLA/LLP2024/tumor-segmentation/data/processed_data/rgd/test/images/test.json
[08/15 07:13:23 d2.data.datasets.coco]: Loaded 89 images in COCO format from /projects/PUCHALLA/LLP2024/tumor-segmentation/data/processed_data/rgd/test/images/test.json
[08/15 07:13:23 d2.data.dataset_mapper]: [DatasetMapper] Augmentations used in inference: [ResizeShortestEdge(short_edge_length=(800, 800), max_size=1333, sample_style='choice')]
[08/15 07:13:23 d2.data.common]: Serializing the dataset using: <class 'detectron2.data.common._TorchSerializedList'>
[08/15 07:13:23 d2.data.common]: Serializing 89 elements to byte tensors and concatenating them all ...
[08/15 07:13:23 d2.data.common]: Serialized dataset takes 0.07 MiB
[08/15 07:13:23 d2.evaluation.evaluator]: Start inference on 89 batches
[08/15 07:13:25 d2.evaluation.evaluator]: Total inference time: 0:00:02.069932 (0.024642 s / iter per device, on 1 devices)
[08/15 07:13:25 d2.evaluation.evaluator]: Total inference pure compute time: 0:00:01 (0.023486 s / iter per device, on 1 devices)
[08/15 07:13:26 d2.utils.events]:  eta: 0:04:57  iter: 1119  total_loss: 0.2063  loss_cls: 0.02084  loss_box_reg: 0.05541  loss_mask: 0.1307  loss_rpn_cls: 1.536e-05  loss_rpn_loc: 0.002645    time: 0.0769  last_time: 0.0713  data_time: 0.0021  last_data_time: 0.0021   lr: 0.0005  max_mem: 1682M
[08/15 07:13:28 d2.utils.events]:  eta: 0:04:56  iter: 1139  total_loss: 0.187  loss_cls: 0.01974  loss_box_reg: 0.04634  loss_mask: 0.1125  loss_rpn_cls: 8.904e-06  loss_rpn_loc: 0.002582    time: 0.0770  last_time: 0.0769  data_time: 0.0021  last_data_time: 0.0020   lr: 0.0005  max_mem: 1682M
[08/15 07:13:30 d2.utils.events]:  eta: 0:04:55  iter: 1159  total_loss: 0.2037  loss_cls: 0.02121  loss_box_reg: 0.0554  loss_mask: 0.1287  loss_rpn_cls: 5.784e-06  loss_rpn_loc: 0.002578    time: 0.0770  last_time: 0.0802  data_time: 0.0022  last_data_time: 0.0021   lr: 0.0005  max_mem: 1682M
[08/15 07:13:31 d2.utils.events]:  eta: 0:04:53  iter: 1179  total_loss: 0.1931  loss_cls: 0.02181  loss_box_reg: 0.05123  loss_mask: 0.1193  loss_rpn_cls: 5.391e-06  loss_rpn_loc: 0.002426    time: 0.0770  last_time: 0.0788  data_time: 0.0021  last_data_time: 0.0020   lr: 0.0005  max_mem: 1682M
[08/15 07:13:33 d2.utils.events]:  eta: 0:04:52  iter: 1199  total_loss: 0.2083  loss_cls: 0.01986  loss_box_reg: 0.05909  loss_mask: 0.1203  loss_rpn_cls: 2.16e-06  loss_rpn_loc: 0.002424    time: 0.0770  last_time: 0.0751  data_time: 0.0021  last_data_time: 0.0020   lr: 0.0005  max_mem: 1682M
[08/15 07:13:33 d2.evaluation.coco_evaluation]: Fast COCO eval is not built. Falling back to official COCO eval.
[08/15 07:13:33 d2.data.datasets.coco]: Loaded 89 images in COCO format from /projects/PUCHALLA/LLP2024/tumor-segmentation/data/processed_data/rgd/test/images/test.json
[08/15 07:13:33 d2.data.dataset_mapper]: [DatasetMapper] Augmentations used in inference: [ResizeShortestEdge(short_edge_length=(800, 800), max_size=1333, sample_style='choice')]
[08/15 07:13:33 d2.data.common]: Serializing the dataset using: <class 'detectron2.data.common._TorchSerializedList'>
[08/15 07:13:33 d2.data.common]: Serializing 89 elements to byte tensors and concatenating them all ...
[08/15 07:13:33 d2.data.common]: Serialized dataset takes 0.07 MiB
[08/15 07:13:33 d2.evaluation.evaluator]: Start inference on 89 batches
[08/15 07:13:33 d2.evaluation.evaluator]: Inference done 11/89. Dataloading: 0.0004 s/iter. Inference: 0.0235 s/iter. Eval: 0.0003 s/iter. Total: 0.0242 s/iter. ETA=0:00:01
[08/15 07:13:35 d2.evaluation.evaluator]: Total inference time: 0:00:02.096756 (0.024961 s / iter per device, on 1 devices)
[08/15 07:13:35 d2.evaluation.evaluator]: Total inference pure compute time: 0:00:01 (0.023809 s / iter per device, on 1 devices)
[08/15 07:13:35 d2.evaluation.coco_evaluation]: Preparing results for COCO format ...
[08/15 07:13:35 d2.evaluation.coco_evaluation]: Saving results to ../../../../../models/rgb-testing/rgd-5000-1/coco_instances_results.json
[08/15 07:13:35 d2.evaluation.coco_evaluation]: Evaluating predictions with official COCO API...
Loading and preparing results...
DONE (t=0.00s)
creating index...
index created!
Running per image evaluation...
Evaluate annotation type *bbox*
DONE (t=0.01s).
Accumulating evaluation results...
DONE (t=0.01s).
 Average Precision  (AP) @[ IoU=0.50:0.95 | area=   all | maxDets=100 ] = 0.726
 Average Precision  (AP) @[ IoU=0.50      | area=   all | maxDets=100 ] = 0.941
 Average Precision  (AP) @[ IoU=0.75      | area=   all | maxDets=100 ] = 0.902
 Average Precision  (AP) @[ IoU=0.50:0.95 | area= small | maxDets=100 ] = -1.000
 Average Precision  (AP) @[ IoU=0.50:0.95 | area=medium | maxDets=100 ] = 0.589
 Average Precision  (AP) @[ IoU=0.50:0.95 | area= large | maxDets=100 ] = 0.745
 Average Recall     (AR) @[ IoU=0.50:0.95 | area=   all | maxDets=  1 ] = 0.766
 Average Recall     (AR) @[ IoU=0.50:0.95 | area=   all | maxDets= 10 ] = 0.772
 Average Recall     (AR) @[ IoU=0.50:0.95 | area=   all | maxDets=100 ] = 0.772
 Average Recall     (AR) @[ IoU=0.50:0.95 | area= small | maxDets=100 ] = -1.000
 Average Recall     (AR) @[ IoU=0.50:0.95 | area=medium | maxDets=100 ] = 0.590
 Average Recall     (AR) @[ IoU=0.50:0.95 | area= large | maxDets=100 ] = 0.795
[08/15 07:13:35 d2.evaluation.coco_evaluation]: Evaluation results for bbox: 
|   AP   |  AP50  |  AP75  |  APs  |  APm   |  APl   |
|:------:|:------:|:------:|:-----:|:------:|:------:|
| 72.597 | 94.127 | 90.205 |  nan  | 58.901 | 74.458 |
[08/15 07:13:35 d2.evaluation.coco_evaluation]: Some metrics cannot be computed and is shown as NaN.
Loading and preparing results...
DONE (t=0.00s)
creating index...
index created!
Running per image evaluation...
Evaluate annotation type *segm*
DONE (t=0.02s).
Accumulating evaluation results...
DONE (t=0.01s).
 Average Precision  (AP) @[ IoU=0.50:0.95 | area=   all | maxDets=100 ] = 0.735
 Average Precision  (AP) @[ IoU=0.50      | area=   all | maxDets=100 ] = 0.941
 Average Precision  (AP) @[ IoU=0.75      | area=   all | maxDets=100 ] = 0.911
 Average Precision  (AP) @[ IoU=0.50:0.95 | area= small | maxDets=100 ] = -1.000
 Average Precision  (AP) @[ IoU=0.50:0.95 | area=medium | maxDets=100 ] = 0.604
 Average Precision  (AP) @[ IoU=0.50:0.95 | area= large | maxDets=100 ] = 0.753
 Average Recall     (AR) @[ IoU=0.50:0.95 | area=   all | maxDets=  1 ] = 0.767
 Average Recall     (AR) @[ IoU=0.50:0.95 | area=   all | maxDets= 10 ] = 0.774
 Average Recall     (AR) @[ IoU=0.50:0.95 | area=   all | maxDets=100 ] = 0.774
 Average Recall     (AR) @[ IoU=0.50:0.95 | area= small | maxDets=100 ] = -1.000
 Average Recall     (AR) @[ IoU=0.50:0.95 | area=medium | maxDets=100 ] = 0.610
 Average Recall     (AR) @[ IoU=0.50:0.95 | area= large | maxDets=100 ] = 0.795
[08/15 07:13:35 d2.evaluation.coco_evaluation]: Evaluation results for segm: 
|   AP   |  AP50  |  AP75  |  APs  |  APm   |  APl   |
|:------:|:------:|:------:|:-----:|:------:|:------:|
| 73.474 | 94.127 | 91.128 |  nan  | 60.362 | 75.335 |
[08/15 07:13:35 d2.evaluation.coco_evaluation]: Some metrics cannot be computed and is shown as NaN.
[Iter 2 AP] → mAP@[.5:.95] = 73.474
[08/15 07:13:35 d2.data.datasets.coco]: Loaded 89 images in COCO format from /projects/PUCHALLA/LLP2024/tumor-segmentation/data/processed_data/rgd/test/images/test.json
[08/15 07:13:35 d2.data.datasets.coco]: Loaded 89 images in COCO format from /projects/PUCHALLA/LLP2024/tumor-segmentation/data/processed_data/rgd/test/images/test.json
[08/15 07:13:35 d2.data.dataset_mapper]: [DatasetMapper] Augmentations used in inference: [ResizeShortestEdge(short_edge_length=(800, 800), max_size=1333, sample_style='choice')]
[08/15 07:13:35 d2.data.common]: Serializing the dataset using: <class 'detectron2.data.common._TorchSerializedList'>
[08/15 07:13:35 d2.data.common]: Serializing 89 elements to byte tensors and concatenating them all ...
[08/15 07:13:35 d2.data.common]: Serialized dataset takes 0.07 MiB
[08/15 07:13:35 d2.evaluation.evaluator]: Start inference on 89 batches
[08/15 07:13:37 d2.evaluation.evaluator]: Total inference time: 0:00:02.060353 (0.024528 s / iter per device, on 1 devices)
[08/15 07:13:37 d2.evaluation.evaluator]: Total inference pure compute time: 0:00:01 (0.023388 s / iter per device, on 1 devices)
[08/15 07:13:39 d2.utils.events]:  eta: 0:04:50  iter: 1219  total_loss: 0.198  loss_cls: 0.0232  loss_box_reg: 0.05555  loss_mask: 0.1269  loss_rpn_cls: 6.161e-06  loss_rpn_loc: 0.002565    time: 0.0770  last_time: 0.0685  data_time: 0.0022  last_data_time: 0.0020   lr: 0.0005  max_mem: 1682M
[08/15 07:13:40 d2.utils.events]:  eta: 0:04:49  iter: 1239  total_loss: 0.1821  loss_cls: 0.01881  loss_box_reg: 0.04463  loss_mask: 0.1163  loss_rpn_cls: 1.016e-05  loss_rpn_loc: 0.002144    time: 0.0770  last_time: 0.0829  data_time: 0.0023  last_data_time: 0.0024   lr: 0.0005  max_mem: 1682M
[08/15 07:13:42 d2.utils.events]:  eta: 0:04:47  iter: 1259  total_loss: 0.1815  loss_cls: 0.01635  loss_box_reg: 0.04486  loss_mask: 0.1233  loss_rpn_cls: 8.419e-06  loss_rpn_loc: 0.002206    time: 0.0770  last_time: 0.0761  data_time: 0.0021  last_data_time: 0.0019   lr: 0.0005  max_mem: 1682M
[08/15 07:13:43 d2.utils.events]:  eta: 0:04:46  iter: 1279  total_loss: 0.1913  loss_cls: 0.02109  loss_box_reg: 0.03955  loss_mask: 0.1295  loss_rpn_cls: 5.818e-06  loss_rpn_loc: 0.002081    time: 0.0770  last_time: 0.0820  data_time: 0.0021  last_data_time: 0.0020   lr: 0.0005  max_mem: 1682M
[08/15 07:13:45 d2.utils.events]:  eta: 0:04:44  iter: 1299  total_loss: 0.1921  loss_cls: 0.02203  loss_box_reg: 0.05306  loss_mask: 0.1192  loss_rpn_cls: 1.131e-05  loss_rpn_loc: 0.002749    time: 0.0770  last_time: 0.0821  data_time: 0.0021  last_data_time: 0.0022   lr: 0.0005  max_mem: 1682M
[08/15 07:13:45 d2.evaluation.coco_evaluation]: Fast COCO eval is not built. Falling back to official COCO eval.
[08/15 07:13:45 d2.data.datasets.coco]: Loaded 89 images in COCO format from /projects/PUCHALLA/LLP2024/tumor-segmentation/data/processed_data/rgd/test/images/test.json
[08/15 07:13:45 d2.data.dataset_mapper]: [DatasetMapper] Augmentations used in inference: [ResizeShortestEdge(short_edge_length=(800, 800), max_size=1333, sample_style='choice')]
[08/15 07:13:45 d2.data.common]: Serializing the dataset using: <class 'detectron2.data.common._TorchSerializedList'>
[08/15 07:13:45 d2.data.common]: Serializing 89 elements to byte tensors and concatenating them all ...
[08/15 07:13:45 d2.data.common]: Serialized dataset takes 0.07 MiB
[08/15 07:13:45 d2.evaluation.evaluator]: Start inference on 89 batches
[08/15 07:13:45 d2.evaluation.evaluator]: Inference done 11/89. Dataloading: 0.0004 s/iter. Inference: 0.0236 s/iter. Eval: 0.0003 s/iter. Total: 0.0244 s/iter. ETA=0:00:01
[08/15 07:13:47 d2.evaluation.evaluator]: Total inference time: 0:00:02.083101 (0.024799 s / iter per device, on 1 devices)
[08/15 07:13:47 d2.evaluation.evaluator]: Total inference pure compute time: 0:00:01 (0.023629 s / iter per device, on 1 devices)
[08/15 07:13:47 d2.evaluation.coco_evaluation]: Preparing results for COCO format ...
[08/15 07:13:47 d2.evaluation.coco_evaluation]: Saving results to ../../../../../models/rgb-testing/rgd-5000-1/coco_instances_results.json
[08/15 07:13:47 d2.evaluation.coco_evaluation]: Evaluating predictions with official COCO API...
Loading and preparing results...
DONE (t=0.00s)
creating index...
index created!
Running per image evaluation...
Evaluate annotation type *bbox*
DONE (t=0.01s).
Accumulating evaluation results...
DONE (t=0.01s).
 Average Precision  (AP) @[ IoU=0.50:0.95 | area=   all | maxDets=100 ] = 0.762
 Average Precision  (AP) @[ IoU=0.50      | area=   all | maxDets=100 ] = 0.963
 Average Precision  (AP) @[ IoU=0.75      | area=   all | maxDets=100 ] = 0.912
 Average Precision  (AP) @[ IoU=0.50:0.95 | area= small | maxDets=100 ] = -1.000
 Average Precision  (AP) @[ IoU=0.50:0.95 | area=medium | maxDets=100 ] = 0.637
 Average Precision  (AP) @[ IoU=0.50:0.95 | area= large | maxDets=100 ] = 0.781
 Average Recall     (AR) @[ IoU=0.50:0.95 | area=   all | maxDets=  1 ] = 0.804
 Average Recall     (AR) @[ IoU=0.50:0.95 | area=   all | maxDets= 10 ] = 0.809
 Average Recall     (AR) @[ IoU=0.50:0.95 | area=   all | maxDets=100 ] = 0.809
 Average Recall     (AR) @[ IoU=0.50:0.95 | area= small | maxDets=100 ] = -1.000
 Average Recall     (AR) @[ IoU=0.50:0.95 | area=medium | maxDets=100 ] = 0.650
 Average Recall     (AR) @[ IoU=0.50:0.95 | area= large | maxDets=100 ] = 0.829
[08/15 07:13:47 d2.evaluation.coco_evaluation]: Evaluation results for bbox: 
|   AP   |  AP50  |  AP75  |  APs  |  APm   |  APl   |
|:------:|:------:|:------:|:-----:|:------:|:------:|
| 76.228 | 96.252 | 91.201 |  nan  | 63.684 | 78.052 |
[08/15 07:13:47 d2.evaluation.coco_evaluation]: Some metrics cannot be computed and is shown as NaN.
Loading and preparing results...
DONE (t=0.00s)
creating index...
index created!
Running per image evaluation...
Evaluate annotation type *segm*
DONE (t=0.02s).
Accumulating evaluation results...
DONE (t=0.01s).
 Average Precision  (AP) @[ IoU=0.50:0.95 | area=   all | maxDets=100 ] = 0.764
 Average Precision  (AP) @[ IoU=0.50      | area=   all | maxDets=100 ] = 0.963
 Average Precision  (AP) @[ IoU=0.75      | area=   all | maxDets=100 ] = 0.912
 Average Precision  (AP) @[ IoU=0.50:0.95 | area= small | maxDets=100 ] = -1.000
 Average Precision  (AP) @[ IoU=0.50:0.95 | area=medium | maxDets=100 ] = 0.638
 Average Precision  (AP) @[ IoU=0.50:0.95 | area= large | maxDets=100 ] = 0.780
 Average Recall     (AR) @[ IoU=0.50:0.95 | area=   all | maxDets=  1 ] = 0.796
 Average Recall     (AR) @[ IoU=0.50:0.95 | area=   all | maxDets= 10 ] = 0.800
 Average Recall     (AR) @[ IoU=0.50:0.95 | area=   all | maxDets=100 ] = 0.800
 Average Recall     (AR) @[ IoU=0.50:0.95 | area= small | maxDets=100 ] = -1.000
 Average Recall     (AR) @[ IoU=0.50:0.95 | area=medium | maxDets=100 ] = 0.650
 Average Recall     (AR) @[ IoU=0.50:0.95 | area= large | maxDets=100 ] = 0.819
[08/15 07:13:47 d2.evaluation.coco_evaluation]: Evaluation results for segm: 
|   AP   |  AP50  |  AP75  |  APs  |  APm   |  APl   |
|:------:|:------:|:------:|:-----:|:------:|:------:|
| 76.415 | 96.252 | 91.201 |  nan  | 63.815 | 78.022 |
[08/15 07:13:47 d2.evaluation.coco_evaluation]: Some metrics cannot be computed and is shown as NaN.
[Iter 2 AP] → mAP@[.5:.95] = 76.415
[08/15 07:13:47 d2.data.datasets.coco]: Loaded 89 images in COCO format from /projects/PUCHALLA/LLP2024/tumor-segmentation/data/processed_data/rgd/test/images/test.json
[08/15 07:13:47 d2.data.datasets.coco]: Loaded 89 images in COCO format from /projects/PUCHALLA/LLP2024/tumor-segmentation/data/processed_data/rgd/test/images/test.json
[08/15 07:13:47 d2.data.dataset_mapper]: [DatasetMapper] Augmentations used in inference: [ResizeShortestEdge(short_edge_length=(800, 800), max_size=1333, sample_style='choice')]
[08/15 07:13:47 d2.data.common]: Serializing the dataset using: <class 'detectron2.data.common._TorchSerializedList'>
[08/15 07:13:47 d2.data.common]: Serializing 89 elements to byte tensors and concatenating them all ...
[08/15 07:13:47 d2.data.common]: Serialized dataset takes 0.07 MiB
[08/15 07:13:47 d2.evaluation.evaluator]: Start inference on 89 batches
[08/15 07:13:50 d2.evaluation.evaluator]: Total inference time: 0:00:02.077163 (0.024728 s / iter per device, on 1 devices)
[08/15 07:13:50 d2.evaluation.evaluator]: Total inference pure compute time: 0:00:01 (0.023602 s / iter per device, on 1 devices)
[08/15 07:13:51 d2.utils.events]:  eta: 0:04:43  iter: 1319  total_loss: 0.184  loss_cls: 0.01872  loss_box_reg: 0.052  loss_mask: 0.1122  loss_rpn_cls: 5.118e-06  loss_rpn_loc: 0.002641    time: 0.0770  last_time: 0.0773  data_time: 0.0021  last_data_time: 0.0020   lr: 0.0005  max_mem: 1682M
[08/15 07:13:53 d2.utils.events]:  eta: 0:04:41  iter: 1339  total_loss: 0.2016  loss_cls: 0.01835  loss_box_reg: 0.05752  loss_mask: 0.1139  loss_rpn_cls: 3.485e-06  loss_rpn_loc: 0.002345    time: 0.0770  last_time: 0.0800  data_time: 0.0021  last_data_time: 0.0021   lr: 0.0005  max_mem: 1682M
[08/15 07:13:54 d2.utils.events]:  eta: 0:04:40  iter: 1359  total_loss: 0.1944  loss_cls: 0.01807  loss_box_reg: 0.04942  loss_mask: 0.1239  loss_rpn_cls: 5.533e-06  loss_rpn_loc: 0.002422    time: 0.0770  last_time: 0.0766  data_time: 0.0021  last_data_time: 0.0021   lr: 0.0005  max_mem: 1682M
[08/15 07:13:56 d2.utils.events]:  eta: 0:04:38  iter: 1379  total_loss: 0.1733  loss_cls: 0.01951  loss_box_reg: 0.04223  loss_mask: 0.11  loss_rpn_cls: 5.956e-06  loss_rpn_loc: 0.00232    time: 0.0771  last_time: 0.0729  data_time: 0.0021  last_data_time: 0.0020   lr: 0.0005  max_mem: 1682M
[08/15 07:13:57 d2.utils.events]:  eta: 0:04:37  iter: 1399  total_loss: 0.2114  loss_cls: 0.01946  loss_box_reg: 0.0508  loss_mask: 0.1404  loss_rpn_cls: 5.777e-06  loss_rpn_loc: 0.00246    time: 0.0771  last_time: 0.0762  data_time: 0.0021  last_data_time: 0.0021   lr: 0.0005  max_mem: 1682M
[08/15 07:13:58 d2.evaluation.coco_evaluation]: Fast COCO eval is not built. Falling back to official COCO eval.
[08/15 07:13:58 d2.data.datasets.coco]: Loaded 89 images in COCO format from /projects/PUCHALLA/LLP2024/tumor-segmentation/data/processed_data/rgd/test/images/test.json
[08/15 07:13:58 d2.data.dataset_mapper]: [DatasetMapper] Augmentations used in inference: [ResizeShortestEdge(short_edge_length=(800, 800), max_size=1333, sample_style='choice')]
[08/15 07:13:58 d2.data.common]: Serializing the dataset using: <class 'detectron2.data.common._TorchSerializedList'>
[08/15 07:13:58 d2.data.common]: Serializing 89 elements to byte tensors and concatenating them all ...
[08/15 07:13:58 d2.data.common]: Serialized dataset takes 0.07 MiB
[08/15 07:13:58 d2.evaluation.evaluator]: Start inference on 89 batches
[08/15 07:13:58 d2.evaluation.evaluator]: Inference done 11/89. Dataloading: 0.0005 s/iter. Inference: 0.0238 s/iter. Eval: 0.0003 s/iter. Total: 0.0246 s/iter. ETA=0:00:01
[08/15 07:14:00 d2.evaluation.evaluator]: Total inference time: 0:00:02.082787 (0.024795 s / iter per device, on 1 devices)
[08/15 07:14:00 d2.evaluation.evaluator]: Total inference pure compute time: 0:00:01 (0.023623 s / iter per device, on 1 devices)
[08/15 07:14:00 d2.evaluation.coco_evaluation]: Preparing results for COCO format ...
[08/15 07:14:00 d2.evaluation.coco_evaluation]: Saving results to ../../../../../models/rgb-testing/rgd-5000-1/coco_instances_results.json
[08/15 07:14:00 d2.evaluation.coco_evaluation]: Evaluating predictions with official COCO API...
Loading and preparing results...
DONE (t=0.00s)
creating index...
index created!
Running per image evaluation...
Evaluate annotation type *bbox*
DONE (t=0.01s).
Accumulating evaluation results...
DONE (t=0.01s).
 Average Precision  (AP) @[ IoU=0.50:0.95 | area=   all | maxDets=100 ] = 0.724
 Average Precision  (AP) @[ IoU=0.50      | area=   all | maxDets=100 ] = 0.969
 Average Precision  (AP) @[ IoU=0.75      | area=   all | maxDets=100 ] = 0.926
 Average Precision  (AP) @[ IoU=0.50:0.95 | area= small | maxDets=100 ] = -1.000
 Average Precision  (AP) @[ IoU=0.50:0.95 | area=medium | maxDets=100 ] = 0.661
 Average Precision  (AP) @[ IoU=0.50:0.95 | area= large | maxDets=100 ] = 0.735
 Average Recall     (AR) @[ IoU=0.50:0.95 | area=   all | maxDets=  1 ] = 0.776
 Average Recall     (AR) @[ IoU=0.50:0.95 | area=   all | maxDets= 10 ] = 0.781
 Average Recall     (AR) @[ IoU=0.50:0.95 | area=   all | maxDets=100 ] = 0.781
 Average Recall     (AR) @[ IoU=0.50:0.95 | area= small | maxDets=100 ] = -1.000
 Average Recall     (AR) @[ IoU=0.50:0.95 | area=medium | maxDets=100 ] = 0.670
 Average Recall     (AR) @[ IoU=0.50:0.95 | area= large | maxDets=100 ] = 0.795
[08/15 07:14:00 d2.evaluation.coco_evaluation]: Evaluation results for bbox: 
|   AP   |  AP50  |  AP75  |  APs  |  APm   |  APl   |
|:------:|:------:|:------:|:-----:|:------:|:------:|
| 72.387 | 96.864 | 92.617 |  nan  | 66.081 | 73.547 |
[08/15 07:14:00 d2.evaluation.coco_evaluation]: Some metrics cannot be computed and is shown as NaN.
Loading and preparing results...
DONE (t=0.00s)
creating index...
index created!
Running per image evaluation...
Evaluate annotation type *segm*
DONE (t=0.02s).
Accumulating evaluation results...
DONE (t=0.01s).
 Average Precision  (AP) @[ IoU=0.50:0.95 | area=   all | maxDets=100 ] = 0.747
 Average Precision  (AP) @[ IoU=0.50      | area=   all | maxDets=100 ] = 0.969
 Average Precision  (AP) @[ IoU=0.75      | area=   all | maxDets=100 ] = 0.907
 Average Precision  (AP) @[ IoU=0.50:0.95 | area= small | maxDets=100 ] = -1.000
 Average Precision  (AP) @[ IoU=0.50:0.95 | area=medium | maxDets=100 ] = 0.652
 Average Precision  (AP) @[ IoU=0.50:0.95 | area= large | maxDets=100 ] = 0.762
 Average Recall     (AR) @[ IoU=0.50:0.95 | area=   all | maxDets=  1 ] = 0.789
 Average Recall     (AR) @[ IoU=0.50:0.95 | area=   all | maxDets= 10 ] = 0.794
 Average Recall     (AR) @[ IoU=0.50:0.95 | area=   all | maxDets=100 ] = 0.794
 Average Recall     (AR) @[ IoU=0.50:0.95 | area= small | maxDets=100 ] = -1.000
 Average Recall     (AR) @[ IoU=0.50:0.95 | area=medium | maxDets=100 ] = 0.660
 Average Recall     (AR) @[ IoU=0.50:0.95 | area= large | maxDets=100 ] = 0.811
[08/15 07:14:00 d2.evaluation.coco_evaluation]: Evaluation results for segm: 
|   AP   |  AP50  |  AP75  |  APs  |  APm   |  APl   |
|:------:|:------:|:------:|:-----:|:------:|:------:|
| 74.702 | 96.864 | 90.715 |  nan  | 65.229 | 76.219 |
[08/15 07:14:00 d2.evaluation.coco_evaluation]: Some metrics cannot be computed and is shown as NaN.
[Iter 2 AP] → mAP@[.5:.95] = 74.702
[08/15 07:14:00 d2.data.datasets.coco]: Loaded 89 images in COCO format from /projects/PUCHALLA/LLP2024/tumor-segmentation/data/processed_data/rgd/test/images/test.json
[08/15 07:14:00 d2.data.datasets.coco]: Loaded 89 images in COCO format from /projects/PUCHALLA/LLP2024/tumor-segmentation/data/processed_data/rgd/test/images/test.json
[08/15 07:14:00 d2.data.dataset_mapper]: [DatasetMapper] Augmentations used in inference: [ResizeShortestEdge(short_edge_length=(800, 800), max_size=1333, sample_style='choice')]
[08/15 07:14:00 d2.data.common]: Serializing the dataset using: <class 'detectron2.data.common._TorchSerializedList'>
[08/15 07:14:00 d2.data.common]: Serializing 89 elements to byte tensors and concatenating them all ...
[08/15 07:14:00 d2.data.common]: Serialized dataset takes 0.07 MiB
[08/15 07:14:00 d2.evaluation.evaluator]: Start inference on 89 batches
[08/15 07:14:02 d2.evaluation.evaluator]: Total inference time: 0:00:02.102954 (0.025035 s / iter per device, on 1 devices)
[08/15 07:14:02 d2.evaluation.evaluator]: Total inference pure compute time: 0:00:02 (0.023884 s / iter per device, on 1 devices)
[08/15 07:14:04 d2.utils.events]:  eta: 0:04:35  iter: 1419  total_loss: 0.1959  loss_cls: 0.01909  loss_box_reg: 0.04644  loss_mask: 0.1238  loss_rpn_cls: 4.245e-06  loss_rpn_loc: 0.002182    time: 0.0771  last_time: 0.0771  data_time: 0.0020  last_data_time: 0.0021   lr: 0.0005  max_mem: 1682M
[08/15 07:14:05 d2.utils.events]:  eta: 0:04:33  iter: 1439  total_loss: 0.1737  loss_cls: 0.01784  loss_box_reg: 0.04579  loss_mask: 0.1094  loss_rpn_cls: 2.79e-06  loss_rpn_loc: 0.001891    time: 0.0771  last_time: 0.0721  data_time: 0.0022  last_data_time: 0.0020   lr: 0.0005  max_mem: 1682M
[08/15 07:14:07 d2.utils.events]:  eta: 0:04:32  iter: 1459  total_loss: 0.174  loss_cls: 0.02124  loss_box_reg: 0.05057  loss_mask: 0.1088  loss_rpn_cls: 1.172e-06  loss_rpn_loc: 0.00211    time: 0.0771  last_time: 0.0763  data_time: 0.0021  last_data_time: 0.0021   lr: 0.0005  max_mem: 1682M
[08/15 07:14:08 d2.utils.events]:  eta: 0:04:30  iter: 1479  total_loss: 0.1713  loss_cls: 0.01949  loss_box_reg: 0.04288  loss_mask: 0.1133  loss_rpn_cls: 2.667e-06  loss_rpn_loc: 0.002211    time: 0.0770  last_time: 0.0730  data_time: 0.0020  last_data_time: 0.0019   lr: 0.0005  max_mem: 1682M
[08/15 07:14:10 d2.utils.events]:  eta: 0:04:29  iter: 1499  total_loss: 0.1912  loss_cls: 0.01837  loss_box_reg: 0.04958  loss_mask: 0.1144  loss_rpn_cls: 4.109e-06  loss_rpn_loc: 0.002761    time: 0.0770  last_time: 0.0770  data_time: 0.0021  last_data_time: 0.0022   lr: 0.0005  max_mem: 1682M
[08/15 07:14:10 d2.evaluation.coco_evaluation]: Fast COCO eval is not built. Falling back to official COCO eval.
[08/15 07:14:10 d2.data.datasets.coco]: Loaded 89 images in COCO format from /projects/PUCHALLA/LLP2024/tumor-segmentation/data/processed_data/rgd/test/images/test.json
[08/15 07:14:10 d2.data.dataset_mapper]: [DatasetMapper] Augmentations used in inference: [ResizeShortestEdge(short_edge_length=(800, 800), max_size=1333, sample_style='choice')]
[08/15 07:14:10 d2.data.common]: Serializing the dataset using: <class 'detectron2.data.common._TorchSerializedList'>
[08/15 07:14:10 d2.data.common]: Serializing 89 elements to byte tensors and concatenating them all ...
[08/15 07:14:10 d2.data.common]: Serialized dataset takes 0.07 MiB
[08/15 07:14:10 d2.evaluation.evaluator]: Start inference on 89 batches
[08/15 07:14:10 d2.evaluation.evaluator]: Inference done 11/89. Dataloading: 0.0004 s/iter. Inference: 0.0235 s/iter. Eval: 0.0003 s/iter. Total: 0.0242 s/iter. ETA=0:00:01
[08/15 07:14:12 d2.evaluation.evaluator]: Total inference time: 0:00:02.083642 (0.024805 s / iter per device, on 1 devices)
[08/15 07:14:12 d2.evaluation.evaluator]: Total inference pure compute time: 0:00:01 (0.023663 s / iter per device, on 1 devices)
[08/15 07:14:12 d2.evaluation.coco_evaluation]: Preparing results for COCO format ...
[08/15 07:14:12 d2.evaluation.coco_evaluation]: Saving results to ../../../../../models/rgb-testing/rgd-5000-1/coco_instances_results.json
[08/15 07:14:12 d2.evaluation.coco_evaluation]: Evaluating predictions with official COCO API...
Loading and preparing results...
DONE (t=0.00s)
creating index...
index created!
Running per image evaluation...
Evaluate annotation type *bbox*
DONE (t=0.01s).
Accumulating evaluation results...
DONE (t=0.01s).
 Average Precision  (AP) @[ IoU=0.50:0.95 | area=   all | maxDets=100 ] = 0.756
 Average Precision  (AP) @[ IoU=0.50      | area=   all | maxDets=100 ] = 0.971
 Average Precision  (AP) @[ IoU=0.75      | area=   all | maxDets=100 ] = 0.929
 Average Precision  (AP) @[ IoU=0.50:0.95 | area= small | maxDets=100 ] = -1.000
 Average Precision  (AP) @[ IoU=0.50:0.95 | area=medium | maxDets=100 ] = 0.703
 Average Precision  (AP) @[ IoU=0.50:0.95 | area= large | maxDets=100 ] = 0.766
 Average Recall     (AR) @[ IoU=0.50:0.95 | area=   all | maxDets=  1 ] = 0.813
 Average Recall     (AR) @[ IoU=0.50:0.95 | area=   all | maxDets= 10 ] = 0.813
 Average Recall     (AR) @[ IoU=0.50:0.95 | area=   all | maxDets=100 ] = 0.813
 Average Recall     (AR) @[ IoU=0.50:0.95 | area= small | maxDets=100 ] = -1.000
 Average Recall     (AR) @[ IoU=0.50:0.95 | area=medium | maxDets=100 ] = 0.710
 Average Recall     (AR) @[ IoU=0.50:0.95 | area= large | maxDets=100 ] = 0.827
[08/15 07:14:12 d2.evaluation.coco_evaluation]: Evaluation results for bbox: 
|   AP   |  AP50  |  AP75  |  APs  |  APm   |  APl   |
|:------:|:------:|:------:|:-----:|:------:|:------:|
| 75.559 | 97.085 | 92.937 |  nan  | 70.267 | 76.605 |
[08/15 07:14:12 d2.evaluation.coco_evaluation]: Some metrics cannot be computed and is shown as NaN.
Loading and preparing results...
DONE (t=0.00s)
creating index...
index created!
Running per image evaluation...
Evaluate annotation type *segm*
DONE (t=0.02s).
Accumulating evaluation results...
DONE (t=0.01s).
 Average Precision  (AP) @[ IoU=0.50:0.95 | area=   all | maxDets=100 ] = 0.774
 Average Precision  (AP) @[ IoU=0.50      | area=   all | maxDets=100 ] = 0.971
 Average Precision  (AP) @[ IoU=0.75      | area=   all | maxDets=100 ] = 0.929
 Average Precision  (AP) @[ IoU=0.50:0.95 | area= small | maxDets=100 ] = -1.000
 Average Precision  (AP) @[ IoU=0.50:0.95 | area=medium | maxDets=100 ] = 0.687
 Average Precision  (AP) @[ IoU=0.50:0.95 | area= large | maxDets=100 ] = 0.787
 Average Recall     (AR) @[ IoU=0.50:0.95 | area=   all | maxDets=  1 ] = 0.817
 Average Recall     (AR) @[ IoU=0.50:0.95 | area=   all | maxDets= 10 ] = 0.817
 Average Recall     (AR) @[ IoU=0.50:0.95 | area=   all | maxDets=100 ] = 0.817
 Average Recall     (AR) @[ IoU=0.50:0.95 | area= small | maxDets=100 ] = -1.000
 Average Recall     (AR) @[ IoU=0.50:0.95 | area=medium | maxDets=100 ] = 0.700
 Average Recall     (AR) @[ IoU=0.50:0.95 | area= large | maxDets=100 ] = 0.832
[08/15 07:14:12 d2.evaluation.coco_evaluation]: Evaluation results for segm: 
|   AP   |  AP50  |  AP75  |  APs  |  APm   |  APl   |
|:------:|:------:|:------:|:-----:|:------:|:------:|
| 77.433 | 97.085 | 92.937 |  nan  | 68.663 | 78.708 |
[08/15 07:14:12 d2.evaluation.coco_evaluation]: Some metrics cannot be computed and is shown as NaN.
[Iter 2 AP] → mAP@[.5:.95] = 77.433
[08/15 07:14:12 d2.data.datasets.coco]: Loaded 89 images in COCO format from /projects/PUCHALLA/LLP2024/tumor-segmentation/data/processed_data/rgd/test/images/test.json
[08/15 07:14:12 d2.data.datasets.coco]: Loaded 89 images in COCO format from /projects/PUCHALLA/LLP2024/tumor-segmentation/data/processed_data/rgd/test/images/test.json
[08/15 07:14:12 d2.data.dataset_mapper]: [DatasetMapper] Augmentations used in inference: [ResizeShortestEdge(short_edge_length=(800, 800), max_size=1333, sample_style='choice')]
[08/15 07:14:12 d2.data.common]: Serializing the dataset using: <class 'detectron2.data.common._TorchSerializedList'>
[08/15 07:14:12 d2.data.common]: Serializing 89 elements to byte tensors and concatenating them all ...
[08/15 07:14:12 d2.data.common]: Serialized dataset takes 0.07 MiB
[08/15 07:14:12 d2.evaluation.evaluator]: Start inference on 89 batches
[08/15 07:14:15 d2.evaluation.evaluator]: Total inference time: 0:00:02.086026 (0.024834 s / iter per device, on 1 devices)
[08/15 07:14:15 d2.evaluation.evaluator]: Total inference pure compute time: 0:00:01 (0.023659 s / iter per device, on 1 devices)
[08/15 07:14:16 d2.utils.events]:  eta: 0:04:27  iter: 1519  total_loss: 0.172  loss_cls: 0.01908  loss_box_reg: 0.04675  loss_mask: 0.09927  loss_rpn_cls: 1.715e-05  loss_rpn_loc: 0.002448    time: 0.0771  last_time: 0.0729  data_time: 0.0022  last_data_time: 0.0022   lr: 0.0005  max_mem: 1682M
[08/15 07:14:18 d2.utils.events]:  eta: 0:04:26  iter: 1539  total_loss: 0.1913  loss_cls: 0.02093  loss_box_reg: 0.0523  loss_mask: 0.1111  loss_rpn_cls: 1.047e-05  loss_rpn_loc: 0.002034    time: 0.0771  last_time: 0.0763  data_time: 0.0021  last_data_time: 0.0024   lr: 0.0005  max_mem: 1682M
[08/15 07:14:19 d2.utils.events]:  eta: 0:04:24  iter: 1559  total_loss: 0.1864  loss_cls: 0.01842  loss_box_reg: 0.05212  loss_mask: 0.1071  loss_rpn_cls: 1.09e-05  loss_rpn_loc: 0.002155    time: 0.0771  last_time: 0.0809  data_time: 0.0020  last_data_time: 0.0022   lr: 0.0005  max_mem: 1682M
[08/15 07:14:21 d2.utils.events]:  eta: 0:04:23  iter: 1579  total_loss: 0.1919  loss_cls: 0.01771  loss_box_reg: 0.04924  loss_mask: 0.1165  loss_rpn_cls: 1.168e-06  loss_rpn_loc: 0.002515    time: 0.0770  last_time: 0.0823  data_time: 0.0021  last_data_time: 0.0022   lr: 0.0005  max_mem: 1682M
[08/15 07:14:22 d2.utils.events]:  eta: 0:04:21  iter: 1599  total_loss: 0.1973  loss_cls: 0.01904  loss_box_reg: 0.04798  loss_mask: 0.1263  loss_rpn_cls: 1.662e-05  loss_rpn_loc: 0.00287    time: 0.0771  last_time: 0.0813  data_time: 0.0022  last_data_time: 0.0022   lr: 0.0005  max_mem: 1682M
[08/15 07:14:22 d2.evaluation.coco_evaluation]: Fast COCO eval is not built. Falling back to official COCO eval.
[08/15 07:14:22 d2.data.datasets.coco]: Loaded 89 images in COCO format from /projects/PUCHALLA/LLP2024/tumor-segmentation/data/processed_data/rgd/test/images/test.json
[08/15 07:14:22 d2.data.dataset_mapper]: [DatasetMapper] Augmentations used in inference: [ResizeShortestEdge(short_edge_length=(800, 800), max_size=1333, sample_style='choice')]
[08/15 07:14:22 d2.data.common]: Serializing the dataset using: <class 'detectron2.data.common._TorchSerializedList'>
[08/15 07:14:22 d2.data.common]: Serializing 89 elements to byte tensors and concatenating them all ...
[08/15 07:14:22 d2.data.common]: Serialized dataset takes 0.07 MiB
[08/15 07:14:22 d2.evaluation.evaluator]: Start inference on 89 batches
[08/15 07:14:23 d2.evaluation.evaluator]: Inference done 11/89. Dataloading: 0.0004 s/iter. Inference: 0.0237 s/iter. Eval: 0.0003 s/iter. Total: 0.0244 s/iter. ETA=0:00:01
[08/15 07:14:25 d2.evaluation.evaluator]: Total inference time: 0:00:02.075196 (0.024705 s / iter per device, on 1 devices)
[08/15 07:14:25 d2.evaluation.evaluator]: Total inference pure compute time: 0:00:01 (0.023548 s / iter per device, on 1 devices)
[08/15 07:14:25 d2.evaluation.coco_evaluation]: Preparing results for COCO format ...
[08/15 07:14:25 d2.evaluation.coco_evaluation]: Saving results to ../../../../../models/rgb-testing/rgd-5000-1/coco_instances_results.json
[08/15 07:14:25 d2.evaluation.coco_evaluation]: Evaluating predictions with official COCO API...
Loading and preparing results...
DONE (t=0.00s)
creating index...
index created!
Running per image evaluation...
Evaluate annotation type *bbox*
DONE (t=0.01s).
Accumulating evaluation results...
DONE (t=0.01s).
 Average Precision  (AP) @[ IoU=0.50:0.95 | area=   all | maxDets=100 ] = 0.777
 Average Precision  (AP) @[ IoU=0.50      | area=   all | maxDets=100 ] = 0.969
 Average Precision  (AP) @[ IoU=0.75      | area=   all | maxDets=100 ] = 0.919
 Average Precision  (AP) @[ IoU=0.50:0.95 | area= small | maxDets=100 ] = -1.000
 Average Precision  (AP) @[ IoU=0.50:0.95 | area=medium | maxDets=100 ] = 0.721
 Average Precision  (AP) @[ IoU=0.50:0.95 | area= large | maxDets=100 ] = 0.786
 Average Recall     (AR) @[ IoU=0.50:0.95 | area=   all | maxDets=  1 ] = 0.817
 Average Recall     (AR) @[ IoU=0.50:0.95 | area=   all | maxDets= 10 ] = 0.822
 Average Recall     (AR) @[ IoU=0.50:0.95 | area=   all | maxDets=100 ] = 0.822
 Average Recall     (AR) @[ IoU=0.50:0.95 | area= small | maxDets=100 ] = -1.000
 Average Recall     (AR) @[ IoU=0.50:0.95 | area=medium | maxDets=100 ] = 0.730
 Average Recall     (AR) @[ IoU=0.50:0.95 | area= large | maxDets=100 ] = 0.834
[08/15 07:14:25 d2.evaluation.coco_evaluation]: Evaluation results for bbox: 
|   AP   |  AP50  |  AP75  |  APs  |  APm   |  APl   |
|:------:|:------:|:------:|:-----:|:------:|:------:|
| 77.741 | 96.898 | 91.877 |  nan  | 72.052 | 78.600 |
[08/15 07:14:25 d2.evaluation.coco_evaluation]: Some metrics cannot be computed and is shown as NaN.
Loading and preparing results...
DONE (t=0.00s)
creating index...
index created!
Running per image evaluation...
Evaluate annotation type *segm*
DONE (t=0.02s).
Accumulating evaluation results...
DONE (t=0.01s).
 Average Precision  (AP) @[ IoU=0.50:0.95 | area=   all | maxDets=100 ] = 0.760
 Average Precision  (AP) @[ IoU=0.50      | area=   all | maxDets=100 ] = 0.969
 Average Precision  (AP) @[ IoU=0.75      | area=   all | maxDets=100 ] = 0.928
 Average Precision  (AP) @[ IoU=0.50:0.95 | area= small | maxDets=100 ] = -1.000
 Average Precision  (AP) @[ IoU=0.50:0.95 | area=medium | maxDets=100 ] = 0.665
 Average Precision  (AP) @[ IoU=0.50:0.95 | area= large | maxDets=100 ] = 0.775
 Average Recall     (AR) @[ IoU=0.50:0.95 | area=   all | maxDets=  1 ] = 0.798
 Average Recall     (AR) @[ IoU=0.50:0.95 | area=   all | maxDets= 10 ] = 0.804
 Average Recall     (AR) @[ IoU=0.50:0.95 | area=   all | maxDets=100 ] = 0.804
 Average Recall     (AR) @[ IoU=0.50:0.95 | area= small | maxDets=100 ] = -1.000
 Average Recall     (AR) @[ IoU=0.50:0.95 | area=medium | maxDets=100 ] = 0.680
 Average Recall     (AR) @[ IoU=0.50:0.95 | area= large | maxDets=100 ] = 0.820
[08/15 07:14:25 d2.evaluation.coco_evaluation]: Evaluation results for segm: 
|   AP   |  AP50  |  AP75  |  APs  |  APm   |  APl   |
|:------:|:------:|:------:|:-----:|:------:|:------:|
| 76.044 | 96.898 | 92.812 |  nan  | 66.460 | 77.451 |
[08/15 07:14:25 d2.evaluation.coco_evaluation]: Some metrics cannot be computed and is shown as NaN.
[Iter 2 AP] → mAP@[.5:.95] = 76.044
[08/15 07:14:25 d2.data.datasets.coco]: Loaded 89 images in COCO format from /projects/PUCHALLA/LLP2024/tumor-segmentation/data/processed_data/rgd/test/images/test.json
[08/15 07:14:25 d2.data.datasets.coco]: Loaded 89 images in COCO format from /projects/PUCHALLA/LLP2024/tumor-segmentation/data/processed_data/rgd/test/images/test.json
[08/15 07:14:25 d2.data.dataset_mapper]: [DatasetMapper] Augmentations used in inference: [ResizeShortestEdge(short_edge_length=(800, 800), max_size=1333, sample_style='choice')]
[08/15 07:14:25 d2.data.common]: Serializing the dataset using: <class 'detectron2.data.common._TorchSerializedList'>
[08/15 07:14:25 d2.data.common]: Serializing 89 elements to byte tensors and concatenating them all ...
[08/15 07:14:25 d2.data.common]: Serialized dataset takes 0.07 MiB
[08/15 07:14:25 d2.evaluation.evaluator]: Start inference on 89 batches
[08/15 07:14:27 d2.evaluation.evaluator]: Total inference time: 0:00:02.086791 (0.024843 s / iter per device, on 1 devices)
[08/15 07:14:27 d2.evaluation.evaluator]: Total inference pure compute time: 0:00:01 (0.023692 s / iter per device, on 1 devices)
[08/15 07:14:28 d2.utils.events]:  eta: 0:04:20  iter: 1619  total_loss: 0.2021  loss_cls: 0.02352  loss_box_reg: 0.05648  loss_mask: 0.1294  loss_rpn_cls: 8.975e-06  loss_rpn_loc: 0.003016    time: 0.0771  last_time: 0.0774  data_time: 0.0021  last_data_time: 0.0021   lr: 0.0005  max_mem: 1682M
[08/15 07:14:30 d2.utils.events]:  eta: 0:04:18  iter: 1639  total_loss: 0.1772  loss_cls: 0.02014  loss_box_reg: 0.04648  loss_mask: 0.1118  loss_rpn_cls: 7.57e-06  loss_rpn_loc: 0.001981    time: 0.0771  last_time: 0.0810  data_time: 0.0022  last_data_time: 0.0021   lr: 0.0005  max_mem: 1682M
[08/15 07:14:32 d2.utils.events]:  eta: 0:04:17  iter: 1659  total_loss: 0.1722  loss_cls: 0.01671  loss_box_reg: 0.04648  loss_mask: 0.1007  loss_rpn_cls: 1.969e-06  loss_rpn_loc: 0.002039    time: 0.0771  last_time: 0.0724  data_time: 0.0020  last_data_time: 0.0020   lr: 0.0005  max_mem: 1682M
[08/15 07:14:33 d2.utils.events]:  eta: 0:04:15  iter: 1679  total_loss: 0.1826  loss_cls: 0.01831  loss_box_reg: 0.05177  loss_mask: 0.1125  loss_rpn_cls: 3.333e-06  loss_rpn_loc: 0.002798    time: 0.0771  last_time: 0.0798  data_time: 0.0021  last_data_time: 0.0021   lr: 0.0005  max_mem: 1682M
[08/15 07:14:35 d2.utils.events]:  eta: 0:04:14  iter: 1699  total_loss: 0.17  loss_cls: 0.01957  loss_box_reg: 0.04323  loss_mask: 0.1014  loss_rpn_cls: 1.519e-05  loss_rpn_loc: 0.002519    time: 0.0771  last_time: 0.0694  data_time: 0.0022  last_data_time: 0.0022   lr: 0.0005  max_mem: 1682M
[08/15 07:14:35 d2.evaluation.coco_evaluation]: Fast COCO eval is not built. Falling back to official COCO eval.
[08/15 07:14:35 d2.data.datasets.coco]: Loaded 89 images in COCO format from /projects/PUCHALLA/LLP2024/tumor-segmentation/data/processed_data/rgd/test/images/test.json
[08/15 07:14:35 d2.data.dataset_mapper]: [DatasetMapper] Augmentations used in inference: [ResizeShortestEdge(short_edge_length=(800, 800), max_size=1333, sample_style='choice')]
[08/15 07:14:35 d2.data.common]: Serializing the dataset using: <class 'detectron2.data.common._TorchSerializedList'>
[08/15 07:14:35 d2.data.common]: Serializing 89 elements to byte tensors and concatenating them all ...
[08/15 07:14:35 d2.data.common]: Serialized dataset takes 0.07 MiB
[08/15 07:14:35 d2.evaluation.evaluator]: Start inference on 89 batches
[08/15 07:14:35 d2.evaluation.evaluator]: Inference done 11/89. Dataloading: 0.0004 s/iter. Inference: 0.0234 s/iter. Eval: 0.0003 s/iter. Total: 0.0241 s/iter. ETA=0:00:01
[08/15 07:14:37 d2.evaluation.evaluator]: Total inference time: 0:00:02.063658 (0.024567 s / iter per device, on 1 devices)
[08/15 07:14:37 d2.evaluation.evaluator]: Total inference pure compute time: 0:00:01 (0.023430 s / iter per device, on 1 devices)
[08/15 07:14:37 d2.evaluation.coco_evaluation]: Preparing results for COCO format ...
[08/15 07:14:37 d2.evaluation.coco_evaluation]: Saving results to ../../../../../models/rgb-testing/rgd-5000-1/coco_instances_results.json
[08/15 07:14:37 d2.evaluation.coco_evaluation]: Evaluating predictions with official COCO API...
Loading and preparing results...
DONE (t=0.00s)
creating index...
index created!
Running per image evaluation...
Evaluate annotation type *bbox*
DONE (t=0.01s).
Accumulating evaluation results...
DONE (t=0.01s).
 Average Precision  (AP) @[ IoU=0.50:0.95 | area=   all | maxDets=100 ] = 0.777
 Average Precision  (AP) @[ IoU=0.50      | area=   all | maxDets=100 ] = 0.952
 Average Precision  (AP) @[ IoU=0.75      | area=   all | maxDets=100 ] = 0.931
 Average Precision  (AP) @[ IoU=0.50:0.95 | area= small | maxDets=100 ] = -1.000
 Average Precision  (AP) @[ IoU=0.50:0.95 | area=medium | maxDets=100 ] = 0.631
 Average Precision  (AP) @[ IoU=0.50:0.95 | area= large | maxDets=100 ] = 0.797
 Average Recall     (AR) @[ IoU=0.50:0.95 | area=   all | maxDets=  1 ] = 0.824
 Average Recall     (AR) @[ IoU=0.50:0.95 | area=   all | maxDets= 10 ] = 0.824
 Average Recall     (AR) @[ IoU=0.50:0.95 | area=   all | maxDets=100 ] = 0.824
 Average Recall     (AR) @[ IoU=0.50:0.95 | area= small | maxDets=100 ] = -1.000
 Average Recall     (AR) @[ IoU=0.50:0.95 | area=medium | maxDets=100 ] = 0.640
 Average Recall     (AR) @[ IoU=0.50:0.95 | area= large | maxDets=100 ] = 0.847
[08/15 07:14:37 d2.evaluation.coco_evaluation]: Evaluation results for bbox: 
|   AP   |  AP50  |  AP75  |  APs  |  APm   |  APl   |
|:------:|:------:|:------:|:-----:|:------:|:------:|
| 77.716 | 95.232 | 93.088 |  nan  | 63.108 | 79.650 |
[08/15 07:14:37 d2.evaluation.coco_evaluation]: Some metrics cannot be computed and is shown as NaN.
Loading and preparing results...
DONE (t=0.00s)
creating index...
index created!
Running per image evaluation...
Evaluate annotation type *segm*
DONE (t=0.02s).
Accumulating evaluation results...
DONE (t=0.01s).
 Average Precision  (AP) @[ IoU=0.50:0.95 | area=   all | maxDets=100 ] = 0.775
 Average Precision  (AP) @[ IoU=0.50      | area=   all | maxDets=100 ] = 0.952
 Average Precision  (AP) @[ IoU=0.75      | area=   all | maxDets=100 ] = 0.931
 Average Precision  (AP) @[ IoU=0.50:0.95 | area= small | maxDets=100 ] = -1.000
 Average Precision  (AP) @[ IoU=0.50:0.95 | area=medium | maxDets=100 ] = 0.625
 Average Precision  (AP) @[ IoU=0.50:0.95 | area= large | maxDets=100 ] = 0.795
 Average Recall     (AR) @[ IoU=0.50:0.95 | area=   all | maxDets=  1 ] = 0.811
 Average Recall     (AR) @[ IoU=0.50:0.95 | area=   all | maxDets= 10 ] = 0.811
 Average Recall     (AR) @[ IoU=0.50:0.95 | area=   all | maxDets=100 ] = 0.811
 Average Recall     (AR) @[ IoU=0.50:0.95 | area= small | maxDets=100 ] = -1.000
 Average Recall     (AR) @[ IoU=0.50:0.95 | area=medium | maxDets=100 ] = 0.630
 Average Recall     (AR) @[ IoU=0.50:0.95 | area= large | maxDets=100 ] = 0.834
[08/15 07:14:37 d2.evaluation.coco_evaluation]: Evaluation results for segm: 
|   AP   |  AP50  |  AP75  |  APs  |  APm   |  APl   |
|:------:|:------:|:------:|:-----:|:------:|:------:|
| 77.490 | 95.232 | 93.088 |  nan  | 62.458 | 79.462 |
[08/15 07:14:37 d2.evaluation.coco_evaluation]: Some metrics cannot be computed and is shown as NaN.
[Iter 2 AP] → mAP@[.5:.95] = 77.490
[08/15 07:14:37 d2.data.datasets.coco]: Loaded 89 images in COCO format from /projects/PUCHALLA/LLP2024/tumor-segmentation/data/processed_data/rgd/test/images/test.json
[08/15 07:14:37 d2.data.datasets.coco]: Loaded 89 images in COCO format from /projects/PUCHALLA/LLP2024/tumor-segmentation/data/processed_data/rgd/test/images/test.json
[08/15 07:14:37 d2.data.dataset_mapper]: [DatasetMapper] Augmentations used in inference: [ResizeShortestEdge(short_edge_length=(800, 800), max_size=1333, sample_style='choice')]
[08/15 07:14:37 d2.data.common]: Serializing the dataset using: <class 'detectron2.data.common._TorchSerializedList'>
[08/15 07:14:37 d2.data.common]: Serializing 89 elements to byte tensors and concatenating them all ...
[08/15 07:14:37 d2.data.common]: Serialized dataset takes 0.07 MiB
[08/15 07:14:37 d2.evaluation.evaluator]: Start inference on 89 batches
[08/15 07:14:39 d2.evaluation.evaluator]: Total inference time: 0:00:02.084738 (0.024818 s / iter per device, on 1 devices)
[08/15 07:14:39 d2.evaluation.evaluator]: Total inference pure compute time: 0:00:01 (0.023677 s / iter per device, on 1 devices)
[08/15 07:14:41 d2.utils.events]:  eta: 0:04:12  iter: 1719  total_loss: 0.1681  loss_cls: 0.01831  loss_box_reg: 0.044  loss_mask: 0.1064  loss_rpn_cls: 6.663e-06  loss_rpn_loc: 0.002504    time: 0.0771  last_time: 0.0712  data_time: 0.0021  last_data_time: 0.0020   lr: 0.0005  max_mem: 1682M
[08/15 07:14:42 d2.utils.events]:  eta: 0:04:10  iter: 1739  total_loss: 0.1884  loss_cls: 0.01817  loss_box_reg: 0.04375  loss_mask: 0.125  loss_rpn_cls: 6.268e-06  loss_rpn_loc: 0.00248    time: 0.0770  last_time: 0.0747  data_time: 0.0021  last_data_time: 0.0020   lr: 0.0005  max_mem: 1682M
[08/15 07:14:44 d2.utils.events]:  eta: 0:04:08  iter: 1759  total_loss: 0.1549  loss_cls: 0.01727  loss_box_reg: 0.04664  loss_mask: 0.09465  loss_rpn_cls: 5.18e-06  loss_rpn_loc: 0.002444    time: 0.0770  last_time: 0.0754  data_time: 0.0021  last_data_time: 0.0020   lr: 0.0005  max_mem: 1682M
[08/15 07:14:46 d2.utils.events]:  eta: 0:04:07  iter: 1779  total_loss: 0.1793  loss_cls: 0.01634  loss_box_reg: 0.04381  loss_mask: 0.1092  loss_rpn_cls: 2.643e-06  loss_rpn_loc: 0.002161    time: 0.0771  last_time: 0.0755  data_time: 0.0022  last_data_time: 0.0021   lr: 0.0005  max_mem: 1682M
[08/15 07:14:47 d2.utils.events]:  eta: 0:04:05  iter: 1799  total_loss: 0.1626  loss_cls: 0.01713  loss_box_reg: 0.03791  loss_mask: 0.1009  loss_rpn_cls: 9.062e-06  loss_rpn_loc: 0.002104    time: 0.0771  last_time: 0.0733  data_time: 0.0022  last_data_time: 0.0020   lr: 0.0005  max_mem: 1682M
[08/15 07:14:47 d2.evaluation.coco_evaluation]: Fast COCO eval is not built. Falling back to official COCO eval.
[08/15 07:14:47 d2.data.datasets.coco]: Loaded 89 images in COCO format from /projects/PUCHALLA/LLP2024/tumor-segmentation/data/processed_data/rgd/test/images/test.json
[08/15 07:14:47 d2.data.dataset_mapper]: [DatasetMapper] Augmentations used in inference: [ResizeShortestEdge(short_edge_length=(800, 800), max_size=1333, sample_style='choice')]
[08/15 07:14:47 d2.data.common]: Serializing the dataset using: <class 'detectron2.data.common._TorchSerializedList'>
[08/15 07:14:47 d2.data.common]: Serializing 89 elements to byte tensors and concatenating them all ...
[08/15 07:14:47 d2.data.common]: Serialized dataset takes 0.07 MiB
[08/15 07:14:47 d2.evaluation.evaluator]: Start inference on 89 batches
[08/15 07:14:47 d2.evaluation.evaluator]: Inference done 11/89. Dataloading: 0.0005 s/iter. Inference: 0.0234 s/iter. Eval: 0.0003 s/iter. Total: 0.0242 s/iter. ETA=0:00:01
[08/15 07:14:49 d2.evaluation.evaluator]: Total inference time: 0:00:02.072620 (0.024674 s / iter per device, on 1 devices)
[08/15 07:14:49 d2.evaluation.evaluator]: Total inference pure compute time: 0:00:01 (0.023498 s / iter per device, on 1 devices)
[08/15 07:14:49 d2.evaluation.coco_evaluation]: Preparing results for COCO format ...
[08/15 07:14:49 d2.evaluation.coco_evaluation]: Saving results to ../../../../../models/rgb-testing/rgd-5000-1/coco_instances_results.json
[08/15 07:14:49 d2.evaluation.coco_evaluation]: Evaluating predictions with official COCO API...
Loading and preparing results...
DONE (t=0.00s)
creating index...
index created!
Running per image evaluation...
Evaluate annotation type *bbox*
DONE (t=0.01s).
Accumulating evaluation results...
DONE (t=0.01s).
 Average Precision  (AP) @[ IoU=0.50:0.95 | area=   all | maxDets=100 ] = 0.771
 Average Precision  (AP) @[ IoU=0.50      | area=   all | maxDets=100 ] = 0.971
 Average Precision  (AP) @[ IoU=0.75      | area=   all | maxDets=100 ] = 0.941
 Average Precision  (AP) @[ IoU=0.50:0.95 | area= small | maxDets=100 ] = -1.000
 Average Precision  (AP) @[ IoU=0.50:0.95 | area=medium | maxDets=100 ] = 0.735
 Average Precision  (AP) @[ IoU=0.50:0.95 | area= large | maxDets=100 ] = 0.779
 Average Recall     (AR) @[ IoU=0.50:0.95 | area=   all | maxDets=  1 ] = 0.820
 Average Recall     (AR) @[ IoU=0.50:0.95 | area=   all | maxDets= 10 ] = 0.820
 Average Recall     (AR) @[ IoU=0.50:0.95 | area=   all | maxDets=100 ] = 0.820
 Average Recall     (AR) @[ IoU=0.50:0.95 | area= small | maxDets=100 ] = -1.000
 Average Recall     (AR) @[ IoU=0.50:0.95 | area=medium | maxDets=100 ] = 0.740
 Average Recall     (AR) @[ IoU=0.50:0.95 | area= large | maxDets=100 ] = 0.830
[08/15 07:14:49 d2.evaluation.coco_evaluation]: Evaluation results for bbox: 
|   AP   |  AP50  |  AP75  |  APs  |  APm   |  APl   |
|:------:|:------:|:------:|:-----:|:------:|:------:|
| 77.106 | 97.074 | 94.083 |  nan  | 73.485 | 77.928 |
[08/15 07:14:49 d2.evaluation.coco_evaluation]: Some metrics cannot be computed and is shown as NaN.
Loading and preparing results...
DONE (t=0.00s)
creating index...
index created!
Running per image evaluation...
Evaluate annotation type *segm*
DONE (t=0.02s).
Accumulating evaluation results...
DONE (t=0.01s).
 Average Precision  (AP) @[ IoU=0.50:0.95 | area=   all | maxDets=100 ] = 0.778
 Average Precision  (AP) @[ IoU=0.50      | area=   all | maxDets=100 ] = 0.971
 Average Precision  (AP) @[ IoU=0.75      | area=   all | maxDets=100 ] = 0.941
 Average Precision  (AP) @[ IoU=0.50:0.95 | area= small | maxDets=100 ] = -1.000
 Average Precision  (AP) @[ IoU=0.50:0.95 | area=medium | maxDets=100 ] = 0.695
 Average Precision  (AP) @[ IoU=0.50:0.95 | area= large | maxDets=100 ] = 0.790
 Average Recall     (AR) @[ IoU=0.50:0.95 | area=   all | maxDets=  1 ] = 0.818
 Average Recall     (AR) @[ IoU=0.50:0.95 | area=   all | maxDets= 10 ] = 0.818
 Average Recall     (AR) @[ IoU=0.50:0.95 | area=   all | maxDets=100 ] = 0.818
 Average Recall     (AR) @[ IoU=0.50:0.95 | area= small | maxDets=100 ] = -1.000
 Average Recall     (AR) @[ IoU=0.50:0.95 | area=medium | maxDets=100 ] = 0.700
 Average Recall     (AR) @[ IoU=0.50:0.95 | area= large | maxDets=100 ] = 0.833
[08/15 07:14:49 d2.evaluation.coco_evaluation]: Evaluation results for segm: 
|   AP   |  AP50  |  AP75  |  APs  |  APm   |  APl   |
|:------:|:------:|:------:|:-----:|:------:|:------:|
| 77.764 | 97.074 | 94.083 |  nan  | 69.455 | 79.046 |
[08/15 07:14:49 d2.evaluation.coco_evaluation]: Some metrics cannot be computed and is shown as NaN.
[Iter 2 AP] → mAP@[.5:.95] = 77.764
[08/15 07:14:49 d2.data.datasets.coco]: Loaded 89 images in COCO format from /projects/PUCHALLA/LLP2024/tumor-segmentation/data/processed_data/rgd/test/images/test.json
[08/15 07:14:49 d2.data.datasets.coco]: Loaded 89 images in COCO format from /projects/PUCHALLA/LLP2024/tumor-segmentation/data/processed_data/rgd/test/images/test.json
[08/15 07:14:49 d2.data.dataset_mapper]: [DatasetMapper] Augmentations used in inference: [ResizeShortestEdge(short_edge_length=(800, 800), max_size=1333, sample_style='choice')]
[08/15 07:14:49 d2.data.common]: Serializing the dataset using: <class 'detectron2.data.common._TorchSerializedList'>
[08/15 07:14:49 d2.data.common]: Serializing 89 elements to byte tensors and concatenating them all ...
[08/15 07:14:49 d2.data.common]: Serialized dataset takes 0.07 MiB
[08/15 07:14:49 d2.evaluation.evaluator]: Start inference on 89 batches
[08/15 07:14:52 d2.evaluation.evaluator]: Total inference time: 0:00:02.087680 (0.024853 s / iter per device, on 1 devices)
[08/15 07:14:52 d2.evaluation.evaluator]: Total inference pure compute time: 0:00:01 (0.023705 s / iter per device, on 1 devices)
[08/15 07:14:53 d2.utils.events]:  eta: 0:04:04  iter: 1819  total_loss: 0.1991  loss_cls: 0.02277  loss_box_reg: 0.0636  loss_mask: 0.1255  loss_rpn_cls: 1.084e-05  loss_rpn_loc: 0.002017    time: 0.0771  last_time: 0.0812  data_time: 0.0022  last_data_time: 0.0020   lr: 0.0005  max_mem: 1682M
[08/15 07:14:55 d2.utils.events]:  eta: 0:04:02  iter: 1839  total_loss: 0.1523  loss_cls: 0.01475  loss_box_reg: 0.04236  loss_mask: 0.09241  loss_rpn_cls: 2.572e-06  loss_rpn_loc: 0.001783    time: 0.0771  last_time: 0.0833  data_time: 0.0024  last_data_time: 0.0020   lr: 0.0005  max_mem: 1682M
[08/15 07:14:56 d2.utils.events]:  eta: 0:04:01  iter: 1859  total_loss: 0.166  loss_cls: 0.01834  loss_box_reg: 0.0464  loss_mask: 0.104  loss_rpn_cls: 1.399e-06  loss_rpn_loc: 0.001929    time: 0.0771  last_time: 0.0813  data_time: 0.0022  last_data_time: 0.0021   lr: 0.0005  max_mem: 1682M
[08/15 07:14:58 d2.utils.events]:  eta: 0:03:59  iter: 1879  total_loss: 0.166  loss_cls: 0.01734  loss_box_reg: 0.0482  loss_mask: 0.101  loss_rpn_cls: 2.511e-06  loss_rpn_loc: 0.001865    time: 0.0771  last_time: 0.0756  data_time: 0.0021  last_data_time: 0.0021   lr: 0.0005  max_mem: 1682M
[08/15 07:14:59 d2.utils.events]:  eta: 0:03:58  iter: 1899  total_loss: 0.1968  loss_cls: 0.02326  loss_box_reg: 0.0581  loss_mask: 0.1145  loss_rpn_cls: 2.318e-05  loss_rpn_loc: 0.002068    time: 0.0771  last_time: 0.0807  data_time: 0.0021  last_data_time: 0.0021   lr: 0.0005  max_mem: 1682M
[08/15 07:15:00 d2.evaluation.coco_evaluation]: Fast COCO eval is not built. Falling back to official COCO eval.
[08/15 07:15:00 d2.data.datasets.coco]: Loaded 89 images in COCO format from /projects/PUCHALLA/LLP2024/tumor-segmentation/data/processed_data/rgd/test/images/test.json
[08/15 07:15:00 d2.data.dataset_mapper]: [DatasetMapper] Augmentations used in inference: [ResizeShortestEdge(short_edge_length=(800, 800), max_size=1333, sample_style='choice')]
[08/15 07:15:00 d2.data.common]: Serializing the dataset using: <class 'detectron2.data.common._TorchSerializedList'>
[08/15 07:15:00 d2.data.common]: Serializing 89 elements to byte tensors and concatenating them all ...
[08/15 07:15:00 d2.data.common]: Serialized dataset takes 0.07 MiB
[08/15 07:15:00 d2.evaluation.evaluator]: Start inference on 89 batches
[08/15 07:15:00 d2.evaluation.evaluator]: Inference done 11/89. Dataloading: 0.0004 s/iter. Inference: 0.0235 s/iter. Eval: 0.0003 s/iter. Total: 0.0242 s/iter. ETA=0:00:01
[08/15 07:15:02 d2.evaluation.evaluator]: Total inference time: 0:00:02.096633 (0.024960 s / iter per device, on 1 devices)
[08/15 07:15:02 d2.evaluation.evaluator]: Total inference pure compute time: 0:00:01 (0.023809 s / iter per device, on 1 devices)
[08/15 07:15:02 d2.evaluation.coco_evaluation]: Preparing results for COCO format ...
[08/15 07:15:02 d2.evaluation.coco_evaluation]: Saving results to ../../../../../models/rgb-testing/rgd-5000-1/coco_instances_results.json
[08/15 07:15:02 d2.evaluation.coco_evaluation]: Evaluating predictions with official COCO API...
Loading and preparing results...
DONE (t=0.00s)
creating index...
index created!
Running per image evaluation...
Evaluate annotation type *bbox*
DONE (t=0.01s).
Accumulating evaluation results...
DONE (t=0.01s).
 Average Precision  (AP) @[ IoU=0.50:0.95 | area=   all | maxDets=100 ] = 0.761
 Average Precision  (AP) @[ IoU=0.50      | area=   all | maxDets=100 ] = 0.970
 Average Precision  (AP) @[ IoU=0.75      | area=   all | maxDets=100 ] = 0.941
 Average Precision  (AP) @[ IoU=0.50:0.95 | area= small | maxDets=100 ] = -1.000
 Average Precision  (AP) @[ IoU=0.50:0.95 | area=medium | maxDets=100 ] = 0.747
 Average Precision  (AP) @[ IoU=0.50:0.95 | area= large | maxDets=100 ] = 0.768
 Average Recall     (AR) @[ IoU=0.50:0.95 | area=   all | maxDets=  1 ] = 0.806
 Average Recall     (AR) @[ IoU=0.50:0.95 | area=   all | maxDets= 10 ] = 0.809
 Average Recall     (AR) @[ IoU=0.50:0.95 | area=   all | maxDets=100 ] = 0.809
 Average Recall     (AR) @[ IoU=0.50:0.95 | area= small | maxDets=100 ] = -1.000
 Average Recall     (AR) @[ IoU=0.50:0.95 | area=medium | maxDets=100 ] = 0.750
 Average Recall     (AR) @[ IoU=0.50:0.95 | area= large | maxDets=100 ] = 0.816
[08/15 07:15:02 d2.evaluation.coco_evaluation]: Evaluation results for bbox: 
|   AP   |  AP50  |  AP75  |  APs  |  APm   |  APl   |
|:------:|:------:|:------:|:-----:|:------:|:------:|
| 76.114 | 96.983 | 94.073 |  nan  | 74.653 | 76.831 |
[08/15 07:15:02 d2.evaluation.coco_evaluation]: Some metrics cannot be computed and is shown as NaN.
Loading and preparing results...
DONE (t=0.00s)
creating index...
index created!
Running per image evaluation...
Evaluate annotation type *segm*
DONE (t=0.02s).
Accumulating evaluation results...
DONE (t=0.01s).
 Average Precision  (AP) @[ IoU=0.50:0.95 | area=   all | maxDets=100 ] = 0.756
 Average Precision  (AP) @[ IoU=0.50      | area=   all | maxDets=100 ] = 0.960
 Average Precision  (AP) @[ IoU=0.75      | area=   all | maxDets=100 ] = 0.920
 Average Precision  (AP) @[ IoU=0.50:0.95 | area= small | maxDets=100 ] = -1.000
 Average Precision  (AP) @[ IoU=0.50:0.95 | area=medium | maxDets=100 ] = 0.682
 Average Precision  (AP) @[ IoU=0.50:0.95 | area= large | maxDets=100 ] = 0.767
 Average Recall     (AR) @[ IoU=0.50:0.95 | area=   all | maxDets=  1 ] = 0.794
 Average Recall     (AR) @[ IoU=0.50:0.95 | area=   all | maxDets= 10 ] = 0.799
 Average Recall     (AR) @[ IoU=0.50:0.95 | area=   all | maxDets=100 ] = 0.799
 Average Recall     (AR) @[ IoU=0.50:0.95 | area= small | maxDets=100 ] = -1.000
 Average Recall     (AR) @[ IoU=0.50:0.95 | area=medium | maxDets=100 ] = 0.700
 Average Recall     (AR) @[ IoU=0.50:0.95 | area= large | maxDets=100 ] = 0.811
[08/15 07:15:02 d2.evaluation.coco_evaluation]: Evaluation results for segm: 
|   AP   |  AP50  |  AP75  |  APs  |  APm   |  APl   |
|:------:|:------:|:------:|:-----:|:------:|:------:|
| 75.634 | 96.013 | 92.034 |  nan  | 68.156 | 76.685 |
[08/15 07:15:02 d2.evaluation.coco_evaluation]: Some metrics cannot be computed and is shown as NaN.
[Iter 2 AP] → mAP@[.5:.95] = 75.634
[08/15 07:15:02 d2.data.datasets.coco]: Loaded 89 images in COCO format from /projects/PUCHALLA/LLP2024/tumor-segmentation/data/processed_data/rgd/test/images/test.json
[08/15 07:15:02 d2.data.datasets.coco]: Loaded 89 images in COCO format from /projects/PUCHALLA/LLP2024/tumor-segmentation/data/processed_data/rgd/test/images/test.json
[08/15 07:15:02 d2.data.dataset_mapper]: [DatasetMapper] Augmentations used in inference: [ResizeShortestEdge(short_edge_length=(800, 800), max_size=1333, sample_style='choice')]
[08/15 07:15:02 d2.data.common]: Serializing the dataset using: <class 'detectron2.data.common._TorchSerializedList'>
[08/15 07:15:02 d2.data.common]: Serializing 89 elements to byte tensors and concatenating them all ...
[08/15 07:15:02 d2.data.common]: Serialized dataset takes 0.07 MiB
[08/15 07:15:02 d2.evaluation.evaluator]: Start inference on 89 batches
[08/15 07:15:04 d2.evaluation.evaluator]: Total inference time: 0:00:02.085561 (0.024828 s / iter per device, on 1 devices)
[08/15 07:15:04 d2.evaluation.evaluator]: Total inference pure compute time: 0:00:01 (0.023671 s / iter per device, on 1 devices)
[08/15 07:15:06 d2.utils.events]:  eta: 0:03:56  iter: 1919  total_loss: 0.1844  loss_cls: 0.02093  loss_box_reg: 0.04622  loss_mask: 0.1132  loss_rpn_cls: 4.762e-06  loss_rpn_loc: 0.002532    time: 0.0771  last_time: 0.0809  data_time: 0.0021  last_data_time: 0.0021   lr: 0.0005  max_mem: 1682M
[08/15 07:15:07 d2.utils.events]:  eta: 0:03:55  iter: 1939  total_loss: 0.1631  loss_cls: 0.01787  loss_box_reg: 0.03865  loss_mask: 0.1081  loss_rpn_cls: 1.185e-05  loss_rpn_loc: 0.002079    time: 0.0771  last_time: 0.0797  data_time: 0.0021  last_data_time: 0.0021   lr: 0.0005  max_mem: 1682M
[08/15 07:15:09 d2.utils.events]:  eta: 0:03:53  iter: 1959  total_loss: 0.1909  loss_cls: 0.01836  loss_box_reg: 0.04634  loss_mask: 0.1198  loss_rpn_cls: 1.627e-05  loss_rpn_loc: 0.002095    time: 0.0771  last_time: 0.0757  data_time: 0.0021  last_data_time: 0.0021   lr: 0.0005  max_mem: 1682M
[08/15 07:15:10 d2.utils.events]:  eta: 0:03:52  iter: 1979  total_loss: 0.1768  loss_cls: 0.01976  loss_box_reg: 0.04209  loss_mask: 0.1087  loss_rpn_cls: 4.553e-06  loss_rpn_loc: 0.002035    time: 0.0771  last_time: 0.0817  data_time: 0.0021  last_data_time: 0.0021   lr: 0.0005  max_mem: 1682M
[08/15 07:15:12 d2.utils.events]:  eta: 0:03:50  iter: 1999  total_loss: 0.1846  loss_cls: 0.01842  loss_box_reg: 0.04508  loss_mask: 0.1118  loss_rpn_cls: 8.672e-06  loss_rpn_loc: 0.001857    time: 0.0771  last_time: 0.0765  data_time: 0.0021  last_data_time: 0.0021   lr: 0.0005  max_mem: 1682M
[08/15 07:15:12 d2.evaluation.coco_evaluation]: Fast COCO eval is not built. Falling back to official COCO eval.
[08/15 07:15:12 d2.data.datasets.coco]: Loaded 89 images in COCO format from /projects/PUCHALLA/LLP2024/tumor-segmentation/data/processed_data/rgd/test/images/test.json
[08/15 07:15:12 d2.data.dataset_mapper]: [DatasetMapper] Augmentations used in inference: [ResizeShortestEdge(short_edge_length=(800, 800), max_size=1333, sample_style='choice')]
[08/15 07:15:12 d2.data.common]: Serializing the dataset using: <class 'detectron2.data.common._TorchSerializedList'>
[08/15 07:15:12 d2.data.common]: Serializing 89 elements to byte tensors and concatenating them all ...
[08/15 07:15:12 d2.data.common]: Serialized dataset takes 0.07 MiB
[08/15 07:15:12 d2.evaluation.evaluator]: Start inference on 89 batches
[08/15 07:15:12 d2.evaluation.evaluator]: Inference done 11/89. Dataloading: 0.0004 s/iter. Inference: 0.0236 s/iter. Eval: 0.0003 s/iter. Total: 0.0243 s/iter. ETA=0:00:01
[08/15 07:15:14 d2.evaluation.evaluator]: Total inference time: 0:00:02.079716 (0.024759 s / iter per device, on 1 devices)
[08/15 07:15:14 d2.evaluation.evaluator]: Total inference pure compute time: 0:00:01 (0.023586 s / iter per device, on 1 devices)
[08/15 07:15:14 d2.evaluation.coco_evaluation]: Preparing results for COCO format ...
[08/15 07:15:14 d2.evaluation.coco_evaluation]: Saving results to ../../../../../models/rgb-testing/rgd-5000-1/coco_instances_results.json
[08/15 07:15:14 d2.evaluation.coco_evaluation]: Evaluating predictions with official COCO API...
Loading and preparing results...
DONE (t=0.00s)
creating index...
index created!
Running per image evaluation...
Evaluate annotation type *bbox*
DONE (t=0.01s).
Accumulating evaluation results...
DONE (t=0.01s).
 Average Precision  (AP) @[ IoU=0.50:0.95 | area=   all | maxDets=100 ] = 0.745
 Average Precision  (AP) @[ IoU=0.50      | area=   all | maxDets=100 ] = 0.957
 Average Precision  (AP) @[ IoU=0.75      | area=   all | maxDets=100 ] = 0.915
 Average Precision  (AP) @[ IoU=0.50:0.95 | area= small | maxDets=100 ] = -1.000
 Average Precision  (AP) @[ IoU=0.50:0.95 | area=medium | maxDets=100 ] = 0.738
 Average Precision  (AP) @[ IoU=0.50:0.95 | area= large | maxDets=100 ] = 0.749
 Average Recall     (AR) @[ IoU=0.50:0.95 | area=   all | maxDets=  1 ] = 0.798
 Average Recall     (AR) @[ IoU=0.50:0.95 | area=   all | maxDets= 10 ] = 0.802
 Average Recall     (AR) @[ IoU=0.50:0.95 | area=   all | maxDets=100 ] = 0.802
 Average Recall     (AR) @[ IoU=0.50:0.95 | area= small | maxDets=100 ] = -1.000
 Average Recall     (AR) @[ IoU=0.50:0.95 | area=medium | maxDets=100 ] = 0.760
 Average Recall     (AR) @[ IoU=0.50:0.95 | area= large | maxDets=100 ] = 0.808
[08/15 07:15:14 d2.evaluation.coco_evaluation]: Evaluation results for bbox: 
|   AP   |  AP50  |  AP75  |  APs  |  APm   |  APl   |
|:------:|:------:|:------:|:-----:|:------:|:------:|
| 74.497 | 95.661 | 91.541 |  nan  | 73.810 | 74.934 |
[08/15 07:15:14 d2.evaluation.coco_evaluation]: Some metrics cannot be computed and is shown as NaN.
Loading and preparing results...
DONE (t=0.00s)
creating index...
index created!
Running per image evaluation...
Evaluate annotation type *segm*
DONE (t=0.02s).
Accumulating evaluation results...
DONE (t=0.01s).
 Average Precision  (AP) @[ IoU=0.50:0.95 | area=   all | maxDets=100 ] = 0.759
 Average Precision  (AP) @[ IoU=0.50      | area=   all | maxDets=100 ] = 0.957
 Average Precision  (AP) @[ IoU=0.75      | area=   all | maxDets=100 ] = 0.906
 Average Precision  (AP) @[ IoU=0.50:0.95 | area= small | maxDets=100 ] = -1.000
 Average Precision  (AP) @[ IoU=0.50:0.95 | area=medium | maxDets=100 ] = 0.699
 Average Precision  (AP) @[ IoU=0.50:0.95 | area= large | maxDets=100 ] = 0.769
 Average Recall     (AR) @[ IoU=0.50:0.95 | area=   all | maxDets=  1 ] = 0.793
 Average Recall     (AR) @[ IoU=0.50:0.95 | area=   all | maxDets= 10 ] = 0.799
 Average Recall     (AR) @[ IoU=0.50:0.95 | area=   all | maxDets=100 ] = 0.799
 Average Recall     (AR) @[ IoU=0.50:0.95 | area= small | maxDets=100 ] = -1.000
 Average Recall     (AR) @[ IoU=0.50:0.95 | area=medium | maxDets=100 ] = 0.710
 Average Recall     (AR) @[ IoU=0.50:0.95 | area= large | maxDets=100 ] = 0.810
[08/15 07:15:14 d2.evaluation.coco_evaluation]: Evaluation results for segm: 
|   AP   |  AP50  |  AP75  |  APs  |  APm   |  APl   |
|:------:|:------:|:------:|:-----:|:------:|:------:|
| 75.886 | 95.661 | 90.571 |  nan  | 69.922 | 76.867 |
[08/15 07:15:14 d2.evaluation.coco_evaluation]: Some metrics cannot be computed and is shown as NaN.
[Iter 2 AP] → mAP@[.5:.95] = 75.886
[08/15 07:15:14 d2.data.datasets.coco]: Loaded 89 images in COCO format from /projects/PUCHALLA/LLP2024/tumor-segmentation/data/processed_data/rgd/test/images/test.json
[08/15 07:15:14 d2.data.datasets.coco]: Loaded 89 images in COCO format from /projects/PUCHALLA/LLP2024/tumor-segmentation/data/processed_data/rgd/test/images/test.json
[08/15 07:15:14 d2.data.dataset_mapper]: [DatasetMapper] Augmentations used in inference: [ResizeShortestEdge(short_edge_length=(800, 800), max_size=1333, sample_style='choice')]
[08/15 07:15:14 d2.data.common]: Serializing the dataset using: <class 'detectron2.data.common._TorchSerializedList'>
[08/15 07:15:14 d2.data.common]: Serializing 89 elements to byte tensors and concatenating them all ...
[08/15 07:15:14 d2.data.common]: Serialized dataset takes 0.07 MiB
[08/15 07:15:14 d2.evaluation.evaluator]: Start inference on 89 batches
[08/15 07:15:17 d2.evaluation.evaluator]: Total inference time: 0:00:02.081886 (0.024784 s / iter per device, on 1 devices)
[08/15 07:15:17 d2.evaluation.evaluator]: Total inference pure compute time: 0:00:01 (0.023644 s / iter per device, on 1 devices)
[08/15 07:15:18 d2.utils.events]:  eta: 0:03:49  iter: 2019  total_loss: 0.1986  loss_cls: 0.01835  loss_box_reg: 0.05094  loss_mask: 0.1292  loss_rpn_cls: 2.722e-06  loss_rpn_loc: 0.003545    time: 0.0771  last_time: 0.0731  data_time: 0.0021  last_data_time: 0.0021   lr: 0.0005  max_mem: 1682M
[08/15 07:15:20 d2.utils.events]:  eta: 0:03:47  iter: 2039  total_loss: 0.1491  loss_cls: 0.01551  loss_box_reg: 0.03886  loss_mask: 0.09336  loss_rpn_cls: 5.488e-06  loss_rpn_loc: 0.002242    time: 0.0771  last_time: 0.0728  data_time: 0.0021  last_data_time: 0.0020   lr: 0.0005  max_mem: 1682M
[08/15 07:15:21 d2.utils.events]:  eta: 0:03:46  iter: 2059  total_loss: 0.1562  loss_cls: 0.01441  loss_box_reg: 0.03896  loss_mask: 0.09215  loss_rpn_cls: 1.039e-05  loss_rpn_loc: 0.002507    time: 0.0771  last_time: 0.0826  data_time: 0.0021  last_data_time: 0.0022   lr: 0.0005  max_mem: 1682M
[08/15 07:15:23 d2.utils.events]:  eta: 0:03:44  iter: 2079  total_loss: 0.1575  loss_cls: 0.0178  loss_box_reg: 0.04468  loss_mask: 0.1023  loss_rpn_cls: 4.428e-06  loss_rpn_loc: 0.001976    time: 0.0771  last_time: 0.0840  data_time: 0.0022  last_data_time: 0.0021   lr: 0.0005  max_mem: 1682M
[08/15 07:15:24 d2.utils.events]:  eta: 0:03:42  iter: 2099  total_loss: 0.1635  loss_cls: 0.0173  loss_box_reg: 0.046  loss_mask: 0.1053  loss_rpn_cls: 1.358e-06  loss_rpn_loc: 0.001916    time: 0.0771  last_time: 0.0760  data_time: 0.0021  last_data_time: 0.0021   lr: 0.0005  max_mem: 1682M
[08/15 07:15:24 d2.evaluation.coco_evaluation]: Fast COCO eval is not built. Falling back to official COCO eval.
[08/15 07:15:24 d2.data.datasets.coco]: Loaded 89 images in COCO format from /projects/PUCHALLA/LLP2024/tumor-segmentation/data/processed_data/rgd/test/images/test.json
[08/15 07:15:24 d2.data.dataset_mapper]: [DatasetMapper] Augmentations used in inference: [ResizeShortestEdge(short_edge_length=(800, 800), max_size=1333, sample_style='choice')]
[08/15 07:15:24 d2.data.common]: Serializing the dataset using: <class 'detectron2.data.common._TorchSerializedList'>
[08/15 07:15:24 d2.data.common]: Serializing 89 elements to byte tensors and concatenating them all ...
[08/15 07:15:24 d2.data.common]: Serialized dataset takes 0.07 MiB
[08/15 07:15:24 d2.evaluation.evaluator]: Start inference on 89 batches
[08/15 07:15:25 d2.evaluation.evaluator]: Inference done 11/89. Dataloading: 0.0004 s/iter. Inference: 0.0235 s/iter. Eval: 0.0003 s/iter. Total: 0.0243 s/iter. ETA=0:00:01
[08/15 07:15:27 d2.evaluation.evaluator]: Total inference time: 0:00:02.094568 (0.024935 s / iter per device, on 1 devices)
[08/15 07:15:27 d2.evaluation.evaluator]: Total inference pure compute time: 0:00:01 (0.023775 s / iter per device, on 1 devices)
[08/15 07:15:27 d2.evaluation.coco_evaluation]: Preparing results for COCO format ...
[08/15 07:15:27 d2.evaluation.coco_evaluation]: Saving results to ../../../../../models/rgb-testing/rgd-5000-1/coco_instances_results.json
[08/15 07:15:27 d2.evaluation.coco_evaluation]: Evaluating predictions with official COCO API...
Loading and preparing results...
DONE (t=0.00s)
creating index...
index created!
Running per image evaluation...
Evaluate annotation type *bbox*
DONE (t=0.01s).
Accumulating evaluation results...
DONE (t=0.01s).
 Average Precision  (AP) @[ IoU=0.50:0.95 | area=   all | maxDets=100 ] = 0.737
 Average Precision  (AP) @[ IoU=0.50      | area=   all | maxDets=100 ] = 0.970
 Average Precision  (AP) @[ IoU=0.75      | area=   all | maxDets=100 ] = 0.917
 Average Precision  (AP) @[ IoU=0.50:0.95 | area= small | maxDets=100 ] = -1.000
 Average Precision  (AP) @[ IoU=0.50:0.95 | area=medium | maxDets=100 ] = 0.674
 Average Precision  (AP) @[ IoU=0.50:0.95 | area= large | maxDets=100 ] = 0.747
 Average Recall     (AR) @[ IoU=0.50:0.95 | area=   all | maxDets=  1 ] = 0.788
 Average Recall     (AR) @[ IoU=0.50:0.95 | area=   all | maxDets= 10 ] = 0.788
 Average Recall     (AR) @[ IoU=0.50:0.95 | area=   all | maxDets=100 ] = 0.788
 Average Recall     (AR) @[ IoU=0.50:0.95 | area= small | maxDets=100 ] = -1.000
 Average Recall     (AR) @[ IoU=0.50:0.95 | area=medium | maxDets=100 ] = 0.700
 Average Recall     (AR) @[ IoU=0.50:0.95 | area= large | maxDets=100 ] = 0.799
[08/15 07:15:27 d2.evaluation.coco_evaluation]: Evaluation results for bbox: 
|   AP   |  AP50  |  AP75  |  APs  |  APm   |  APl   |
|:------:|:------:|:------:|:-----:|:------:|:------:|
| 73.707 | 97.019 | 91.657 |  nan  | 67.405 | 74.724 |
[08/15 07:15:27 d2.evaluation.coco_evaluation]: Some metrics cannot be computed and is shown as NaN.
Loading and preparing results...
DONE (t=0.00s)
creating index...
index created!
Running per image evaluation...
Evaluate annotation type *segm*
DONE (t=0.02s).
Accumulating evaluation results...
DONE (t=0.01s).
 Average Precision  (AP) @[ IoU=0.50:0.95 | area=   all | maxDets=100 ] = 0.759
 Average Precision  (AP) @[ IoU=0.50      | area=   all | maxDets=100 ] = 0.970
 Average Precision  (AP) @[ IoU=0.75      | area=   all | maxDets=100 ] = 0.917
 Average Precision  (AP) @[ IoU=0.50:0.95 | area= small | maxDets=100 ] = -1.000
 Average Precision  (AP) @[ IoU=0.50:0.95 | area=medium | maxDets=100 ] = 0.677
 Average Precision  (AP) @[ IoU=0.50:0.95 | area= large | maxDets=100 ] = 0.770
 Average Recall     (AR) @[ IoU=0.50:0.95 | area=   all | maxDets=  1 ] = 0.798
 Average Recall     (AR) @[ IoU=0.50:0.95 | area=   all | maxDets= 10 ] = 0.798
 Average Recall     (AR) @[ IoU=0.50:0.95 | area=   all | maxDets=100 ] = 0.798
 Average Recall     (AR) @[ IoU=0.50:0.95 | area= small | maxDets=100 ] = -1.000
 Average Recall     (AR) @[ IoU=0.50:0.95 | area=medium | maxDets=100 ] = 0.700
 Average Recall     (AR) @[ IoU=0.50:0.95 | area= large | maxDets=100 ] = 0.810
[08/15 07:15:27 d2.evaluation.coco_evaluation]: Evaluation results for segm: 
|   AP   |  AP50  |  AP75  |  APs  |  APm   |  APl   |
|:------:|:------:|:------:|:-----:|:------:|:------:|
| 75.910 | 97.019 | 91.657 |  nan  | 67.704 | 77.046 |
[08/15 07:15:27 d2.evaluation.coco_evaluation]: Some metrics cannot be computed and is shown as NaN.
[Iter 2 AP] → mAP@[.5:.95] = 75.910
[08/15 07:15:27 d2.data.datasets.coco]: Loaded 89 images in COCO format from /projects/PUCHALLA/LLP2024/tumor-segmentation/data/processed_data/rgd/test/images/test.json
[08/15 07:15:27 d2.data.datasets.coco]: Loaded 89 images in COCO format from /projects/PUCHALLA/LLP2024/tumor-segmentation/data/processed_data/rgd/test/images/test.json
[08/15 07:15:27 d2.data.dataset_mapper]: [DatasetMapper] Augmentations used in inference: [ResizeShortestEdge(short_edge_length=(800, 800), max_size=1333, sample_style='choice')]
[08/15 07:15:27 d2.data.common]: Serializing the dataset using: <class 'detectron2.data.common._TorchSerializedList'>
[08/15 07:15:27 d2.data.common]: Serializing 89 elements to byte tensors and concatenating them all ...
[08/15 07:15:27 d2.data.common]: Serialized dataset takes 0.07 MiB
[08/15 07:15:27 d2.evaluation.evaluator]: Start inference on 89 batches
[08/15 07:15:29 d2.evaluation.evaluator]: Total inference time: 0:00:02.104167 (0.025050 s / iter per device, on 1 devices)
[08/15 07:15:29 d2.evaluation.evaluator]: Total inference pure compute time: 0:00:02 (0.023915 s / iter per device, on 1 devices)
[08/15 07:15:30 d2.utils.events]:  eta: 0:03:41  iter: 2119  total_loss: 0.1702  loss_cls: 0.01938  loss_box_reg: 0.04891  loss_mask: 0.1019  loss_rpn_cls: 1.698e-06  loss_rpn_loc: 0.001916    time: 0.0771  last_time: 0.0741  data_time: 0.0021  last_data_time: 0.0022   lr: 0.0005  max_mem: 1682M
[08/15 07:15:32 d2.utils.events]:  eta: 0:03:39  iter: 2139  total_loss: 0.1881  loss_cls: 0.01917  loss_box_reg: 0.05097  loss_mask: 0.1095  loss_rpn_cls: 2.63e-05  loss_rpn_loc: 0.002965    time: 0.0771  last_time: 0.0780  data_time: 0.0022  last_data_time: 0.0021   lr: 0.0005  max_mem: 1682M
[08/15 07:15:34 d2.utils.events]:  eta: 0:03:38  iter: 2159  total_loss: 0.1756  loss_cls: 0.01709  loss_box_reg: 0.04273  loss_mask: 0.1098  loss_rpn_cls: 4.465e-06  loss_rpn_loc: 0.002135    time: 0.0771  last_time: 0.0725  data_time: 0.0021  last_data_time: 0.0021   lr: 0.0005  max_mem: 1682M
[08/15 07:15:35 d2.utils.events]:  eta: 0:03:36  iter: 2179  total_loss: 0.1604  loss_cls: 0.01518  loss_box_reg: 0.04018  loss_mask: 0.1085  loss_rpn_cls: 6.899e-06  loss_rpn_loc: 0.002105    time: 0.0771  last_time: 0.0775  data_time: 0.0021  last_data_time: 0.0020   lr: 0.0005  max_mem: 1682M
[08/15 07:15:37 d2.utils.events]:  eta: 0:03:35  iter: 2199  total_loss: 0.1552  loss_cls: 0.01547  loss_box_reg: 0.03833  loss_mask: 0.09165  loss_rpn_cls: 3.086e-06  loss_rpn_loc: 0.002242    time: 0.0771  last_time: 0.0771  data_time: 0.0021  last_data_time: 0.0021   lr: 0.0005  max_mem: 1682M
[08/15 07:15:37 d2.evaluation.coco_evaluation]: Fast COCO eval is not built. Falling back to official COCO eval.
[08/15 07:15:37 d2.data.datasets.coco]: Loaded 89 images in COCO format from /projects/PUCHALLA/LLP2024/tumor-segmentation/data/processed_data/rgd/test/images/test.json
[08/15 07:15:37 d2.data.dataset_mapper]: [DatasetMapper] Augmentations used in inference: [ResizeShortestEdge(short_edge_length=(800, 800), max_size=1333, sample_style='choice')]
[08/15 07:15:37 d2.data.common]: Serializing the dataset using: <class 'detectron2.data.common._TorchSerializedList'>
[08/15 07:15:37 d2.data.common]: Serializing 89 elements to byte tensors and concatenating them all ...
[08/15 07:15:37 d2.data.common]: Serialized dataset takes 0.07 MiB
[08/15 07:15:37 d2.evaluation.evaluator]: Start inference on 89 batches
[08/15 07:15:37 d2.evaluation.evaluator]: Inference done 11/89. Dataloading: 0.0005 s/iter. Inference: 0.0243 s/iter. Eval: 0.0003 s/iter. Total: 0.0251 s/iter. ETA=0:00:01
[08/15 07:15:39 d2.evaluation.evaluator]: Total inference time: 0:00:02.089881 (0.024880 s / iter per device, on 1 devices)
[08/15 07:15:39 d2.evaluation.evaluator]: Total inference pure compute time: 0:00:01 (0.023724 s / iter per device, on 1 devices)
[08/15 07:15:39 d2.evaluation.coco_evaluation]: Preparing results for COCO format ...
[08/15 07:15:39 d2.evaluation.coco_evaluation]: Saving results to ../../../../../models/rgb-testing/rgd-5000-1/coco_instances_results.json
[08/15 07:15:39 d2.evaluation.coco_evaluation]: Evaluating predictions with official COCO API...
Loading and preparing results...
DONE (t=0.00s)
creating index...
index created!
Running per image evaluation...
Evaluate annotation type *bbox*
DONE (t=0.01s).
Accumulating evaluation results...
DONE (t=0.01s).
 Average Precision  (AP) @[ IoU=0.50:0.95 | area=   all | maxDets=100 ] = 0.735
 Average Precision  (AP) @[ IoU=0.50      | area=   all | maxDets=100 ] = 0.968
 Average Precision  (AP) @[ IoU=0.75      | area=   all | maxDets=100 ] = 0.909
 Average Precision  (AP) @[ IoU=0.50:0.95 | area= small | maxDets=100 ] = -1.000
 Average Precision  (AP) @[ IoU=0.50:0.95 | area=medium | maxDets=100 ] = 0.672
 Average Precision  (AP) @[ IoU=0.50:0.95 | area= large | maxDets=100 ] = 0.743
 Average Recall     (AR) @[ IoU=0.50:0.95 | area=   all | maxDets=  1 ] = 0.788
 Average Recall     (AR) @[ IoU=0.50:0.95 | area=   all | maxDets= 10 ] = 0.790
 Average Recall     (AR) @[ IoU=0.50:0.95 | area=   all | maxDets=100 ] = 0.790
 Average Recall     (AR) @[ IoU=0.50:0.95 | area= small | maxDets=100 ] = -1.000
 Average Recall     (AR) @[ IoU=0.50:0.95 | area=medium | maxDets=100 ] = 0.690
 Average Recall     (AR) @[ IoU=0.50:0.95 | area= large | maxDets=100 ] = 0.803
[08/15 07:15:39 d2.evaluation.coco_evaluation]: Evaluation results for bbox: 
|   AP   |  AP50  |  AP75  |  APs  |  APm   |  APl   |
|:------:|:------:|:------:|:-----:|:------:|:------:|
| 73.497 | 96.788 | 90.856 |  nan  | 67.201 | 74.346 |
[08/15 07:15:39 d2.evaluation.coco_evaluation]: Some metrics cannot be computed and is shown as NaN.
Loading and preparing results...
DONE (t=0.00s)
creating index...
index created!
Running per image evaluation...
Evaluate annotation type *segm*
DONE (t=0.02s).
Accumulating evaluation results...
DONE (t=0.01s).
 Average Precision  (AP) @[ IoU=0.50:0.95 | area=   all | maxDets=100 ] = 0.758
 Average Precision  (AP) @[ IoU=0.50      | area=   all | maxDets=100 ] = 0.968
 Average Precision  (AP) @[ IoU=0.75      | area=   all | maxDets=100 ] = 0.895
 Average Precision  (AP) @[ IoU=0.50:0.95 | area= small | maxDets=100 ] = -1.000
 Average Precision  (AP) @[ IoU=0.50:0.95 | area=medium | maxDets=100 ] = 0.644
 Average Precision  (AP) @[ IoU=0.50:0.95 | area= large | maxDets=100 ] = 0.773
 Average Recall     (AR) @[ IoU=0.50:0.95 | area=   all | maxDets=  1 ] = 0.794
 Average Recall     (AR) @[ IoU=0.50:0.95 | area=   all | maxDets= 10 ] = 0.798
 Average Recall     (AR) @[ IoU=0.50:0.95 | area=   all | maxDets=100 ] = 0.798
 Average Recall     (AR) @[ IoU=0.50:0.95 | area= small | maxDets=100 ] = -1.000
 Average Recall     (AR) @[ IoU=0.50:0.95 | area=medium | maxDets=100 ] = 0.670
 Average Recall     (AR) @[ IoU=0.50:0.95 | area= large | maxDets=100 ] = 0.814
[08/15 07:15:39 d2.evaluation.coco_evaluation]: Evaluation results for segm: 
|   AP   |  AP50  |  AP75  |  APs  |  APm   |  APl   |
|:------:|:------:|:------:|:-----:|:------:|:------:|
| 75.811 | 96.788 | 89.535 |  nan  | 64.397 | 77.331 |
[08/15 07:15:39 d2.evaluation.coco_evaluation]: Some metrics cannot be computed and is shown as NaN.
[Iter 2 AP] → mAP@[.5:.95] = 75.811
[08/15 07:15:39 d2.data.datasets.coco]: Loaded 89 images in COCO format from /projects/PUCHALLA/LLP2024/tumor-segmentation/data/processed_data/rgd/test/images/test.json
[08/15 07:15:39 d2.data.datasets.coco]: Loaded 89 images in COCO format from /projects/PUCHALLA/LLP2024/tumor-segmentation/data/processed_data/rgd/test/images/test.json
[08/15 07:15:39 d2.data.dataset_mapper]: [DatasetMapper] Augmentations used in inference: [ResizeShortestEdge(short_edge_length=(800, 800), max_size=1333, sample_style='choice')]
[08/15 07:15:39 d2.data.common]: Serializing the dataset using: <class 'detectron2.data.common._TorchSerializedList'>
[08/15 07:15:39 d2.data.common]: Serializing 89 elements to byte tensors and concatenating them all ...
[08/15 07:15:39 d2.data.common]: Serialized dataset takes 0.07 MiB
[08/15 07:15:39 d2.evaluation.evaluator]: Start inference on 89 batches
[08/15 07:15:41 d2.evaluation.evaluator]: Total inference time: 0:00:02.113485 (0.025161 s / iter per device, on 1 devices)
[08/15 07:15:41 d2.evaluation.evaluator]: Total inference pure compute time: 0:00:02 (0.024009 s / iter per device, on 1 devices)
[08/15 07:15:43 d2.utils.events]:  eta: 0:03:33  iter: 2219  total_loss: 0.1578  loss_cls: 0.01685  loss_box_reg: 0.03833  loss_mask: 0.0996  loss_rpn_cls: 2.418e-06  loss_rpn_loc: 0.002364    time: 0.0771  last_time: 0.0781  data_time: 0.0021  last_data_time: 0.0020   lr: 0.0005  max_mem: 1682M
[08/15 07:15:44 d2.utils.events]:  eta: 0:03:32  iter: 2239  total_loss: 0.1723  loss_cls: 0.01627  loss_box_reg: 0.03721  loss_mask: 0.1096  loss_rpn_cls: 1.388e-06  loss_rpn_loc: 0.002547    time: 0.0771  last_time: 0.0693  data_time: 0.0020  last_data_time: 0.0021   lr: 0.0005  max_mem: 1682M
[08/15 07:15:46 d2.utils.events]:  eta: 0:03:30  iter: 2259  total_loss: 0.1636  loss_cls: 0.01534  loss_box_reg: 0.04096  loss_mask: 0.1016  loss_rpn_cls: 9.686e-06  loss_rpn_loc: 0.002223    time: 0.0771  last_time: 0.0812  data_time: 0.0021  last_data_time: 0.0021   lr: 0.0005  max_mem: 1682M
[08/15 07:15:48 d2.utils.events]:  eta: 0:03:29  iter: 2279  total_loss: 0.1507  loss_cls: 0.01835  loss_box_reg: 0.03897  loss_mask: 0.09167  loss_rpn_cls: 4.069e-06  loss_rpn_loc: 0.001906    time: 0.0771  last_time: 0.0780  data_time: 0.0021  last_data_time: 0.0021   lr: 0.0005  max_mem: 1682M
[08/15 07:15:49 d2.utils.events]:  eta: 0:03:27  iter: 2299  total_loss: 0.176  loss_cls: 0.01903  loss_box_reg: 0.04559  loss_mask: 0.106  loss_rpn_cls: 2.171e-06  loss_rpn_loc: 0.001931    time: 0.0771  last_time: 0.0694  data_time: 0.0021  last_data_time: 0.0019   lr: 0.0005  max_mem: 1682M
[08/15 07:15:49 d2.evaluation.coco_evaluation]: Fast COCO eval is not built. Falling back to official COCO eval.
[08/15 07:15:49 d2.data.datasets.coco]: Loaded 89 images in COCO format from /projects/PUCHALLA/LLP2024/tumor-segmentation/data/processed_data/rgd/test/images/test.json
[08/15 07:15:49 d2.data.dataset_mapper]: [DatasetMapper] Augmentations used in inference: [ResizeShortestEdge(short_edge_length=(800, 800), max_size=1333, sample_style='choice')]
[08/15 07:15:49 d2.data.common]: Serializing the dataset using: <class 'detectron2.data.common._TorchSerializedList'>
[08/15 07:15:49 d2.data.common]: Serializing 89 elements to byte tensors and concatenating them all ...
[08/15 07:15:49 d2.data.common]: Serialized dataset takes 0.07 MiB
[08/15 07:15:49 d2.evaluation.evaluator]: Start inference on 89 batches
[08/15 07:15:49 d2.evaluation.evaluator]: Inference done 11/89. Dataloading: 0.0004 s/iter. Inference: 0.0235 s/iter. Eval: 0.0003 s/iter. Total: 0.0242 s/iter. ETA=0:00:01
[08/15 07:15:51 d2.evaluation.evaluator]: Total inference time: 0:00:02.079862 (0.024760 s / iter per device, on 1 devices)
[08/15 07:15:51 d2.evaluation.evaluator]: Total inference pure compute time: 0:00:01 (0.023578 s / iter per device, on 1 devices)
[08/15 07:15:51 d2.evaluation.coco_evaluation]: Preparing results for COCO format ...
[08/15 07:15:51 d2.evaluation.coco_evaluation]: Saving results to ../../../../../models/rgb-testing/rgd-5000-1/coco_instances_results.json
[08/15 07:15:51 d2.evaluation.coco_evaluation]: Evaluating predictions with official COCO API...
Loading and preparing results...
DONE (t=0.00s)
creating index...
index created!
Running per image evaluation...
Evaluate annotation type *bbox*
DONE (t=0.01s).
Accumulating evaluation results...
DONE (t=0.01s).
 Average Precision  (AP) @[ IoU=0.50:0.95 | area=   all | maxDets=100 ] = 0.755
 Average Precision  (AP) @[ IoU=0.50      | area=   all | maxDets=100 ] = 0.967
 Average Precision  (AP) @[ IoU=0.75      | area=   all | maxDets=100 ] = 0.928
 Average Precision  (AP) @[ IoU=0.50:0.95 | area= small | maxDets=100 ] = -1.000
 Average Precision  (AP) @[ IoU=0.50:0.95 | area=medium | maxDets=100 ] = 0.701
 Average Precision  (AP) @[ IoU=0.50:0.95 | area= large | maxDets=100 ] = 0.766
 Average Recall     (AR) @[ IoU=0.50:0.95 | area=   all | maxDets=  1 ] = 0.807
 Average Recall     (AR) @[ IoU=0.50:0.95 | area=   all | maxDets= 10 ] = 0.812
 Average Recall     (AR) @[ IoU=0.50:0.95 | area=   all | maxDets=100 ] = 0.812
 Average Recall     (AR) @[ IoU=0.50:0.95 | area= small | maxDets=100 ] = -1.000
 Average Recall     (AR) @[ IoU=0.50:0.95 | area=medium | maxDets=100 ] = 0.720
 Average Recall     (AR) @[ IoU=0.50:0.95 | area= large | maxDets=100 ] = 0.824
[08/15 07:15:51 d2.evaluation.coco_evaluation]: Evaluation results for bbox: 
|   AP   |  AP50  |  AP75  |  APs  |  APm   |  APl   |
|:------:|:------:|:------:|:-----:|:------:|:------:|
| 75.548 | 96.729 | 92.796 |  nan  | 70.144 | 76.604 |
[08/15 07:15:51 d2.evaluation.coco_evaluation]: Some metrics cannot be computed and is shown as NaN.
Loading and preparing results...
DONE (t=0.00s)
creating index...
index created!
Running per image evaluation...
Evaluate annotation type *segm*
DONE (t=0.02s).
Accumulating evaluation results...
DONE (t=0.01s).
 Average Precision  (AP) @[ IoU=0.50:0.95 | area=   all | maxDets=100 ] = 0.764
 Average Precision  (AP) @[ IoU=0.50      | area=   all | maxDets=100 ] = 0.967
 Average Precision  (AP) @[ IoU=0.75      | area=   all | maxDets=100 ] = 0.928
 Average Precision  (AP) @[ IoU=0.50:0.95 | area= small | maxDets=100 ] = -1.000
 Average Precision  (AP) @[ IoU=0.50:0.95 | area=medium | maxDets=100 ] = 0.658
 Average Precision  (AP) @[ IoU=0.50:0.95 | area= large | maxDets=100 ] = 0.780
 Average Recall     (AR) @[ IoU=0.50:0.95 | area=   all | maxDets=  1 ] = 0.798
 Average Recall     (AR) @[ IoU=0.50:0.95 | area=   all | maxDets= 10 ] = 0.804
 Average Recall     (AR) @[ IoU=0.50:0.95 | area=   all | maxDets=100 ] = 0.804
 Average Recall     (AR) @[ IoU=0.50:0.95 | area= small | maxDets=100 ] = -1.000
 Average Recall     (AR) @[ IoU=0.50:0.95 | area=medium | maxDets=100 ] = 0.680
 Average Recall     (AR) @[ IoU=0.50:0.95 | area= large | maxDets=100 ] = 0.820
[08/15 07:15:51 d2.evaluation.coco_evaluation]: Evaluation results for segm: 
|   AP   |  AP50  |  AP75  |  APs  |  APm   |  APl   |
|:------:|:------:|:------:|:-----:|:------:|:------:|
| 76.358 | 96.729 | 92.763 |  nan  | 65.777 | 77.978 |
[08/15 07:15:51 d2.evaluation.coco_evaluation]: Some metrics cannot be computed and is shown as NaN.
[Iter 2 AP] → mAP@[.5:.95] = 76.358
[08/15 07:15:51 d2.data.datasets.coco]: Loaded 89 images in COCO format from /projects/PUCHALLA/LLP2024/tumor-segmentation/data/processed_data/rgd/test/images/test.json
[08/15 07:15:51 d2.data.datasets.coco]: Loaded 89 images in COCO format from /projects/PUCHALLA/LLP2024/tumor-segmentation/data/processed_data/rgd/test/images/test.json
[08/15 07:15:51 d2.data.dataset_mapper]: [DatasetMapper] Augmentations used in inference: [ResizeShortestEdge(short_edge_length=(800, 800), max_size=1333, sample_style='choice')]
[08/15 07:15:51 d2.data.common]: Serializing the dataset using: <class 'detectron2.data.common._TorchSerializedList'>
[08/15 07:15:51 d2.data.common]: Serializing 89 elements to byte tensors and concatenating them all ...
[08/15 07:15:51 d2.data.common]: Serialized dataset takes 0.07 MiB
[08/15 07:15:51 d2.evaluation.evaluator]: Start inference on 89 batches
[08/15 07:15:54 d2.evaluation.evaluator]: Total inference time: 0:00:02.074954 (0.024702 s / iter per device, on 1 devices)
[08/15 07:15:54 d2.evaluation.evaluator]: Total inference pure compute time: 0:00:01 (0.023553 s / iter per device, on 1 devices)
[08/15 07:15:55 d2.utils.events]:  eta: 0:03:25  iter: 2319  total_loss: 0.1597  loss_cls: 0.01688  loss_box_reg: 0.04463  loss_mask: 0.1045  loss_rpn_cls: 2.527e-06  loss_rpn_loc: 0.002565    time: 0.0771  last_time: 0.0709  data_time: 0.0021  last_data_time: 0.0020   lr: 0.0005  max_mem: 1682M
[08/15 07:15:57 d2.utils.events]:  eta: 0:03:24  iter: 2339  total_loss: 0.1528  loss_cls: 0.01679  loss_box_reg: 0.03463  loss_mask: 0.09501  loss_rpn_cls: 2.72e-06  loss_rpn_loc: 0.001997    time: 0.0771  last_time: 0.0763  data_time: 0.0021  last_data_time: 0.0020   lr: 0.0005  max_mem: 1682M
[08/15 07:15:58 d2.utils.events]:  eta: 0:03:22  iter: 2359  total_loss: 0.1557  loss_cls: 0.01672  loss_box_reg: 0.03852  loss_mask: 0.09734  loss_rpn_cls: 8.618e-06  loss_rpn_loc: 0.001934    time: 0.0771  last_time: 0.0740  data_time: 0.0022  last_data_time: 0.0019   lr: 0.0005  max_mem: 1682M
[08/15 07:16:00 d2.utils.events]:  eta: 0:03:21  iter: 2379  total_loss: 0.1567  loss_cls: 0.0179  loss_box_reg: 0.03709  loss_mask: 0.09731  loss_rpn_cls: 5.475e-06  loss_rpn_loc: 0.001916    time: 0.0771  last_time: 0.0795  data_time: 0.0021  last_data_time: 0.0020   lr: 0.0005  max_mem: 1682M
[08/15 07:16:01 d2.utils.events]:  eta: 0:03:19  iter: 2399  total_loss: 0.1674  loss_cls: 0.01566  loss_box_reg: 0.0441  loss_mask: 0.1006  loss_rpn_cls: 4.79e-06  loss_rpn_loc: 0.0022    time: 0.0771  last_time: 0.0752  data_time: 0.0021  last_data_time: 0.0021   lr: 0.0005  max_mem: 1682M
[08/15 07:16:01 d2.evaluation.coco_evaluation]: Fast COCO eval is not built. Falling back to official COCO eval.
[08/15 07:16:01 d2.data.datasets.coco]: Loaded 89 images in COCO format from /projects/PUCHALLA/LLP2024/tumor-segmentation/data/processed_data/rgd/test/images/test.json
[08/15 07:16:01 d2.data.dataset_mapper]: [DatasetMapper] Augmentations used in inference: [ResizeShortestEdge(short_edge_length=(800, 800), max_size=1333, sample_style='choice')]
[08/15 07:16:01 d2.data.common]: Serializing the dataset using: <class 'detectron2.data.common._TorchSerializedList'>
[08/15 07:16:01 d2.data.common]: Serializing 89 elements to byte tensors and concatenating them all ...
[08/15 07:16:01 d2.data.common]: Serialized dataset takes 0.07 MiB
[08/15 07:16:01 d2.evaluation.evaluator]: Start inference on 89 batches
[08/15 07:16:02 d2.evaluation.evaluator]: Inference done 11/89. Dataloading: 0.0004 s/iter. Inference: 0.0255 s/iter. Eval: 0.0003 s/iter. Total: 0.0263 s/iter. ETA=0:00:02
[08/15 07:16:04 d2.evaluation.evaluator]: Total inference time: 0:00:02.074782 (0.024700 s / iter per device, on 1 devices)
[08/15 07:16:04 d2.evaluation.evaluator]: Total inference pure compute time: 0:00:01 (0.023528 s / iter per device, on 1 devices)
[08/15 07:16:04 d2.evaluation.coco_evaluation]: Preparing results for COCO format ...
[08/15 07:16:04 d2.evaluation.coco_evaluation]: Saving results to ../../../../../models/rgb-testing/rgd-5000-1/coco_instances_results.json
[08/15 07:16:04 d2.evaluation.coco_evaluation]: Evaluating predictions with official COCO API...
Loading and preparing results...
DONE (t=0.00s)
creating index...
index created!
Running per image evaluation...
Evaluate annotation type *bbox*
DONE (t=0.01s).
Accumulating evaluation results...
DONE (t=0.01s).
 Average Precision  (AP) @[ IoU=0.50:0.95 | area=   all | maxDets=100 ] = 0.768
 Average Precision  (AP) @[ IoU=0.50      | area=   all | maxDets=100 ] = 0.970
 Average Precision  (AP) @[ IoU=0.75      | area=   all | maxDets=100 ] = 0.934
 Average Precision  (AP) @[ IoU=0.50:0.95 | area= small | maxDets=100 ] = -1.000
 Average Precision  (AP) @[ IoU=0.50:0.95 | area=medium | maxDets=100 ] = 0.715
 Average Precision  (AP) @[ IoU=0.50:0.95 | area= large | maxDets=100 ] = 0.778
 Average Recall     (AR) @[ IoU=0.50:0.95 | area=   all | maxDets=  1 ] = 0.819
 Average Recall     (AR) @[ IoU=0.50:0.95 | area=   all | maxDets= 10 ] = 0.819
 Average Recall     (AR) @[ IoU=0.50:0.95 | area=   all | maxDets=100 ] = 0.819
 Average Recall     (AR) @[ IoU=0.50:0.95 | area= small | maxDets=100 ] = -1.000
 Average Recall     (AR) @[ IoU=0.50:0.95 | area=medium | maxDets=100 ] = 0.740
 Average Recall     (AR) @[ IoU=0.50:0.95 | area= large | maxDets=100 ] = 0.829
[08/15 07:16:04 d2.evaluation.coco_evaluation]: Evaluation results for bbox: 
|   AP   |  AP50  |  AP75  |  APs  |  APm   |  APl   |
|:------:|:------:|:------:|:-----:|:------:|:------:|
| 76.754 | 97.019 | 93.388 |  nan  | 71.498 | 77.784 |
[08/15 07:16:04 d2.evaluation.coco_evaluation]: Some metrics cannot be computed and is shown as NaN.
Loading and preparing results...
DONE (t=0.00s)
creating index...
index created!
Running per image evaluation...
Evaluate annotation type *segm*
DONE (t=0.02s).
Accumulating evaluation results...
DONE (t=0.01s).
 Average Precision  (AP) @[ IoU=0.50:0.95 | area=   all | maxDets=100 ] = 0.784
 Average Precision  (AP) @[ IoU=0.50      | area=   all | maxDets=100 ] = 0.970
 Average Precision  (AP) @[ IoU=0.75      | area=   all | maxDets=100 ] = 0.934
 Average Precision  (AP) @[ IoU=0.50:0.95 | area= small | maxDets=100 ] = -1.000
 Average Precision  (AP) @[ IoU=0.50:0.95 | area=medium | maxDets=100 ] = 0.709
 Average Precision  (AP) @[ IoU=0.50:0.95 | area= large | maxDets=100 ] = 0.796
 Average Recall     (AR) @[ IoU=0.50:0.95 | area=   all | maxDets=  1 ] = 0.827
 Average Recall     (AR) @[ IoU=0.50:0.95 | area=   all | maxDets= 10 ] = 0.827
 Average Recall     (AR) @[ IoU=0.50:0.95 | area=   all | maxDets=100 ] = 0.827
 Average Recall     (AR) @[ IoU=0.50:0.95 | area= small | maxDets=100 ] = -1.000
 Average Recall     (AR) @[ IoU=0.50:0.95 | area=medium | maxDets=100 ] = 0.730
 Average Recall     (AR) @[ IoU=0.50:0.95 | area= large | maxDets=100 ] = 0.839
[08/15 07:16:04 d2.evaluation.coco_evaluation]: Evaluation results for segm: 
|   AP   |  AP50  |  AP75  |  APs  |  APm   |  APl   |
|:------:|:------:|:------:|:-----:|:------:|:------:|
| 78.414 | 97.019 | 93.388 |  nan  | 70.878 | 79.569 |
[08/15 07:16:04 d2.evaluation.coco_evaluation]: Some metrics cannot be computed and is shown as NaN.
[Iter 2 AP] → mAP@[.5:.95] = 78.414
[08/15 07:16:04 d2.data.datasets.coco]: Loaded 89 images in COCO format from /projects/PUCHALLA/LLP2024/tumor-segmentation/data/processed_data/rgd/test/images/test.json
[08/15 07:16:04 d2.data.datasets.coco]: Loaded 89 images in COCO format from /projects/PUCHALLA/LLP2024/tumor-segmentation/data/processed_data/rgd/test/images/test.json
[08/15 07:16:04 d2.data.dataset_mapper]: [DatasetMapper] Augmentations used in inference: [ResizeShortestEdge(short_edge_length=(800, 800), max_size=1333, sample_style='choice')]
[08/15 07:16:04 d2.data.common]: Serializing the dataset using: <class 'detectron2.data.common._TorchSerializedList'>
[08/15 07:16:04 d2.data.common]: Serializing 89 elements to byte tensors and concatenating them all ...
[08/15 07:16:04 d2.data.common]: Serialized dataset takes 0.07 MiB
[08/15 07:16:04 d2.evaluation.evaluator]: Start inference on 89 batches
[08/15 07:16:06 d2.evaluation.evaluator]: Total inference time: 0:00:02.087761 (0.024854 s / iter per device, on 1 devices)
[08/15 07:16:06 d2.evaluation.evaluator]: Total inference pure compute time: 0:00:01 (0.023710 s / iter per device, on 1 devices)
[08/15 07:16:08 d2.utils.events]:  eta: 0:03:18  iter: 2419  total_loss: 0.1892  loss_cls: 0.01959  loss_box_reg: 0.04718  loss_mask: 0.1229  loss_rpn_cls: 4.314e-06  loss_rpn_loc: 0.002262    time: 0.0771  last_time: 0.0822  data_time: 0.0021  last_data_time: 0.0021   lr: 0.0005  max_mem: 1682M
[08/15 07:16:09 d2.utils.events]:  eta: 0:03:16  iter: 2439  total_loss: 0.1694  loss_cls: 0.01868  loss_box_reg: 0.04598  loss_mask: 0.1024  loss_rpn_cls: 3.075e-06  loss_rpn_loc: 0.002209    time: 0.0771  last_time: 0.0702  data_time: 0.0021  last_data_time: 0.0020   lr: 0.0005  max_mem: 1682M
[08/15 07:16:11 d2.utils.events]:  eta: 0:03:15  iter: 2459  total_loss: 0.1731  loss_cls: 0.01884  loss_box_reg: 0.04485  loss_mask: 0.09981  loss_rpn_cls: 2.493e-06  loss_rpn_loc: 0.002088    time: 0.0771  last_time: 0.0767  data_time: 0.0023  last_data_time: 0.0021   lr: 0.0005  max_mem: 1682M
[08/15 07:16:12 d2.utils.events]:  eta: 0:03:13  iter: 2479  total_loss: 0.1489  loss_cls: 0.01421  loss_box_reg: 0.04036  loss_mask: 0.0945  loss_rpn_cls: 5.914e-06  loss_rpn_loc: 0.001701    time: 0.0771  last_time: 0.0779  data_time: 0.0023  last_data_time: 0.0020   lr: 0.0005  max_mem: 1682M
[08/15 07:16:14 d2.utils.events]:  eta: 0:03:12  iter: 2499  total_loss: 0.1785  loss_cls: 0.01702  loss_box_reg: 0.04759  loss_mask: 0.104  loss_rpn_cls: 1.48e-06  loss_rpn_loc: 0.002696    time: 0.0771  last_time: 0.0808  data_time: 0.0022  last_data_time: 0.0021   lr: 0.0005  max_mem: 1682M
[08/15 07:16:14 d2.evaluation.coco_evaluation]: Fast COCO eval is not built. Falling back to official COCO eval.
[08/15 07:16:14 d2.data.datasets.coco]: Loaded 89 images in COCO format from /projects/PUCHALLA/LLP2024/tumor-segmentation/data/processed_data/rgd/test/images/test.json
[08/15 07:16:14 d2.data.dataset_mapper]: [DatasetMapper] Augmentations used in inference: [ResizeShortestEdge(short_edge_length=(800, 800), max_size=1333, sample_style='choice')]
[08/15 07:16:14 d2.data.common]: Serializing the dataset using: <class 'detectron2.data.common._TorchSerializedList'>
[08/15 07:16:14 d2.data.common]: Serializing 89 elements to byte tensors and concatenating them all ...
[08/15 07:16:14 d2.data.common]: Serialized dataset takes 0.07 MiB
[08/15 07:16:14 d2.evaluation.evaluator]: Start inference on 89 batches
[08/15 07:16:14 d2.evaluation.evaluator]: Inference done 11/89. Dataloading: 0.0004 s/iter. Inference: 0.0242 s/iter. Eval: 0.0003 s/iter. Total: 0.0250 s/iter. ETA=0:00:01
[08/15 07:16:16 d2.evaluation.evaluator]: Total inference time: 0:00:02.074680 (0.024699 s / iter per device, on 1 devices)
[08/15 07:16:16 d2.evaluation.evaluator]: Total inference pure compute time: 0:00:01 (0.023530 s / iter per device, on 1 devices)
[08/15 07:16:16 d2.evaluation.coco_evaluation]: Preparing results for COCO format ...
[08/15 07:16:16 d2.evaluation.coco_evaluation]: Saving results to ../../../../../models/rgb-testing/rgd-5000-1/coco_instances_results.json
[08/15 07:16:16 d2.evaluation.coco_evaluation]: Evaluating predictions with official COCO API...
Loading and preparing results...
DONE (t=0.00s)
creating index...
index created!
Running per image evaluation...
Evaluate annotation type *bbox*
DONE (t=0.01s).
Accumulating evaluation results...
DONE (t=0.01s).
 Average Precision  (AP) @[ IoU=0.50:0.95 | area=   all | maxDets=100 ] = 0.736
 Average Precision  (AP) @[ IoU=0.50      | area=   all | maxDets=100 ] = 0.967
 Average Precision  (AP) @[ IoU=0.75      | area=   all | maxDets=100 ] = 0.907
 Average Precision  (AP) @[ IoU=0.50:0.95 | area= small | maxDets=100 ] = -1.000
 Average Precision  (AP) @[ IoU=0.50:0.95 | area=medium | maxDets=100 ] = 0.684
 Average Precision  (AP) @[ IoU=0.50:0.95 | area= large | maxDets=100 ] = 0.746
 Average Recall     (AR) @[ IoU=0.50:0.95 | area=   all | maxDets=  1 ] = 0.784
 Average Recall     (AR) @[ IoU=0.50:0.95 | area=   all | maxDets= 10 ] = 0.787
 Average Recall     (AR) @[ IoU=0.50:0.95 | area=   all | maxDets=100 ] = 0.787
 Average Recall     (AR) @[ IoU=0.50:0.95 | area= small | maxDets=100 ] = -1.000
 Average Recall     (AR) @[ IoU=0.50:0.95 | area=medium | maxDets=100 ] = 0.710
 Average Recall     (AR) @[ IoU=0.50:0.95 | area= large | maxDets=100 ] = 0.796
[08/15 07:16:16 d2.evaluation.coco_evaluation]: Evaluation results for bbox: 
|   AP   |  AP50  |  AP75  |  APs  |  APm   |  APl   |
|:------:|:------:|:------:|:-----:|:------:|:------:|
| 73.562 | 96.738 | 90.738 |  nan  | 68.430 | 74.599 |
[08/15 07:16:16 d2.evaluation.coco_evaluation]: Some metrics cannot be computed and is shown as NaN.
Loading and preparing results...
DONE (t=0.00s)
creating index...
index created!
Running per image evaluation...
Evaluate annotation type *segm*
DONE (t=0.02s).
Accumulating evaluation results...
DONE (t=0.01s).
 Average Precision  (AP) @[ IoU=0.50:0.95 | area=   all | maxDets=100 ] = 0.747
 Average Precision  (AP) @[ IoU=0.50      | area=   all | maxDets=100 ] = 0.957
 Average Precision  (AP) @[ IoU=0.75      | area=   all | maxDets=100 ] = 0.907
 Average Precision  (AP) @[ IoU=0.50:0.95 | area= small | maxDets=100 ] = -1.000
 Average Precision  (AP) @[ IoU=0.50:0.95 | area=medium | maxDets=100 ] = 0.650
 Average Precision  (AP) @[ IoU=0.50:0.95 | area= large | maxDets=100 ] = 0.760
 Average Recall     (AR) @[ IoU=0.50:0.95 | area=   all | maxDets=  1 ] = 0.788
 Average Recall     (AR) @[ IoU=0.50:0.95 | area=   all | maxDets= 10 ] = 0.790
 Average Recall     (AR) @[ IoU=0.50:0.95 | area=   all | maxDets=100 ] = 0.790
 Average Recall     (AR) @[ IoU=0.50:0.95 | area= small | maxDets=100 ] = -1.000
 Average Recall     (AR) @[ IoU=0.50:0.95 | area=medium | maxDets=100 ] = 0.670
 Average Recall     (AR) @[ IoU=0.50:0.95 | area= large | maxDets=100 ] = 0.805
[08/15 07:16:16 d2.evaluation.coco_evaluation]: Evaluation results for segm: 
|   AP   |  AP50  |  AP75  |  APs  |  APm   |  APl   |
|:------:|:------:|:------:|:-----:|:------:|:------:|
| 74.654 | 95.729 | 90.738 |  nan  | 64.987 | 75.964 |
[08/15 07:16:16 d2.evaluation.coco_evaluation]: Some metrics cannot be computed and is shown as NaN.
[Iter 2 AP] → mAP@[.5:.95] = 74.654
[08/15 07:16:16 d2.data.datasets.coco]: Loaded 89 images in COCO format from /projects/PUCHALLA/LLP2024/tumor-segmentation/data/processed_data/rgd/test/images/test.json
[08/15 07:16:16 d2.data.datasets.coco]: Loaded 89 images in COCO format from /projects/PUCHALLA/LLP2024/tumor-segmentation/data/processed_data/rgd/test/images/test.json
[08/15 07:16:16 d2.data.dataset_mapper]: [DatasetMapper] Augmentations used in inference: [ResizeShortestEdge(short_edge_length=(800, 800), max_size=1333, sample_style='choice')]
[08/15 07:16:16 d2.data.common]: Serializing the dataset using: <class 'detectron2.data.common._TorchSerializedList'>
[08/15 07:16:16 d2.data.common]: Serializing 89 elements to byte tensors and concatenating them all ...
[08/15 07:16:16 d2.data.common]: Serialized dataset takes 0.07 MiB
[08/15 07:16:16 d2.evaluation.evaluator]: Start inference on 89 batches
[08/15 07:16:18 d2.evaluation.evaluator]: Total inference time: 0:00:02.087556 (0.024852 s / iter per device, on 1 devices)
[08/15 07:16:18 d2.evaluation.evaluator]: Total inference pure compute time: 0:00:01 (0.023678 s / iter per device, on 1 devices)
[08/15 07:16:20 d2.utils.events]:  eta: 0:03:10  iter: 2519  total_loss: 0.1417  loss_cls: 0.01362  loss_box_reg: 0.02959  loss_mask: 0.09267  loss_rpn_cls: 5.318e-06  loss_rpn_loc: 0.001884    time: 0.0771  last_time: 0.0807  data_time: 0.0021  last_data_time: 0.0021   lr: 0.0005  max_mem: 1682M
[08/15 07:16:21 d2.utils.events]:  eta: 0:03:08  iter: 2539  total_loss: 0.1452  loss_cls: 0.01492  loss_box_reg: 0.03743  loss_mask: 0.0972  loss_rpn_cls: 5.192e-06  loss_rpn_loc: 0.001977    time: 0.0770  last_time: 0.0809  data_time: 0.0021  last_data_time: 0.0020   lr: 0.0005  max_mem: 1682M
[08/15 07:16:23 d2.utils.events]:  eta: 0:03:07  iter: 2559  total_loss: 0.164  loss_cls: 0.01537  loss_box_reg: 0.03734  loss_mask: 0.09966  loss_rpn_cls: 2.957e-06  loss_rpn_loc: 0.001831    time: 0.0770  last_time: 0.0763  data_time: 0.0021  last_data_time: 0.0019   lr: 0.0005  max_mem: 1682M
[08/15 07:16:25 d2.utils.events]:  eta: 0:03:05  iter: 2579  total_loss: 0.166  loss_cls: 0.01636  loss_box_reg: 0.03893  loss_mask: 0.1078  loss_rpn_cls: 6.829e-06  loss_rpn_loc: 0.00216    time: 0.0771  last_time: 0.0808  data_time: 0.0021  last_data_time: 0.0022   lr: 0.0005  max_mem: 1682M
[08/15 07:16:26 d2.utils.events]:  eta: 0:03:04  iter: 2599  total_loss: 0.1562  loss_cls: 0.01511  loss_box_reg: 0.03745  loss_mask: 0.1015  loss_rpn_cls: 8.918e-06  loss_rpn_loc: 0.002131    time: 0.0771  last_time: 0.0737  data_time: 0.0020  last_data_time: 0.0020   lr: 0.0005  max_mem: 1682M
[08/15 07:16:26 d2.evaluation.coco_evaluation]: Fast COCO eval is not built. Falling back to official COCO eval.
[08/15 07:16:26 d2.data.datasets.coco]: Loaded 89 images in COCO format from /projects/PUCHALLA/LLP2024/tumor-segmentation/data/processed_data/rgd/test/images/test.json
[08/15 07:16:26 d2.data.dataset_mapper]: [DatasetMapper] Augmentations used in inference: [ResizeShortestEdge(short_edge_length=(800, 800), max_size=1333, sample_style='choice')]
[08/15 07:16:26 d2.data.common]: Serializing the dataset using: <class 'detectron2.data.common._TorchSerializedList'>
[08/15 07:16:26 d2.data.common]: Serializing 89 elements to byte tensors and concatenating them all ...
[08/15 07:16:26 d2.data.common]: Serialized dataset takes 0.07 MiB
[08/15 07:16:26 d2.evaluation.evaluator]: Start inference on 89 batches
[08/15 07:16:27 d2.evaluation.evaluator]: Inference done 11/89. Dataloading: 0.0005 s/iter. Inference: 0.0238 s/iter. Eval: 0.0003 s/iter. Total: 0.0247 s/iter. ETA=0:00:01
[08/15 07:16:28 d2.evaluation.evaluator]: Total inference time: 0:00:02.042681 (0.024318 s / iter per device, on 1 devices)
[08/15 07:16:28 d2.evaluation.evaluator]: Total inference pure compute time: 0:00:01 (0.023132 s / iter per device, on 1 devices)
[08/15 07:16:28 d2.evaluation.coco_evaluation]: Preparing results for COCO format ...
[08/15 07:16:28 d2.evaluation.coco_evaluation]: Saving results to ../../../../../models/rgb-testing/rgd-5000-1/coco_instances_results.json
[08/15 07:16:28 d2.evaluation.coco_evaluation]: Evaluating predictions with official COCO API...
Loading and preparing results...
DONE (t=0.00s)
creating index...
index created!
Running per image evaluation...
Evaluate annotation type *bbox*
DONE (t=0.02s).
Accumulating evaluation results...
DONE (t=0.01s).
 Average Precision  (AP) @[ IoU=0.50:0.95 | area=   all | maxDets=100 ] = 0.757
 Average Precision  (AP) @[ IoU=0.50      | area=   all | maxDets=100 ] = 0.969
 Average Precision  (AP) @[ IoU=0.75      | area=   all | maxDets=100 ] = 0.929
 Average Precision  (AP) @[ IoU=0.50:0.95 | area= small | maxDets=100 ] = -1.000
 Average Precision  (AP) @[ IoU=0.50:0.95 | area=medium | maxDets=100 ] = 0.692
 Average Precision  (AP) @[ IoU=0.50:0.95 | area= large | maxDets=100 ] = 0.769
 Average Recall     (AR) @[ IoU=0.50:0.95 | area=   all | maxDets=  1 ] = 0.801
 Average Recall     (AR) @[ IoU=0.50:0.95 | area=   all | maxDets= 10 ] = 0.807
 Average Recall     (AR) @[ IoU=0.50:0.95 | area=   all | maxDets=100 ] = 0.807
 Average Recall     (AR) @[ IoU=0.50:0.95 | area= small | maxDets=100 ] = -1.000
 Average Recall     (AR) @[ IoU=0.50:0.95 | area=medium | maxDets=100 ] = 0.700
 Average Recall     (AR) @[ IoU=0.50:0.95 | area= large | maxDets=100 ] = 0.820
[08/15 07:16:28 d2.evaluation.coco_evaluation]: Evaluation results for bbox: 
|   AP   |  AP50  |  AP75  |  APs  |  APm   |  APl   |
|:------:|:------:|:------:|:-----:|:------:|:------:|
| 75.698 | 96.884 | 92.906 |  nan  | 69.198 | 76.892 |
[08/15 07:16:28 d2.evaluation.coco_evaluation]: Some metrics cannot be computed and is shown as NaN.
Loading and preparing results...
DONE (t=0.00s)
creating index...
index created!
Running per image evaluation...
Evaluate annotation type *segm*
DONE (t=0.02s).
Accumulating evaluation results...
DONE (t=0.01s).
 Average Precision  (AP) @[ IoU=0.50:0.95 | area=   all | maxDets=100 ] = 0.762
 Average Precision  (AP) @[ IoU=0.50      | area=   all | maxDets=100 ] = 0.969
 Average Precision  (AP) @[ IoU=0.75      | area=   all | maxDets=100 ] = 0.929
 Average Precision  (AP) @[ IoU=0.50:0.95 | area= small | maxDets=100 ] = -1.000
 Average Precision  (AP) @[ IoU=0.50:0.95 | area=medium | maxDets=100 ] = 0.663
 Average Precision  (AP) @[ IoU=0.50:0.95 | area= large | maxDets=100 ] = 0.776
 Average Recall     (AR) @[ IoU=0.50:0.95 | area=   all | maxDets=  1 ] = 0.798
 Average Recall     (AR) @[ IoU=0.50:0.95 | area=   all | maxDets= 10 ] = 0.803
 Average Recall     (AR) @[ IoU=0.50:0.95 | area=   all | maxDets=100 ] = 0.803
 Average Recall     (AR) @[ IoU=0.50:0.95 | area= small | maxDets=100 ] = -1.000
 Average Recall     (AR) @[ IoU=0.50:0.95 | area=medium | maxDets=100 ] = 0.680
 Average Recall     (AR) @[ IoU=0.50:0.95 | area= large | maxDets=100 ] = 0.819
[08/15 07:16:28 d2.evaluation.coco_evaluation]: Evaluation results for segm: 
|   AP   |  AP50  |  AP75  |  APs  |  APm   |  APl   |
|:------:|:------:|:------:|:-----:|:------:|:------:|
| 76.175 | 96.884 | 92.906 |  nan  | 66.254 | 77.622 |
[08/15 07:16:28 d2.evaluation.coco_evaluation]: Some metrics cannot be computed and is shown as NaN.
[Iter 2 AP] → mAP@[.5:.95] = 76.175
[08/15 07:16:28 d2.data.datasets.coco]: Loaded 89 images in COCO format from /projects/PUCHALLA/LLP2024/tumor-segmentation/data/processed_data/rgd/test/images/test.json
[08/15 07:16:29 d2.data.datasets.coco]: Loaded 89 images in COCO format from /projects/PUCHALLA/LLP2024/tumor-segmentation/data/processed_data/rgd/test/images/test.json
[08/15 07:16:29 d2.data.dataset_mapper]: [DatasetMapper] Augmentations used in inference: [ResizeShortestEdge(short_edge_length=(800, 800), max_size=1333, sample_style='choice')]
[08/15 07:16:29 d2.data.common]: Serializing the dataset using: <class 'detectron2.data.common._TorchSerializedList'>
[08/15 07:16:29 d2.data.common]: Serializing 89 elements to byte tensors and concatenating them all ...
[08/15 07:16:29 d2.data.common]: Serialized dataset takes 0.07 MiB
[08/15 07:16:29 d2.evaluation.evaluator]: Start inference on 89 batches
[08/15 07:16:31 d2.evaluation.evaluator]: Total inference time: 0:00:02.116472 (0.025196 s / iter per device, on 1 devices)
[08/15 07:16:31 d2.evaluation.evaluator]: Total inference pure compute time: 0:00:02 (0.024022 s / iter per device, on 1 devices)
[08/15 07:16:32 d2.utils.events]:  eta: 0:03:02  iter: 2619  total_loss: 0.1467  loss_cls: 0.01727  loss_box_reg: 0.04307  loss_mask: 0.09955  loss_rpn_cls: 6.672e-06  loss_rpn_loc: 0.001936    time: 0.0771  last_time: 0.0797  data_time: 0.0021  last_data_time: 0.0020   lr: 0.0005  max_mem: 1682M
[08/15 07:16:34 d2.utils.events]:  eta: 0:03:01  iter: 2639  total_loss: 0.1533  loss_cls: 0.01695  loss_box_reg: 0.03811  loss_mask: 0.0938  loss_rpn_cls: 2.337e-05  loss_rpn_loc: 0.002195    time: 0.0771  last_time: 0.0751  data_time: 0.0021  last_data_time: 0.0020   lr: 0.0005  max_mem: 1682M
[08/15 07:16:35 d2.utils.events]:  eta: 0:02:59  iter: 2659  total_loss: 0.1618  loss_cls: 0.01779  loss_box_reg: 0.04312  loss_mask: 0.09791  loss_rpn_cls: 6.924e-06  loss_rpn_loc: 0.001867    time: 0.0771  last_time: 0.0737  data_time: 0.0022  last_data_time: 0.0021   lr: 0.0005  max_mem: 1682M
[08/15 07:16:37 d2.utils.events]:  eta: 0:02:58  iter: 2679  total_loss: 0.1619  loss_cls: 0.01727  loss_box_reg: 0.04121  loss_mask: 0.1014  loss_rpn_cls: 2.868e-06  loss_rpn_loc: 0.002355    time: 0.0771  last_time: 0.0826  data_time: 0.0021  last_data_time: 0.0021   lr: 0.0005  max_mem: 1682M
[08/15 07:16:39 d2.utils.events]:  eta: 0:02:56  iter: 2699  total_loss: 0.1564  loss_cls: 0.0168  loss_box_reg: 0.04056  loss_mask: 0.09931  loss_rpn_cls: 5.609e-06  loss_rpn_loc: 0.001862    time: 0.0771  last_time: 0.0812  data_time: 0.0021  last_data_time: 0.0030   lr: 0.0005  max_mem: 1682M
[08/15 07:16:39 d2.evaluation.coco_evaluation]: Fast COCO eval is not built. Falling back to official COCO eval.
[08/15 07:16:39 d2.data.datasets.coco]: Loaded 89 images in COCO format from /projects/PUCHALLA/LLP2024/tumor-segmentation/data/processed_data/rgd/test/images/test.json
[08/15 07:16:39 d2.data.dataset_mapper]: [DatasetMapper] Augmentations used in inference: [ResizeShortestEdge(short_edge_length=(800, 800), max_size=1333, sample_style='choice')]
[08/15 07:16:39 d2.data.common]: Serializing the dataset using: <class 'detectron2.data.common._TorchSerializedList'>
[08/15 07:16:39 d2.data.common]: Serializing 89 elements to byte tensors and concatenating them all ...
[08/15 07:16:39 d2.data.common]: Serialized dataset takes 0.07 MiB
[08/15 07:16:39 d2.evaluation.evaluator]: Start inference on 89 batches
[08/15 07:16:39 d2.evaluation.evaluator]: Inference done 11/89. Dataloading: 0.0005 s/iter. Inference: 0.0234 s/iter. Eval: 0.0003 s/iter. Total: 0.0242 s/iter. ETA=0:00:01
[08/15 07:16:41 d2.evaluation.evaluator]: Total inference time: 0:00:02.079015 (0.024750 s / iter per device, on 1 devices)
[08/15 07:16:41 d2.evaluation.evaluator]: Total inference pure compute time: 0:00:01 (0.023578 s / iter per device, on 1 devices)
[08/15 07:16:41 d2.evaluation.coco_evaluation]: Preparing results for COCO format ...
[08/15 07:16:41 d2.evaluation.coco_evaluation]: Saving results to ../../../../../models/rgb-testing/rgd-5000-1/coco_instances_results.json
[08/15 07:16:41 d2.evaluation.coco_evaluation]: Evaluating predictions with official COCO API...
Loading and preparing results...
DONE (t=0.00s)
creating index...
index created!
Running per image evaluation...
Evaluate annotation type *bbox*
DONE (t=0.01s).
Accumulating evaluation results...
DONE (t=0.01s).
 Average Precision  (AP) @[ IoU=0.50:0.95 | area=   all | maxDets=100 ] = 0.749
 Average Precision  (AP) @[ IoU=0.50      | area=   all | maxDets=100 ] = 0.970
 Average Precision  (AP) @[ IoU=0.75      | area=   all | maxDets=100 ] = 0.908
 Average Precision  (AP) @[ IoU=0.50:0.95 | area= small | maxDets=100 ] = -1.000
 Average Precision  (AP) @[ IoU=0.50:0.95 | area=medium | maxDets=100 ] = 0.703
 Average Precision  (AP) @[ IoU=0.50:0.95 | area= large | maxDets=100 ] = 0.757
 Average Recall     (AR) @[ IoU=0.50:0.95 | area=   all | maxDets=  1 ] = 0.797
 Average Recall     (AR) @[ IoU=0.50:0.95 | area=   all | maxDets= 10 ] = 0.801
 Average Recall     (AR) @[ IoU=0.50:0.95 | area=   all | maxDets=100 ] = 0.801
 Average Recall     (AR) @[ IoU=0.50:0.95 | area= small | maxDets=100 ] = -1.000
 Average Recall     (AR) @[ IoU=0.50:0.95 | area=medium | maxDets=100 ] = 0.730
 Average Recall     (AR) @[ IoU=0.50:0.95 | area= large | maxDets=100 ] = 0.810
[08/15 07:16:41 d2.evaluation.coco_evaluation]: Evaluation results for bbox: 
|   AP   |  AP50  |  AP75  |  APs  |  APm   |  APl   |
|:------:|:------:|:------:|:-----:|:------:|:------:|
| 74.929 | 96.963 | 90.774 |  nan  | 70.301 | 75.728 |
[08/15 07:16:41 d2.evaluation.coco_evaluation]: Some metrics cannot be computed and is shown as NaN.
Loading and preparing results...
DONE (t=0.00s)
creating index...
index created!
Running per image evaluation...
Evaluate annotation type *segm*
DONE (t=0.02s).
Accumulating evaluation results...
DONE (t=0.01s).
 Average Precision  (AP) @[ IoU=0.50:0.95 | area=   all | maxDets=100 ] = 0.762
 Average Precision  (AP) @[ IoU=0.50      | area=   all | maxDets=100 ] = 0.970
 Average Precision  (AP) @[ IoU=0.75      | area=   all | maxDets=100 ] = 0.908
 Average Precision  (AP) @[ IoU=0.50:0.95 | area= small | maxDets=100 ] = -1.000
 Average Precision  (AP) @[ IoU=0.50:0.95 | area=medium | maxDets=100 ] = 0.679
 Average Precision  (AP) @[ IoU=0.50:0.95 | area= large | maxDets=100 ] = 0.775
 Average Recall     (AR) @[ IoU=0.50:0.95 | area=   all | maxDets=  1 ] = 0.798
 Average Recall     (AR) @[ IoU=0.50:0.95 | area=   all | maxDets= 10 ] = 0.802
 Average Recall     (AR) @[ IoU=0.50:0.95 | area=   all | maxDets=100 ] = 0.802
 Average Recall     (AR) @[ IoU=0.50:0.95 | area= small | maxDets=100 ] = -1.000
 Average Recall     (AR) @[ IoU=0.50:0.95 | area=medium | maxDets=100 ] = 0.700
 Average Recall     (AR) @[ IoU=0.50:0.95 | area= large | maxDets=100 ] = 0.815
[08/15 07:16:41 d2.evaluation.coco_evaluation]: Evaluation results for segm: 
|   AP   |  AP50  |  AP75  |  APs  |  APm   |  APl   |
|:------:|:------:|:------:|:-----:|:------:|:------:|
| 76.210 | 96.963 | 90.774 |  nan  | 67.872 | 77.490 |
[08/15 07:16:41 d2.evaluation.coco_evaluation]: Some metrics cannot be computed and is shown as NaN.
[Iter 2 AP] → mAP@[.5:.95] = 76.210
[08/15 07:16:41 d2.data.datasets.coco]: Loaded 89 images in COCO format from /projects/PUCHALLA/LLP2024/tumor-segmentation/data/processed_data/rgd/test/images/test.json
[08/15 07:16:41 d2.data.datasets.coco]: Loaded 89 images in COCO format from /projects/PUCHALLA/LLP2024/tumor-segmentation/data/processed_data/rgd/test/images/test.json
[08/15 07:16:41 d2.data.dataset_mapper]: [DatasetMapper] Augmentations used in inference: [ResizeShortestEdge(short_edge_length=(800, 800), max_size=1333, sample_style='choice')]
[08/15 07:16:41 d2.data.common]: Serializing the dataset using: <class 'detectron2.data.common._TorchSerializedList'>
[08/15 07:16:41 d2.data.common]: Serializing 89 elements to byte tensors and concatenating them all ...
[08/15 07:16:41 d2.data.common]: Serialized dataset takes 0.07 MiB
[08/15 07:16:41 d2.evaluation.evaluator]: Start inference on 89 batches
[08/15 07:16:43 d2.evaluation.evaluator]: Total inference time: 0:00:02.083858 (0.024808 s / iter per device, on 1 devices)
[08/15 07:16:43 d2.evaluation.evaluator]: Total inference pure compute time: 0:00:01 (0.023642 s / iter per device, on 1 devices)
[08/15 07:16:45 d2.utils.events]:  eta: 0:02:55  iter: 2719  total_loss: 0.1865  loss_cls: 0.02066  loss_box_reg: 0.04842  loss_mask: 0.1178  loss_rpn_cls: 8.777e-06  loss_rpn_loc: 0.002285    time: 0.0771  last_time: 0.0771  data_time: 0.0022  last_data_time: 0.0022   lr: 0.0005  max_mem: 1682M
[08/15 07:16:46 d2.utils.events]:  eta: 0:02:53  iter: 2739  total_loss: 0.1703  loss_cls: 0.0195  loss_box_reg: 0.04367  loss_mask: 0.1025  loss_rpn_cls: 1.098e-05  loss_rpn_loc: 0.002544    time: 0.0771  last_time: 0.0779  data_time: 0.0022  last_data_time: 0.0020   lr: 0.0005  max_mem: 1682M
[08/15 07:16:48 d2.utils.events]:  eta: 0:02:52  iter: 2759  total_loss: 0.1609  loss_cls: 0.01547  loss_box_reg: 0.04366  loss_mask: 0.09773  loss_rpn_cls: 2.659e-06  loss_rpn_loc: 0.002462    time: 0.0771  last_time: 0.0791  data_time: 0.0021  last_data_time: 0.0021   lr: 0.0005  max_mem: 1682M
[08/15 07:16:49 d2.utils.events]:  eta: 0:02:50  iter: 2779  total_loss: 0.1582  loss_cls: 0.01538  loss_box_reg: 0.03387  loss_mask: 0.1052  loss_rpn_cls: 4.093e-06  loss_rpn_loc: 0.001969    time: 0.0771  last_time: 0.0766  data_time: 0.0021  last_data_time: 0.0020   lr: 0.0005  max_mem: 1682M
[08/15 07:16:51 d2.utils.events]:  eta: 0:02:49  iter: 2799  total_loss: 0.1703  loss_cls: 0.01455  loss_box_reg: 0.04405  loss_mask: 0.1105  loss_rpn_cls: 1.253e-05  loss_rpn_loc: 0.001837    time: 0.0771  last_time: 0.0758  data_time: 0.0022  last_data_time: 0.0021   lr: 0.0005  max_mem: 1682M
[08/15 07:16:51 d2.evaluation.coco_evaluation]: Fast COCO eval is not built. Falling back to official COCO eval.
[08/15 07:16:51 d2.data.datasets.coco]: Loaded 89 images in COCO format from /projects/PUCHALLA/LLP2024/tumor-segmentation/data/processed_data/rgd/test/images/test.json
[08/15 07:16:51 d2.data.dataset_mapper]: [DatasetMapper] Augmentations used in inference: [ResizeShortestEdge(short_edge_length=(800, 800), max_size=1333, sample_style='choice')]
[08/15 07:16:51 d2.data.common]: Serializing the dataset using: <class 'detectron2.data.common._TorchSerializedList'>
[08/15 07:16:51 d2.data.common]: Serializing 89 elements to byte tensors and concatenating them all ...
[08/15 07:16:51 d2.data.common]: Serialized dataset takes 0.07 MiB
[08/15 07:16:51 d2.evaluation.evaluator]: Start inference on 89 batches
[08/15 07:16:51 d2.evaluation.evaluator]: Inference done 11/89. Dataloading: 0.0004 s/iter. Inference: 0.0236 s/iter. Eval: 0.0003 s/iter. Total: 0.0243 s/iter. ETA=0:00:01
[08/15 07:16:53 d2.evaluation.evaluator]: Total inference time: 0:00:02.129409 (0.025350 s / iter per device, on 1 devices)
[08/15 07:16:53 d2.evaluation.evaluator]: Total inference pure compute time: 0:00:02 (0.024170 s / iter per device, on 1 devices)
[08/15 07:16:53 d2.evaluation.coco_evaluation]: Preparing results for COCO format ...
[08/15 07:16:53 d2.evaluation.coco_evaluation]: Saving results to ../../../../../models/rgb-testing/rgd-5000-1/coco_instances_results.json
[08/15 07:16:53 d2.evaluation.coco_evaluation]: Evaluating predictions with official COCO API...
Loading and preparing results...
DONE (t=0.00s)
creating index...
index created!
Running per image evaluation...
Evaluate annotation type *bbox*
DONE (t=0.01s).
Accumulating evaluation results...
DONE (t=0.01s).
 Average Precision  (AP) @[ IoU=0.50:0.95 | area=   all | maxDets=100 ] = 0.763
 Average Precision  (AP) @[ IoU=0.50      | area=   all | maxDets=100 ] = 0.968
 Average Precision  (AP) @[ IoU=0.75      | area=   all | maxDets=100 ] = 0.908
 Average Precision  (AP) @[ IoU=0.50:0.95 | area= small | maxDets=100 ] = -1.000
 Average Precision  (AP) @[ IoU=0.50:0.95 | area=medium | maxDets=100 ] = 0.659
 Average Precision  (AP) @[ IoU=0.50:0.95 | area= large | maxDets=100 ] = 0.776
 Average Recall     (AR) @[ IoU=0.50:0.95 | area=   all | maxDets=  1 ] = 0.811
 Average Recall     (AR) @[ IoU=0.50:0.95 | area=   all | maxDets= 10 ] = 0.815
 Average Recall     (AR) @[ IoU=0.50:0.95 | area=   all | maxDets=100 ] = 0.815
 Average Recall     (AR) @[ IoU=0.50:0.95 | area= small | maxDets=100 ] = -1.000
 Average Recall     (AR) @[ IoU=0.50:0.95 | area=medium | maxDets=100 ] = 0.680
 Average Recall     (AR) @[ IoU=0.50:0.95 | area= large | maxDets=100 ] = 0.832
[08/15 07:16:53 d2.evaluation.coco_evaluation]: Evaluation results for bbox: 
|   AP   |  AP50  |  AP75  |  APs  |  APm   |  APl   |
|:------:|:------:|:------:|:-----:|:------:|:------:|
| 76.255 | 96.771 | 90.758 |  nan  | 65.871 | 77.607 |
[08/15 07:16:53 d2.evaluation.coco_evaluation]: Some metrics cannot be computed and is shown as NaN.
Loading and preparing results...
DONE (t=0.00s)
creating index...
index created!
Running per image evaluation...
Evaluate annotation type *segm*
DONE (t=0.02s).
Accumulating evaluation results...
DONE (t=0.01s).
 Average Precision  (AP) @[ IoU=0.50:0.95 | area=   all | maxDets=100 ] = 0.748
 Average Precision  (AP) @[ IoU=0.50      | area=   all | maxDets=100 ] = 0.968
 Average Precision  (AP) @[ IoU=0.75      | area=   all | maxDets=100 ] = 0.899
 Average Precision  (AP) @[ IoU=0.50:0.95 | area= small | maxDets=100 ] = -1.000
 Average Precision  (AP) @[ IoU=0.50:0.95 | area=medium | maxDets=100 ] = 0.614
 Average Precision  (AP) @[ IoU=0.50:0.95 | area= large | maxDets=100 ] = 0.765
 Average Recall     (AR) @[ IoU=0.50:0.95 | area=   all | maxDets=  1 ] = 0.785
 Average Recall     (AR) @[ IoU=0.50:0.95 | area=   all | maxDets= 10 ] = 0.790
 Average Recall     (AR) @[ IoU=0.50:0.95 | area=   all | maxDets=100 ] = 0.790
 Average Recall     (AR) @[ IoU=0.50:0.95 | area= small | maxDets=100 ] = -1.000
 Average Recall     (AR) @[ IoU=0.50:0.95 | area=medium | maxDets=100 ] = 0.640
 Average Recall     (AR) @[ IoU=0.50:0.95 | area= large | maxDets=100 ] = 0.809
[08/15 07:16:53 d2.evaluation.coco_evaluation]: Evaluation results for segm: 
|   AP   |  AP50  |  AP75  |  APs  |  APm   |  APl   |
|:------:|:------:|:------:|:-----:|:------:|:------:|
| 74.755 | 96.771 | 89.893 |  nan  | 61.411 | 76.514 |
[08/15 07:16:53 d2.evaluation.coco_evaluation]: Some metrics cannot be computed and is shown as NaN.
[Iter 2 AP] → mAP@[.5:.95] = 74.755
[08/15 07:16:53 d2.data.datasets.coco]: Loaded 89 images in COCO format from /projects/PUCHALLA/LLP2024/tumor-segmentation/data/processed_data/rgd/test/images/test.json
[08/15 07:16:53 d2.data.datasets.coco]: Loaded 89 images in COCO format from /projects/PUCHALLA/LLP2024/tumor-segmentation/data/processed_data/rgd/test/images/test.json
[08/15 07:16:53 d2.data.dataset_mapper]: [DatasetMapper] Augmentations used in inference: [ResizeShortestEdge(short_edge_length=(800, 800), max_size=1333, sample_style='choice')]
[08/15 07:16:53 d2.data.common]: Serializing the dataset using: <class 'detectron2.data.common._TorchSerializedList'>
[08/15 07:16:53 d2.data.common]: Serializing 89 elements to byte tensors and concatenating them all ...
[08/15 07:16:53 d2.data.common]: Serialized dataset takes 0.07 MiB
[08/15 07:16:53 d2.evaluation.evaluator]: Start inference on 89 batches
[08/15 07:16:56 d2.evaluation.evaluator]: Total inference time: 0:00:02.106801 (0.025081 s / iter per device, on 1 devices)
[08/15 07:16:56 d2.evaluation.evaluator]: Total inference pure compute time: 0:00:02 (0.023938 s / iter per device, on 1 devices)
[08/15 07:16:57 d2.utils.events]:  eta: 0:02:47  iter: 2819  total_loss: 0.1717  loss_cls: 0.01882  loss_box_reg: 0.04613  loss_mask: 0.09858  loss_rpn_cls: 5.821e-06  loss_rpn_loc: 0.001589    time: 0.0771  last_time: 0.0778  data_time: 0.0021  last_data_time: 0.0020   lr: 0.0005  max_mem: 1682M
[08/15 07:16:59 d2.utils.events]:  eta: 0:02:46  iter: 2839  total_loss: 0.1739  loss_cls: 0.01807  loss_box_reg: 0.04328  loss_mask: 0.1099  loss_rpn_cls: 1.238e-05  loss_rpn_loc: 0.001935    time: 0.0771  last_time: 0.0755  data_time: 0.0023  last_data_time: 0.0020   lr: 0.0005  max_mem: 1682M
[08/15 07:17:00 d2.utils.events]:  eta: 0:02:44  iter: 2859  total_loss: 0.1656  loss_cls: 0.01693  loss_box_reg: 0.04137  loss_mask: 0.0967  loss_rpn_cls: 9.125e-06  loss_rpn_loc: 0.002202    time: 0.0771  last_time: 0.0810  data_time: 0.0022  last_data_time: 0.0022   lr: 0.0005  max_mem: 1682M
[08/15 07:17:02 d2.utils.events]:  eta: 0:02:43  iter: 2879  total_loss: 0.151  loss_cls: 0.01498  loss_box_reg: 0.03625  loss_mask: 0.09382  loss_rpn_cls: 9.49e-06  loss_rpn_loc: 0.002048    time: 0.0771  last_time: 0.0742  data_time: 0.0021  last_data_time: 0.0021   lr: 0.0005  max_mem: 1682M
[08/15 07:17:03 d2.utils.events]:  eta: 0:02:41  iter: 2899  total_loss: 0.1531  loss_cls: 0.0163  loss_box_reg: 0.03875  loss_mask: 0.09965  loss_rpn_cls: 2.883e-06  loss_rpn_loc: 0.002147    time: 0.0771  last_time: 0.0730  data_time: 0.0020  last_data_time: 0.0020   lr: 0.0005  max_mem: 1682M
[08/15 07:17:04 d2.evaluation.coco_evaluation]: Fast COCO eval is not built. Falling back to official COCO eval.
[08/15 07:17:04 d2.data.datasets.coco]: Loaded 89 images in COCO format from /projects/PUCHALLA/LLP2024/tumor-segmentation/data/processed_data/rgd/test/images/test.json
[08/15 07:17:04 d2.data.dataset_mapper]: [DatasetMapper] Augmentations used in inference: [ResizeShortestEdge(short_edge_length=(800, 800), max_size=1333, sample_style='choice')]
[08/15 07:17:04 d2.data.common]: Serializing the dataset using: <class 'detectron2.data.common._TorchSerializedList'>
[08/15 07:17:04 d2.data.common]: Serializing 89 elements to byte tensors and concatenating them all ...
[08/15 07:17:04 d2.data.common]: Serialized dataset takes 0.07 MiB
[08/15 07:17:04 d2.evaluation.evaluator]: Start inference on 89 batches
[08/15 07:17:04 d2.evaluation.evaluator]: Inference done 11/89. Dataloading: 0.0004 s/iter. Inference: 0.0235 s/iter. Eval: 0.0003 s/iter. Total: 0.0242 s/iter. ETA=0:00:01
[08/15 07:17:06 d2.evaluation.evaluator]: Total inference time: 0:00:02.077359 (0.024730 s / iter per device, on 1 devices)
[08/15 07:17:06 d2.evaluation.evaluator]: Total inference pure compute time: 0:00:01 (0.023556 s / iter per device, on 1 devices)
[08/15 07:17:06 d2.evaluation.coco_evaluation]: Preparing results for COCO format ...
[08/15 07:17:06 d2.evaluation.coco_evaluation]: Saving results to ../../../../../models/rgb-testing/rgd-5000-1/coco_instances_results.json
[08/15 07:17:06 d2.evaluation.coco_evaluation]: Evaluating predictions with official COCO API...
Loading and preparing results...
DONE (t=0.00s)
creating index...
index created!
Running per image evaluation...
Evaluate annotation type *bbox*
DONE (t=0.01s).
Accumulating evaluation results...
DONE (t=0.01s).
 Average Precision  (AP) @[ IoU=0.50:0.95 | area=   all | maxDets=100 ] = 0.774
 Average Precision  (AP) @[ IoU=0.50      | area=   all | maxDets=100 ] = 0.959
 Average Precision  (AP) @[ IoU=0.75      | area=   all | maxDets=100 ] = 0.917
 Average Precision  (AP) @[ IoU=0.50:0.95 | area= small | maxDets=100 ] = -1.000
 Average Precision  (AP) @[ IoU=0.50:0.95 | area=medium | maxDets=100 ] = 0.683
 Average Precision  (AP) @[ IoU=0.50:0.95 | area= large | maxDets=100 ] = 0.786
 Average Recall     (AR) @[ IoU=0.50:0.95 | area=   all | maxDets=  1 ] = 0.821
 Average Recall     (AR) @[ IoU=0.50:0.95 | area=   all | maxDets= 10 ] = 0.821
 Average Recall     (AR) @[ IoU=0.50:0.95 | area=   all | maxDets=100 ] = 0.821
 Average Recall     (AR) @[ IoU=0.50:0.95 | area= small | maxDets=100 ] = -1.000
 Average Recall     (AR) @[ IoU=0.50:0.95 | area=medium | maxDets=100 ] = 0.710
 Average Recall     (AR) @[ IoU=0.50:0.95 | area= large | maxDets=100 ] = 0.835
[08/15 07:17:06 d2.evaluation.coco_evaluation]: Evaluation results for bbox: 
|   AP   |  AP50  |  AP75  |  APs  |  APm   |  APl   |
|:------:|:------:|:------:|:-----:|:------:|:------:|
| 77.352 | 95.927 | 91.714 |  nan  | 68.337 | 78.557 |
[08/15 07:17:06 d2.evaluation.coco_evaluation]: Some metrics cannot be computed and is shown as NaN.
Loading and preparing results...
DONE (t=0.00s)
creating index...
index created!
Running per image evaluation...
Evaluate annotation type *segm*
DONE (t=0.02s).
Accumulating evaluation results...
DONE (t=0.01s).
 Average Precision  (AP) @[ IoU=0.50:0.95 | area=   all | maxDets=100 ] = 0.756
 Average Precision  (AP) @[ IoU=0.50      | area=   all | maxDets=100 ] = 0.959
 Average Precision  (AP) @[ IoU=0.75      | area=   all | maxDets=100 ] = 0.917
 Average Precision  (AP) @[ IoU=0.50:0.95 | area= small | maxDets=100 ] = -1.000
 Average Precision  (AP) @[ IoU=0.50:0.95 | area=medium | maxDets=100 ] = 0.652
 Average Precision  (AP) @[ IoU=0.50:0.95 | area= large | maxDets=100 ] = 0.772
 Average Recall     (AR) @[ IoU=0.50:0.95 | area=   all | maxDets=  1 ] = 0.797
 Average Recall     (AR) @[ IoU=0.50:0.95 | area=   all | maxDets= 10 ] = 0.797
 Average Recall     (AR) @[ IoU=0.50:0.95 | area=   all | maxDets=100 ] = 0.797
 Average Recall     (AR) @[ IoU=0.50:0.95 | area= small | maxDets=100 ] = -1.000
 Average Recall     (AR) @[ IoU=0.50:0.95 | area=medium | maxDets=100 ] = 0.680
 Average Recall     (AR) @[ IoU=0.50:0.95 | area= large | maxDets=100 ] = 0.811
[08/15 07:17:06 d2.evaluation.coco_evaluation]: Evaluation results for segm: 
|   AP   |  AP50  |  AP75  |  APs  |  APm   |  APl   |
|:------:|:------:|:------:|:-----:|:------:|:------:|
| 75.598 | 95.927 | 91.714 |  nan  | 65.194 | 77.207 |
[08/15 07:17:06 d2.evaluation.coco_evaluation]: Some metrics cannot be computed and is shown as NaN.
[Iter 2 AP] → mAP@[.5:.95] = 75.598
[08/15 07:17:06 d2.data.datasets.coco]: Loaded 89 images in COCO format from /projects/PUCHALLA/LLP2024/tumor-segmentation/data/processed_data/rgd/test/images/test.json
[08/15 07:17:06 d2.data.datasets.coco]: Loaded 89 images in COCO format from /projects/PUCHALLA/LLP2024/tumor-segmentation/data/processed_data/rgd/test/images/test.json
[08/15 07:17:06 d2.data.dataset_mapper]: [DatasetMapper] Augmentations used in inference: [ResizeShortestEdge(short_edge_length=(800, 800), max_size=1333, sample_style='choice')]
[08/15 07:17:06 d2.data.common]: Serializing the dataset using: <class 'detectron2.data.common._TorchSerializedList'>
[08/15 07:17:06 d2.data.common]: Serializing 89 elements to byte tensors and concatenating them all ...
[08/15 07:17:06 d2.data.common]: Serialized dataset takes 0.07 MiB
[08/15 07:17:06 d2.evaluation.evaluator]: Start inference on 89 batches
[08/15 07:17:08 d2.evaluation.evaluator]: Total inference time: 0:00:02.088093 (0.024858 s / iter per device, on 1 devices)
[08/15 07:17:08 d2.evaluation.evaluator]: Total inference pure compute time: 0:00:01 (0.023715 s / iter per device, on 1 devices)
[08/15 07:17:10 d2.utils.events]:  eta: 0:02:40  iter: 2919  total_loss: 0.1308  loss_cls: 0.01521  loss_box_reg: 0.03  loss_mask: 0.08569  loss_rpn_cls: 7.268e-06  loss_rpn_loc: 0.001426    time: 0.0771  last_time: 0.0781  data_time: 0.0023  last_data_time: 0.0031   lr: 0.0005  max_mem: 1682M
[08/15 07:17:11 d2.utils.events]:  eta: 0:02:38  iter: 2939  total_loss: 0.1553  loss_cls: 0.01716  loss_box_reg: 0.03957  loss_mask: 0.1004  loss_rpn_cls: 9.718e-06  loss_rpn_loc: 0.002279    time: 0.0771  last_time: 0.0737  data_time: 0.0021  last_data_time: 0.0020   lr: 0.0005  max_mem: 1682M
[08/15 07:17:13 d2.utils.events]:  eta: 0:02:36  iter: 2959  total_loss: 0.1527  loss_cls: 0.01521  loss_box_reg: 0.03678  loss_mask: 0.09627  loss_rpn_cls: 8.71e-06  loss_rpn_loc: 0.00208    time: 0.0771  last_time: 0.0767  data_time: 0.0020  last_data_time: 0.0021   lr: 0.0005  max_mem: 1682M
[08/15 07:17:14 d2.utils.events]:  eta: 0:02:35  iter: 2979  total_loss: 0.1505  loss_cls: 0.0183  loss_box_reg: 0.03577  loss_mask: 0.1024  loss_rpn_cls: 8.169e-06  loss_rpn_loc: 0.001757    time: 0.0771  last_time: 0.0803  data_time: 0.0022  last_data_time: 0.0022   lr: 0.0005  max_mem: 1682M
[08/15 07:17:16 d2.utils.events]:  eta: 0:02:33  iter: 2999  total_loss: 0.1581  loss_cls: 0.01583  loss_box_reg: 0.04033  loss_mask: 0.1016  loss_rpn_cls: 5.915e-06  loss_rpn_loc: 0.002066    time: 0.0771  last_time: 0.0665  data_time: 0.0022  last_data_time: 0.0020   lr: 0.0005  max_mem: 1682M
[08/15 07:17:16 d2.evaluation.coco_evaluation]: Fast COCO eval is not built. Falling back to official COCO eval.
[08/15 07:17:16 d2.data.datasets.coco]: Loaded 89 images in COCO format from /projects/PUCHALLA/LLP2024/tumor-segmentation/data/processed_data/rgd/test/images/test.json
[08/15 07:17:16 d2.data.dataset_mapper]: [DatasetMapper] Augmentations used in inference: [ResizeShortestEdge(short_edge_length=(800, 800), max_size=1333, sample_style='choice')]
[08/15 07:17:16 d2.data.common]: Serializing the dataset using: <class 'detectron2.data.common._TorchSerializedList'>
[08/15 07:17:16 d2.data.common]: Serializing 89 elements to byte tensors and concatenating them all ...
[08/15 07:17:16 d2.data.common]: Serialized dataset takes 0.07 MiB
[08/15 07:17:16 d2.evaluation.evaluator]: Start inference on 89 batches
[08/15 07:17:16 d2.evaluation.evaluator]: Inference done 11/89. Dataloading: 0.0004 s/iter. Inference: 0.0235 s/iter. Eval: 0.0003 s/iter. Total: 0.0242 s/iter. ETA=0:00:01
[08/15 07:17:18 d2.evaluation.evaluator]: Total inference time: 0:00:02.085274 (0.024825 s / iter per device, on 1 devices)
[08/15 07:17:18 d2.evaluation.evaluator]: Total inference pure compute time: 0:00:01 (0.023636 s / iter per device, on 1 devices)
[08/15 07:17:18 d2.evaluation.coco_evaluation]: Preparing results for COCO format ...
[08/15 07:17:18 d2.evaluation.coco_evaluation]: Saving results to ../../../../../models/rgb-testing/rgd-5000-1/coco_instances_results.json
[08/15 07:17:18 d2.evaluation.coco_evaluation]: Evaluating predictions with official COCO API...
Loading and preparing results...
DONE (t=0.00s)
creating index...
index created!
Running per image evaluation...
Evaluate annotation type *bbox*
DONE (t=0.01s).
Accumulating evaluation results...
DONE (t=0.01s).
 Average Precision  (AP) @[ IoU=0.50:0.95 | area=   all | maxDets=100 ] = 0.743
 Average Precision  (AP) @[ IoU=0.50      | area=   all | maxDets=100 ] = 0.968
 Average Precision  (AP) @[ IoU=0.75      | area=   all | maxDets=100 ] = 0.899
 Average Precision  (AP) @[ IoU=0.50:0.95 | area= small | maxDets=100 ] = -1.000
 Average Precision  (AP) @[ IoU=0.50:0.95 | area=medium | maxDets=100 ] = 0.630
 Average Precision  (AP) @[ IoU=0.50:0.95 | area= large | maxDets=100 ] = 0.758
 Average Recall     (AR) @[ IoU=0.50:0.95 | area=   all | maxDets=  1 ] = 0.791
 Average Recall     (AR) @[ IoU=0.50:0.95 | area=   all | maxDets= 10 ] = 0.797
 Average Recall     (AR) @[ IoU=0.50:0.95 | area=   all | maxDets=100 ] = 0.797
 Average Recall     (AR) @[ IoU=0.50:0.95 | area= small | maxDets=100 ] = -1.000
 Average Recall     (AR) @[ IoU=0.50:0.95 | area=medium | maxDets=100 ] = 0.660
 Average Recall     (AR) @[ IoU=0.50:0.95 | area= large | maxDets=100 ] = 0.814
[08/15 07:17:18 d2.evaluation.coco_evaluation]: Evaluation results for bbox: 
|   AP   |  AP50  |  AP75  |  APs  |  APm   |  APl   |
|:------:|:------:|:------:|:-----:|:------:|:------:|
| 74.283 | 96.847 | 89.862 |  nan  | 63.011 | 75.771 |
[08/15 07:17:18 d2.evaluation.coco_evaluation]: Some metrics cannot be computed and is shown as NaN.
Loading and preparing results...
DONE (t=0.00s)
creating index...
index created!
Running per image evaluation...
Evaluate annotation type *segm*
DONE (t=0.02s).
Accumulating evaluation results...
DONE (t=0.01s).
 Average Precision  (AP) @[ IoU=0.50:0.95 | area=   all | maxDets=100 ] = 0.747
 Average Precision  (AP) @[ IoU=0.50      | area=   all | maxDets=100 ] = 0.968
 Average Precision  (AP) @[ IoU=0.75      | area=   all | maxDets=100 ] = 0.909
 Average Precision  (AP) @[ IoU=0.50:0.95 | area= small | maxDets=100 ] = -1.000
 Average Precision  (AP) @[ IoU=0.50:0.95 | area=medium | maxDets=100 ] = 0.629
 Average Precision  (AP) @[ IoU=0.50:0.95 | area= large | maxDets=100 ] = 0.764
 Average Recall     (AR) @[ IoU=0.50:0.95 | area=   all | maxDets=  1 ] = 0.783
 Average Recall     (AR) @[ IoU=0.50:0.95 | area=   all | maxDets= 10 ] = 0.790
 Average Recall     (AR) @[ IoU=0.50:0.95 | area=   all | maxDets=100 ] = 0.790
 Average Recall     (AR) @[ IoU=0.50:0.95 | area= small | maxDets=100 ] = -1.000
 Average Recall     (AR) @[ IoU=0.50:0.95 | area=medium | maxDets=100 ] = 0.650
 Average Recall     (AR) @[ IoU=0.50:0.95 | area= large | maxDets=100 ] = 0.808
[08/15 07:17:18 d2.evaluation.coco_evaluation]: Evaluation results for segm: 
|   AP   |  AP50  |  AP75  |  APs  |  APm   |  APl   |
|:------:|:------:|:------:|:-----:|:------:|:------:|
| 74.733 | 96.847 | 90.945 |  nan  | 62.948 | 76.370 |
[08/15 07:17:18 d2.evaluation.coco_evaluation]: Some metrics cannot be computed and is shown as NaN.
[Iter 2 AP] → mAP@[.5:.95] = 74.733
[08/15 07:17:18 d2.data.datasets.coco]: Loaded 89 images in COCO format from /projects/PUCHALLA/LLP2024/tumor-segmentation/data/processed_data/rgd/test/images/test.json
[08/15 07:17:18 d2.data.datasets.coco]: Loaded 89 images in COCO format from /projects/PUCHALLA/LLP2024/tumor-segmentation/data/processed_data/rgd/test/images/test.json
[08/15 07:17:18 d2.data.dataset_mapper]: [DatasetMapper] Augmentations used in inference: [ResizeShortestEdge(short_edge_length=(800, 800), max_size=1333, sample_style='choice')]
[08/15 07:17:18 d2.data.common]: Serializing the dataset using: <class 'detectron2.data.common._TorchSerializedList'>
[08/15 07:17:18 d2.data.common]: Serializing 89 elements to byte tensors and concatenating them all ...
[08/15 07:17:18 d2.data.common]: Serialized dataset takes 0.07 MiB
[08/15 07:17:18 d2.evaluation.evaluator]: Start inference on 89 batches
[08/15 07:17:21 d2.evaluation.evaluator]: Total inference time: 0:00:02.099193 (0.024990 s / iter per device, on 1 devices)
[08/15 07:17:21 d2.evaluation.evaluator]: Total inference pure compute time: 0:00:02 (0.023848 s / iter per device, on 1 devices)
[08/15 07:17:22 d2.utils.events]:  eta: 0:02:32  iter: 3019  total_loss: 0.1481  loss_cls: 0.01505  loss_box_reg: 0.03681  loss_mask: 0.09103  loss_rpn_cls: 4.232e-06  loss_rpn_loc: 0.002002    time: 0.0771  last_time: 0.0832  data_time: 0.0020  last_data_time: 0.0021   lr: 0.00025  max_mem: 1682M
[08/15 07:17:24 d2.utils.events]:  eta: 0:02:30  iter: 3039  total_loss: 0.1449  loss_cls: 0.01492  loss_box_reg: 0.03831  loss_mask: 0.09121  loss_rpn_cls: 6.017e-06  loss_rpn_loc: 0.001797    time: 0.0772  last_time: 0.0734  data_time: 0.0021  last_data_time: 0.0020   lr: 0.00025  max_mem: 1682M
[08/15 07:17:25 d2.utils.events]:  eta: 0:02:29  iter: 3059  total_loss: 0.1571  loss_cls: 0.01685  loss_box_reg: 0.04117  loss_mask: 0.09825  loss_rpn_cls: 5.362e-06  loss_rpn_loc: 0.002077    time: 0.0772  last_time: 0.0791  data_time: 0.0021  last_data_time: 0.0021   lr: 0.00025  max_mem: 1682M
[08/15 07:17:27 d2.utils.events]:  eta: 0:02:27  iter: 3079  total_loss: 0.1437  loss_cls: 0.01522  loss_box_reg: 0.0392  loss_mask: 0.08937  loss_rpn_cls: 6.807e-06  loss_rpn_loc: 0.001576    time: 0.0772  last_time: 0.0774  data_time: 0.0021  last_data_time: 0.0021   lr: 0.00025  max_mem: 1682M
[08/15 07:17:28 d2.utils.events]:  eta: 0:02:26  iter: 3099  total_loss: 0.1398  loss_cls: 0.01297  loss_box_reg: 0.03332  loss_mask: 0.0875  loss_rpn_cls: 7.56e-06  loss_rpn_loc: 0.001548    time: 0.0772  last_time: 0.0735  data_time: 0.0022  last_data_time: 0.0021   lr: 0.00025  max_mem: 1682M
[08/15 07:17:28 d2.evaluation.coco_evaluation]: Fast COCO eval is not built. Falling back to official COCO eval.
[08/15 07:17:28 d2.data.datasets.coco]: Loaded 89 images in COCO format from /projects/PUCHALLA/LLP2024/tumor-segmentation/data/processed_data/rgd/test/images/test.json
[08/15 07:17:28 d2.data.dataset_mapper]: [DatasetMapper] Augmentations used in inference: [ResizeShortestEdge(short_edge_length=(800, 800), max_size=1333, sample_style='choice')]
[08/15 07:17:28 d2.data.common]: Serializing the dataset using: <class 'detectron2.data.common._TorchSerializedList'>
[08/15 07:17:28 d2.data.common]: Serializing 89 elements to byte tensors and concatenating them all ...
[08/15 07:17:28 d2.data.common]: Serialized dataset takes 0.07 MiB
[08/15 07:17:28 d2.evaluation.evaluator]: Start inference on 89 batches
[08/15 07:17:29 d2.evaluation.evaluator]: Inference done 11/89. Dataloading: 0.0004 s/iter. Inference: 0.0236 s/iter. Eval: 0.0003 s/iter. Total: 0.0243 s/iter. ETA=0:00:01
[08/15 07:17:31 d2.evaluation.evaluator]: Total inference time: 0:00:02.100734 (0.025009 s / iter per device, on 1 devices)
[08/15 07:17:31 d2.evaluation.evaluator]: Total inference pure compute time: 0:00:02 (0.023853 s / iter per device, on 1 devices)
[08/15 07:17:31 d2.evaluation.coco_evaluation]: Preparing results for COCO format ...
[08/15 07:17:31 d2.evaluation.coco_evaluation]: Saving results to ../../../../../models/rgb-testing/rgd-5000-1/coco_instances_results.json
[08/15 07:17:31 d2.evaluation.coco_evaluation]: Evaluating predictions with official COCO API...
Loading and preparing results...
DONE (t=0.00s)
creating index...
index created!
Running per image evaluation...
Evaluate annotation type *bbox*
DONE (t=0.01s).
Accumulating evaluation results...
DONE (t=0.01s).
 Average Precision  (AP) @[ IoU=0.50:0.95 | area=   all | maxDets=100 ] = 0.772
 Average Precision  (AP) @[ IoU=0.50      | area=   all | maxDets=100 ] = 0.965
 Average Precision  (AP) @[ IoU=0.75      | area=   all | maxDets=100 ] = 0.903
 Average Precision  (AP) @[ IoU=0.50:0.95 | area= small | maxDets=100 ] = -1.000
 Average Precision  (AP) @[ IoU=0.50:0.95 | area=medium | maxDets=100 ] = 0.691
 Average Precision  (AP) @[ IoU=0.50:0.95 | area= large | maxDets=100 ] = 0.783
 Average Recall     (AR) @[ IoU=0.50:0.95 | area=   all | maxDets=  1 ] = 0.818
 Average Recall     (AR) @[ IoU=0.50:0.95 | area=   all | maxDets= 10 ] = 0.824
 Average Recall     (AR) @[ IoU=0.50:0.95 | area=   all | maxDets=100 ] = 0.824
 Average Recall     (AR) @[ IoU=0.50:0.95 | area= small | maxDets=100 ] = -1.000
 Average Recall     (AR) @[ IoU=0.50:0.95 | area=medium | maxDets=100 ] = 0.700
 Average Recall     (AR) @[ IoU=0.50:0.95 | area= large | maxDets=100 ] = 0.839
[08/15 07:17:31 d2.evaluation.coco_evaluation]: Evaluation results for bbox: 
|   AP   |  AP50  |  AP75  |  APs  |  APm   |  APl   |
|:------:|:------:|:------:|:-----:|:------:|:------:|
| 77.219 | 96.525 | 90.284 |  nan  | 69.054 | 78.271 |
[08/15 07:17:31 d2.evaluation.coco_evaluation]: Some metrics cannot be computed and is shown as NaN.
Loading and preparing results...
DONE (t=0.00s)
creating index...
index created!
Running per image evaluation...
Evaluate annotation type *segm*
DONE (t=0.02s).
Accumulating evaluation results...
DONE (t=0.01s).
 Average Precision  (AP) @[ IoU=0.50:0.95 | area=   all | maxDets=100 ] = 0.773
 Average Precision  (AP) @[ IoU=0.50      | area=   all | maxDets=100 ] = 0.965
 Average Precision  (AP) @[ IoU=0.75      | area=   all | maxDets=100 ] = 0.915
 Average Precision  (AP) @[ IoU=0.50:0.95 | area= small | maxDets=100 ] = -1.000
 Average Precision  (AP) @[ IoU=0.50:0.95 | area=medium | maxDets=100 ] = 0.700
 Average Precision  (AP) @[ IoU=0.50:0.95 | area= large | maxDets=100 ] = 0.783
 Average Recall     (AR) @[ IoU=0.50:0.95 | area=   all | maxDets=  1 ] = 0.808
 Average Recall     (AR) @[ IoU=0.50:0.95 | area=   all | maxDets= 10 ] = 0.815
 Average Recall     (AR) @[ IoU=0.50:0.95 | area=   all | maxDets=100 ] = 0.815
 Average Recall     (AR) @[ IoU=0.50:0.95 | area= small | maxDets=100 ] = -1.000
 Average Recall     (AR) @[ IoU=0.50:0.95 | area=medium | maxDets=100 ] = 0.710
 Average Recall     (AR) @[ IoU=0.50:0.95 | area= large | maxDets=100 ] = 0.828
[08/15 07:17:31 d2.evaluation.coco_evaluation]: Evaluation results for segm: 
|   AP   |  AP50  |  AP75  |  APs  |  APm   |  APl   |
|:------:|:------:|:------:|:-----:|:------:|:------:|
| 77.257 | 96.525 | 91.527 |  nan  | 69.972 | 78.319 |
[08/15 07:17:31 d2.evaluation.coco_evaluation]: Some metrics cannot be computed and is shown as NaN.
[Iter 2 AP] → mAP@[.5:.95] = 77.257
[08/15 07:17:31 d2.data.datasets.coco]: Loaded 89 images in COCO format from /projects/PUCHALLA/LLP2024/tumor-segmentation/data/processed_data/rgd/test/images/test.json
[08/15 07:17:31 d2.data.datasets.coco]: Loaded 89 images in COCO format from /projects/PUCHALLA/LLP2024/tumor-segmentation/data/processed_data/rgd/test/images/test.json
[08/15 07:17:31 d2.data.dataset_mapper]: [DatasetMapper] Augmentations used in inference: [ResizeShortestEdge(short_edge_length=(800, 800), max_size=1333, sample_style='choice')]
[08/15 07:17:31 d2.data.common]: Serializing the dataset using: <class 'detectron2.data.common._TorchSerializedList'>
[08/15 07:17:31 d2.data.common]: Serializing 89 elements to byte tensors and concatenating them all ...
[08/15 07:17:31 d2.data.common]: Serialized dataset takes 0.07 MiB
[08/15 07:17:31 d2.evaluation.evaluator]: Start inference on 89 batches
[08/15 07:17:33 d2.evaluation.evaluator]: Total inference time: 0:00:02.066120 (0.024597 s / iter per device, on 1 devices)
[08/15 07:17:33 d2.evaluation.evaluator]: Total inference pure compute time: 0:00:01 (0.023423 s / iter per device, on 1 devices)
[08/15 07:17:35 d2.utils.events]:  eta: 0:02:24  iter: 3119  total_loss: 0.1385  loss_cls: 0.01411  loss_box_reg: 0.03139  loss_mask: 0.08731  loss_rpn_cls: 1.054e-05  loss_rpn_loc: 0.001713    time: 0.0772  last_time: 0.0728  data_time: 0.0021  last_data_time: 0.0021   lr: 0.00025  max_mem: 1682M
[08/15 07:17:36 d2.utils.events]:  eta: 0:02:23  iter: 3139  total_loss: 0.146  loss_cls: 0.01437  loss_box_reg: 0.03283  loss_mask: 0.1026  loss_rpn_cls: 1.748e-05  loss_rpn_loc: 0.001748    time: 0.0772  last_time: 0.0775  data_time: 0.0022  last_data_time: 0.0020   lr: 0.00025  max_mem: 1682M
[08/15 07:17:38 d2.utils.events]:  eta: 0:02:21  iter: 3159  total_loss: 0.1305  loss_cls: 0.01458  loss_box_reg: 0.0301  loss_mask: 0.08071  loss_rpn_cls: 2.664e-06  loss_rpn_loc: 0.001538    time: 0.0772  last_time: 0.0734  data_time: 0.0021  last_data_time: 0.0020   lr: 0.00025  max_mem: 1682M
[08/15 07:17:39 d2.utils.events]:  eta: 0:02:20  iter: 3179  total_loss: 0.1453  loss_cls: 0.01443  loss_box_reg: 0.03743  loss_mask: 0.09083  loss_rpn_cls: 1.18e-05  loss_rpn_loc: 0.001937    time: 0.0772  last_time: 0.0779  data_time: 0.0021  last_data_time: 0.0020   lr: 0.00025  max_mem: 1682M
[08/15 07:17:41 d2.utils.events]:  eta: 0:02:18  iter: 3199  total_loss: 0.1461  loss_cls: 0.01635  loss_box_reg: 0.03499  loss_mask: 0.0918  loss_rpn_cls: 1.075e-05  loss_rpn_loc: 0.002211    time: 0.0772  last_time: 0.0800  data_time: 0.0021  last_data_time: 0.0020   lr: 0.00025  max_mem: 1682M
[08/15 07:17:41 d2.evaluation.coco_evaluation]: Fast COCO eval is not built. Falling back to official COCO eval.
[08/15 07:17:41 d2.data.datasets.coco]: Loaded 89 images in COCO format from /projects/PUCHALLA/LLP2024/tumor-segmentation/data/processed_data/rgd/test/images/test.json
[08/15 07:17:41 d2.data.dataset_mapper]: [DatasetMapper] Augmentations used in inference: [ResizeShortestEdge(short_edge_length=(800, 800), max_size=1333, sample_style='choice')]
[08/15 07:17:41 d2.data.common]: Serializing the dataset using: <class 'detectron2.data.common._TorchSerializedList'>
[08/15 07:17:41 d2.data.common]: Serializing 89 elements to byte tensors and concatenating them all ...
[08/15 07:17:41 d2.data.common]: Serialized dataset takes 0.07 MiB
[08/15 07:17:41 d2.evaluation.evaluator]: Start inference on 89 batches
[08/15 07:17:41 d2.evaluation.evaluator]: Inference done 11/89. Dataloading: 0.0004 s/iter. Inference: 0.0234 s/iter. Eval: 0.0003 s/iter. Total: 0.0242 s/iter. ETA=0:00:01
[08/15 07:17:43 d2.evaluation.evaluator]: Total inference time: 0:00:02.066078 (0.024596 s / iter per device, on 1 devices)
[08/15 07:17:43 d2.evaluation.evaluator]: Total inference pure compute time: 0:00:01 (0.023418 s / iter per device, on 1 devices)
[08/15 07:17:43 d2.evaluation.coco_evaluation]: Preparing results for COCO format ...
[08/15 07:17:43 d2.evaluation.coco_evaluation]: Saving results to ../../../../../models/rgb-testing/rgd-5000-1/coco_instances_results.json
[08/15 07:17:43 d2.evaluation.coco_evaluation]: Evaluating predictions with official COCO API...
Loading and preparing results...
DONE (t=0.00s)
creating index...
index created!
Running per image evaluation...
Evaluate annotation type *bbox*
DONE (t=0.01s).
Accumulating evaluation results...
DONE (t=0.01s).
 Average Precision  (AP) @[ IoU=0.50:0.95 | area=   all | maxDets=100 ] = 0.783
 Average Precision  (AP) @[ IoU=0.50      | area=   all | maxDets=100 ] = 0.969
 Average Precision  (AP) @[ IoU=0.75      | area=   all | maxDets=100 ] = 0.907
 Average Precision  (AP) @[ IoU=0.50:0.95 | area= small | maxDets=100 ] = -1.000
 Average Precision  (AP) @[ IoU=0.50:0.95 | area=medium | maxDets=100 ] = 0.692
 Average Precision  (AP) @[ IoU=0.50:0.95 | area= large | maxDets=100 ] = 0.795
 Average Recall     (AR) @[ IoU=0.50:0.95 | area=   all | maxDets=  1 ] = 0.822
 Average Recall     (AR) @[ IoU=0.50:0.95 | area=   all | maxDets= 10 ] = 0.828
 Average Recall     (AR) @[ IoU=0.50:0.95 | area=   all | maxDets=100 ] = 0.828
 Average Recall     (AR) @[ IoU=0.50:0.95 | area= small | maxDets=100 ] = -1.000
 Average Recall     (AR) @[ IoU=0.50:0.95 | area=medium | maxDets=100 ] = 0.710
 Average Recall     (AR) @[ IoU=0.50:0.95 | area= large | maxDets=100 ] = 0.843
[08/15 07:17:43 d2.evaluation.coco_evaluation]: Evaluation results for bbox: 
|   AP   |  AP50  |  AP75  |  APs  |  APm   |  APl   |
|:------:|:------:|:------:|:-----:|:------:|:------:|
| 78.309 | 96.855 | 90.672 |  nan  | 69.200 | 79.520 |
[08/15 07:17:43 d2.evaluation.coco_evaluation]: Some metrics cannot be computed and is shown as NaN.
Loading and preparing results...
DONE (t=0.00s)
creating index...
index created!
Running per image evaluation...
Evaluate annotation type *segm*
DONE (t=0.02s).
Accumulating evaluation results...
DONE (t=0.01s).
 Average Precision  (AP) @[ IoU=0.50:0.95 | area=   all | maxDets=100 ] = 0.766
 Average Precision  (AP) @[ IoU=0.50      | area=   all | maxDets=100 ] = 0.969
 Average Precision  (AP) @[ IoU=0.75      | area=   all | maxDets=100 ] = 0.916
 Average Precision  (AP) @[ IoU=0.50:0.95 | area= small | maxDets=100 ] = -1.000
 Average Precision  (AP) @[ IoU=0.50:0.95 | area=medium | maxDets=100 ] = 0.654
 Average Precision  (AP) @[ IoU=0.50:0.95 | area= large | maxDets=100 ] = 0.783
 Average Recall     (AR) @[ IoU=0.50:0.95 | area=   all | maxDets=  1 ] = 0.801
 Average Recall     (AR) @[ IoU=0.50:0.95 | area=   all | maxDets= 10 ] = 0.808
 Average Recall     (AR) @[ IoU=0.50:0.95 | area=   all | maxDets=100 ] = 0.808
 Average Recall     (AR) @[ IoU=0.50:0.95 | area= small | maxDets=100 ] = -1.000
 Average Recall     (AR) @[ IoU=0.50:0.95 | area=medium | maxDets=100 ] = 0.680
 Average Recall     (AR) @[ IoU=0.50:0.95 | area= large | maxDets=100 ] = 0.824
[08/15 07:17:43 d2.evaluation.coco_evaluation]: Evaluation results for segm: 
|   AP   |  AP50  |  AP75  |  APs  |  APm   |  APl   |
|:------:|:------:|:------:|:-----:|:------:|:------:|
| 76.585 | 96.855 | 91.607 |  nan  | 65.448 | 78.268 |
[08/15 07:17:43 d2.evaluation.coco_evaluation]: Some metrics cannot be computed and is shown as NaN.
[Iter 2 AP] → mAP@[.5:.95] = 76.585
[08/15 07:17:43 d2.data.datasets.coco]: Loaded 89 images in COCO format from /projects/PUCHALLA/LLP2024/tumor-segmentation/data/processed_data/rgd/test/images/test.json
[08/15 07:17:43 d2.data.datasets.coco]: Loaded 89 images in COCO format from /projects/PUCHALLA/LLP2024/tumor-segmentation/data/processed_data/rgd/test/images/test.json
[08/15 07:17:43 d2.data.dataset_mapper]: [DatasetMapper] Augmentations used in inference: [ResizeShortestEdge(short_edge_length=(800, 800), max_size=1333, sample_style='choice')]
[08/15 07:17:43 d2.data.common]: Serializing the dataset using: <class 'detectron2.data.common._TorchSerializedList'>
[08/15 07:17:43 d2.data.common]: Serializing 89 elements to byte tensors and concatenating them all ...
[08/15 07:17:43 d2.data.common]: Serialized dataset takes 0.07 MiB
[08/15 07:17:43 d2.evaluation.evaluator]: Start inference on 89 batches
[08/15 07:17:45 d2.evaluation.evaluator]: Total inference time: 0:00:02.094461 (0.024934 s / iter per device, on 1 devices)
[08/15 07:17:45 d2.evaluation.evaluator]: Total inference pure compute time: 0:00:01 (0.023760 s / iter per device, on 1 devices)
[08/15 07:17:47 d2.utils.events]:  eta: 0:02:17  iter: 3219  total_loss: 0.1431  loss_cls: 0.01591  loss_box_reg: 0.03384  loss_mask: 0.0905  loss_rpn_cls: 5.153e-06  loss_rpn_loc: 0.002327    time: 0.0772  last_time: 0.0806  data_time: 0.0021  last_data_time: 0.0020   lr: 0.00025  max_mem: 1682M
[08/15 07:17:49 d2.utils.events]:  eta: 0:02:15  iter: 3239  total_loss: 0.1235  loss_cls: 0.01325  loss_box_reg: 0.03013  loss_mask: 0.08221  loss_rpn_cls: 2.206e-06  loss_rpn_loc: 0.001473    time: 0.0772  last_time: 0.0831  data_time: 0.0021  last_data_time: 0.0022   lr: 0.00025  max_mem: 1682M
[08/15 07:17:50 d2.utils.events]:  eta: 0:02:14  iter: 3259  total_loss: 0.1362  loss_cls: 0.01591  loss_box_reg: 0.03587  loss_mask: 0.08526  loss_rpn_cls: 7.899e-06  loss_rpn_loc: 0.001806    time: 0.0772  last_time: 0.0758  data_time: 0.0021  last_data_time: 0.0019   lr: 0.00025  max_mem: 1682M
[08/15 07:17:52 d2.utils.events]:  eta: 0:02:12  iter: 3279  total_loss: 0.1328  loss_cls: 0.01264  loss_box_reg: 0.02881  loss_mask: 0.09161  loss_rpn_cls: 2.432e-05  loss_rpn_loc: 0.001866    time: 0.0772  last_time: 0.0767  data_time: 0.0021  last_data_time: 0.0021   lr: 0.00025  max_mem: 1682M
[08/15 07:17:53 d2.utils.events]:  eta: 0:02:10  iter: 3299  total_loss: 0.1405  loss_cls: 0.01605  loss_box_reg: 0.03636  loss_mask: 0.08409  loss_rpn_cls: 1.021e-05  loss_rpn_loc: 0.001906    time: 0.0771  last_time: 0.0680  data_time: 0.0021  last_data_time: 0.0020   lr: 0.00025  max_mem: 1682M
[08/15 07:17:53 d2.evaluation.coco_evaluation]: Fast COCO eval is not built. Falling back to official COCO eval.
[08/15 07:17:53 d2.data.datasets.coco]: Loaded 89 images in COCO format from /projects/PUCHALLA/LLP2024/tumor-segmentation/data/processed_data/rgd/test/images/test.json
[08/15 07:17:53 d2.data.dataset_mapper]: [DatasetMapper] Augmentations used in inference: [ResizeShortestEdge(short_edge_length=(800, 800), max_size=1333, sample_style='choice')]
[08/15 07:17:53 d2.data.common]: Serializing the dataset using: <class 'detectron2.data.common._TorchSerializedList'>
[08/15 07:17:53 d2.data.common]: Serializing 89 elements to byte tensors and concatenating them all ...
[08/15 07:17:53 d2.data.common]: Serialized dataset takes 0.07 MiB
[08/15 07:17:53 d2.evaluation.evaluator]: Start inference on 89 batches
[08/15 07:17:54 d2.evaluation.evaluator]: Inference done 11/89. Dataloading: 0.0005 s/iter. Inference: 0.0237 s/iter. Eval: 0.0003 s/iter. Total: 0.0245 s/iter. ETA=0:00:01
[08/15 07:17:55 d2.evaluation.evaluator]: Total inference time: 0:00:02.110900 (0.025130 s / iter per device, on 1 devices)
[08/15 07:17:55 d2.evaluation.evaluator]: Total inference pure compute time: 0:00:02 (0.023965 s / iter per device, on 1 devices)
[08/15 07:17:55 d2.evaluation.coco_evaluation]: Preparing results for COCO format ...
[08/15 07:17:55 d2.evaluation.coco_evaluation]: Saving results to ../../../../../models/rgb-testing/rgd-5000-1/coco_instances_results.json
[08/15 07:17:55 d2.evaluation.coco_evaluation]: Evaluating predictions with official COCO API...
Loading and preparing results...
DONE (t=0.00s)
creating index...
index created!
Running per image evaluation...
Evaluate annotation type *bbox*
DONE (t=0.02s).
Accumulating evaluation results...
DONE (t=0.01s).
 Average Precision  (AP) @[ IoU=0.50:0.95 | area=   all | maxDets=100 ] = 0.797
 Average Precision  (AP) @[ IoU=0.50      | area=   all | maxDets=100 ] = 0.971
 Average Precision  (AP) @[ IoU=0.75      | area=   all | maxDets=100 ] = 0.936
 Average Precision  (AP) @[ IoU=0.50:0.95 | area= small | maxDets=100 ] = -1.000
 Average Precision  (AP) @[ IoU=0.50:0.95 | area=medium | maxDets=100 ] = 0.726
 Average Precision  (AP) @[ IoU=0.50:0.95 | area= large | maxDets=100 ] = 0.809
 Average Recall     (AR) @[ IoU=0.50:0.95 | area=   all | maxDets=  1 ] = 0.837
 Average Recall     (AR) @[ IoU=0.50:0.95 | area=   all | maxDets= 10 ] = 0.837
 Average Recall     (AR) @[ IoU=0.50:0.95 | area=   all | maxDets=100 ] = 0.837
 Average Recall     (AR) @[ IoU=0.50:0.95 | area= small | maxDets=100 ] = -1.000
 Average Recall     (AR) @[ IoU=0.50:0.95 | area=medium | maxDets=100 ] = 0.740
 Average Recall     (AR) @[ IoU=0.50:0.95 | area= large | maxDets=100 ] = 0.849
[08/15 07:17:56 d2.evaluation.coco_evaluation]: Evaluation results for bbox: 
|   AP   |  AP50  |  AP75  |  APs  |  APm   |  APl   |
|:------:|:------:|:------:|:-----:|:------:|:------:|
| 79.678 | 97.074 | 93.616 |  nan  | 72.632 | 80.880 |
[08/15 07:17:56 d2.evaluation.coco_evaluation]: Some metrics cannot be computed and is shown as NaN.
Loading and preparing results...
DONE (t=0.00s)
creating index...
index created!
Running per image evaluation...
Evaluate annotation type *segm*
DONE (t=0.02s).
Accumulating evaluation results...
DONE (t=0.01s).
 Average Precision  (AP) @[ IoU=0.50:0.95 | area=   all | maxDets=100 ] = 0.792
 Average Precision  (AP) @[ IoU=0.50      | area=   all | maxDets=100 ] = 0.971
 Average Precision  (AP) @[ IoU=0.75      | area=   all | maxDets=100 ] = 0.936
 Average Precision  (AP) @[ IoU=0.50:0.95 | area= small | maxDets=100 ] = -1.000
 Average Precision  (AP) @[ IoU=0.50:0.95 | area=medium | maxDets=100 ] = 0.707
 Average Precision  (AP) @[ IoU=0.50:0.95 | area= large | maxDets=100 ] = 0.806
 Average Recall     (AR) @[ IoU=0.50:0.95 | area=   all | maxDets=  1 ] = 0.828
 Average Recall     (AR) @[ IoU=0.50:0.95 | area=   all | maxDets= 10 ] = 0.828
 Average Recall     (AR) @[ IoU=0.50:0.95 | area=   all | maxDets=100 ] = 0.828
 Average Recall     (AR) @[ IoU=0.50:0.95 | area= small | maxDets=100 ] = -1.000
 Average Recall     (AR) @[ IoU=0.50:0.95 | area=medium | maxDets=100 ] = 0.720
 Average Recall     (AR) @[ IoU=0.50:0.95 | area= large | maxDets=100 ] = 0.842
[08/15 07:17:56 d2.evaluation.coco_evaluation]: Evaluation results for segm: 
|   AP   |  AP50  |  AP75  |  APs  |  APm   |  APl   |
|:------:|:------:|:------:|:-----:|:------:|:------:|
| 79.186 | 97.074 | 93.616 |  nan  | 70.674 | 80.550 |
[08/15 07:17:56 d2.evaluation.coco_evaluation]: Some metrics cannot be computed and is shown as NaN.
[Iter 2 AP] → mAP@[.5:.95] = 79.186
[08/15 07:17:56 d2.data.datasets.coco]: Loaded 89 images in COCO format from /projects/PUCHALLA/LLP2024/tumor-segmentation/data/processed_data/rgd/test/images/test.json
[08/15 07:17:56 d2.data.datasets.coco]: Loaded 89 images in COCO format from /projects/PUCHALLA/LLP2024/tumor-segmentation/data/processed_data/rgd/test/images/test.json
[08/15 07:17:56 d2.data.dataset_mapper]: [DatasetMapper] Augmentations used in inference: [ResizeShortestEdge(short_edge_length=(800, 800), max_size=1333, sample_style='choice')]
[08/15 07:17:56 d2.data.common]: Serializing the dataset using: <class 'detectron2.data.common._TorchSerializedList'>
[08/15 07:17:56 d2.data.common]: Serializing 89 elements to byte tensors and concatenating them all ...
[08/15 07:17:56 d2.data.common]: Serialized dataset takes 0.07 MiB
[08/15 07:17:56 d2.evaluation.evaluator]: Start inference on 89 batches
[08/15 07:17:58 d2.evaluation.evaluator]: Total inference time: 0:00:02.108006 (0.025095 s / iter per device, on 1 devices)
[08/15 07:17:58 d2.evaluation.evaluator]: Total inference pure compute time: 0:00:02 (0.023948 s / iter per device, on 1 devices)
[08/15 07:17:59 d2.utils.events]:  eta: 0:02:09  iter: 3319  total_loss: 0.1623  loss_cls: 0.01669  loss_box_reg: 0.03931  loss_mask: 0.1058  loss_rpn_cls: 1.107e-05  loss_rpn_loc: 0.002401    time: 0.0771  last_time: 0.0775  data_time: 0.0021  last_data_time: 0.0020   lr: 0.00025  max_mem: 1682M
[08/15 07:18:01 d2.utils.events]:  eta: 0:02:07  iter: 3339  total_loss: 0.1528  loss_cls: 0.01582  loss_box_reg: 0.04071  loss_mask: 0.09468  loss_rpn_cls: 5.22e-06  loss_rpn_loc: 0.002147    time: 0.0771  last_time: 0.0769  data_time: 0.0021  last_data_time: 0.0021   lr: 0.00025  max_mem: 1682M
[08/15 07:18:02 d2.utils.events]:  eta: 0:02:06  iter: 3359  total_loss: 0.1415  loss_cls: 0.01369  loss_box_reg: 0.0346  loss_mask: 0.09209  loss_rpn_cls: 6.047e-06  loss_rpn_loc: 0.001456    time: 0.0771  last_time: 0.0722  data_time: 0.0021  last_data_time: 0.0020   lr: 0.00025  max_mem: 1682M
[08/15 07:18:04 d2.utils.events]:  eta: 0:02:04  iter: 3379  total_loss: 0.1389  loss_cls: 0.01489  loss_box_reg: 0.03225  loss_mask: 0.08965  loss_rpn_cls: 1.044e-05  loss_rpn_loc: 0.001842    time: 0.0771  last_time: 0.0774  data_time: 0.0020  last_data_time: 0.0020   lr: 0.00025  max_mem: 1682M
[08/15 07:18:06 d2.utils.events]:  eta: 0:02:03  iter: 3399  total_loss: 0.1339  loss_cls: 0.01361  loss_box_reg: 0.03372  loss_mask: 0.08444  loss_rpn_cls: 6.851e-06  loss_rpn_loc: 0.00186    time: 0.0771  last_time: 0.0800  data_time: 0.0021  last_data_time: 0.0021   lr: 0.00025  max_mem: 1682M
[08/15 07:18:06 d2.evaluation.coco_evaluation]: Fast COCO eval is not built. Falling back to official COCO eval.
[08/15 07:18:06 d2.data.datasets.coco]: Loaded 89 images in COCO format from /projects/PUCHALLA/LLP2024/tumor-segmentation/data/processed_data/rgd/test/images/test.json
[08/15 07:18:06 d2.data.dataset_mapper]: [DatasetMapper] Augmentations used in inference: [ResizeShortestEdge(short_edge_length=(800, 800), max_size=1333, sample_style='choice')]
[08/15 07:18:06 d2.data.common]: Serializing the dataset using: <class 'detectron2.data.common._TorchSerializedList'>
[08/15 07:18:06 d2.data.common]: Serializing 89 elements to byte tensors and concatenating them all ...
[08/15 07:18:06 d2.data.common]: Serialized dataset takes 0.07 MiB
[08/15 07:18:06 d2.evaluation.evaluator]: Start inference on 89 batches
[08/15 07:18:06 d2.evaluation.evaluator]: Inference done 11/89. Dataloading: 0.0004 s/iter. Inference: 0.0236 s/iter. Eval: 0.0003 s/iter. Total: 0.0243 s/iter. ETA=0:00:01
[08/15 07:18:08 d2.evaluation.evaluator]: Total inference time: 0:00:02.114959 (0.025178 s / iter per device, on 1 devices)
[08/15 07:18:08 d2.evaluation.evaluator]: Total inference pure compute time: 0:00:02 (0.024024 s / iter per device, on 1 devices)
[08/15 07:18:08 d2.evaluation.coco_evaluation]: Preparing results for COCO format ...
[08/15 07:18:08 d2.evaluation.coco_evaluation]: Saving results to ../../../../../models/rgb-testing/rgd-5000-1/coco_instances_results.json
[08/15 07:18:08 d2.evaluation.coco_evaluation]: Evaluating predictions with official COCO API...
Loading and preparing results...
DONE (t=0.00s)
creating index...
index created!
Running per image evaluation...
Evaluate annotation type *bbox*
DONE (t=0.01s).
Accumulating evaluation results...
DONE (t=0.01s).
 Average Precision  (AP) @[ IoU=0.50:0.95 | area=   all | maxDets=100 ] = 0.769
 Average Precision  (AP) @[ IoU=0.50      | area=   all | maxDets=100 ] = 0.968
 Average Precision  (AP) @[ IoU=0.75      | area=   all | maxDets=100 ] = 0.924
 Average Precision  (AP) @[ IoU=0.50:0.95 | area= small | maxDets=100 ] = -1.000
 Average Precision  (AP) @[ IoU=0.50:0.95 | area=medium | maxDets=100 ] = 0.711
 Average Precision  (AP) @[ IoU=0.50:0.95 | area= large | maxDets=100 ] = 0.779
 Average Recall     (AR) @[ IoU=0.50:0.95 | area=   all | maxDets=  1 ] = 0.817
 Average Recall     (AR) @[ IoU=0.50:0.95 | area=   all | maxDets= 10 ] = 0.821
 Average Recall     (AR) @[ IoU=0.50:0.95 | area=   all | maxDets=100 ] = 0.821
 Average Recall     (AR) @[ IoU=0.50:0.95 | area= small | maxDets=100 ] = -1.000
 Average Recall     (AR) @[ IoU=0.50:0.95 | area=medium | maxDets=100 ] = 0.730
 Average Recall     (AR) @[ IoU=0.50:0.95 | area= large | maxDets=100 ] = 0.833
[08/15 07:18:08 d2.evaluation.coco_evaluation]: Evaluation results for bbox: 
|   AP   |  AP50  |  AP75  |  APs  |  APm   |  APl   |
|:------:|:------:|:------:|:-----:|:------:|:------:|
| 76.909 | 96.785 | 92.410 |  nan  | 71.136 | 77.935 |
[08/15 07:18:08 d2.evaluation.coco_evaluation]: Some metrics cannot be computed and is shown as NaN.
Loading and preparing results...
DONE (t=0.00s)
creating index...
index created!
Running per image evaluation...
Evaluate annotation type *segm*
DONE (t=0.12s).
Accumulating evaluation results...
DONE (t=0.01s).
 Average Precision  (AP) @[ IoU=0.50:0.95 | area=   all | maxDets=100 ] = 0.783
 Average Precision  (AP) @[ IoU=0.50      | area=   all | maxDets=100 ] = 0.968
 Average Precision  (AP) @[ IoU=0.75      | area=   all | maxDets=100 ] = 0.924
 Average Precision  (AP) @[ IoU=0.50:0.95 | area= small | maxDets=100 ] = -1.000
 Average Precision  (AP) @[ IoU=0.50:0.95 | area=medium | maxDets=100 ] = 0.726
 Average Precision  (AP) @[ IoU=0.50:0.95 | area= large | maxDets=100 ] = 0.794
 Average Recall     (AR) @[ IoU=0.50:0.95 | area=   all | maxDets=  1 ] = 0.817
 Average Recall     (AR) @[ IoU=0.50:0.95 | area=   all | maxDets= 10 ] = 0.822
 Average Recall     (AR) @[ IoU=0.50:0.95 | area=   all | maxDets=100 ] = 0.822
 Average Recall     (AR) @[ IoU=0.50:0.95 | area= small | maxDets=100 ] = -1.000
 Average Recall     (AR) @[ IoU=0.50:0.95 | area=medium | maxDets=100 ] = 0.740
 Average Recall     (AR) @[ IoU=0.50:0.95 | area= large | maxDets=100 ] = 0.833
[08/15 07:18:08 d2.evaluation.coco_evaluation]: Evaluation results for segm: 
|   AP   |  AP50  |  AP75  |  APs  |  APm   |  APl   |
|:------:|:------:|:------:|:-----:|:------:|:------:|
| 78.320 | 96.785 | 92.410 |  nan  | 72.555 | 79.358 |
[08/15 07:18:08 d2.evaluation.coco_evaluation]: Some metrics cannot be computed and is shown as NaN.
[Iter 2 AP] → mAP@[.5:.95] = 78.320
[08/15 07:18:08 d2.data.datasets.coco]: Loaded 89 images in COCO format from /projects/PUCHALLA/LLP2024/tumor-segmentation/data/processed_data/rgd/test/images/test.json
[08/15 07:18:08 d2.data.datasets.coco]: Loaded 89 images in COCO format from /projects/PUCHALLA/LLP2024/tumor-segmentation/data/processed_data/rgd/test/images/test.json
[08/15 07:18:08 d2.data.dataset_mapper]: [DatasetMapper] Augmentations used in inference: [ResizeShortestEdge(short_edge_length=(800, 800), max_size=1333, sample_style='choice')]
[08/15 07:18:08 d2.data.common]: Serializing the dataset using: <class 'detectron2.data.common._TorchSerializedList'>
[08/15 07:18:08 d2.data.common]: Serializing 89 elements to byte tensors and concatenating them all ...
[08/15 07:18:08 d2.data.common]: Serialized dataset takes 0.07 MiB
[08/15 07:18:08 d2.evaluation.evaluator]: Start inference on 89 batches
[08/15 07:18:10 d2.evaluation.evaluator]: Total inference time: 0:00:02.106035 (0.025072 s / iter per device, on 1 devices)
[08/15 07:18:10 d2.evaluation.evaluator]: Total inference pure compute time: 0:00:02 (0.023899 s / iter per device, on 1 devices)
[08/15 07:18:12 d2.utils.events]:  eta: 0:02:01  iter: 3419  total_loss: 0.1363  loss_cls: 0.01541  loss_box_reg: 0.03628  loss_mask: 0.08568  loss_rpn_cls: 6.701e-06  loss_rpn_loc: 0.001769    time: 0.0771  last_time: 0.0760  data_time: 0.0020  last_data_time: 0.0020   lr: 0.00025  max_mem: 1682M
[08/15 07:18:13 d2.utils.events]:  eta: 0:02:00  iter: 3439  total_loss: 0.1509  loss_cls: 0.01586  loss_box_reg: 0.03574  loss_mask: 0.09023  loss_rpn_cls: 1.347e-05  loss_rpn_loc: 0.002051    time: 0.0771  last_time: 0.0824  data_time: 0.0021  last_data_time: 0.0022   lr: 0.00025  max_mem: 1682M
[08/15 07:18:15 d2.utils.events]:  eta: 0:01:58  iter: 3459  total_loss: 0.1237  loss_cls: 0.01279  loss_box_reg: 0.02838  loss_mask: 0.0812  loss_rpn_cls: 2.445e-06  loss_rpn_loc: 0.001666    time: 0.0771  last_time: 0.0782  data_time: 0.0022  last_data_time: 0.0022   lr: 0.00025  max_mem: 1682M
[08/15 07:18:16 d2.utils.events]:  eta: 0:01:57  iter: 3479  total_loss: 0.1498  loss_cls: 0.01618  loss_box_reg: 0.0376  loss_mask: 0.09818  loss_rpn_cls: 6.359e-06  loss_rpn_loc: 0.002103    time: 0.0771  last_time: 0.0699  data_time: 0.0021  last_data_time: 0.0021   lr: 0.00025  max_mem: 1682M
[08/15 07:18:18 d2.utils.events]:  eta: 0:01:55  iter: 3499  total_loss: 0.1474  loss_cls: 0.01494  loss_box_reg: 0.03798  loss_mask: 0.08906  loss_rpn_cls: 4.577e-05  loss_rpn_loc: 0.001848    time: 0.0771  last_time: 0.0820  data_time: 0.0021  last_data_time: 0.0021   lr: 0.00025  max_mem: 1682M
[08/15 07:18:18 d2.evaluation.coco_evaluation]: Fast COCO eval is not built. Falling back to official COCO eval.
[08/15 07:18:18 d2.data.datasets.coco]: Loaded 89 images in COCO format from /projects/PUCHALLA/LLP2024/tumor-segmentation/data/processed_data/rgd/test/images/test.json
[08/15 07:18:18 d2.data.dataset_mapper]: [DatasetMapper] Augmentations used in inference: [ResizeShortestEdge(short_edge_length=(800, 800), max_size=1333, sample_style='choice')]
[08/15 07:18:18 d2.data.common]: Serializing the dataset using: <class 'detectron2.data.common._TorchSerializedList'>
[08/15 07:18:18 d2.data.common]: Serializing 89 elements to byte tensors and concatenating them all ...
[08/15 07:18:18 d2.data.common]: Serialized dataset takes 0.07 MiB
[08/15 07:18:18 d2.evaluation.evaluator]: Start inference on 89 batches
[08/15 07:18:18 d2.evaluation.evaluator]: Inference done 11/89. Dataloading: 0.0004 s/iter. Inference: 0.0236 s/iter. Eval: 0.0003 s/iter. Total: 0.0244 s/iter. ETA=0:00:01
[08/15 07:18:20 d2.evaluation.evaluator]: Total inference time: 0:00:02.093068 (0.024917 s / iter per device, on 1 devices)
[08/15 07:18:20 d2.evaluation.evaluator]: Total inference pure compute time: 0:00:01 (0.023765 s / iter per device, on 1 devices)
[08/15 07:18:20 d2.evaluation.coco_evaluation]: Preparing results for COCO format ...
[08/15 07:18:20 d2.evaluation.coco_evaluation]: Saving results to ../../../../../models/rgb-testing/rgd-5000-1/coco_instances_results.json
[08/15 07:18:20 d2.evaluation.coco_evaluation]: Evaluating predictions with official COCO API...
Loading and preparing results...
DONE (t=0.00s)
creating index...
index created!
Running per image evaluation...
Evaluate annotation type *bbox*
DONE (t=0.02s).
Accumulating evaluation results...
DONE (t=0.01s).
 Average Precision  (AP) @[ IoU=0.50:0.95 | area=   all | maxDets=100 ] = 0.768
 Average Precision  (AP) @[ IoU=0.50      | area=   all | maxDets=100 ] = 0.968
 Average Precision  (AP) @[ IoU=0.75      | area=   all | maxDets=100 ] = 0.923
 Average Precision  (AP) @[ IoU=0.50:0.95 | area= small | maxDets=100 ] = -1.000
 Average Precision  (AP) @[ IoU=0.50:0.95 | area=medium | maxDets=100 ] = 0.728
 Average Precision  (AP) @[ IoU=0.50:0.95 | area= large | maxDets=100 ] = 0.775
 Average Recall     (AR) @[ IoU=0.50:0.95 | area=   all | maxDets=  1 ] = 0.812
 Average Recall     (AR) @[ IoU=0.50:0.95 | area=   all | maxDets= 10 ] = 0.817
 Average Recall     (AR) @[ IoU=0.50:0.95 | area=   all | maxDets=100 ] = 0.817
 Average Recall     (AR) @[ IoU=0.50:0.95 | area= small | maxDets=100 ] = -1.000
 Average Recall     (AR) @[ IoU=0.50:0.95 | area=medium | maxDets=100 ] = 0.740
 Average Recall     (AR) @[ IoU=0.50:0.95 | area= large | maxDets=100 ] = 0.827
[08/15 07:18:20 d2.evaluation.coco_evaluation]: Evaluation results for bbox: 
|   AP   |  AP50  |  AP75  |  APs  |  APm   |  APl   |
|:------:|:------:|:------:|:-----:|:------:|:------:|
| 76.808 | 96.810 | 92.295 |  nan  | 72.812 | 77.523 |
[08/15 07:18:20 d2.evaluation.coco_evaluation]: Some metrics cannot be computed and is shown as NaN.
Loading and preparing results...
DONE (t=0.00s)
creating index...
index created!
Running per image evaluation...
Evaluate annotation type *segm*
DONE (t=0.02s).
Accumulating evaluation results...
DONE (t=0.01s).
 Average Precision  (AP) @[ IoU=0.50:0.95 | area=   all | maxDets=100 ] = 0.785
 Average Precision  (AP) @[ IoU=0.50      | area=   all | maxDets=100 ] = 0.968
 Average Precision  (AP) @[ IoU=0.75      | area=   all | maxDets=100 ] = 0.923
 Average Precision  (AP) @[ IoU=0.50:0.95 | area= small | maxDets=100 ] = -1.000
 Average Precision  (AP) @[ IoU=0.50:0.95 | area=medium | maxDets=100 ] = 0.719
 Average Precision  (AP) @[ IoU=0.50:0.95 | area= large | maxDets=100 ] = 0.795
 Average Recall     (AR) @[ IoU=0.50:0.95 | area=   all | maxDets=  1 ] = 0.818
 Average Recall     (AR) @[ IoU=0.50:0.95 | area=   all | maxDets= 10 ] = 0.824
 Average Recall     (AR) @[ IoU=0.50:0.95 | area=   all | maxDets=100 ] = 0.824
 Average Recall     (AR) @[ IoU=0.50:0.95 | area= small | maxDets=100 ] = -1.000
 Average Recall     (AR) @[ IoU=0.50:0.95 | area=medium | maxDets=100 ] = 0.740
 Average Recall     (AR) @[ IoU=0.50:0.95 | area= large | maxDets=100 ] = 0.834
[08/15 07:18:20 d2.evaluation.coco_evaluation]: Evaluation results for segm: 
|   AP   |  AP50  |  AP75  |  APs  |  APm   |  APl   |
|:------:|:------:|:------:|:-----:|:------:|:------:|
| 78.466 | 96.810 | 92.295 |  nan  | 71.906 | 79.507 |
[08/15 07:18:20 d2.evaluation.coco_evaluation]: Some metrics cannot be computed and is shown as NaN.
[Iter 2 AP] → mAP@[.5:.95] = 78.466
[08/15 07:18:20 d2.data.datasets.coco]: Loaded 89 images in COCO format from /projects/PUCHALLA/LLP2024/tumor-segmentation/data/processed_data/rgd/test/images/test.json
[08/15 07:18:20 d2.data.datasets.coco]: Loaded 89 images in COCO format from /projects/PUCHALLA/LLP2024/tumor-segmentation/data/processed_data/rgd/test/images/test.json
[08/15 07:18:20 d2.data.dataset_mapper]: [DatasetMapper] Augmentations used in inference: [ResizeShortestEdge(short_edge_length=(800, 800), max_size=1333, sample_style='choice')]
[08/15 07:18:20 d2.data.common]: Serializing the dataset using: <class 'detectron2.data.common._TorchSerializedList'>
[08/15 07:18:20 d2.data.common]: Serializing 89 elements to byte tensors and concatenating them all ...
[08/15 07:18:20 d2.data.common]: Serialized dataset takes 0.07 MiB
[08/15 07:18:20 d2.evaluation.evaluator]: Start inference on 89 batches
[08/15 07:18:23 d2.evaluation.evaluator]: Total inference time: 0:00:02.101165 (0.025014 s / iter per device, on 1 devices)
[08/15 07:18:23 d2.evaluation.evaluator]: Total inference pure compute time: 0:00:02 (0.023856 s / iter per device, on 1 devices)
[08/15 07:18:24 d2.utils.events]:  eta: 0:01:54  iter: 3519  total_loss: 0.1459  loss_cls: 0.01426  loss_box_reg: 0.03407  loss_mask: 0.1002  loss_rpn_cls: 5.978e-06  loss_rpn_loc: 0.001664    time: 0.0771  last_time: 0.0745  data_time: 0.0021  last_data_time: 0.0020   lr: 0.00025  max_mem: 1682M
[08/15 07:18:26 d2.utils.events]:  eta: 0:01:52  iter: 3539  total_loss: 0.1396  loss_cls: 0.01477  loss_box_reg: 0.03383  loss_mask: 0.08908  loss_rpn_cls: 4.983e-06  loss_rpn_loc: 0.00191    time: 0.0771  last_time: 0.0785  data_time: 0.0022  last_data_time: 0.0021   lr: 0.00025  max_mem: 1682M
[08/15 07:18:27 d2.utils.events]:  eta: 0:01:51  iter: 3559  total_loss: 0.1306  loss_cls: 0.0136  loss_box_reg: 0.03399  loss_mask: 0.08719  loss_rpn_cls: 3.915e-06  loss_rpn_loc: 0.002337    time: 0.0771  last_time: 0.0771  data_time: 0.0022  last_data_time: 0.0020   lr: 0.00025  max_mem: 1682M
[08/15 07:18:29 d2.utils.events]:  eta: 0:01:49  iter: 3579  total_loss: 0.1266  loss_cls: 0.01357  loss_box_reg: 0.03  loss_mask: 0.08563  loss_rpn_cls: 1.728e-06  loss_rpn_loc: 0.001946    time: 0.0771  last_time: 0.0808  data_time: 0.0021  last_data_time: 0.0022   lr: 0.00025  max_mem: 1682M
[08/15 07:18:30 d2.utils.events]:  eta: 0:01:48  iter: 3599  total_loss: 0.1248  loss_cls: 0.01369  loss_box_reg: 0.03037  loss_mask: 0.08056  loss_rpn_cls: 2.458e-06  loss_rpn_loc: 0.001528    time: 0.0771  last_time: 0.0763  data_time: 0.0021  last_data_time: 0.0022   lr: 0.00025  max_mem: 1682M
[08/15 07:18:31 d2.evaluation.coco_evaluation]: Fast COCO eval is not built. Falling back to official COCO eval.
[08/15 07:18:31 d2.data.datasets.coco]: Loaded 89 images in COCO format from /projects/PUCHALLA/LLP2024/tumor-segmentation/data/processed_data/rgd/test/images/test.json
[08/15 07:18:31 d2.data.dataset_mapper]: [DatasetMapper] Augmentations used in inference: [ResizeShortestEdge(short_edge_length=(800, 800), max_size=1333, sample_style='choice')]
[08/15 07:18:31 d2.data.common]: Serializing the dataset using: <class 'detectron2.data.common._TorchSerializedList'>
[08/15 07:18:31 d2.data.common]: Serializing 89 elements to byte tensors and concatenating them all ...
[08/15 07:18:31 d2.data.common]: Serialized dataset takes 0.07 MiB
[08/15 07:18:31 d2.evaluation.evaluator]: Start inference on 89 batches
[08/15 07:18:31 d2.evaluation.evaluator]: Inference done 11/89. Dataloading: 0.0004 s/iter. Inference: 0.0235 s/iter. Eval: 0.0003 s/iter. Total: 0.0242 s/iter. ETA=0:00:01
[08/15 07:18:33 d2.evaluation.evaluator]: Total inference time: 0:00:02.075329 (0.024706 s / iter per device, on 1 devices)
[08/15 07:18:33 d2.evaluation.evaluator]: Total inference pure compute time: 0:00:01 (0.023540 s / iter per device, on 1 devices)
[08/15 07:18:33 d2.evaluation.coco_evaluation]: Preparing results for COCO format ...
[08/15 07:18:33 d2.evaluation.coco_evaluation]: Saving results to ../../../../../models/rgb-testing/rgd-5000-1/coco_instances_results.json
[08/15 07:18:33 d2.evaluation.coco_evaluation]: Evaluating predictions with official COCO API...
Loading and preparing results...
DONE (t=0.00s)
creating index...
index created!
Running per image evaluation...
Evaluate annotation type *bbox*
DONE (t=0.01s).
Accumulating evaluation results...
DONE (t=0.01s).
 Average Precision  (AP) @[ IoU=0.50:0.95 | area=   all | maxDets=100 ] = 0.778
 Average Precision  (AP) @[ IoU=0.50      | area=   all | maxDets=100 ] = 0.967
 Average Precision  (AP) @[ IoU=0.75      | area=   all | maxDets=100 ] = 0.922
 Average Precision  (AP) @[ IoU=0.50:0.95 | area= small | maxDets=100 ] = -1.000
 Average Precision  (AP) @[ IoU=0.50:0.95 | area=medium | maxDets=100 ] = 0.736
 Average Precision  (AP) @[ IoU=0.50:0.95 | area= large | maxDets=100 ] = 0.786
 Average Recall     (AR) @[ IoU=0.50:0.95 | area=   all | maxDets=  1 ] = 0.819
 Average Recall     (AR) @[ IoU=0.50:0.95 | area=   all | maxDets= 10 ] = 0.824
 Average Recall     (AR) @[ IoU=0.50:0.95 | area=   all | maxDets=100 ] = 0.824
 Average Recall     (AR) @[ IoU=0.50:0.95 | area= small | maxDets=100 ] = -1.000
 Average Recall     (AR) @[ IoU=0.50:0.95 | area=medium | maxDets=100 ] = 0.750
 Average Recall     (AR) @[ IoU=0.50:0.95 | area= large | maxDets=100 ] = 0.833
[08/15 07:18:33 d2.evaluation.coco_evaluation]: Evaluation results for bbox: 
|   AP   |  AP50  |  AP75  |  APs  |  APm   |  APl   |
|:------:|:------:|:------:|:-----:|:------:|:------:|
| 77.815 | 96.725 | 92.160 |  nan  | 73.612 | 78.619 |
[08/15 07:18:33 d2.evaluation.coco_evaluation]: Some metrics cannot be computed and is shown as NaN.
Loading and preparing results...
DONE (t=0.00s)
creating index...
index created!
Running per image evaluation...
Evaluate annotation type *segm*
DONE (t=0.02s).
Accumulating evaluation results...
DONE (t=0.01s).
 Average Precision  (AP) @[ IoU=0.50:0.95 | area=   all | maxDets=100 ] = 0.783
 Average Precision  (AP) @[ IoU=0.50      | area=   all | maxDets=100 ] = 0.967
 Average Precision  (AP) @[ IoU=0.75      | area=   all | maxDets=100 ] = 0.922
 Average Precision  (AP) @[ IoU=0.50:0.95 | area= small | maxDets=100 ] = -1.000
 Average Precision  (AP) @[ IoU=0.50:0.95 | area=medium | maxDets=100 ] = 0.727
 Average Precision  (AP) @[ IoU=0.50:0.95 | area= large | maxDets=100 ] = 0.792
 Average Recall     (AR) @[ IoU=0.50:0.95 | area=   all | maxDets=  1 ] = 0.815
 Average Recall     (AR) @[ IoU=0.50:0.95 | area=   all | maxDets= 10 ] = 0.820
 Average Recall     (AR) @[ IoU=0.50:0.95 | area=   all | maxDets=100 ] = 0.820
 Average Recall     (AR) @[ IoU=0.50:0.95 | area= small | maxDets=100 ] = -1.000
 Average Recall     (AR) @[ IoU=0.50:0.95 | area=medium | maxDets=100 ] = 0.740
 Average Recall     (AR) @[ IoU=0.50:0.95 | area= large | maxDets=100 ] = 0.830
[08/15 07:18:33 d2.evaluation.coco_evaluation]: Evaluation results for segm: 
|   AP   |  AP50  |  AP75  |  APs  |  APm   |  APl   |
|:------:|:------:|:------:|:-----:|:------:|:------:|
| 78.264 | 96.725 | 92.160 |  nan  | 72.669 | 79.216 |
[08/15 07:18:33 d2.evaluation.coco_evaluation]: Some metrics cannot be computed and is shown as NaN.
[Iter 2 AP] → mAP@[.5:.95] = 78.264
[08/15 07:18:33 d2.data.datasets.coco]: Loaded 89 images in COCO format from /projects/PUCHALLA/LLP2024/tumor-segmentation/data/processed_data/rgd/test/images/test.json
[08/15 07:18:33 d2.data.datasets.coco]: Loaded 89 images in COCO format from /projects/PUCHALLA/LLP2024/tumor-segmentation/data/processed_data/rgd/test/images/test.json
[08/15 07:18:33 d2.data.dataset_mapper]: [DatasetMapper] Augmentations used in inference: [ResizeShortestEdge(short_edge_length=(800, 800), max_size=1333, sample_style='choice')]
[08/15 07:18:33 d2.data.common]: Serializing the dataset using: <class 'detectron2.data.common._TorchSerializedList'>
[08/15 07:18:33 d2.data.common]: Serializing 89 elements to byte tensors and concatenating them all ...
[08/15 07:18:33 d2.data.common]: Serialized dataset takes 0.07 MiB
[08/15 07:18:33 d2.evaluation.evaluator]: Start inference on 89 batches
[08/15 07:18:35 d2.evaluation.evaluator]: Total inference time: 0:00:02.101907 (0.025023 s / iter per device, on 1 devices)
[08/15 07:18:35 d2.evaluation.evaluator]: Total inference pure compute time: 0:00:02 (0.023869 s / iter per device, on 1 devices)
[08/15 07:18:37 d2.utils.events]:  eta: 0:01:46  iter: 3619  total_loss: 0.1331  loss_cls: 0.0145  loss_box_reg: 0.03461  loss_mask: 0.08121  loss_rpn_cls: 4.907e-06  loss_rpn_loc: 0.0022    time: 0.0771  last_time: 0.0832  data_time: 0.0023  last_data_time: 0.0022   lr: 0.00025  max_mem: 1682M
[08/15 07:18:38 d2.utils.events]:  eta: 0:01:44  iter: 3639  total_loss: 0.156  loss_cls: 0.01857  loss_box_reg: 0.03935  loss_mask: 0.09638  loss_rpn_cls: 9.604e-06  loss_rpn_loc: 0.001895    time: 0.0771  last_time: 0.0725  data_time: 0.0023  last_data_time: 0.0021   lr: 0.00025  max_mem: 1682M
[08/15 07:18:40 d2.utils.events]:  eta: 0:01:43  iter: 3659  total_loss: 0.1496  loss_cls: 0.01573  loss_box_reg: 0.03666  loss_mask: 0.09219  loss_rpn_cls: 5.089e-06  loss_rpn_loc: 0.001886    time: 0.0771  last_time: 0.0777  data_time: 0.0023  last_data_time: 0.0030   lr: 0.00025  max_mem: 1682M
[08/15 07:18:41 d2.utils.events]:  eta: 0:01:41  iter: 3679  total_loss: 0.1527  loss_cls: 0.01539  loss_box_reg: 0.03643  loss_mask: 0.09531  loss_rpn_cls: 4.855e-06  loss_rpn_loc: 0.001514    time: 0.0771  last_time: 0.0683  data_time: 0.0022  last_data_time: 0.0020   lr: 0.00025  max_mem: 1682M
[08/15 07:18:43 d2.utils.events]:  eta: 0:01:40  iter: 3699  total_loss: 0.139  loss_cls: 0.01508  loss_box_reg: 0.03185  loss_mask: 0.09835  loss_rpn_cls: 6.428e-06  loss_rpn_loc: 0.001816    time: 0.0771  last_time: 0.0803  data_time: 0.0023  last_data_time: 0.0021   lr: 0.00025  max_mem: 1682M
[08/15 07:18:43 d2.evaluation.coco_evaluation]: Fast COCO eval is not built. Falling back to official COCO eval.
[08/15 07:18:43 d2.data.datasets.coco]: Loaded 89 images in COCO format from /projects/PUCHALLA/LLP2024/tumor-segmentation/data/processed_data/rgd/test/images/test.json
[08/15 07:18:43 d2.data.dataset_mapper]: [DatasetMapper] Augmentations used in inference: [ResizeShortestEdge(short_edge_length=(800, 800), max_size=1333, sample_style='choice')]
[08/15 07:18:43 d2.data.common]: Serializing the dataset using: <class 'detectron2.data.common._TorchSerializedList'>
[08/15 07:18:43 d2.data.common]: Serializing 89 elements to byte tensors and concatenating them all ...
[08/15 07:18:43 d2.data.common]: Serialized dataset takes 0.07 MiB
[08/15 07:18:43 d2.evaluation.evaluator]: Start inference on 89 batches
[08/15 07:18:43 d2.evaluation.evaluator]: Inference done 11/89. Dataloading: 0.0004 s/iter. Inference: 0.0235 s/iter. Eval: 0.0003 s/iter. Total: 0.0243 s/iter. ETA=0:00:01
[08/15 07:18:45 d2.evaluation.evaluator]: Total inference time: 0:00:02.080930 (0.024773 s / iter per device, on 1 devices)
[08/15 07:18:45 d2.evaluation.evaluator]: Total inference pure compute time: 0:00:01 (0.023625 s / iter per device, on 1 devices)
[08/15 07:18:45 d2.evaluation.coco_evaluation]: Preparing results for COCO format ...
[08/15 07:18:45 d2.evaluation.coco_evaluation]: Saving results to ../../../../../models/rgb-testing/rgd-5000-1/coco_instances_results.json
[08/15 07:18:45 d2.evaluation.coco_evaluation]: Evaluating predictions with official COCO API...
Loading and preparing results...
DONE (t=0.00s)
creating index...
index created!
Running per image evaluation...
Evaluate annotation type *bbox*
DONE (t=0.01s).
Accumulating evaluation results...
DONE (t=0.01s).
 Average Precision  (AP) @[ IoU=0.50:0.95 | area=   all | maxDets=100 ] = 0.775
 Average Precision  (AP) @[ IoU=0.50      | area=   all | maxDets=100 ] = 0.968
 Average Precision  (AP) @[ IoU=0.75      | area=   all | maxDets=100 ] = 0.906
 Average Precision  (AP) @[ IoU=0.50:0.95 | area= small | maxDets=100 ] = -1.000
 Average Precision  (AP) @[ IoU=0.50:0.95 | area=medium | maxDets=100 ] = 0.675
 Average Precision  (AP) @[ IoU=0.50:0.95 | area= large | maxDets=100 ] = 0.789
 Average Recall     (AR) @[ IoU=0.50:0.95 | area=   all | maxDets=  1 ] = 0.821
 Average Recall     (AR) @[ IoU=0.50:0.95 | area=   all | maxDets= 10 ] = 0.826
 Average Recall     (AR) @[ IoU=0.50:0.95 | area=   all | maxDets=100 ] = 0.826
 Average Recall     (AR) @[ IoU=0.50:0.95 | area= small | maxDets=100 ] = -1.000
 Average Recall     (AR) @[ IoU=0.50:0.95 | area=medium | maxDets=100 ] = 0.710
 Average Recall     (AR) @[ IoU=0.50:0.95 | area= large | maxDets=100 ] = 0.841
[08/15 07:18:45 d2.evaluation.coco_evaluation]: Evaluation results for bbox: 
|   AP   |  AP50  |  AP75  |  APs  |  APm   |  APl   |
|:------:|:------:|:------:|:-----:|:------:|:------:|
| 77.535 | 96.807 | 90.609 |  nan  | 67.544 | 78.852 |
[08/15 07:18:45 d2.evaluation.coco_evaluation]: Some metrics cannot be computed and is shown as NaN.
Loading and preparing results...
DONE (t=0.00s)
creating index...
index created!
Running per image evaluation...
Evaluate annotation type *segm*
DONE (t=0.02s).
Accumulating evaluation results...
DONE (t=0.01s).
 Average Precision  (AP) @[ IoU=0.50:0.95 | area=   all | maxDets=100 ] = 0.771
 Average Precision  (AP) @[ IoU=0.50      | area=   all | maxDets=100 ] = 0.968
 Average Precision  (AP) @[ IoU=0.75      | area=   all | maxDets=100 ] = 0.906
 Average Precision  (AP) @[ IoU=0.50:0.95 | area= small | maxDets=100 ] = -1.000
 Average Precision  (AP) @[ IoU=0.50:0.95 | area=medium | maxDets=100 ] = 0.663
 Average Precision  (AP) @[ IoU=0.50:0.95 | area= large | maxDets=100 ] = 0.787
 Average Recall     (AR) @[ IoU=0.50:0.95 | area=   all | maxDets=  1 ] = 0.804
 Average Recall     (AR) @[ IoU=0.50:0.95 | area=   all | maxDets= 10 ] = 0.810
 Average Recall     (AR) @[ IoU=0.50:0.95 | area=   all | maxDets=100 ] = 0.810
 Average Recall     (AR) @[ IoU=0.50:0.95 | area= small | maxDets=100 ] = -1.000
 Average Recall     (AR) @[ IoU=0.50:0.95 | area=medium | maxDets=100 ] = 0.690
 Average Recall     (AR) @[ IoU=0.50:0.95 | area= large | maxDets=100 ] = 0.825
[08/15 07:18:45 d2.evaluation.coco_evaluation]: Evaluation results for segm: 
|   AP   |  AP50  |  AP75  |  APs  |  APm   |  APl   |
|:------:|:------:|:------:|:-----:|:------:|:------:|
| 77.105 | 96.807 | 90.609 |  nan  | 66.306 | 78.705 |
[08/15 07:18:45 d2.evaluation.coco_evaluation]: Some metrics cannot be computed and is shown as NaN.
[Iter 2 AP] → mAP@[.5:.95] = 77.105
[08/15 07:18:45 d2.data.datasets.coco]: Loaded 89 images in COCO format from /projects/PUCHALLA/LLP2024/tumor-segmentation/data/processed_data/rgd/test/images/test.json
[08/15 07:18:45 d2.data.datasets.coco]: Loaded 89 images in COCO format from /projects/PUCHALLA/LLP2024/tumor-segmentation/data/processed_data/rgd/test/images/test.json
[08/15 07:18:45 d2.data.dataset_mapper]: [DatasetMapper] Augmentations used in inference: [ResizeShortestEdge(short_edge_length=(800, 800), max_size=1333, sample_style='choice')]
[08/15 07:18:45 d2.data.common]: Serializing the dataset using: <class 'detectron2.data.common._TorchSerializedList'>
[08/15 07:18:45 d2.data.common]: Serializing 89 elements to byte tensors and concatenating them all ...
[08/15 07:18:45 d2.data.common]: Serialized dataset takes 0.07 MiB
[08/15 07:18:45 d2.evaluation.evaluator]: Start inference on 89 batches
[08/15 07:18:48 d2.evaluation.evaluator]: Total inference time: 0:00:02.105833 (0.025069 s / iter per device, on 1 devices)
[08/15 07:18:48 d2.evaluation.evaluator]: Total inference pure compute time: 0:00:02 (0.023913 s / iter per device, on 1 devices)
[08/15 07:18:49 d2.utils.events]:  eta: 0:01:38  iter: 3719  total_loss: 0.1559  loss_cls: 0.01525  loss_box_reg: 0.03749  loss_mask: 0.09856  loss_rpn_cls: 1.171e-05  loss_rpn_loc: 0.001887    time: 0.0771  last_time: 0.0681  data_time: 0.0022  last_data_time: 0.0019   lr: 0.00025  max_mem: 1682M
[08/15 07:18:51 d2.utils.events]:  eta: 0:01:37  iter: 3739  total_loss: 0.1383  loss_cls: 0.01511  loss_box_reg: 0.03681  loss_mask: 0.08536  loss_rpn_cls: 6.736e-06  loss_rpn_loc: 0.00197    time: 0.0771  last_time: 0.0807  data_time: 0.0022  last_data_time: 0.0021   lr: 0.00025  max_mem: 1682M
[08/15 07:18:52 d2.utils.events]:  eta: 0:01:35  iter: 3759  total_loss: 0.1308  loss_cls: 0.01375  loss_box_reg: 0.03017  loss_mask: 0.0875  loss_rpn_cls: 6.029e-06  loss_rpn_loc: 0.002129    time: 0.0771  last_time: 0.0738  data_time: 0.0021  last_data_time: 0.0020   lr: 0.00025  max_mem: 1682M
[08/15 07:18:54 d2.utils.events]:  eta: 0:01:33  iter: 3779  total_loss: 0.1321  loss_cls: 0.0151  loss_box_reg: 0.03546  loss_mask: 0.08518  loss_rpn_cls: 3.36e-06  loss_rpn_loc: 0.002034    time: 0.0771  last_time: 0.0729  data_time: 0.0021  last_data_time: 0.0020   lr: 0.00025  max_mem: 1682M
[08/15 07:18:55 d2.utils.events]:  eta: 0:01:32  iter: 3799  total_loss: 0.1497  loss_cls: 0.01558  loss_box_reg: 0.0418  loss_mask: 0.1043  loss_rpn_cls: 7.449e-06  loss_rpn_loc: 0.001886    time: 0.0771  last_time: 0.0746  data_time: 0.0021  last_data_time: 0.0021   lr: 0.00025  max_mem: 1682M
[08/15 07:18:55 d2.evaluation.coco_evaluation]: Fast COCO eval is not built. Falling back to official COCO eval.
[08/15 07:18:55 d2.data.datasets.coco]: Loaded 89 images in COCO format from /projects/PUCHALLA/LLP2024/tumor-segmentation/data/processed_data/rgd/test/images/test.json
[08/15 07:18:55 d2.data.dataset_mapper]: [DatasetMapper] Augmentations used in inference: [ResizeShortestEdge(short_edge_length=(800, 800), max_size=1333, sample_style='choice')]
[08/15 07:18:55 d2.data.common]: Serializing the dataset using: <class 'detectron2.data.common._TorchSerializedList'>
[08/15 07:18:55 d2.data.common]: Serializing 89 elements to byte tensors and concatenating them all ...
[08/15 07:18:55 d2.data.common]: Serialized dataset takes 0.07 MiB
[08/15 07:18:55 d2.evaluation.evaluator]: Start inference on 89 batches
[08/15 07:18:56 d2.evaluation.evaluator]: Inference done 11/89. Dataloading: 0.0004 s/iter. Inference: 0.0242 s/iter. Eval: 0.0003 s/iter. Total: 0.0250 s/iter. ETA=0:00:01
[08/15 07:18:58 d2.evaluation.evaluator]: Total inference time: 0:00:02.087928 (0.024856 s / iter per device, on 1 devices)
[08/15 07:18:58 d2.evaluation.evaluator]: Total inference pure compute time: 0:00:01 (0.023698 s / iter per device, on 1 devices)
[08/15 07:18:58 d2.evaluation.coco_evaluation]: Preparing results for COCO format ...
[08/15 07:18:58 d2.evaluation.coco_evaluation]: Saving results to ../../../../../models/rgb-testing/rgd-5000-1/coco_instances_results.json
[08/15 07:18:58 d2.evaluation.coco_evaluation]: Evaluating predictions with official COCO API...
Loading and preparing results...
DONE (t=0.00s)
creating index...
index created!
Running per image evaluation...
Evaluate annotation type *bbox*
DONE (t=0.01s).
Accumulating evaluation results...
DONE (t=0.01s).
 Average Precision  (AP) @[ IoU=0.50:0.95 | area=   all | maxDets=100 ] = 0.785
 Average Precision  (AP) @[ IoU=0.50      | area=   all | maxDets=100 ] = 0.966
 Average Precision  (AP) @[ IoU=0.75      | area=   all | maxDets=100 ] = 0.921
 Average Precision  (AP) @[ IoU=0.50:0.95 | area= small | maxDets=100 ] = -1.000
 Average Precision  (AP) @[ IoU=0.50:0.95 | area=medium | maxDets=100 ] = 0.739
 Average Precision  (AP) @[ IoU=0.50:0.95 | area= large | maxDets=100 ] = 0.792
 Average Recall     (AR) @[ IoU=0.50:0.95 | area=   all | maxDets=  1 ] = 0.830
 Average Recall     (AR) @[ IoU=0.50:0.95 | area=   all | maxDets= 10 ] = 0.835
 Average Recall     (AR) @[ IoU=0.50:0.95 | area=   all | maxDets=100 ] = 0.835
 Average Recall     (AR) @[ IoU=0.50:0.95 | area= small | maxDets=100 ] = -1.000
 Average Recall     (AR) @[ IoU=0.50:0.95 | area=medium | maxDets=100 ] = 0.750
 Average Recall     (AR) @[ IoU=0.50:0.95 | area= large | maxDets=100 ] = 0.846
[08/15 07:18:58 d2.evaluation.coco_evaluation]: Evaluation results for bbox: 
|   AP   |  AP50  |  AP75  |  APs  |  APm   |  APl   |
|:------:|:------:|:------:|:-----:|:------:|:------:|
| 78.480 | 96.603 | 92.107 |  nan  | 73.911 | 79.216 |
[08/15 07:18:58 d2.evaluation.coco_evaluation]: Some metrics cannot be computed and is shown as NaN.
Loading and preparing results...
DONE (t=0.00s)
creating index...
index created!
Running per image evaluation...
Evaluate annotation type *segm*
DONE (t=0.02s).
Accumulating evaluation results...
DONE (t=0.01s).
 Average Precision  (AP) @[ IoU=0.50:0.95 | area=   all | maxDets=100 ] = 0.786
 Average Precision  (AP) @[ IoU=0.50      | area=   all | maxDets=100 ] = 0.966
 Average Precision  (AP) @[ IoU=0.75      | area=   all | maxDets=100 ] = 0.921
 Average Precision  (AP) @[ IoU=0.50:0.95 | area= small | maxDets=100 ] = -1.000
 Average Precision  (AP) @[ IoU=0.50:0.95 | area=medium | maxDets=100 ] = 0.705
 Average Precision  (AP) @[ IoU=0.50:0.95 | area= large | maxDets=100 ] = 0.799
 Average Recall     (AR) @[ IoU=0.50:0.95 | area=   all | maxDets=  1 ] = 0.820
 Average Recall     (AR) @[ IoU=0.50:0.95 | area=   all | maxDets= 10 ] = 0.826
 Average Recall     (AR) @[ IoU=0.50:0.95 | area=   all | maxDets=100 ] = 0.826
 Average Recall     (AR) @[ IoU=0.50:0.95 | area= small | maxDets=100 ] = -1.000
 Average Recall     (AR) @[ IoU=0.50:0.95 | area=medium | maxDets=100 ] = 0.720
 Average Recall     (AR) @[ IoU=0.50:0.95 | area= large | maxDets=100 ] = 0.839
[08/15 07:18:58 d2.evaluation.coco_evaluation]: Evaluation results for segm: 
|   AP   |  AP50  |  AP75  |  APs  |  APm   |  APl   |
|:------:|:------:|:------:|:-----:|:------:|:------:|
| 78.558 | 96.603 | 92.107 |  nan  | 70.457 | 79.866 |
[08/15 07:18:58 d2.evaluation.coco_evaluation]: Some metrics cannot be computed and is shown as NaN.
[Iter 2 AP] → mAP@[.5:.95] = 78.558
[08/15 07:18:58 d2.data.datasets.coco]: Loaded 89 images in COCO format from /projects/PUCHALLA/LLP2024/tumor-segmentation/data/processed_data/rgd/test/images/test.json
[08/15 07:18:58 d2.data.datasets.coco]: Loaded 89 images in COCO format from /projects/PUCHALLA/LLP2024/tumor-segmentation/data/processed_data/rgd/test/images/test.json
[08/15 07:18:58 d2.data.dataset_mapper]: [DatasetMapper] Augmentations used in inference: [ResizeShortestEdge(short_edge_length=(800, 800), max_size=1333, sample_style='choice')]
[08/15 07:18:58 d2.data.common]: Serializing the dataset using: <class 'detectron2.data.common._TorchSerializedList'>
[08/15 07:18:58 d2.data.common]: Serializing 89 elements to byte tensors and concatenating them all ...
[08/15 07:18:58 d2.data.common]: Serialized dataset takes 0.07 MiB
[08/15 07:18:58 d2.evaluation.evaluator]: Start inference on 89 batches
[08/15 07:19:00 d2.evaluation.evaluator]: Total inference time: 0:00:02.075883 (0.024713 s / iter per device, on 1 devices)
[08/15 07:19:00 d2.evaluation.evaluator]: Total inference pure compute time: 0:00:01 (0.023591 s / iter per device, on 1 devices)
[08/15 07:19:01 d2.utils.events]:  eta: 0:01:30  iter: 3819  total_loss: 0.1404  loss_cls: 0.01475  loss_box_reg: 0.03607  loss_mask: 0.0873  loss_rpn_cls: 5.039e-06  loss_rpn_loc: 0.001783    time: 0.0771  last_time: 0.0759  data_time: 0.0021  last_data_time: 0.0021   lr: 0.00025  max_mem: 1682M
[08/15 07:19:03 d2.utils.events]:  eta: 0:01:29  iter: 3839  total_loss: 0.1414  loss_cls: 0.015  loss_box_reg: 0.03447  loss_mask: 0.08954  loss_rpn_cls: 1.252e-05  loss_rpn_loc: 0.001635    time: 0.0771  last_time: 0.0774  data_time: 0.0021  last_data_time: 0.0021   lr: 0.00025  max_mem: 1682M
[08/15 07:19:05 d2.utils.events]:  eta: 0:01:27  iter: 3859  total_loss: 0.1364  loss_cls: 0.01645  loss_box_reg: 0.03696  loss_mask: 0.08316  loss_rpn_cls: 3.46e-06  loss_rpn_loc: 0.001994    time: 0.0771  last_time: 0.0800  data_time: 0.0024  last_data_time: 0.0020   lr: 0.00025  max_mem: 1682M
[08/15 07:19:06 d2.utils.events]:  eta: 0:01:26  iter: 3879  total_loss: 0.1359  loss_cls: 0.01443  loss_box_reg: 0.03437  loss_mask: 0.08585  loss_rpn_cls: 2.174e-06  loss_rpn_loc: 0.001813    time: 0.0771  last_time: 0.0830  data_time: 0.0021  last_data_time: 0.0024   lr: 0.00025  max_mem: 1682M
[08/15 07:19:08 d2.utils.events]:  eta: 0:01:24  iter: 3899  total_loss: 0.1504  loss_cls: 0.01661  loss_box_reg: 0.03534  loss_mask: 0.09209  loss_rpn_cls: 3.682e-06  loss_rpn_loc: 0.001895    time: 0.0771  last_time: 0.0808  data_time: 0.0021  last_data_time: 0.0021   lr: 0.00025  max_mem: 1682M
[08/15 07:19:08 d2.evaluation.coco_evaluation]: Fast COCO eval is not built. Falling back to official COCO eval.
[08/15 07:19:08 d2.data.datasets.coco]: Loaded 89 images in COCO format from /projects/PUCHALLA/LLP2024/tumor-segmentation/data/processed_data/rgd/test/images/test.json
[08/15 07:19:08 d2.data.dataset_mapper]: [DatasetMapper] Augmentations used in inference: [ResizeShortestEdge(short_edge_length=(800, 800), max_size=1333, sample_style='choice')]
[08/15 07:19:08 d2.data.common]: Serializing the dataset using: <class 'detectron2.data.common._TorchSerializedList'>
[08/15 07:19:08 d2.data.common]: Serializing 89 elements to byte tensors and concatenating them all ...
[08/15 07:19:08 d2.data.common]: Serialized dataset takes 0.07 MiB
[08/15 07:19:08 d2.evaluation.evaluator]: Start inference on 89 batches
[08/15 07:19:08 d2.evaluation.evaluator]: Inference done 11/89. Dataloading: 0.0004 s/iter. Inference: 0.0235 s/iter. Eval: 0.0003 s/iter. Total: 0.0243 s/iter. ETA=0:00:01
[08/15 07:19:10 d2.evaluation.evaluator]: Total inference time: 0:00:02.080692 (0.024770 s / iter per device, on 1 devices)
[08/15 07:19:10 d2.evaluation.evaluator]: Total inference pure compute time: 0:00:01 (0.023599 s / iter per device, on 1 devices)
[08/15 07:19:10 d2.evaluation.coco_evaluation]: Preparing results for COCO format ...
[08/15 07:19:10 d2.evaluation.coco_evaluation]: Saving results to ../../../../../models/rgb-testing/rgd-5000-1/coco_instances_results.json
[08/15 07:19:10 d2.evaluation.coco_evaluation]: Evaluating predictions with official COCO API...
Loading and preparing results...
DONE (t=0.00s)
creating index...
index created!
Running per image evaluation...
Evaluate annotation type *bbox*
DONE (t=0.01s).
Accumulating evaluation results...
DONE (t=0.01s).
 Average Precision  (AP) @[ IoU=0.50:0.95 | area=   all | maxDets=100 ] = 0.766
 Average Precision  (AP) @[ IoU=0.50      | area=   all | maxDets=100 ] = 0.967
 Average Precision  (AP) @[ IoU=0.75      | area=   all | maxDets=100 ] = 0.907
 Average Precision  (AP) @[ IoU=0.50:0.95 | area= small | maxDets=100 ] = -1.000
 Average Precision  (AP) @[ IoU=0.50:0.95 | area=medium | maxDets=100 ] = 0.688
 Average Precision  (AP) @[ IoU=0.50:0.95 | area= large | maxDets=100 ] = 0.777
 Average Recall     (AR) @[ IoU=0.50:0.95 | area=   all | maxDets=  1 ] = 0.811
 Average Recall     (AR) @[ IoU=0.50:0.95 | area=   all | maxDets= 10 ] = 0.817
 Average Recall     (AR) @[ IoU=0.50:0.95 | area=   all | maxDets=100 ] = 0.817
 Average Recall     (AR) @[ IoU=0.50:0.95 | area= small | maxDets=100 ] = -1.000
 Average Recall     (AR) @[ IoU=0.50:0.95 | area=medium | maxDets=100 ] = 0.730
 Average Recall     (AR) @[ IoU=0.50:0.95 | area= large | maxDets=100 ] = 0.828
[08/15 07:19:10 d2.evaluation.coco_evaluation]: Evaluation results for bbox: 
|   AP   |  AP50  |  AP75  |  APs  |  APm   |  APl   |
|:------:|:------:|:------:|:-----:|:------:|:------:|
| 76.614 | 96.725 | 90.665 |  nan  | 68.775 | 77.676 |
[08/15 07:19:10 d2.evaluation.coco_evaluation]: Some metrics cannot be computed and is shown as NaN.
Loading and preparing results...
DONE (t=0.00s)
creating index...
index created!
Running per image evaluation...
Evaluate annotation type *segm*
DONE (t=0.02s).
Accumulating evaluation results...
DONE (t=0.01s).
 Average Precision  (AP) @[ IoU=0.50:0.95 | area=   all | maxDets=100 ] = 0.776
 Average Precision  (AP) @[ IoU=0.50      | area=   all | maxDets=100 ] = 0.967
 Average Precision  (AP) @[ IoU=0.75      | area=   all | maxDets=100 ] = 0.926
 Average Precision  (AP) @[ IoU=0.50:0.95 | area= small | maxDets=100 ] = -1.000
 Average Precision  (AP) @[ IoU=0.50:0.95 | area=medium | maxDets=100 ] = 0.675
 Average Precision  (AP) @[ IoU=0.50:0.95 | area= large | maxDets=100 ] = 0.790
 Average Recall     (AR) @[ IoU=0.50:0.95 | area=   all | maxDets=  1 ] = 0.810
 Average Recall     (AR) @[ IoU=0.50:0.95 | area=   all | maxDets= 10 ] = 0.817
 Average Recall     (AR) @[ IoU=0.50:0.95 | area=   all | maxDets=100 ] = 0.817
 Average Recall     (AR) @[ IoU=0.50:0.95 | area= small | maxDets=100 ] = -1.000
 Average Recall     (AR) @[ IoU=0.50:0.95 | area=medium | maxDets=100 ] = 0.700
 Average Recall     (AR) @[ IoU=0.50:0.95 | area= large | maxDets=100 ] = 0.832
[08/15 07:19:10 d2.evaluation.coco_evaluation]: Evaluation results for segm: 
|   AP   |  AP50  |  AP75  |  APs  |  APm   |  APl   |
|:------:|:------:|:------:|:-----:|:------:|:------:|
| 77.574 | 96.725 | 92.568 |  nan  | 67.503 | 79.026 |
[08/15 07:19:10 d2.evaluation.coco_evaluation]: Some metrics cannot be computed and is shown as NaN.
[Iter 2 AP] → mAP@[.5:.95] = 77.574
[08/15 07:19:10 d2.data.datasets.coco]: Loaded 89 images in COCO format from /projects/PUCHALLA/LLP2024/tumor-segmentation/data/processed_data/rgd/test/images/test.json
[08/15 07:19:10 d2.data.datasets.coco]: Loaded 89 images in COCO format from /projects/PUCHALLA/LLP2024/tumor-segmentation/data/processed_data/rgd/test/images/test.json
[08/15 07:19:10 d2.data.dataset_mapper]: [DatasetMapper] Augmentations used in inference: [ResizeShortestEdge(short_edge_length=(800, 800), max_size=1333, sample_style='choice')]
[08/15 07:19:10 d2.data.common]: Serializing the dataset using: <class 'detectron2.data.common._TorchSerializedList'>
[08/15 07:19:10 d2.data.common]: Serializing 89 elements to byte tensors and concatenating them all ...
[08/15 07:19:10 d2.data.common]: Serialized dataset takes 0.07 MiB
[08/15 07:19:10 d2.evaluation.evaluator]: Start inference on 89 batches
[08/15 07:19:12 d2.evaluation.evaluator]: Total inference time: 0:00:02.070399 (0.024648 s / iter per device, on 1 devices)
[08/15 07:19:12 d2.evaluation.evaluator]: Total inference pure compute time: 0:00:01 (0.023467 s / iter per device, on 1 devices)
[08/15 07:19:14 d2.utils.events]:  eta: 0:01:23  iter: 3919  total_loss: 0.1291  loss_cls: 0.01354  loss_box_reg: 0.03087  loss_mask: 0.08047  loss_rpn_cls: 2.746e-06  loss_rpn_loc: 0.001811    time: 0.0771  last_time: 0.0753  data_time: 0.0021  last_data_time: 0.0021   lr: 0.00025  max_mem: 1682M
[08/15 07:19:15 d2.utils.events]:  eta: 0:01:21  iter: 3939  total_loss: 0.1364  loss_cls: 0.01541  loss_box_reg: 0.03597  loss_mask: 0.08567  loss_rpn_cls: 4.757e-06  loss_rpn_loc: 0.001882    time: 0.0771  last_time: 0.0801  data_time: 0.0022  last_data_time: 0.0020   lr: 0.00025  max_mem: 1682M
[08/15 07:19:17 d2.utils.events]:  eta: 0:01:20  iter: 3959  total_loss: 0.1233  loss_cls: 0.01343  loss_box_reg: 0.03195  loss_mask: 0.08137  loss_rpn_cls: 3.117e-06  loss_rpn_loc: 0.001509    time: 0.0771  last_time: 0.0806  data_time: 0.0021  last_data_time: 0.0021   lr: 0.00025  max_mem: 1682M
[08/15 07:19:18 d2.utils.events]:  eta: 0:01:18  iter: 3979  total_loss: 0.1415  loss_cls: 0.01435  loss_box_reg: 0.03546  loss_mask: 0.09351  loss_rpn_cls: 8.425e-06  loss_rpn_loc: 0.001716    time: 0.0771  last_time: 0.0801  data_time: 0.0022  last_data_time: 0.0021   lr: 0.00025  max_mem: 1682M
[08/15 07:19:20 d2.utils.events]:  eta: 0:01:16  iter: 3999  total_loss: 0.1375  loss_cls: 0.01393  loss_box_reg: 0.03455  loss_mask: 0.08665  loss_rpn_cls: 3.278e-06  loss_rpn_loc: 0.001728    time: 0.0771  last_time: 0.0775  data_time: 0.0022  last_data_time: 0.0021   lr: 0.00025  max_mem: 1682M
[08/15 07:19:20 d2.evaluation.coco_evaluation]: Fast COCO eval is not built. Falling back to official COCO eval.
[08/15 07:19:20 d2.data.datasets.coco]: Loaded 89 images in COCO format from /projects/PUCHALLA/LLP2024/tumor-segmentation/data/processed_data/rgd/test/images/test.json
[08/15 07:19:20 d2.data.dataset_mapper]: [DatasetMapper] Augmentations used in inference: [ResizeShortestEdge(short_edge_length=(800, 800), max_size=1333, sample_style='choice')]
[08/15 07:19:20 d2.data.common]: Serializing the dataset using: <class 'detectron2.data.common._TorchSerializedList'>
[08/15 07:19:20 d2.data.common]: Serializing 89 elements to byte tensors and concatenating them all ...
[08/15 07:19:20 d2.data.common]: Serialized dataset takes 0.07 MiB
[08/15 07:19:20 d2.evaluation.evaluator]: Start inference on 89 batches
[08/15 07:19:20 d2.evaluation.evaluator]: Inference done 11/89. Dataloading: 0.0005 s/iter. Inference: 0.0238 s/iter. Eval: 0.0003 s/iter. Total: 0.0246 s/iter. ETA=0:00:01
[08/15 07:19:22 d2.evaluation.evaluator]: Total inference time: 0:00:02.080730 (0.024771 s / iter per device, on 1 devices)
[08/15 07:19:22 d2.evaluation.evaluator]: Total inference pure compute time: 0:00:01 (0.023603 s / iter per device, on 1 devices)
[08/15 07:19:22 d2.evaluation.coco_evaluation]: Preparing results for COCO format ...
[08/15 07:19:22 d2.evaluation.coco_evaluation]: Saving results to ../../../../../models/rgb-testing/rgd-5000-1/coco_instances_results.json
[08/15 07:19:22 d2.evaluation.coco_evaluation]: Evaluating predictions with official COCO API...
Loading and preparing results...
DONE (t=0.00s)
creating index...
index created!
Running per image evaluation...
Evaluate annotation type *bbox*
DONE (t=0.01s).
Accumulating evaluation results...
DONE (t=0.01s).
 Average Precision  (AP) @[ IoU=0.50:0.95 | area=   all | maxDets=100 ] = 0.778
 Average Precision  (AP) @[ IoU=0.50      | area=   all | maxDets=100 ] = 0.966
 Average Precision  (AP) @[ IoU=0.75      | area=   all | maxDets=100 ] = 0.923
 Average Precision  (AP) @[ IoU=0.50:0.95 | area= small | maxDets=100 ] = -1.000
 Average Precision  (AP) @[ IoU=0.50:0.95 | area=medium | maxDets=100 ] = 0.726
 Average Precision  (AP) @[ IoU=0.50:0.95 | area= large | maxDets=100 ] = 0.787
 Average Recall     (AR) @[ IoU=0.50:0.95 | area=   all | maxDets=  1 ] = 0.821
 Average Recall     (AR) @[ IoU=0.50:0.95 | area=   all | maxDets= 10 ] = 0.827
 Average Recall     (AR) @[ IoU=0.50:0.95 | area=   all | maxDets=100 ] = 0.827
 Average Recall     (AR) @[ IoU=0.50:0.95 | area= small | maxDets=100 ] = -1.000
 Average Recall     (AR) @[ IoU=0.50:0.95 | area=medium | maxDets=100 ] = 0.740
 Average Recall     (AR) @[ IoU=0.50:0.95 | area= large | maxDets=100 ] = 0.838
[08/15 07:19:22 d2.evaluation.coco_evaluation]: Evaluation results for bbox: 
|   AP   |  AP50  |  AP75  |  APs  |  APm   |  APl   |
|:------:|:------:|:------:|:-----:|:------:|:------:|
| 77.814 | 96.644 | 92.293 |  nan  | 72.621 | 78.740 |
[08/15 07:19:22 d2.evaluation.coco_evaluation]: Some metrics cannot be computed and is shown as NaN.
Loading and preparing results...
DONE (t=0.00s)
creating index...
index created!
Running per image evaluation...
Evaluate annotation type *segm*
DONE (t=0.02s).
Accumulating evaluation results...
DONE (t=0.01s).
 Average Precision  (AP) @[ IoU=0.50:0.95 | area=   all | maxDets=100 ] = 0.781
 Average Precision  (AP) @[ IoU=0.50      | area=   all | maxDets=100 ] = 0.966
 Average Precision  (AP) @[ IoU=0.75      | area=   all | maxDets=100 ] = 0.932
 Average Precision  (AP) @[ IoU=0.50:0.95 | area= small | maxDets=100 ] = -1.000
 Average Precision  (AP) @[ IoU=0.50:0.95 | area=medium | maxDets=100 ] = 0.719
 Average Precision  (AP) @[ IoU=0.50:0.95 | area= large | maxDets=100 ] = 0.791
 Average Recall     (AR) @[ IoU=0.50:0.95 | area=   all | maxDets=  1 ] = 0.815
 Average Recall     (AR) @[ IoU=0.50:0.95 | area=   all | maxDets= 10 ] = 0.821
 Average Recall     (AR) @[ IoU=0.50:0.95 | area=   all | maxDets=100 ] = 0.821
 Average Recall     (AR) @[ IoU=0.50:0.95 | area= small | maxDets=100 ] = -1.000
 Average Recall     (AR) @[ IoU=0.50:0.95 | area=medium | maxDets=100 ] = 0.730
 Average Recall     (AR) @[ IoU=0.50:0.95 | area= large | maxDets=100 ] = 0.833
[08/15 07:19:22 d2.evaluation.coco_evaluation]: Evaluation results for segm: 
|   AP   |  AP50  |  AP75  |  APs  |  APm   |  APl   |
|:------:|:------:|:------:|:-----:|:------:|:------:|
| 78.078 | 96.644 | 93.228 |  nan  | 71.876 | 79.083 |
[08/15 07:19:22 d2.evaluation.coco_evaluation]: Some metrics cannot be computed and is shown as NaN.
[Iter 2 AP] → mAP@[.5:.95] = 78.078
[08/15 07:19:22 d2.data.datasets.coco]: Loaded 89 images in COCO format from /projects/PUCHALLA/LLP2024/tumor-segmentation/data/processed_data/rgd/test/images/test.json
[08/15 07:19:22 d2.data.datasets.coco]: Loaded 89 images in COCO format from /projects/PUCHALLA/LLP2024/tumor-segmentation/data/processed_data/rgd/test/images/test.json
[08/15 07:19:22 d2.data.dataset_mapper]: [DatasetMapper] Augmentations used in inference: [ResizeShortestEdge(short_edge_length=(800, 800), max_size=1333, sample_style='choice')]
[08/15 07:19:22 d2.data.common]: Serializing the dataset using: <class 'detectron2.data.common._TorchSerializedList'>
[08/15 07:19:22 d2.data.common]: Serializing 89 elements to byte tensors and concatenating them all ...
[08/15 07:19:22 d2.data.common]: Serialized dataset takes 0.07 MiB
[08/15 07:19:22 d2.evaluation.evaluator]: Start inference on 89 batches
[08/15 07:19:25 d2.evaluation.evaluator]: Total inference time: 0:00:02.104858 (0.025058 s / iter per device, on 1 devices)
[08/15 07:19:25 d2.evaluation.evaluator]: Total inference pure compute time: 0:00:02 (0.023908 s / iter per device, on 1 devices)
[08/15 07:19:26 d2.utils.events]:  eta: 0:01:15  iter: 4019  total_loss: 0.1259  loss_cls: 0.01451  loss_box_reg: 0.02933  loss_mask: 0.07733  loss_rpn_cls: 1.599e-05  loss_rpn_loc: 0.001933    time: 0.0771  last_time: 0.0776  data_time: 0.0021  last_data_time: 0.0021   lr: 0.000125  max_mem: 1682M
[08/15 07:19:28 d2.utils.events]:  eta: 0:01:13  iter: 4039  total_loss: 0.1455  loss_cls: 0.01361  loss_box_reg: 0.03577  loss_mask: 0.09053  loss_rpn_cls: 4.686e-06  loss_rpn_loc: 0.001742    time: 0.0771  last_time: 0.0735  data_time: 0.0022  last_data_time: 0.0020   lr: 0.000125  max_mem: 1682M
[08/15 07:19:29 d2.utils.events]:  eta: 0:01:12  iter: 4059  total_loss: 0.1252  loss_cls: 0.01446  loss_box_reg: 0.03175  loss_mask: 0.07382  loss_rpn_cls: 3.313e-06  loss_rpn_loc: 0.001677    time: 0.0771  last_time: 0.0766  data_time: 0.0021  last_data_time: 0.0021   lr: 0.000125  max_mem: 1682M
[08/15 07:19:31 d2.utils.events]:  eta: 0:01:10  iter: 4079  total_loss: 0.1359  loss_cls: 0.01252  loss_box_reg: 0.02776  loss_mask: 0.09329  loss_rpn_cls: 4.205e-06  loss_rpn_loc: 0.001863    time: 0.0771  last_time: 0.0762  data_time: 0.0022  last_data_time: 0.0020   lr: 0.000125  max_mem: 1682M
[08/15 07:19:32 d2.utils.events]:  eta: 0:01:09  iter: 4099  total_loss: 0.1304  loss_cls: 0.01418  loss_box_reg: 0.03364  loss_mask: 0.08567  loss_rpn_cls: 9.851e-06  loss_rpn_loc: 0.001899    time: 0.0771  last_time: 0.0764  data_time: 0.0021  last_data_time: 0.0020   lr: 0.000125  max_mem: 1682M
[08/15 07:19:32 d2.evaluation.coco_evaluation]: Fast COCO eval is not built. Falling back to official COCO eval.
[08/15 07:19:33 d2.data.datasets.coco]: Loaded 89 images in COCO format from /projects/PUCHALLA/LLP2024/tumor-segmentation/data/processed_data/rgd/test/images/test.json
[08/15 07:19:33 d2.data.dataset_mapper]: [DatasetMapper] Augmentations used in inference: [ResizeShortestEdge(short_edge_length=(800, 800), max_size=1333, sample_style='choice')]
[08/15 07:19:33 d2.data.common]: Serializing the dataset using: <class 'detectron2.data.common._TorchSerializedList'>
[08/15 07:19:33 d2.data.common]: Serializing 89 elements to byte tensors and concatenating them all ...
[08/15 07:19:33 d2.data.common]: Serialized dataset takes 0.07 MiB
[08/15 07:19:33 d2.evaluation.evaluator]: Start inference on 89 batches
[08/15 07:19:33 d2.evaluation.evaluator]: Inference done 11/89. Dataloading: 0.0005 s/iter. Inference: 0.0237 s/iter. Eval: 0.0003 s/iter. Total: 0.0245 s/iter. ETA=0:00:01
[08/15 07:19:35 d2.evaluation.evaluator]: Total inference time: 0:00:02.102283 (0.025027 s / iter per device, on 1 devices)
[08/15 07:19:35 d2.evaluation.evaluator]: Total inference pure compute time: 0:00:02 (0.023853 s / iter per device, on 1 devices)
[08/15 07:19:35 d2.evaluation.coco_evaluation]: Preparing results for COCO format ...
[08/15 07:19:35 d2.evaluation.coco_evaluation]: Saving results to ../../../../../models/rgb-testing/rgd-5000-1/coco_instances_results.json
[08/15 07:19:35 d2.evaluation.coco_evaluation]: Evaluating predictions with official COCO API...
Loading and preparing results...
DONE (t=0.00s)
creating index...
index created!
Running per image evaluation...
Evaluate annotation type *bbox*
DONE (t=0.01s).
Accumulating evaluation results...
DONE (t=0.01s).
 Average Precision  (AP) @[ IoU=0.50:0.95 | area=   all | maxDets=100 ] = 0.779
 Average Precision  (AP) @[ IoU=0.50      | area=   all | maxDets=100 ] = 0.967
 Average Precision  (AP) @[ IoU=0.75      | area=   all | maxDets=100 ] = 0.915
 Average Precision  (AP) @[ IoU=0.50:0.95 | area= small | maxDets=100 ] = -1.000
 Average Precision  (AP) @[ IoU=0.50:0.95 | area=medium | maxDets=100 ] = 0.723
 Average Precision  (AP) @[ IoU=0.50:0.95 | area= large | maxDets=100 ] = 0.787
 Average Recall     (AR) @[ IoU=0.50:0.95 | area=   all | maxDets=  1 ] = 0.821
 Average Recall     (AR) @[ IoU=0.50:0.95 | area=   all | maxDets= 10 ] = 0.826
 Average Recall     (AR) @[ IoU=0.50:0.95 | area=   all | maxDets=100 ] = 0.826
 Average Recall     (AR) @[ IoU=0.50:0.95 | area= small | maxDets=100 ] = -1.000
 Average Recall     (AR) @[ IoU=0.50:0.95 | area=medium | maxDets=100 ] = 0.740
 Average Recall     (AR) @[ IoU=0.50:0.95 | area= large | maxDets=100 ] = 0.837
[08/15 07:19:35 d2.evaluation.coco_evaluation]: Evaluation results for bbox: 
|   AP   |  AP50  |  AP75  |  APs  |  APm   |  APl   |
|:------:|:------:|:------:|:-----:|:------:|:------:|
| 77.913 | 96.673 | 91.524 |  nan  | 72.335 | 78.698 |
[08/15 07:19:35 d2.evaluation.coco_evaluation]: Some metrics cannot be computed and is shown as NaN.
Loading and preparing results...
DONE (t=0.00s)
creating index...
index created!
Running per image evaluation...
Evaluate annotation type *segm*
DONE (t=0.02s).
Accumulating evaluation results...
DONE (t=0.01s).
 Average Precision  (AP) @[ IoU=0.50:0.95 | area=   all | maxDets=100 ] = 0.780
 Average Precision  (AP) @[ IoU=0.50      | area=   all | maxDets=100 ] = 0.967
 Average Precision  (AP) @[ IoU=0.75      | area=   all | maxDets=100 ] = 0.916
 Average Precision  (AP) @[ IoU=0.50:0.95 | area= small | maxDets=100 ] = -1.000
 Average Precision  (AP) @[ IoU=0.50:0.95 | area=medium | maxDets=100 ] = 0.714
 Average Precision  (AP) @[ IoU=0.50:0.95 | area= large | maxDets=100 ] = 0.790
 Average Recall     (AR) @[ IoU=0.50:0.95 | area=   all | maxDets=  1 ] = 0.813
 Average Recall     (AR) @[ IoU=0.50:0.95 | area=   all | maxDets= 10 ] = 0.819
 Average Recall     (AR) @[ IoU=0.50:0.95 | area=   all | maxDets=100 ] = 0.819
 Average Recall     (AR) @[ IoU=0.50:0.95 | area= small | maxDets=100 ] = -1.000
 Average Recall     (AR) @[ IoU=0.50:0.95 | area=medium | maxDets=100 ] = 0.730
 Average Recall     (AR) @[ IoU=0.50:0.95 | area= large | maxDets=100 ] = 0.830
[08/15 07:19:35 d2.evaluation.coco_evaluation]: Evaluation results for segm: 
|   AP   |  AP50  |  AP75  |  APs  |  APm   |  APl   |
|:------:|:------:|:------:|:-----:|:------:|:------:|
| 78.027 | 96.673 | 91.553 |  nan  | 71.381 | 79.013 |
[08/15 07:19:35 d2.evaluation.coco_evaluation]: Some metrics cannot be computed and is shown as NaN.
[Iter 2 AP] → mAP@[.5:.95] = 78.027
[08/15 07:19:35 d2.data.datasets.coco]: Loaded 89 images in COCO format from /projects/PUCHALLA/LLP2024/tumor-segmentation/data/processed_data/rgd/test/images/test.json
[08/15 07:19:35 d2.data.datasets.coco]: Loaded 89 images in COCO format from /projects/PUCHALLA/LLP2024/tumor-segmentation/data/processed_data/rgd/test/images/test.json
[08/15 07:19:35 d2.data.dataset_mapper]: [DatasetMapper] Augmentations used in inference: [ResizeShortestEdge(short_edge_length=(800, 800), max_size=1333, sample_style='choice')]
[08/15 07:19:35 d2.data.common]: Serializing the dataset using: <class 'detectron2.data.common._TorchSerializedList'>
[08/15 07:19:35 d2.data.common]: Serializing 89 elements to byte tensors and concatenating them all ...
[08/15 07:19:35 d2.data.common]: Serialized dataset takes 0.07 MiB
[08/15 07:19:35 d2.evaluation.evaluator]: Start inference on 89 batches
[08/15 07:19:37 d2.evaluation.evaluator]: Total inference time: 0:00:02.102568 (0.025031 s / iter per device, on 1 devices)
[08/15 07:19:37 d2.evaluation.evaluator]: Total inference pure compute time: 0:00:02 (0.023859 s / iter per device, on 1 devices)
[08/15 07:19:39 d2.utils.events]:  eta: 0:01:07  iter: 4119  total_loss: 0.1412  loss_cls: 0.01448  loss_box_reg: 0.033  loss_mask: 0.08733  loss_rpn_cls: 9.71e-07  loss_rpn_loc: 0.001741    time: 0.0771  last_time: 0.0767  data_time: 0.0021  last_data_time: 0.0021   lr: 0.000125  max_mem: 1682M
[08/15 07:19:40 d2.utils.events]:  eta: 0:01:06  iter: 4139  total_loss: 0.1287  loss_cls: 0.01511  loss_box_reg: 0.03081  loss_mask: 0.08059  loss_rpn_cls: 6.236e-06  loss_rpn_loc: 0.001698    time: 0.0771  last_time: 0.0753  data_time: 0.0023  last_data_time: 0.0022   lr: 0.000125  max_mem: 1682M
[08/15 07:19:42 d2.utils.events]:  eta: 0:01:04  iter: 4159  total_loss: 0.1208  loss_cls: 0.01367  loss_box_reg: 0.02946  loss_mask: 0.07652  loss_rpn_cls: 4.89e-06  loss_rpn_loc: 0.001684    time: 0.0771  last_time: 0.0727  data_time: 0.0023  last_data_time: 0.0021   lr: 0.000125  max_mem: 1682M
[08/15 07:19:43 d2.utils.events]:  eta: 0:01:03  iter: 4179  total_loss: 0.1279  loss_cls: 0.01432  loss_box_reg: 0.03065  loss_mask: 0.07877  loss_rpn_cls: 1.335e-05  loss_rpn_loc: 0.001978    time: 0.0771  last_time: 0.0685  data_time: 0.0024  last_data_time: 0.0021   lr: 0.000125  max_mem: 1682M
[08/15 07:19:45 d2.utils.events]:  eta: 0:01:01  iter: 4199  total_loss: 0.141  loss_cls: 0.01531  loss_box_reg: 0.03565  loss_mask: 0.08475  loss_rpn_cls: 4.687e-06  loss_rpn_loc: 0.002007    time: 0.0771  last_time: 0.0806  data_time: 0.0021  last_data_time: 0.0020   lr: 0.000125  max_mem: 1682M
[08/15 07:19:45 d2.evaluation.coco_evaluation]: Fast COCO eval is not built. Falling back to official COCO eval.
[08/15 07:19:45 d2.data.datasets.coco]: Loaded 89 images in COCO format from /projects/PUCHALLA/LLP2024/tumor-segmentation/data/processed_data/rgd/test/images/test.json
[08/15 07:19:45 d2.data.dataset_mapper]: [DatasetMapper] Augmentations used in inference: [ResizeShortestEdge(short_edge_length=(800, 800), max_size=1333, sample_style='choice')]
[08/15 07:19:45 d2.data.common]: Serializing the dataset using: <class 'detectron2.data.common._TorchSerializedList'>
[08/15 07:19:45 d2.data.common]: Serializing 89 elements to byte tensors and concatenating them all ...
[08/15 07:19:45 d2.data.common]: Serialized dataset takes 0.07 MiB
[08/15 07:19:45 d2.evaluation.evaluator]: Start inference on 89 batches
[08/15 07:19:45 d2.evaluation.evaluator]: Inference done 11/89. Dataloading: 0.0004 s/iter. Inference: 0.0243 s/iter. Eval: 0.0003 s/iter. Total: 0.0251 s/iter. ETA=0:00:01
[08/15 07:19:47 d2.evaluation.evaluator]: Total inference time: 0:00:02.103913 (0.025047 s / iter per device, on 1 devices)
[08/15 07:19:47 d2.evaluation.evaluator]: Total inference pure compute time: 0:00:02 (0.023875 s / iter per device, on 1 devices)
[08/15 07:19:47 d2.evaluation.coco_evaluation]: Preparing results for COCO format ...
[08/15 07:19:47 d2.evaluation.coco_evaluation]: Saving results to ../../../../../models/rgb-testing/rgd-5000-1/coco_instances_results.json
[08/15 07:19:47 d2.evaluation.coco_evaluation]: Evaluating predictions with official COCO API...
Loading and preparing results...
DONE (t=0.00s)
creating index...
index created!
Running per image evaluation...
Evaluate annotation type *bbox*
DONE (t=0.02s).
Accumulating evaluation results...
DONE (t=0.01s).
 Average Precision  (AP) @[ IoU=0.50:0.95 | area=   all | maxDets=100 ] = 0.785
 Average Precision  (AP) @[ IoU=0.50      | area=   all | maxDets=100 ] = 0.970
 Average Precision  (AP) @[ IoU=0.75      | area=   all | maxDets=100 ] = 0.925
 Average Precision  (AP) @[ IoU=0.50:0.95 | area= small | maxDets=100 ] = -1.000
 Average Precision  (AP) @[ IoU=0.50:0.95 | area=medium | maxDets=100 ] = 0.733
 Average Precision  (AP) @[ IoU=0.50:0.95 | area= large | maxDets=100 ] = 0.794
 Average Recall     (AR) @[ IoU=0.50:0.95 | area=   all | maxDets=  1 ] = 0.827
 Average Recall     (AR) @[ IoU=0.50:0.95 | area=   all | maxDets= 10 ] = 0.828
 Average Recall     (AR) @[ IoU=0.50:0.95 | area=   all | maxDets=100 ] = 0.828
 Average Recall     (AR) @[ IoU=0.50:0.95 | area= small | maxDets=100 ] = -1.000
 Average Recall     (AR) @[ IoU=0.50:0.95 | area=medium | maxDets=100 ] = 0.750
 Average Recall     (AR) @[ IoU=0.50:0.95 | area= large | maxDets=100 ] = 0.838
[08/15 07:19:47 d2.evaluation.coco_evaluation]: Evaluation results for bbox: 
|   AP   |  AP50  |  AP75  |  APs  |  APm   |  APl   |
|:------:|:------:|:------:|:-----:|:------:|:------:|
| 78.548 | 97.041 | 92.518 |  nan  | 73.325 | 79.403 |
[08/15 07:19:47 d2.evaluation.coco_evaluation]: Some metrics cannot be computed and is shown as NaN.
Loading and preparing results...
DONE (t=0.00s)
creating index...
index created!
Running per image evaluation...
Evaluate annotation type *segm*
DONE (t=0.02s).
Accumulating evaluation results...
DONE (t=0.01s).
 Average Precision  (AP) @[ IoU=0.50:0.95 | area=   all | maxDets=100 ] = 0.782
 Average Precision  (AP) @[ IoU=0.50      | area=   all | maxDets=100 ] = 0.967
 Average Precision  (AP) @[ IoU=0.75      | area=   all | maxDets=100 ] = 0.925
 Average Precision  (AP) @[ IoU=0.50:0.95 | area= small | maxDets=100 ] = -1.000
 Average Precision  (AP) @[ IoU=0.50:0.95 | area=medium | maxDets=100 ] = 0.707
 Average Precision  (AP) @[ IoU=0.50:0.95 | area= large | maxDets=100 ] = 0.794
 Average Recall     (AR) @[ IoU=0.50:0.95 | area=   all | maxDets=  1 ] = 0.815
 Average Recall     (AR) @[ IoU=0.50:0.95 | area=   all | maxDets= 10 ] = 0.818
 Average Recall     (AR) @[ IoU=0.50:0.95 | area=   all | maxDets=100 ] = 0.818
 Average Recall     (AR) @[ IoU=0.50:0.95 | area= small | maxDets=100 ] = -1.000
 Average Recall     (AR) @[ IoU=0.50:0.95 | area=medium | maxDets=100 ] = 0.720
 Average Recall     (AR) @[ IoU=0.50:0.95 | area= large | maxDets=100 ] = 0.830
[08/15 07:19:47 d2.evaluation.coco_evaluation]: Evaluation results for segm: 
|   AP   |  AP50  |  AP75  |  APs  |  APm   |  APl   |
|:------:|:------:|:------:|:-----:|:------:|:------:|
| 78.193 | 96.726 | 92.518 |  nan  | 70.674 | 79.394 |
[08/15 07:19:47 d2.evaluation.coco_evaluation]: Some metrics cannot be computed and is shown as NaN.
[Iter 2 AP] → mAP@[.5:.95] = 78.193
[08/15 07:19:47 d2.data.datasets.coco]: Loaded 89 images in COCO format from /projects/PUCHALLA/LLP2024/tumor-segmentation/data/processed_data/rgd/test/images/test.json
[08/15 07:19:47 d2.data.datasets.coco]: Loaded 89 images in COCO format from /projects/PUCHALLA/LLP2024/tumor-segmentation/data/processed_data/rgd/test/images/test.json
[08/15 07:19:47 d2.data.dataset_mapper]: [DatasetMapper] Augmentations used in inference: [ResizeShortestEdge(short_edge_length=(800, 800), max_size=1333, sample_style='choice')]
[08/15 07:19:47 d2.data.common]: Serializing the dataset using: <class 'detectron2.data.common._TorchSerializedList'>
[08/15 07:19:47 d2.data.common]: Serializing 89 elements to byte tensors and concatenating them all ...
[08/15 07:19:47 d2.data.common]: Serialized dataset takes 0.07 MiB
[08/15 07:19:47 d2.evaluation.evaluator]: Start inference on 89 batches
[08/15 07:19:50 d2.evaluation.evaluator]: Total inference time: 0:00:02.084579 (0.024816 s / iter per device, on 1 devices)
[08/15 07:19:50 d2.evaluation.evaluator]: Total inference pure compute time: 0:00:01 (0.023666 s / iter per device, on 1 devices)
[08/15 07:19:51 d2.utils.events]:  eta: 0:00:59  iter: 4219  total_loss: 0.1272  loss_cls: 0.01385  loss_box_reg: 0.03008  loss_mask: 0.08182  loss_rpn_cls: 4.89e-06  loss_rpn_loc: 0.001728    time: 0.0771  last_time: 0.0750  data_time: 0.0023  last_data_time: 0.0021   lr: 0.000125  max_mem: 1682M
[08/15 07:19:53 d2.utils.events]:  eta: 0:00:58  iter: 4239  total_loss: 0.1251  loss_cls: 0.01377  loss_box_reg: 0.02862  loss_mask: 0.08291  loss_rpn_cls: 7.533e-06  loss_rpn_loc: 0.002166    time: 0.0771  last_time: 0.0807  data_time: 0.0021  last_data_time: 0.0020   lr: 0.000125  max_mem: 1682M
[08/15 07:19:54 d2.utils.events]:  eta: 0:00:56  iter: 4259  total_loss: 0.114  loss_cls: 0.01278  loss_box_reg: 0.0284  loss_mask: 0.07206  loss_rpn_cls: 1.583e-06  loss_rpn_loc: 0.001628    time: 0.0771  last_time: 0.0734  data_time: 0.0021  last_data_time: 0.0021   lr: 0.000125  max_mem: 1682M
[08/15 07:19:56 d2.utils.events]:  eta: 0:00:55  iter: 4279  total_loss: 0.1199  loss_cls: 0.01407  loss_box_reg: 0.03007  loss_mask: 0.07705  loss_rpn_cls: 4.822e-06  loss_rpn_loc: 0.001601    time: 0.0771  last_time: 0.0802  data_time: 0.0021  last_data_time: 0.0020   lr: 0.000125  max_mem: 1682M
[08/15 07:19:57 d2.utils.events]:  eta: 0:00:53  iter: 4299  total_loss: 0.1273  loss_cls: 0.01435  loss_box_reg: 0.03235  loss_mask: 0.08398  loss_rpn_cls: 3.05e-06  loss_rpn_loc: 0.002014    time: 0.0771  last_time: 0.0800  data_time: 0.0021  last_data_time: 0.0021   lr: 0.000125  max_mem: 1682M
[08/15 07:19:57 d2.evaluation.coco_evaluation]: Fast COCO eval is not built. Falling back to official COCO eval.
[08/15 07:19:57 d2.data.datasets.coco]: Loaded 89 images in COCO format from /projects/PUCHALLA/LLP2024/tumor-segmentation/data/processed_data/rgd/test/images/test.json
[08/15 07:19:57 d2.data.dataset_mapper]: [DatasetMapper] Augmentations used in inference: [ResizeShortestEdge(short_edge_length=(800, 800), max_size=1333, sample_style='choice')]
[08/15 07:19:57 d2.data.common]: Serializing the dataset using: <class 'detectron2.data.common._TorchSerializedList'>
[08/15 07:19:57 d2.data.common]: Serializing 89 elements to byte tensors and concatenating them all ...
[08/15 07:19:57 d2.data.common]: Serialized dataset takes 0.07 MiB
[08/15 07:19:57 d2.evaluation.evaluator]: Start inference on 89 batches
[08/15 07:19:58 d2.evaluation.evaluator]: Inference done 11/89. Dataloading: 0.0004 s/iter. Inference: 0.0237 s/iter. Eval: 0.0003 s/iter. Total: 0.0245 s/iter. ETA=0:00:01
[08/15 07:20:00 d2.evaluation.evaluator]: Total inference time: 0:00:02.115641 (0.025186 s / iter per device, on 1 devices)
[08/15 07:20:00 d2.evaluation.evaluator]: Total inference pure compute time: 0:00:02 (0.024031 s / iter per device, on 1 devices)
[08/15 07:20:00 d2.evaluation.coco_evaluation]: Preparing results for COCO format ...
[08/15 07:20:00 d2.evaluation.coco_evaluation]: Saving results to ../../../../../models/rgb-testing/rgd-5000-1/coco_instances_results.json
[08/15 07:20:00 d2.evaluation.coco_evaluation]: Evaluating predictions with official COCO API...
Loading and preparing results...
DONE (t=0.00s)
creating index...
index created!
Running per image evaluation...
Evaluate annotation type *bbox*
DONE (t=0.01s).
Accumulating evaluation results...
DONE (t=0.01s).
 Average Precision  (AP) @[ IoU=0.50:0.95 | area=   all | maxDets=100 ] = 0.776
 Average Precision  (AP) @[ IoU=0.50      | area=   all | maxDets=100 ] = 0.966
 Average Precision  (AP) @[ IoU=0.75      | area=   all | maxDets=100 ] = 0.923
 Average Precision  (AP) @[ IoU=0.50:0.95 | area= small | maxDets=100 ] = -1.000
 Average Precision  (AP) @[ IoU=0.50:0.95 | area=medium | maxDets=100 ] = 0.713
 Average Precision  (AP) @[ IoU=0.50:0.95 | area= large | maxDets=100 ] = 0.786
 Average Recall     (AR) @[ IoU=0.50:0.95 | area=   all | maxDets=  1 ] = 0.817
 Average Recall     (AR) @[ IoU=0.50:0.95 | area=   all | maxDets= 10 ] = 0.821
 Average Recall     (AR) @[ IoU=0.50:0.95 | area=   all | maxDets=100 ] = 0.821
 Average Recall     (AR) @[ IoU=0.50:0.95 | area= small | maxDets=100 ] = -1.000
 Average Recall     (AR) @[ IoU=0.50:0.95 | area=medium | maxDets=100 ] = 0.730
 Average Recall     (AR) @[ IoU=0.50:0.95 | area= large | maxDets=100 ] = 0.833
[08/15 07:20:00 d2.evaluation.coco_evaluation]: Evaluation results for bbox: 
|   AP   |  AP50  |  AP75  |  APs  |  APm   |  APl   |
|:------:|:------:|:------:|:-----:|:------:|:------:|
| 77.563 | 96.566 | 92.303 |  nan  | 71.349 | 78.559 |
[08/15 07:20:00 d2.evaluation.coco_evaluation]: Some metrics cannot be computed and is shown as NaN.
Loading and preparing results...
DONE (t=0.00s)
creating index...
index created!
Running per image evaluation...
Evaluate annotation type *segm*
DONE (t=0.02s).
Accumulating evaluation results...
DONE (t=0.01s).
 Average Precision  (AP) @[ IoU=0.50:0.95 | area=   all | maxDets=100 ] = 0.789
 Average Precision  (AP) @[ IoU=0.50      | area=   all | maxDets=100 ] = 0.966
 Average Precision  (AP) @[ IoU=0.75      | area=   all | maxDets=100 ] = 0.923
 Average Precision  (AP) @[ IoU=0.50:0.95 | area= small | maxDets=100 ] = -1.000
 Average Precision  (AP) @[ IoU=0.50:0.95 | area=medium | maxDets=100 ] = 0.714
 Average Precision  (AP) @[ IoU=0.50:0.95 | area= large | maxDets=100 ] = 0.800
 Average Recall     (AR) @[ IoU=0.50:0.95 | area=   all | maxDets=  1 ] = 0.822
 Average Recall     (AR) @[ IoU=0.50:0.95 | area=   all | maxDets= 10 ] = 0.828
 Average Recall     (AR) @[ IoU=0.50:0.95 | area=   all | maxDets=100 ] = 0.828
 Average Recall     (AR) @[ IoU=0.50:0.95 | area= small | maxDets=100 ] = -1.000
 Average Recall     (AR) @[ IoU=0.50:0.95 | area=medium | maxDets=100 ] = 0.730
 Average Recall     (AR) @[ IoU=0.50:0.95 | area= large | maxDets=100 ] = 0.841
[08/15 07:20:00 d2.evaluation.coco_evaluation]: Evaluation results for segm: 
|   AP   |  AP50  |  AP75  |  APs  |  APm   |  APl   |
|:------:|:------:|:------:|:-----:|:------:|:------:|
| 78.873 | 96.566 | 92.303 |  nan  | 71.403 | 79.996 |
[08/15 07:20:00 d2.evaluation.coco_evaluation]: Some metrics cannot be computed and is shown as NaN.
[Iter 2 AP] → mAP@[.5:.95] = 78.873
[08/15 07:20:00 d2.data.datasets.coco]: Loaded 89 images in COCO format from /projects/PUCHALLA/LLP2024/tumor-segmentation/data/processed_data/rgd/test/images/test.json
[08/15 07:20:00 d2.data.datasets.coco]: Loaded 89 images in COCO format from /projects/PUCHALLA/LLP2024/tumor-segmentation/data/processed_data/rgd/test/images/test.json
[08/15 07:20:00 d2.data.dataset_mapper]: [DatasetMapper] Augmentations used in inference: [ResizeShortestEdge(short_edge_length=(800, 800), max_size=1333, sample_style='choice')]
[08/15 07:20:00 d2.data.common]: Serializing the dataset using: <class 'detectron2.data.common._TorchSerializedList'>
[08/15 07:20:00 d2.data.common]: Serializing 89 elements to byte tensors and concatenating them all ...
[08/15 07:20:00 d2.data.common]: Serialized dataset takes 0.07 MiB
[08/15 07:20:00 d2.evaluation.evaluator]: Start inference on 89 batches
[08/15 07:20:02 d2.evaluation.evaluator]: Total inference time: 0:00:02.093441 (0.024922 s / iter per device, on 1 devices)
[08/15 07:20:02 d2.evaluation.evaluator]: Total inference pure compute time: 0:00:01 (0.023765 s / iter per device, on 1 devices)
[08/15 07:20:03 d2.utils.events]:  eta: 0:00:52  iter: 4319  total_loss: 0.1465  loss_cls: 0.01352  loss_box_reg: 0.03853  loss_mask: 0.08982  loss_rpn_cls: 2.96e-06  loss_rpn_loc: 0.001835    time: 0.0771  last_time: 0.0771  data_time: 0.0022  last_data_time: 0.0021   lr: 0.000125  max_mem: 1682M
[08/15 07:20:05 d2.utils.events]:  eta: 0:00:50  iter: 4339  total_loss: 0.1377  loss_cls: 0.0128  loss_box_reg: 0.03091  loss_mask: 0.09373  loss_rpn_cls: 2.906e-06  loss_rpn_loc: 0.001703    time: 0.0771  last_time: 0.0754  data_time: 0.0021  last_data_time: 0.0021   lr: 0.000125  max_mem: 1682M
[08/15 07:20:07 d2.utils.events]:  eta: 0:00:49  iter: 4359  total_loss: 0.1267  loss_cls: 0.01211  loss_box_reg: 0.03104  loss_mask: 0.08167  loss_rpn_cls: 1.46e-06  loss_rpn_loc: 0.002006    time: 0.0771  last_time: 0.0681  data_time: 0.0022  last_data_time: 0.0020   lr: 0.000125  max_mem: 1682M
[08/15 07:20:08 d2.utils.events]:  eta: 0:00:47  iter: 4379  total_loss: 0.132  loss_cls: 0.01379  loss_box_reg: 0.03391  loss_mask: 0.0836  loss_rpn_cls: 3.965e-06  loss_rpn_loc: 0.002151    time: 0.0771  last_time: 0.0731  data_time: 0.0023  last_data_time: 0.0019   lr: 0.000125  max_mem: 1682M
[08/15 07:20:10 d2.utils.events]:  eta: 0:00:46  iter: 4399  total_loss: 0.1231  loss_cls: 0.01364  loss_box_reg: 0.02901  loss_mask: 0.07484  loss_rpn_cls: 1.632e-06  loss_rpn_loc: 0.001962    time: 0.0771  last_time: 0.0765  data_time: 0.0021  last_data_time: 0.0022   lr: 0.000125  max_mem: 1682M
[08/15 07:20:10 d2.evaluation.coco_evaluation]: Fast COCO eval is not built. Falling back to official COCO eval.
[08/15 07:20:10 d2.data.datasets.coco]: Loaded 89 images in COCO format from /projects/PUCHALLA/LLP2024/tumor-segmentation/data/processed_data/rgd/test/images/test.json
[08/15 07:20:10 d2.data.dataset_mapper]: [DatasetMapper] Augmentations used in inference: [ResizeShortestEdge(short_edge_length=(800, 800), max_size=1333, sample_style='choice')]
[08/15 07:20:10 d2.data.common]: Serializing the dataset using: <class 'detectron2.data.common._TorchSerializedList'>
[08/15 07:20:10 d2.data.common]: Serializing 89 elements to byte tensors and concatenating them all ...
[08/15 07:20:10 d2.data.common]: Serialized dataset takes 0.07 MiB
[08/15 07:20:10 d2.evaluation.evaluator]: Start inference on 89 batches
[08/15 07:20:10 d2.evaluation.evaluator]: Inference done 11/89. Dataloading: 0.0004 s/iter. Inference: 0.0236 s/iter. Eval: 0.0003 s/iter. Total: 0.0244 s/iter. ETA=0:00:01
[08/15 07:20:12 d2.evaluation.evaluator]: Total inference time: 0:00:02.078085 (0.024739 s / iter per device, on 1 devices)
[08/15 07:20:12 d2.evaluation.evaluator]: Total inference pure compute time: 0:00:01 (0.023578 s / iter per device, on 1 devices)
[08/15 07:20:12 d2.evaluation.coco_evaluation]: Preparing results for COCO format ...
[08/15 07:20:12 d2.evaluation.coco_evaluation]: Saving results to ../../../../../models/rgb-testing/rgd-5000-1/coco_instances_results.json
[08/15 07:20:12 d2.evaluation.coco_evaluation]: Evaluating predictions with official COCO API...
Loading and preparing results...
DONE (t=0.00s)
creating index...
index created!
Running per image evaluation...
Evaluate annotation type *bbox*
DONE (t=0.01s).
Accumulating evaluation results...
DONE (t=0.01s).
 Average Precision  (AP) @[ IoU=0.50:0.95 | area=   all | maxDets=100 ] = 0.782
 Average Precision  (AP) @[ IoU=0.50      | area=   all | maxDets=100 ] = 0.967
 Average Precision  (AP) @[ IoU=0.75      | area=   all | maxDets=100 ] = 0.925
 Average Precision  (AP) @[ IoU=0.50:0.95 | area= small | maxDets=100 ] = -1.000
 Average Precision  (AP) @[ IoU=0.50:0.95 | area=medium | maxDets=100 ] = 0.733
 Average Precision  (AP) @[ IoU=0.50:0.95 | area= large | maxDets=100 ] = 0.791
 Average Recall     (AR) @[ IoU=0.50:0.95 | area=   all | maxDets=  1 ] = 0.822
 Average Recall     (AR) @[ IoU=0.50:0.95 | area=   all | maxDets= 10 ] = 0.827
 Average Recall     (AR) @[ IoU=0.50:0.95 | area=   all | maxDets=100 ] = 0.827
 Average Recall     (AR) @[ IoU=0.50:0.95 | area= small | maxDets=100 ] = -1.000
 Average Recall     (AR) @[ IoU=0.50:0.95 | area=medium | maxDets=100 ] = 0.750
 Average Recall     (AR) @[ IoU=0.50:0.95 | area= large | maxDets=100 ] = 0.837
[08/15 07:20:12 d2.evaluation.coco_evaluation]: Evaluation results for bbox: 
|   AP   |  AP50  |  AP75  |  APs  |  APm   |  APl   |
|:------:|:------:|:------:|:-----:|:------:|:------:|
| 78.224 | 96.718 | 92.467 |  nan  | 73.325 | 79.083 |
[08/15 07:20:12 d2.evaluation.coco_evaluation]: Some metrics cannot be computed and is shown as NaN.
Loading and preparing results...
DONE (t=0.00s)
creating index...
index created!
Running per image evaluation...
Evaluate annotation type *segm*
DONE (t=0.02s).
Accumulating evaluation results...
DONE (t=0.01s).
 Average Precision  (AP) @[ IoU=0.50:0.95 | area=   all | maxDets=100 ] = 0.784
 Average Precision  (AP) @[ IoU=0.50      | area=   all | maxDets=100 ] = 0.967
 Average Precision  (AP) @[ IoU=0.75      | area=   all | maxDets=100 ] = 0.925
 Average Precision  (AP) @[ IoU=0.50:0.95 | area= small | maxDets=100 ] = -1.000
 Average Precision  (AP) @[ IoU=0.50:0.95 | area=medium | maxDets=100 ] = 0.707
 Average Precision  (AP) @[ IoU=0.50:0.95 | area= large | maxDets=100 ] = 0.798
 Average Recall     (AR) @[ IoU=0.50:0.95 | area=   all | maxDets=  1 ] = 0.816
 Average Recall     (AR) @[ IoU=0.50:0.95 | area=   all | maxDets= 10 ] = 0.821
 Average Recall     (AR) @[ IoU=0.50:0.95 | area=   all | maxDets=100 ] = 0.821
 Average Recall     (AR) @[ IoU=0.50:0.95 | area= small | maxDets=100 ] = -1.000
 Average Recall     (AR) @[ IoU=0.50:0.95 | area=medium | maxDets=100 ] = 0.720
 Average Recall     (AR) @[ IoU=0.50:0.95 | area= large | maxDets=100 ] = 0.834
[08/15 07:20:12 d2.evaluation.coco_evaluation]: Evaluation results for segm: 
|   AP   |  AP50  |  AP75  |  APs  |  APm   |  APl   |
|:------:|:------:|:------:|:-----:|:------:|:------:|
| 78.447 | 96.718 | 92.467 |  nan  | 70.674 | 79.763 |
[08/15 07:20:12 d2.evaluation.coco_evaluation]: Some metrics cannot be computed and is shown as NaN.
[Iter 2 AP] → mAP@[.5:.95] = 78.447
[08/15 07:20:12 d2.data.datasets.coco]: Loaded 89 images in COCO format from /projects/PUCHALLA/LLP2024/tumor-segmentation/data/processed_data/rgd/test/images/test.json
[08/15 07:20:12 d2.data.datasets.coco]: Loaded 89 images in COCO format from /projects/PUCHALLA/LLP2024/tumor-segmentation/data/processed_data/rgd/test/images/test.json
[08/15 07:20:12 d2.data.dataset_mapper]: [DatasetMapper] Augmentations used in inference: [ResizeShortestEdge(short_edge_length=(800, 800), max_size=1333, sample_style='choice')]
[08/15 07:20:12 d2.data.common]: Serializing the dataset using: <class 'detectron2.data.common._TorchSerializedList'>
[08/15 07:20:12 d2.data.common]: Serializing 89 elements to byte tensors and concatenating them all ...
[08/15 07:20:12 d2.data.common]: Serialized dataset takes 0.07 MiB
[08/15 07:20:12 d2.evaluation.evaluator]: Start inference on 89 batches
[08/15 07:20:14 d2.evaluation.evaluator]: Total inference time: 0:00:02.100707 (0.025008 s / iter per device, on 1 devices)
[08/15 07:20:14 d2.evaluation.evaluator]: Total inference pure compute time: 0:00:02 (0.023856 s / iter per device, on 1 devices)
[08/15 07:20:16 d2.utils.events]:  eta: 0:00:44  iter: 4419  total_loss: 0.1249  loss_cls: 0.01257  loss_box_reg: 0.02635  loss_mask: 0.07915  loss_rpn_cls: 6.219e-06  loss_rpn_loc: 0.001743    time: 0.0771  last_time: 0.0804  data_time: 0.0022  last_data_time: 0.0021   lr: 0.000125  max_mem: 1682M
[08/15 07:20:17 d2.utils.events]:  eta: 0:00:43  iter: 4439  total_loss: 0.1405  loss_cls: 0.01492  loss_box_reg: 0.03061  loss_mask: 0.08962  loss_rpn_cls: 6.194e-06  loss_rpn_loc: 0.001851    time: 0.0771  last_time: 0.0684  data_time: 0.0021  last_data_time: 0.0021   lr: 0.000125  max_mem: 1682M
[08/15 07:20:19 d2.utils.events]:  eta: 0:00:41  iter: 4459  total_loss: 0.1198  loss_cls: 0.01332  loss_box_reg: 0.02733  loss_mask: 0.08111  loss_rpn_cls: 6.608e-06  loss_rpn_loc: 0.002035    time: 0.0771  last_time: 0.0812  data_time: 0.0021  last_data_time: 0.0021   lr: 0.000125  max_mem: 1682M
[08/15 07:20:21 d2.utils.events]:  eta: 0:00:39  iter: 4479  total_loss: 0.1427  loss_cls: 0.0136  loss_box_reg: 0.03305  loss_mask: 0.08906  loss_rpn_cls: 6.024e-06  loss_rpn_loc: 0.001814    time: 0.0771  last_time: 0.0811  data_time: 0.0022  last_data_time: 0.0024   lr: 0.000125  max_mem: 1682M
[08/15 07:20:22 d2.utils.events]:  eta: 0:00:38  iter: 4499  total_loss: 0.1289  loss_cls: 0.01366  loss_box_reg: 0.03103  loss_mask: 0.08195  loss_rpn_cls: 9.237e-06  loss_rpn_loc: 0.001771    time: 0.0771  last_time: 0.0728  data_time: 0.0021  last_data_time: 0.0020   lr: 0.000125  max_mem: 1682M
[08/15 07:20:22 d2.evaluation.coco_evaluation]: Fast COCO eval is not built. Falling back to official COCO eval.
[08/15 07:20:22 d2.data.datasets.coco]: Loaded 89 images in COCO format from /projects/PUCHALLA/LLP2024/tumor-segmentation/data/processed_data/rgd/test/images/test.json
[08/15 07:20:22 d2.data.dataset_mapper]: [DatasetMapper] Augmentations used in inference: [ResizeShortestEdge(short_edge_length=(800, 800), max_size=1333, sample_style='choice')]
[08/15 07:20:22 d2.data.common]: Serializing the dataset using: <class 'detectron2.data.common._TorchSerializedList'>
[08/15 07:20:22 d2.data.common]: Serializing 89 elements to byte tensors and concatenating them all ...
[08/15 07:20:22 d2.data.common]: Serialized dataset takes 0.07 MiB
[08/15 07:20:22 d2.evaluation.evaluator]: Start inference on 89 batches
[08/15 07:20:23 d2.evaluation.evaluator]: Inference done 11/89. Dataloading: 0.0005 s/iter. Inference: 0.0236 s/iter. Eval: 0.0003 s/iter. Total: 0.0244 s/iter. ETA=0:00:01
[08/15 07:20:25 d2.evaluation.evaluator]: Total inference time: 0:00:02.062422 (0.024553 s / iter per device, on 1 devices)
[08/15 07:20:25 d2.evaluation.evaluator]: Total inference pure compute time: 0:00:01 (0.023367 s / iter per device, on 1 devices)
[08/15 07:20:25 d2.evaluation.coco_evaluation]: Preparing results for COCO format ...
[08/15 07:20:25 d2.evaluation.coco_evaluation]: Saving results to ../../../../../models/rgb-testing/rgd-5000-1/coco_instances_results.json
[08/15 07:20:25 d2.evaluation.coco_evaluation]: Evaluating predictions with official COCO API...
Loading and preparing results...
DONE (t=0.00s)
creating index...
index created!
Running per image evaluation...
Evaluate annotation type *bbox*
DONE (t=0.01s).
Accumulating evaluation results...
DONE (t=0.01s).
 Average Precision  (AP) @[ IoU=0.50:0.95 | area=   all | maxDets=100 ] = 0.770
 Average Precision  (AP) @[ IoU=0.50      | area=   all | maxDets=100 ] = 0.967
 Average Precision  (AP) @[ IoU=0.75      | area=   all | maxDets=100 ] = 0.913
 Average Precision  (AP) @[ IoU=0.50:0.95 | area= small | maxDets=100 ] = -1.000
 Average Precision  (AP) @[ IoU=0.50:0.95 | area=medium | maxDets=100 ] = 0.722
 Average Precision  (AP) @[ IoU=0.50:0.95 | area= large | maxDets=100 ] = 0.778
 Average Recall     (AR) @[ IoU=0.50:0.95 | area=   all | maxDets=  1 ] = 0.813
 Average Recall     (AR) @[ IoU=0.50:0.95 | area=   all | maxDets= 10 ] = 0.818
 Average Recall     (AR) @[ IoU=0.50:0.95 | area=   all | maxDets=100 ] = 0.818
 Average Recall     (AR) @[ IoU=0.50:0.95 | area= small | maxDets=100 ] = -1.000
 Average Recall     (AR) @[ IoU=0.50:0.95 | area=medium | maxDets=100 ] = 0.740
 Average Recall     (AR) @[ IoU=0.50:0.95 | area= large | maxDets=100 ] = 0.828
[08/15 07:20:25 d2.evaluation.coco_evaluation]: Evaluation results for bbox: 
|   AP   |  AP50  |  AP75  |  APs  |  APm   |  APl   |
|:------:|:------:|:------:|:-----:|:------:|:------:|
| 76.963 | 96.718 | 91.348 |  nan  | 72.238 | 77.789 |
[08/15 07:20:25 d2.evaluation.coco_evaluation]: Some metrics cannot be computed and is shown as NaN.
Loading and preparing results...
DONE (t=0.00s)
creating index...
index created!
Running per image evaluation...
Evaluate annotation type *segm*
DONE (t=0.02s).
Accumulating evaluation results...
DONE (t=0.01s).
 Average Precision  (AP) @[ IoU=0.50:0.95 | area=   all | maxDets=100 ] = 0.778
 Average Precision  (AP) @[ IoU=0.50      | area=   all | maxDets=100 ] = 0.967
 Average Precision  (AP) @[ IoU=0.75      | area=   all | maxDets=100 ] = 0.933
 Average Precision  (AP) @[ IoU=0.50:0.95 | area= small | maxDets=100 ] = -1.000
 Average Precision  (AP) @[ IoU=0.50:0.95 | area=medium | maxDets=100 ] = 0.710
 Average Precision  (AP) @[ IoU=0.50:0.95 | area= large | maxDets=100 ] = 0.790
 Average Recall     (AR) @[ IoU=0.50:0.95 | area=   all | maxDets=  1 ] = 0.811
 Average Recall     (AR) @[ IoU=0.50:0.95 | area=   all | maxDets= 10 ] = 0.818
 Average Recall     (AR) @[ IoU=0.50:0.95 | area=   all | maxDets=100 ] = 0.818
 Average Recall     (AR) @[ IoU=0.50:0.95 | area= small | maxDets=100 ] = -1.000
 Average Recall     (AR) @[ IoU=0.50:0.95 | area=medium | maxDets=100 ] = 0.720
 Average Recall     (AR) @[ IoU=0.50:0.95 | area= large | maxDets=100 ] = 0.830
[08/15 07:20:25 d2.evaluation.coco_evaluation]: Evaluation results for segm: 
|   AP   |  AP50  |  AP75  |  APs  |  APm   |  APl   |
|:------:|:------:|:------:|:-----:|:------:|:------:|
| 77.833 | 96.718 | 93.325 |  nan  | 70.957 | 79.042 |
[08/15 07:20:25 d2.evaluation.coco_evaluation]: Some metrics cannot be computed and is shown as NaN.
[Iter 2 AP] → mAP@[.5:.95] = 77.833
[08/15 07:20:25 d2.data.datasets.coco]: Loaded 89 images in COCO format from /projects/PUCHALLA/LLP2024/tumor-segmentation/data/processed_data/rgd/test/images/test.json
[08/15 07:20:25 d2.data.datasets.coco]: Loaded 89 images in COCO format from /projects/PUCHALLA/LLP2024/tumor-segmentation/data/processed_data/rgd/test/images/test.json
[08/15 07:20:25 d2.data.dataset_mapper]: [DatasetMapper] Augmentations used in inference: [ResizeShortestEdge(short_edge_length=(800, 800), max_size=1333, sample_style='choice')]
[08/15 07:20:25 d2.data.common]: Serializing the dataset using: <class 'detectron2.data.common._TorchSerializedList'>
[08/15 07:20:25 d2.data.common]: Serializing 89 elements to byte tensors and concatenating them all ...
[08/15 07:20:25 d2.data.common]: Serialized dataset takes 0.07 MiB
[08/15 07:20:25 d2.evaluation.evaluator]: Start inference on 89 batches
[08/15 07:20:27 d2.evaluation.evaluator]: Total inference time: 0:00:02.096376 (0.024957 s / iter per device, on 1 devices)
[08/15 07:20:27 d2.evaluation.evaluator]: Total inference pure compute time: 0:00:01 (0.023781 s / iter per device, on 1 devices)
[08/15 07:20:28 d2.utils.events]:  eta: 0:00:36  iter: 4519  total_loss: 0.1347  loss_cls: 0.0152  loss_box_reg: 0.03048  loss_mask: 0.08278  loss_rpn_cls: 9.484e-06  loss_rpn_loc: 0.001913    time: 0.0771  last_time: 0.0758  data_time: 0.0020  last_data_time: 0.0020   lr: 0.000125  max_mem: 1682M
[08/15 07:20:30 d2.utils.events]:  eta: 0:00:35  iter: 4539  total_loss: 0.1239  loss_cls: 0.01294  loss_box_reg: 0.03379  loss_mask: 0.07658  loss_rpn_cls: 4.016e-06  loss_rpn_loc: 0.001545    time: 0.0771  last_time: 0.0767  data_time: 0.0022  last_data_time: 0.0020   lr: 0.000125  max_mem: 1682M
[08/15 07:20:31 d2.utils.events]:  eta: 0:00:33  iter: 4559  total_loss: 0.138  loss_cls: 0.01527  loss_box_reg: 0.03372  loss_mask: 0.08468  loss_rpn_cls: 1.187e-06  loss_rpn_loc: 0.00194    time: 0.0771  last_time: 0.0735  data_time: 0.0022  last_data_time: 0.0020   lr: 0.000125  max_mem: 1682M
[08/15 07:20:33 d2.utils.events]:  eta: 0:00:32  iter: 4579  total_loss: 0.1335  loss_cls: 0.01583  loss_box_reg: 0.03171  loss_mask: 0.08413  loss_rpn_cls: 7.659e-06  loss_rpn_loc: 0.001576    time: 0.0771  last_time: 0.0816  data_time: 0.0023  last_data_time: 0.0021   lr: 0.000125  max_mem: 1682M
[08/15 07:20:35 d2.utils.events]:  eta: 0:00:30  iter: 4599  total_loss: 0.1314  loss_cls: 0.01453  loss_box_reg: 0.03338  loss_mask: 0.08515  loss_rpn_cls: 4.723e-06  loss_rpn_loc: 0.00192    time: 0.0771  last_time: 0.0699  data_time: 0.0023  last_data_time: 0.0032   lr: 0.000125  max_mem: 1682M
[08/15 07:20:35 d2.evaluation.coco_evaluation]: Fast COCO eval is not built. Falling back to official COCO eval.
[08/15 07:20:35 d2.data.datasets.coco]: Loaded 89 images in COCO format from /projects/PUCHALLA/LLP2024/tumor-segmentation/data/processed_data/rgd/test/images/test.json
[08/15 07:20:35 d2.data.dataset_mapper]: [DatasetMapper] Augmentations used in inference: [ResizeShortestEdge(short_edge_length=(800, 800), max_size=1333, sample_style='choice')]
[08/15 07:20:35 d2.data.common]: Serializing the dataset using: <class 'detectron2.data.common._TorchSerializedList'>
[08/15 07:20:35 d2.data.common]: Serializing 89 elements to byte tensors and concatenating them all ...
[08/15 07:20:35 d2.data.common]: Serialized dataset takes 0.07 MiB
[08/15 07:20:35 d2.evaluation.evaluator]: Start inference on 89 batches
[08/15 07:20:35 d2.evaluation.evaluator]: Inference done 11/89. Dataloading: 0.0004 s/iter. Inference: 0.0243 s/iter. Eval: 0.0003 s/iter. Total: 0.0251 s/iter. ETA=0:00:01
[08/15 07:20:37 d2.evaluation.evaluator]: Total inference time: 0:00:02.103105 (0.025037 s / iter per device, on 1 devices)
[08/15 07:20:37 d2.evaluation.evaluator]: Total inference pure compute time: 0:00:02 (0.023886 s / iter per device, on 1 devices)
[08/15 07:20:37 d2.evaluation.coco_evaluation]: Preparing results for COCO format ...
[08/15 07:20:37 d2.evaluation.coco_evaluation]: Saving results to ../../../../../models/rgb-testing/rgd-5000-1/coco_instances_results.json
[08/15 07:20:37 d2.evaluation.coco_evaluation]: Evaluating predictions with official COCO API...
Loading and preparing results...
DONE (t=0.00s)
creating index...
index created!
Running per image evaluation...
Evaluate annotation type *bbox*
DONE (t=0.01s).
Accumulating evaluation results...
DONE (t=0.01s).
 Average Precision  (AP) @[ IoU=0.50:0.95 | area=   all | maxDets=100 ] = 0.774
 Average Precision  (AP) @[ IoU=0.50      | area=   all | maxDets=100 ] = 0.965
 Average Precision  (AP) @[ IoU=0.75      | area=   all | maxDets=100 ] = 0.923
 Average Precision  (AP) @[ IoU=0.50:0.95 | area= small | maxDets=100 ] = -1.000
 Average Precision  (AP) @[ IoU=0.50:0.95 | area=medium | maxDets=100 ] = 0.745
 Average Precision  (AP) @[ IoU=0.50:0.95 | area= large | maxDets=100 ] = 0.781
 Average Recall     (AR) @[ IoU=0.50:0.95 | area=   all | maxDets=  1 ] = 0.819
 Average Recall     (AR) @[ IoU=0.50:0.95 | area=   all | maxDets= 10 ] = 0.825
 Average Recall     (AR) @[ IoU=0.50:0.95 | area=   all | maxDets=100 ] = 0.825
 Average Recall     (AR) @[ IoU=0.50:0.95 | area= small | maxDets=100 ] = -1.000
 Average Recall     (AR) @[ IoU=0.50:0.95 | area=medium | maxDets=100 ] = 0.760
 Average Recall     (AR) @[ IoU=0.50:0.95 | area= large | maxDets=100 ] = 0.833
[08/15 07:20:37 d2.evaluation.coco_evaluation]: Evaluation results for bbox: 
|   AP   |  AP50  |  AP75  |  APs  |  APm   |  APl   |
|:------:|:------:|:------:|:-----:|:------:|:------:|
| 77.439 | 96.466 | 92.326 |  nan  | 74.512 | 78.078 |
[08/15 07:20:37 d2.evaluation.coco_evaluation]: Some metrics cannot be computed and is shown as NaN.
Loading and preparing results...
DONE (t=0.00s)
creating index...
index created!
Running per image evaluation...
Evaluate annotation type *segm*
DONE (t=0.02s).
Accumulating evaluation results...
DONE (t=0.01s).
 Average Precision  (AP) @[ IoU=0.50:0.95 | area=   all | maxDets=100 ] = 0.784
 Average Precision  (AP) @[ IoU=0.50      | area=   all | maxDets=100 ] = 0.965
 Average Precision  (AP) @[ IoU=0.75      | area=   all | maxDets=100 ] = 0.933
 Average Precision  (AP) @[ IoU=0.50:0.95 | area= small | maxDets=100 ] = -1.000
 Average Precision  (AP) @[ IoU=0.50:0.95 | area=medium | maxDets=100 ] = 0.724
 Average Precision  (AP) @[ IoU=0.50:0.95 | area= large | maxDets=100 ] = 0.794
 Average Recall     (AR) @[ IoU=0.50:0.95 | area=   all | maxDets=  1 ] = 0.816
 Average Recall     (AR) @[ IoU=0.50:0.95 | area=   all | maxDets= 10 ] = 0.822
 Average Recall     (AR) @[ IoU=0.50:0.95 | area=   all | maxDets=100 ] = 0.822
 Average Recall     (AR) @[ IoU=0.50:0.95 | area= small | maxDets=100 ] = -1.000
 Average Recall     (AR) @[ IoU=0.50:0.95 | area=medium | maxDets=100 ] = 0.740
 Average Recall     (AR) @[ IoU=0.50:0.95 | area= large | maxDets=100 ] = 0.833
[08/15 07:20:37 d2.evaluation.coco_evaluation]: Evaluation results for segm: 
|   AP   |  AP50  |  AP75  |  APs  |  APm   |  APl   |
|:------:|:------:|:------:|:-----:|:------:|:------:|
| 78.366 | 96.466 | 93.261 |  nan  | 72.393 | 79.353 |
[08/15 07:20:37 d2.evaluation.coco_evaluation]: Some metrics cannot be computed and is shown as NaN.
[Iter 2 AP] → mAP@[.5:.95] = 78.366
[08/15 07:20:37 d2.data.datasets.coco]: Loaded 89 images in COCO format from /projects/PUCHALLA/LLP2024/tumor-segmentation/data/processed_data/rgd/test/images/test.json
[08/15 07:20:37 d2.data.datasets.coco]: Loaded 89 images in COCO format from /projects/PUCHALLA/LLP2024/tumor-segmentation/data/processed_data/rgd/test/images/test.json
[08/15 07:20:37 d2.data.dataset_mapper]: [DatasetMapper] Augmentations used in inference: [ResizeShortestEdge(short_edge_length=(800, 800), max_size=1333, sample_style='choice')]
[08/15 07:20:37 d2.data.common]: Serializing the dataset using: <class 'detectron2.data.common._TorchSerializedList'>
[08/15 07:20:37 d2.data.common]: Serializing 89 elements to byte tensors and concatenating them all ...
[08/15 07:20:37 d2.data.common]: Serialized dataset takes 0.07 MiB
[08/15 07:20:37 d2.evaluation.evaluator]: Start inference on 89 batches
[08/15 07:20:39 d2.evaluation.evaluator]: Total inference time: 0:00:02.089465 (0.024875 s / iter per device, on 1 devices)
[08/15 07:20:39 d2.evaluation.evaluator]: Total inference pure compute time: 0:00:01 (0.023720 s / iter per device, on 1 devices)
[08/15 07:20:41 d2.utils.events]:  eta: 0:00:29  iter: 4619  total_loss: 0.1191  loss_cls: 0.01172  loss_box_reg: 0.03015  loss_mask: 0.0762  loss_rpn_cls: 5.738e-06  loss_rpn_loc: 0.001914    time: 0.0771  last_time: 0.0835  data_time: 0.0021  last_data_time: 0.0020   lr: 0.000125  max_mem: 1682M
[08/15 07:20:42 d2.utils.events]:  eta: 0:00:27  iter: 4639  total_loss: 0.1257  loss_cls: 0.01394  loss_box_reg: 0.03472  loss_mask: 0.08443  loss_rpn_cls: 3.46e-06  loss_rpn_loc: 0.001461    time: 0.0771  last_time: 0.0786  data_time: 0.0021  last_data_time: 0.0021   lr: 0.000125  max_mem: 1682M
[08/15 07:20:44 d2.utils.events]:  eta: 0:00:26  iter: 4659  total_loss: 0.1352  loss_cls: 0.01356  loss_box_reg: 0.03216  loss_mask: 0.08737  loss_rpn_cls: 4.045e-06  loss_rpn_loc: 0.00187    time: 0.0771  last_time: 0.0725  data_time: 0.0022  last_data_time: 0.0020   lr: 0.000125  max_mem: 1682M
[08/15 07:20:46 d2.utils.events]:  eta: 0:00:24  iter: 4679  total_loss: 0.1294  loss_cls: 0.01392  loss_box_reg: 0.0313  loss_mask: 0.07083  loss_rpn_cls: 3.349e-06  loss_rpn_loc: 0.001989    time: 0.0772  last_time: 0.0792  data_time: 0.0023  last_data_time: 0.0020   lr: 0.000125  max_mem: 1682M
[08/15 07:20:47 d2.utils.events]:  eta: 0:00:23  iter: 4699  total_loss: 0.1209  loss_cls: 0.01228  loss_box_reg: 0.02722  loss_mask: 0.07742  loss_rpn_cls: 1.092e-05  loss_rpn_loc: 0.001718    time: 0.0772  last_time: 0.0788  data_time: 0.0022  last_data_time: 0.0019   lr: 0.000125  max_mem: 1682M
[08/15 07:20:47 d2.evaluation.coco_evaluation]: Fast COCO eval is not built. Falling back to official COCO eval.
[08/15 07:20:47 d2.data.datasets.coco]: Loaded 89 images in COCO format from /projects/PUCHALLA/LLP2024/tumor-segmentation/data/processed_data/rgd/test/images/test.json
[08/15 07:20:47 d2.data.dataset_mapper]: [DatasetMapper] Augmentations used in inference: [ResizeShortestEdge(short_edge_length=(800, 800), max_size=1333, sample_style='choice')]
[08/15 07:20:47 d2.data.common]: Serializing the dataset using: <class 'detectron2.data.common._TorchSerializedList'>
[08/15 07:20:47 d2.data.common]: Serializing 89 elements to byte tensors and concatenating them all ...
[08/15 07:20:47 d2.data.common]: Serialized dataset takes 0.07 MiB
[08/15 07:20:47 d2.evaluation.evaluator]: Start inference on 89 batches
[08/15 07:20:47 d2.evaluation.evaluator]: Inference done 11/89. Dataloading: 0.0004 s/iter. Inference: 0.0233 s/iter. Eval: 0.0003 s/iter. Total: 0.0240 s/iter. ETA=0:00:01
[08/15 07:20:49 d2.evaluation.evaluator]: Total inference time: 0:00:02.031171 (0.024181 s / iter per device, on 1 devices)
[08/15 07:20:49 d2.evaluation.evaluator]: Total inference pure compute time: 0:00:01 (0.023009 s / iter per device, on 1 devices)
[08/15 07:20:49 d2.evaluation.coco_evaluation]: Preparing results for COCO format ...
[08/15 07:20:49 d2.evaluation.coco_evaluation]: Saving results to ../../../../../models/rgb-testing/rgd-5000-1/coco_instances_results.json
[08/15 07:20:49 d2.evaluation.coco_evaluation]: Evaluating predictions with official COCO API...
Loading and preparing results...
DONE (t=0.00s)
creating index...
index created!
Running per image evaluation...
Evaluate annotation type *bbox*
DONE (t=0.01s).
Accumulating evaluation results...
DONE (t=0.01s).
 Average Precision  (AP) @[ IoU=0.50:0.95 | area=   all | maxDets=100 ] = 0.774
 Average Precision  (AP) @[ IoU=0.50      | area=   all | maxDets=100 ] = 0.967
 Average Precision  (AP) @[ IoU=0.75      | area=   all | maxDets=100 ] = 0.924
 Average Precision  (AP) @[ IoU=0.50:0.95 | area= small | maxDets=100 ] = -1.000
 Average Precision  (AP) @[ IoU=0.50:0.95 | area=medium | maxDets=100 ] = 0.727
 Average Precision  (AP) @[ IoU=0.50:0.95 | area= large | maxDets=100 ] = 0.783
 Average Recall     (AR) @[ IoU=0.50:0.95 | area=   all | maxDets=  1 ] = 0.818
 Average Recall     (AR) @[ IoU=0.50:0.95 | area=   all | maxDets= 10 ] = 0.824
 Average Recall     (AR) @[ IoU=0.50:0.95 | area=   all | maxDets=100 ] = 0.824
 Average Recall     (AR) @[ IoU=0.50:0.95 | area= small | maxDets=100 ] = -1.000
 Average Recall     (AR) @[ IoU=0.50:0.95 | area=medium | maxDets=100 ] = 0.750
 Average Recall     (AR) @[ IoU=0.50:0.95 | area= large | maxDets=100 ] = 0.833
[08/15 07:20:49 d2.evaluation.coco_evaluation]: Evaluation results for bbox: 
|   AP   |  AP50  |  AP75  |  APs  |  APm   |  APl   |
|:------:|:------:|:------:|:-----:|:------:|:------:|
| 77.364 | 96.722 | 92.397 |  nan  | 72.676 | 78.326 |
[08/15 07:20:49 d2.evaluation.coco_evaluation]: Some metrics cannot be computed and is shown as NaN.
Loading and preparing results...
DONE (t=0.00s)
creating index...
index created!
Running per image evaluation...
Evaluate annotation type *segm*
DONE (t=0.02s).
Accumulating evaluation results...
DONE (t=0.01s).
 Average Precision  (AP) @[ IoU=0.50:0.95 | area=   all | maxDets=100 ] = 0.782
 Average Precision  (AP) @[ IoU=0.50      | area=   all | maxDets=100 ] = 0.967
 Average Precision  (AP) @[ IoU=0.75      | area=   all | maxDets=100 ] = 0.933
 Average Precision  (AP) @[ IoU=0.50:0.95 | area= small | maxDets=100 ] = -1.000
 Average Precision  (AP) @[ IoU=0.50:0.95 | area=medium | maxDets=100 ] = 0.710
 Average Precision  (AP) @[ IoU=0.50:0.95 | area= large | maxDets=100 ] = 0.795
 Average Recall     (AR) @[ IoU=0.50:0.95 | area=   all | maxDets=  1 ] = 0.816
 Average Recall     (AR) @[ IoU=0.50:0.95 | area=   all | maxDets= 10 ] = 0.822
 Average Recall     (AR) @[ IoU=0.50:0.95 | area=   all | maxDets=100 ] = 0.822
 Average Recall     (AR) @[ IoU=0.50:0.95 | area= small | maxDets=100 ] = -1.000
 Average Recall     (AR) @[ IoU=0.50:0.95 | area=medium | maxDets=100 ] = 0.720
 Average Recall     (AR) @[ IoU=0.50:0.95 | area= large | maxDets=100 ] = 0.835
[08/15 07:20:49 d2.evaluation.coco_evaluation]: Evaluation results for segm: 
|   AP   |  AP50  |  AP75  |  APs  |  APm   |  APl   |
|:------:|:------:|:------:|:-----:|:------:|:------:|
| 78.191 | 96.722 | 93.343 |  nan  | 70.971 | 79.510 |
[08/15 07:20:49 d2.evaluation.coco_evaluation]: Some metrics cannot be computed and is shown as NaN.
[Iter 2 AP] → mAP@[.5:.95] = 78.191
[08/15 07:20:49 d2.data.datasets.coco]: Loaded 89 images in COCO format from /projects/PUCHALLA/LLP2024/tumor-segmentation/data/processed_data/rgd/test/images/test.json
[08/15 07:20:49 d2.data.datasets.coco]: Loaded 89 images in COCO format from /projects/PUCHALLA/LLP2024/tumor-segmentation/data/processed_data/rgd/test/images/test.json
[08/15 07:20:49 d2.data.dataset_mapper]: [DatasetMapper] Augmentations used in inference: [ResizeShortestEdge(short_edge_length=(800, 800), max_size=1333, sample_style='choice')]
[08/15 07:20:49 d2.data.common]: Serializing the dataset using: <class 'detectron2.data.common._TorchSerializedList'>
[08/15 07:20:49 d2.data.common]: Serializing 89 elements to byte tensors and concatenating them all ...
[08/15 07:20:49 d2.data.common]: Serialized dataset takes 0.07 MiB
[08/15 07:20:49 d2.evaluation.evaluator]: Start inference on 89 batches
[08/15 07:20:52 d2.evaluation.evaluator]: Total inference time: 0:00:02.059619 (0.024519 s / iter per device, on 1 devices)
[08/15 07:20:52 d2.evaluation.evaluator]: Total inference pure compute time: 0:00:01 (0.023350 s / iter per device, on 1 devices)
[08/15 07:20:53 d2.utils.events]:  eta: 0:00:21  iter: 4719  total_loss: 0.1366  loss_cls: 0.01642  loss_box_reg: 0.03342  loss_mask: 0.08452  loss_rpn_cls: 8.287e-06  loss_rpn_loc: 0.001901    time: 0.0772  last_time: 0.0763  data_time: 0.0021  last_data_time: 0.0021   lr: 0.000125  max_mem: 1682M
[08/15 07:20:55 d2.utils.events]:  eta: 0:00:20  iter: 4739  total_loss: 0.1258  loss_cls: 0.01134  loss_box_reg: 0.02761  loss_mask: 0.0797  loss_rpn_cls: 8.512e-06  loss_rpn_loc: 0.001929    time: 0.0772  last_time: 0.0756  data_time: 0.0022  last_data_time: 0.0020   lr: 0.000125  max_mem: 1682M
[08/15 07:20:56 d2.utils.events]:  eta: 0:00:18  iter: 4759  total_loss: 0.1198  loss_cls: 0.0126  loss_box_reg: 0.02871  loss_mask: 0.08288  loss_rpn_cls: 8.116e-06  loss_rpn_loc: 0.00184    time: 0.0772  last_time: 0.0805  data_time: 0.0020  last_data_time: 0.0021   lr: 0.000125  max_mem: 1682M
[08/15 07:20:58 d2.utils.events]:  eta: 0:00:16  iter: 4779  total_loss: 0.1228  loss_cls: 0.01354  loss_box_reg: 0.02976  loss_mask: 0.07547  loss_rpn_cls: 1.182e-06  loss_rpn_loc: 0.001828    time: 0.0771  last_time: 0.0809  data_time: 0.0021  last_data_time: 0.0023   lr: 0.000125  max_mem: 1682M
[08/15 07:20:59 d2.utils.events]:  eta: 0:00:15  iter: 4799  total_loss: 0.1313  loss_cls: 0.01495  loss_box_reg: 0.03206  loss_mask: 0.08176  loss_rpn_cls: 9.605e-06  loss_rpn_loc: 0.001445    time: 0.0771  last_time: 0.0815  data_time: 0.0021  last_data_time: 0.0021   lr: 0.000125  max_mem: 1682M
[08/15 07:20:59 d2.evaluation.coco_evaluation]: Fast COCO eval is not built. Falling back to official COCO eval.
[08/15 07:20:59 d2.data.datasets.coco]: Loaded 89 images in COCO format from /projects/PUCHALLA/LLP2024/tumor-segmentation/data/processed_data/rgd/test/images/test.json
[08/15 07:20:59 d2.data.dataset_mapper]: [DatasetMapper] Augmentations used in inference: [ResizeShortestEdge(short_edge_length=(800, 800), max_size=1333, sample_style='choice')]
[08/15 07:20:59 d2.data.common]: Serializing the dataset using: <class 'detectron2.data.common._TorchSerializedList'>
[08/15 07:20:59 d2.data.common]: Serializing 89 elements to byte tensors and concatenating them all ...
[08/15 07:20:59 d2.data.common]: Serialized dataset takes 0.07 MiB
[08/15 07:20:59 d2.evaluation.evaluator]: Start inference on 89 batches
[08/15 07:21:00 d2.evaluation.evaluator]: Inference done 11/89. Dataloading: 0.0004 s/iter. Inference: 0.0251 s/iter. Eval: 0.0003 s/iter. Total: 0.0259 s/iter. ETA=0:00:02
[08/15 07:21:02 d2.evaluation.evaluator]: Total inference time: 0:00:02.106196 (0.025074 s / iter per device, on 1 devices)
[08/15 07:21:02 d2.evaluation.evaluator]: Total inference pure compute time: 0:00:02 (0.023913 s / iter per device, on 1 devices)
[08/15 07:21:02 d2.evaluation.coco_evaluation]: Preparing results for COCO format ...
[08/15 07:21:02 d2.evaluation.coco_evaluation]: Saving results to ../../../../../models/rgb-testing/rgd-5000-1/coco_instances_results.json
[08/15 07:21:02 d2.evaluation.coco_evaluation]: Evaluating predictions with official COCO API...
Loading and preparing results...
DONE (t=0.00s)
creating index...
index created!
Running per image evaluation...
Evaluate annotation type *bbox*
DONE (t=0.02s).
Accumulating evaluation results...
DONE (t=0.01s).
 Average Precision  (AP) @[ IoU=0.50:0.95 | area=   all | maxDets=100 ] = 0.777
 Average Precision  (AP) @[ IoU=0.50      | area=   all | maxDets=100 ] = 0.966
 Average Precision  (AP) @[ IoU=0.75      | area=   all | maxDets=100 ] = 0.914
 Average Precision  (AP) @[ IoU=0.50:0.95 | area= small | maxDets=100 ] = -1.000
 Average Precision  (AP) @[ IoU=0.50:0.95 | area=medium | maxDets=100 ] = 0.743
 Average Precision  (AP) @[ IoU=0.50:0.95 | area= large | maxDets=100 ] = 0.783
 Average Recall     (AR) @[ IoU=0.50:0.95 | area=   all | maxDets=  1 ] = 0.822
 Average Recall     (AR) @[ IoU=0.50:0.95 | area=   all | maxDets= 10 ] = 0.828
 Average Recall     (AR) @[ IoU=0.50:0.95 | area=   all | maxDets=100 ] = 0.828
 Average Recall     (AR) @[ IoU=0.50:0.95 | area= small | maxDets=100 ] = -1.000
 Average Recall     (AR) @[ IoU=0.50:0.95 | area=medium | maxDets=100 ] = 0.760
 Average Recall     (AR) @[ IoU=0.50:0.95 | area= large | maxDets=100 ] = 0.837
[08/15 07:21:02 d2.evaluation.coco_evaluation]: Evaluation results for bbox: 
|   AP   |  AP50  |  AP75  |  APs  |  APm   |  APl   |
|:------:|:------:|:------:|:-----:|:------:|:------:|
| 77.716 | 96.610 | 91.365 |  nan  | 74.315 | 78.264 |
[08/15 07:21:02 d2.evaluation.coco_evaluation]: Some metrics cannot be computed and is shown as NaN.
Loading and preparing results...
DONE (t=0.00s)
creating index...
index created!
Running per image evaluation...
Evaluate annotation type *segm*
DONE (t=0.02s).
Accumulating evaluation results...
DONE (t=0.01s).
 Average Precision  (AP) @[ IoU=0.50:0.95 | area=   all | maxDets=100 ] = 0.779
 Average Precision  (AP) @[ IoU=0.50      | area=   all | maxDets=100 ] = 0.966
 Average Precision  (AP) @[ IoU=0.75      | area=   all | maxDets=100 ] = 0.933
 Average Precision  (AP) @[ IoU=0.50:0.95 | area= small | maxDets=100 ] = -1.000
 Average Precision  (AP) @[ IoU=0.50:0.95 | area=medium | maxDets=100 ] = 0.716
 Average Precision  (AP) @[ IoU=0.50:0.95 | area= large | maxDets=100 ] = 0.788
 Average Recall     (AR) @[ IoU=0.50:0.95 | area=   all | maxDets=  1 ] = 0.815
 Average Recall     (AR) @[ IoU=0.50:0.95 | area=   all | maxDets= 10 ] = 0.821
 Average Recall     (AR) @[ IoU=0.50:0.95 | area=   all | maxDets=100 ] = 0.821
 Average Recall     (AR) @[ IoU=0.50:0.95 | area= small | maxDets=100 ] = -1.000
 Average Recall     (AR) @[ IoU=0.50:0.95 | area=medium | maxDets=100 ] = 0.730
 Average Recall     (AR) @[ IoU=0.50:0.95 | area= large | maxDets=100 ] = 0.833
[08/15 07:21:02 d2.evaluation.coco_evaluation]: Evaluation results for segm: 
|   AP   |  AP50  |  AP75  |  APs  |  APm   |  APl   |
|:------:|:------:|:------:|:-----:|:------:|:------:|
| 77.851 | 96.610 | 93.343 |  nan  | 71.565 | 78.805 |
[08/15 07:21:02 d2.evaluation.coco_evaluation]: Some metrics cannot be computed and is shown as NaN.
[Iter 2 AP] → mAP@[.5:.95] = 77.851
[08/15 07:21:02 d2.data.datasets.coco]: Loaded 89 images in COCO format from /projects/PUCHALLA/LLP2024/tumor-segmentation/data/processed_data/rgd/test/images/test.json
[08/15 07:21:02 d2.data.datasets.coco]: Loaded 89 images in COCO format from /projects/PUCHALLA/LLP2024/tumor-segmentation/data/processed_data/rgd/test/images/test.json
[08/15 07:21:02 d2.data.dataset_mapper]: [DatasetMapper] Augmentations used in inference: [ResizeShortestEdge(short_edge_length=(800, 800), max_size=1333, sample_style='choice')]
[08/15 07:21:02 d2.data.common]: Serializing the dataset using: <class 'detectron2.data.common._TorchSerializedList'>
[08/15 07:21:02 d2.data.common]: Serializing 89 elements to byte tensors and concatenating them all ...
[08/15 07:21:02 d2.data.common]: Serialized dataset takes 0.07 MiB
[08/15 07:21:02 d2.evaluation.evaluator]: Start inference on 89 batches
[08/15 07:21:04 d2.evaluation.evaluator]: Total inference time: 0:00:02.106192 (0.025074 s / iter per device, on 1 devices)
[08/15 07:21:04 d2.evaluation.evaluator]: Total inference pure compute time: 0:00:02 (0.023922 s / iter per device, on 1 devices)
[08/15 07:21:06 d2.utils.events]:  eta: 0:00:13  iter: 4819  total_loss: 0.1225  loss_cls: 0.01132  loss_box_reg: 0.02813  loss_mask: 0.0763  loss_rpn_cls: 2.177e-06  loss_rpn_loc: 0.001883    time: 0.0771  last_time: 0.0762  data_time: 0.0020  last_data_time: 0.0021   lr: 0.000125  max_mem: 1682M
[08/15 07:21:07 d2.utils.events]:  eta: 0:00:12  iter: 4839  total_loss: 0.1177  loss_cls: 0.01508  loss_box_reg: 0.02965  loss_mask: 0.07378  loss_rpn_cls: 2.65e-06  loss_rpn_loc: 0.001532    time: 0.0771  last_time: 0.0764  data_time: 0.0021  last_data_time: 0.0021   lr: 0.000125  max_mem: 1682M
[08/15 07:21:09 d2.utils.events]:  eta: 0:00:10  iter: 4859  total_loss: 0.1397  loss_cls: 0.01179  loss_box_reg: 0.03297  loss_mask: 0.09053  loss_rpn_cls: 4.992e-06  loss_rpn_loc: 0.00179    time: 0.0771  last_time: 0.0687  data_time: 0.0021  last_data_time: 0.0020   lr: 0.000125  max_mem: 1682M
[08/15 07:21:10 d2.utils.events]:  eta: 0:00:09  iter: 4879  total_loss: 0.1143  loss_cls: 0.01268  loss_box_reg: 0.02761  loss_mask: 0.07055  loss_rpn_cls: 3.175e-06  loss_rpn_loc: 0.001881    time: 0.0771  last_time: 0.0765  data_time: 0.0021  last_data_time: 0.0020   lr: 0.000125  max_mem: 1682M
[08/15 07:21:12 d2.utils.events]:  eta: 0:00:07  iter: 4899  total_loss: 0.1529  loss_cls: 0.01461  loss_box_reg: 0.03447  loss_mask: 0.08937  loss_rpn_cls: 7.158e-06  loss_rpn_loc: 0.001639    time: 0.0771  last_time: 0.0768  data_time: 0.0023  last_data_time: 0.0020   lr: 0.000125  max_mem: 1682M
[08/15 07:21:12 d2.evaluation.coco_evaluation]: Fast COCO eval is not built. Falling back to official COCO eval.
[08/15 07:21:12 d2.data.datasets.coco]: Loaded 89 images in COCO format from /projects/PUCHALLA/LLP2024/tumor-segmentation/data/processed_data/rgd/test/images/test.json
[08/15 07:21:12 d2.data.dataset_mapper]: [DatasetMapper] Augmentations used in inference: [ResizeShortestEdge(short_edge_length=(800, 800), max_size=1333, sample_style='choice')]
[08/15 07:21:12 d2.data.common]: Serializing the dataset using: <class 'detectron2.data.common._TorchSerializedList'>
[08/15 07:21:12 d2.data.common]: Serializing 89 elements to byte tensors and concatenating them all ...
[08/15 07:21:12 d2.data.common]: Serialized dataset takes 0.07 MiB
[08/15 07:21:12 d2.evaluation.evaluator]: Start inference on 89 batches
[08/15 07:21:12 d2.evaluation.evaluator]: Inference done 11/89. Dataloading: 0.0004 s/iter. Inference: 0.0245 s/iter. Eval: 0.0003 s/iter. Total: 0.0252 s/iter. ETA=0:00:01
[08/15 07:21:14 d2.evaluation.evaluator]: Total inference time: 0:00:02.106933 (0.025083 s / iter per device, on 1 devices)
[08/15 07:21:14 d2.evaluation.evaluator]: Total inference pure compute time: 0:00:02 (0.023926 s / iter per device, on 1 devices)
[08/15 07:21:14 d2.evaluation.coco_evaluation]: Preparing results for COCO format ...
[08/15 07:21:14 d2.evaluation.coco_evaluation]: Saving results to ../../../../../models/rgb-testing/rgd-5000-1/coco_instances_results.json
[08/15 07:21:14 d2.evaluation.coco_evaluation]: Evaluating predictions with official COCO API...
Loading and preparing results...
DONE (t=0.00s)
creating index...
index created!
Running per image evaluation...
Evaluate annotation type *bbox*
DONE (t=0.01s).
Accumulating evaluation results...
DONE (t=0.01s).
 Average Precision  (AP) @[ IoU=0.50:0.95 | area=   all | maxDets=100 ] = 0.784
 Average Precision  (AP) @[ IoU=0.50      | area=   all | maxDets=100 ] = 0.966
 Average Precision  (AP) @[ IoU=0.75      | area=   all | maxDets=100 ] = 0.923
 Average Precision  (AP) @[ IoU=0.50:0.95 | area= small | maxDets=100 ] = -1.000
 Average Precision  (AP) @[ IoU=0.50:0.95 | area=medium | maxDets=100 ] = 0.731
 Average Precision  (AP) @[ IoU=0.50:0.95 | area= large | maxDets=100 ] = 0.793
 Average Recall     (AR) @[ IoU=0.50:0.95 | area=   all | maxDets=  1 ] = 0.826
 Average Recall     (AR) @[ IoU=0.50:0.95 | area=   all | maxDets= 10 ] = 0.831
 Average Recall     (AR) @[ IoU=0.50:0.95 | area=   all | maxDets=100 ] = 0.831
 Average Recall     (AR) @[ IoU=0.50:0.95 | area= small | maxDets=100 ] = -1.000
 Average Recall     (AR) @[ IoU=0.50:0.95 | area=medium | maxDets=100 ] = 0.750
 Average Recall     (AR) @[ IoU=0.50:0.95 | area= large | maxDets=100 ] = 0.842
[08/15 07:21:14 d2.evaluation.coco_evaluation]: Evaluation results for bbox: 
|   AP   |  AP50  |  AP75  |  APs  |  APm   |  APl   |
|:------:|:------:|:------:|:-----:|:------:|:------:|
| 78.439 | 96.638 | 92.281 |  nan  | 73.116 | 79.333 |
[08/15 07:21:14 d2.evaluation.coco_evaluation]: Some metrics cannot be computed and is shown as NaN.
Loading and preparing results...
DONE (t=0.00s)
creating index...
index created!
Running per image evaluation...
Evaluate annotation type *segm*
DONE (t=0.02s).
Accumulating evaluation results...
DONE (t=0.01s).
 Average Precision  (AP) @[ IoU=0.50:0.95 | area=   all | maxDets=100 ] = 0.784
 Average Precision  (AP) @[ IoU=0.50      | area=   all | maxDets=100 ] = 0.966
 Average Precision  (AP) @[ IoU=0.75      | area=   all | maxDets=100 ] = 0.932
 Average Precision  (AP) @[ IoU=0.50:0.95 | area= small | maxDets=100 ] = -1.000
 Average Precision  (AP) @[ IoU=0.50:0.95 | area=medium | maxDets=100 ] = 0.716
 Average Precision  (AP) @[ IoU=0.50:0.95 | area= large | maxDets=100 ] = 0.794
 Average Recall     (AR) @[ IoU=0.50:0.95 | area=   all | maxDets=  1 ] = 0.820
 Average Recall     (AR) @[ IoU=0.50:0.95 | area=   all | maxDets= 10 ] = 0.827
 Average Recall     (AR) @[ IoU=0.50:0.95 | area=   all | maxDets=100 ] = 0.827
 Average Recall     (AR) @[ IoU=0.50:0.95 | area= small | maxDets=100 ] = -1.000
 Average Recall     (AR) @[ IoU=0.50:0.95 | area=medium | maxDets=100 ] = 0.730
 Average Recall     (AR) @[ IoU=0.50:0.95 | area= large | maxDets=100 ] = 0.839
[08/15 07:21:14 d2.evaluation.coco_evaluation]: Evaluation results for segm: 
|   AP   |  AP50  |  AP75  |  APs  |  APm   |  APl   |
|:------:|:------:|:------:|:-----:|:------:|:------:|
| 78.410 | 96.638 | 93.216 |  nan  | 71.565 | 79.447 |
[08/15 07:21:14 d2.evaluation.coco_evaluation]: Some metrics cannot be computed and is shown as NaN.
[Iter 2 AP] → mAP@[.5:.95] = 78.410
[08/15 07:21:14 d2.data.datasets.coco]: Loaded 89 images in COCO format from /projects/PUCHALLA/LLP2024/tumor-segmentation/data/processed_data/rgd/test/images/test.json
[08/15 07:21:14 d2.data.datasets.coco]: Loaded 89 images in COCO format from /projects/PUCHALLA/LLP2024/tumor-segmentation/data/processed_data/rgd/test/images/test.json
[08/15 07:21:14 d2.data.dataset_mapper]: [DatasetMapper] Augmentations used in inference: [ResizeShortestEdge(short_edge_length=(800, 800), max_size=1333, sample_style='choice')]
[08/15 07:21:14 d2.data.common]: Serializing the dataset using: <class 'detectron2.data.common._TorchSerializedList'>
[08/15 07:21:14 d2.data.common]: Serializing 89 elements to byte tensors and concatenating them all ...
[08/15 07:21:14 d2.data.common]: Serialized dataset takes 0.07 MiB
[08/15 07:21:14 d2.evaluation.evaluator]: Start inference on 89 batches
[08/15 07:21:16 d2.evaluation.evaluator]: Total inference time: 0:00:02.091341 (0.024897 s / iter per device, on 1 devices)
[08/15 07:21:16 d2.evaluation.evaluator]: Total inference pure compute time: 0:00:01 (0.023727 s / iter per device, on 1 devices)
[08/15 07:21:18 d2.utils.events]:  eta: 0:00:06  iter: 4919  total_loss: 0.1319  loss_cls: 0.01375  loss_box_reg: 0.03474  loss_mask: 0.0857  loss_rpn_cls: 1.725e-05  loss_rpn_loc: 0.002123    time: 0.0771  last_time: 0.0736  data_time: 0.0023  last_data_time: 0.0021   lr: 0.000125  max_mem: 1682M
[08/15 07:21:20 d2.utils.events]:  eta: 0:00:04  iter: 4939  total_loss: 0.1395  loss_cls: 0.01553  loss_box_reg: 0.0335  loss_mask: 0.08936  loss_rpn_cls: 7.715e-06  loss_rpn_loc: 0.001594    time: 0.0771  last_time: 0.0737  data_time: 0.0021  last_data_time: 0.0021   lr: 0.000125  max_mem: 1682M
[08/15 07:21:21 d2.utils.events]:  eta: 0:00:03  iter: 4959  total_loss: 0.1215  loss_cls: 0.01259  loss_box_reg: 0.02976  loss_mask: 0.06963  loss_rpn_cls: 3.729e-06  loss_rpn_loc: 0.001588    time: 0.0771  last_time: 0.0833  data_time: 0.0022  last_data_time: 0.0021   lr: 0.000125  max_mem: 1682M
[08/15 07:21:23 d2.utils.events]:  eta: 0:00:01  iter: 4979  total_loss: 0.1369  loss_cls: 0.01475  loss_box_reg: 0.03588  loss_mask: 0.08793  loss_rpn_cls: 9.152e-06  loss_rpn_loc: 0.001888    time: 0.0771  last_time: 0.0740  data_time: 0.0021  last_data_time: 0.0021   lr: 0.000125  max_mem: 1682M
[08/15 07:21:25 d2.utils.events]:  eta: 0:00:00  iter: 4999  total_loss: 0.1416  loss_cls: 0.016  loss_box_reg: 0.03125  loss_mask: 0.08668  loss_rpn_cls: 5.133e-06  loss_rpn_loc: 0.001881    time: 0.0771  last_time: 0.0760  data_time: 0.0022  last_data_time: 0.0021   lr: 0.000125  max_mem: 1682M
[08/15 07:21:25 d2.engine.hooks]: Overall training speed: 4998 iterations in 0:06:25 (0.0771 s / it)
[08/15 07:21:25 d2.engine.hooks]: Total training time: 0:10:16 (0:03:50 on hooks)
[08/15 07:21:25 d2.data.dataset_mapper]: [DatasetMapper] Augmentations used in inference: [ResizeShortestEdge(short_edge_length=(800, 800), max_size=1333, sample_style='choice')]
[08/15 07:21:25 d2.data.datasets.coco]: Loaded 89 images in COCO format from /projects/PUCHALLA/LLP2024/tumor-segmentation/data/processed_data/rgd/test/images/test.json
[08/15 07:21:25 d2.data.common]: Serializing the dataset using: <class 'detectron2.data.common._TorchSerializedList'>
[08/15 07:21:25 d2.data.common]: Serializing 89 elements to byte tensors and concatenating them all ...
[08/15 07:21:25 d2.data.common]: Serialized dataset takes 0.07 MiB
[08/15 07:21:25 d2.evaluation.coco_evaluation]: Fast COCO eval is not built. Falling back to official COCO eval.
WARNING [08/15 07:21:25 d2.evaluation.coco_evaluation]: COCO Evaluator instantiated using config, this is deprecated behavior. Please pass in explicit arguments instead.
[08/15 07:21:25 d2.evaluation.evaluator]: Start inference on 89 batches
[08/15 07:21:25 d2.evaluation.evaluator]: Inference done 11/89. Dataloading: 0.0004 s/iter. Inference: 0.0237 s/iter. Eval: 0.0003 s/iter. Total: 0.0245 s/iter. ETA=0:00:01
[08/15 07:21:27 d2.evaluation.evaluator]: Total inference time: 0:00:02.100495 (0.025006 s / iter per device, on 1 devices)
[08/15 07:21:27 d2.evaluation.evaluator]: Total inference pure compute time: 0:00:02 (0.023865 s / iter per device, on 1 devices)
[08/15 07:21:27 d2.evaluation.coco_evaluation]: Preparing results for COCO format ...
[08/15 07:21:27 d2.evaluation.coco_evaluation]: Saving results to ../../../../../models/rgb-testing/rgd-5000-1/coco_instances_results.json
[08/15 07:21:27 d2.evaluation.coco_evaluation]: Evaluating predictions with official COCO API...
Loading and preparing results...
DONE (t=0.00s)
creating index...
index created!
Running per image evaluation...
Evaluate annotation type *bbox*
DONE (t=0.01s).
Accumulating evaluation results...
DONE (t=0.01s).
 Average Precision  (AP) @[ IoU=0.50:0.95 | area=   all | maxDets=100 ] = 0.767
 Average Precision  (AP) @[ IoU=0.50      | area=   all | maxDets=100 ] = 0.967
 Average Precision  (AP) @[ IoU=0.75      | area=   all | maxDets=100 ] = 0.925
 Average Precision  (AP) @[ IoU=0.50:0.95 | area= small | maxDets=100 ] = -1.000
 Average Precision  (AP) @[ IoU=0.50:0.95 | area=medium | maxDets=100 ] = 0.727
 Average Precision  (AP) @[ IoU=0.50:0.95 | area= large | maxDets=100 ] = 0.774
 Average Recall     (AR) @[ IoU=0.50:0.95 | area=   all | maxDets=  1 ] = 0.811
 Average Recall     (AR) @[ IoU=0.50:0.95 | area=   all | maxDets= 10 ] = 0.817
 Average Recall     (AR) @[ IoU=0.50:0.95 | area=   all | maxDets=100 ] = 0.817
 Average Recall     (AR) @[ IoU=0.50:0.95 | area= small | maxDets=100 ] = -1.000
 Average Recall     (AR) @[ IoU=0.50:0.95 | area=medium | maxDets=100 ] = 0.750
 Average Recall     (AR) @[ IoU=0.50:0.95 | area= large | maxDets=100 ] = 0.825
[08/15 07:21:27 d2.evaluation.coco_evaluation]: Evaluation results for bbox: 
|   AP   |  AP50  |  AP75  |  APs  |  APm   |  APl   |
|:------:|:------:|:------:|:-----:|:------:|:------:|
| 76.673 | 96.702 | 92.515 |  nan  | 72.676 | 77.417 |
[08/15 07:21:27 d2.evaluation.coco_evaluation]: Some metrics cannot be computed and is shown as NaN.
Loading and preparing results...
DONE (t=0.00s)
creating index...
index created!
Running per image evaluation...
Evaluate annotation type *segm*
DONE (t=0.02s).
Accumulating evaluation results...
DONE (t=0.01s).
 Average Precision  (AP) @[ IoU=0.50:0.95 | area=   all | maxDets=100 ] = 0.783
 Average Precision  (AP) @[ IoU=0.50      | area=   all | maxDets=100 ] = 0.967
 Average Precision  (AP) @[ IoU=0.75      | area=   all | maxDets=100 ] = 0.934
 Average Precision  (AP) @[ IoU=0.50:0.95 | area= small | maxDets=100 ] = -1.000
 Average Precision  (AP) @[ IoU=0.50:0.95 | area=medium | maxDets=100 ] = 0.710
 Average Precision  (AP) @[ IoU=0.50:0.95 | area= large | maxDets=100 ] = 0.796
 Average Recall     (AR) @[ IoU=0.50:0.95 | area=   all | maxDets=  1 ] = 0.817
 Average Recall     (AR) @[ IoU=0.50:0.95 | area=   all | maxDets= 10 ] = 0.824
 Average Recall     (AR) @[ IoU=0.50:0.95 | area=   all | maxDets=100 ] = 0.824
 Average Recall     (AR) @[ IoU=0.50:0.95 | area= small | maxDets=100 ] = -1.000
 Average Recall     (AR) @[ IoU=0.50:0.95 | area=medium | maxDets=100 ] = 0.720
 Average Recall     (AR) @[ IoU=0.50:0.95 | area= large | maxDets=100 ] = 0.837
[08/15 07:21:27 d2.evaluation.coco_evaluation]: Evaluation results for segm: 
|   AP   |  AP50  |  AP75  |  APs  |  APm   |  APl   |
|:------:|:------:|:------:|:-----:|:------:|:------:|
| 78.342 | 96.702 | 93.450 |  nan  | 70.971 | 79.610 |
[08/15 07:21:27 d2.evaluation.coco_evaluation]: Some metrics cannot be computed and is shown as NaN.
[08/15 07:21:27 d2.engine.defaults]: Evaluation results for my_dataset_test in csv format:
[08/15 07:21:27 d2.evaluation.testing]: copypaste: Task: bbox
[08/15 07:21:27 d2.evaluation.testing]: copypaste: AP,AP50,AP75,APs,APm,APl
[08/15 07:21:27 d2.evaluation.testing]: copypaste: 76.6735,96.7022,92.5145,nan,72.6762,77.4170
[08/15 07:21:27 d2.evaluation.testing]: copypaste: Task: segm
[08/15 07:21:27 d2.evaluation.testing]: copypaste: AP,AP50,AP75,APs,APm,APl
[08/15 07:21:27 d2.evaluation.testing]: copypaste: 78.3416,96.7022,93.4496,nan,70.9712,79.6101
Training Completed, now saving plots....
Saved loss curves to ../../../slurm_output/loss_plots/rgd-5000-1_loss_plot.png
Saved AP curve to ../../../slurm_output/AP_Fig/rgd-5000-1_AP_plot.png
[08/15 07:21:28 d2.data.datasets.coco]: Loaded 89 images in COCO format from /projects/PUCHALLA/LLP2024/tumor-segmentation/data/processed_data/rgd/test/images/test.json
[08/15 07:21:28 d2.data.datasets.coco]: Loaded 89 images in COCO format from /projects/PUCHALLA/LLP2024/tumor-segmentation/data/processed_data/rgd/test/images/test.json
[08/15 07:21:28 d2.data.dataset_mapper]: [DatasetMapper] Augmentations used in inference: [ResizeShortestEdge(short_edge_length=(800, 800), max_size=1333, sample_style='choice')]
[08/15 07:21:28 d2.data.common]: Serializing the dataset using: <class 'detectron2.data.common._TorchSerializedList'>
[08/15 07:21:28 d2.data.common]: Serializing 89 elements to byte tensors and concatenating them all ...
[08/15 07:21:28 d2.data.common]: Serialized dataset takes 0.07 MiB
[08/15 07:21:28 d2.evaluation.evaluator]: Start inference on 89 batches
[08/15 07:21:30 d2.evaluation.evaluator]: Total inference time: 0:00:02.112026 (0.025143 s / iter per device, on 1 devices)
[08/15 07:21:30 d2.evaluation.evaluator]: Total inference pure compute time: 0:00:02 (0.024007 s / iter per device, on 1 devices)
