Check logs below to see if args are correct:
Name: without-invotive-5000
Iterations: 5000
RGB: true
Depth: false
RGD: false
Split Cashe: true
Path: ../
Running tests...
============================= test session starts ==============================
platform linux -- Python 3.12.4, pytest-8.4.1, pluggy-1.6.0
rootdir: /projects/PUCHALLA/LLP2024/tumor-segmentation/src/Detectron2/training_scripts
plugins: hydra-core-1.3.2
collected 4 items

../test/test_annotations.py Init Dataset
.
../test/test_sets.py File Set Validation Report for /projects/PUCHALLA/LLP2024/tumor-segmentation/data/huggingface-repo/useable_data
                =====================================
                Total file sets found: 588
                Complete sets (all 3 files): 588
                Incomplete sets: 0
                
.
../test/test_sizes.py ..

============================== 4 passed in 9.85s ===============================
Tests successful!
Running training script...
Init Dataset
--DEBUGGING SPLIT_CASHE----
SPLIT_CASHE is True
Preprocessing done!
Number of RGB Images: 588
Number of Depth Map Images: 588
Number of RGD images: 588

Number of training sets: 411
Number of validation sets: 88
Number of testing sets: 89
Data cached successfully.
Created 411 annotations for images in folder: /projects/PUCHALLA/LLP2024/tumor-segmentation/data/processed_data/rgb/train/masks
Created 88 annotations for images in folder: /projects/PUCHALLA/LLP2024/tumor-segmentation/data/processed_data/rgb/val/masks
Created 89 annotations for images in folder: /projects/PUCHALLA/LLP2024/tumor-segmentation/data/processed_data/rgb/test/masks
Created 411 annotations for images in folder: /projects/PUCHALLA/LLP2024/tumor-segmentation/data/processed_data/depth/train/masks
Created 88 annotations for images in folder: /projects/PUCHALLA/LLP2024/tumor-segmentation/data/processed_data/depth/val/masks
Created 89 annotations for images in folder: /projects/PUCHALLA/LLP2024/tumor-segmentation/data/processed_data/depth/test/masks
Created 411 annotations for images in folder: /projects/PUCHALLA/LLP2024/tumor-segmentation/data/processed_data/rgd/train/masks
Created 88 annotations for images in folder: /projects/PUCHALLA/LLP2024/tumor-segmentation/data/processed_data/rgd/val/masks
Created 89 annotations for images in folder: /projects/PUCHALLA/LLP2024/tumor-segmentation/data/processed_data/rgd/test/masks
[08/02 04:22:01 d2.data.datasets.coco]: Loaded 411 images in COCO format from /projects/PUCHALLA/LLP2024/tumor-segmentation/data/processed_data/rgb/train/images/train.json
[08/02 04:22:01 d2.data.datasets.coco]: Loaded 88 images in COCO format from /projects/PUCHALLA/LLP2024/tumor-segmentation/data/processed_data/rgb/val/images/val.json
[08/02 04:22:01 d2.data.datasets.coco]: Loaded 89 images in COCO format from /projects/PUCHALLA/LLP2024/tumor-segmentation/data/processed_data/rgb/test/images/test.json
[08/02 04:22:02 d2.engine.defaults]: Model:
GeneralizedRCNN(
  (backbone): FPN(
    (fpn_lateral2): Conv2d(256, 256, kernel_size=(1, 1), stride=(1, 1))
    (fpn_output2): Conv2d(256, 256, kernel_size=(3, 3), stride=(1, 1), padding=(1, 1))
    (fpn_lateral3): Conv2d(512, 256, kernel_size=(1, 1), stride=(1, 1))
    (fpn_output3): Conv2d(256, 256, kernel_size=(3, 3), stride=(1, 1), padding=(1, 1))
    (fpn_lateral4): Conv2d(1024, 256, kernel_size=(1, 1), stride=(1, 1))
    (fpn_output4): Conv2d(256, 256, kernel_size=(3, 3), stride=(1, 1), padding=(1, 1))
    (fpn_lateral5): Conv2d(2048, 256, kernel_size=(1, 1), stride=(1, 1))
    (fpn_output5): Conv2d(256, 256, kernel_size=(3, 3), stride=(1, 1), padding=(1, 1))
    (top_block): LastLevelMaxPool()
    (bottom_up): ResNet(
      (stem): BasicStem(
        (conv1): Conv2d(
          3, 64, kernel_size=(7, 7), stride=(2, 2), padding=(3, 3), bias=False
          (norm): FrozenBatchNorm2d(num_features=64, eps=1e-05)
        )
      )
      (res2): Sequential(
        (0): BottleneckBlock(
          (shortcut): Conv2d(
            64, 256, kernel_size=(1, 1), stride=(1, 1), bias=False
            (norm): FrozenBatchNorm2d(num_features=256, eps=1e-05)
          )
          (conv1): Conv2d(
            64, 64, kernel_size=(1, 1), stride=(1, 1), bias=False
            (norm): FrozenBatchNorm2d(num_features=64, eps=1e-05)
          )
          (conv2): Conv2d(
            64, 64, kernel_size=(3, 3), stride=(1, 1), padding=(1, 1), bias=False
            (norm): FrozenBatchNorm2d(num_features=64, eps=1e-05)
          )
          (conv3): Conv2d(
            64, 256, kernel_size=(1, 1), stride=(1, 1), bias=False
            (norm): FrozenBatchNorm2d(num_features=256, eps=1e-05)
          )
        )
        (1): BottleneckBlock(
          (conv1): Conv2d(
            256, 64, kernel_size=(1, 1), stride=(1, 1), bias=False
            (norm): FrozenBatchNorm2d(num_features=64, eps=1e-05)
          )
          (conv2): Conv2d(
            64, 64, kernel_size=(3, 3), stride=(1, 1), padding=(1, 1), bias=False
            (norm): FrozenBatchNorm2d(num_features=64, eps=1e-05)
          )
          (conv3): Conv2d(
            64, 256, kernel_size=(1, 1), stride=(1, 1), bias=False
            (norm): FrozenBatchNorm2d(num_features=256, eps=1e-05)
          )
        )
        (2): BottleneckBlock(
          (conv1): Conv2d(
            256, 64, kernel_size=(1, 1), stride=(1, 1), bias=False
            (norm): FrozenBatchNorm2d(num_features=64, eps=1e-05)
          )
          (conv2): Conv2d(
            64, 64, kernel_size=(3, 3), stride=(1, 1), padding=(1, 1), bias=False
            (norm): FrozenBatchNorm2d(num_features=64, eps=1e-05)
          )
          (conv3): Conv2d(
            64, 256, kernel_size=(1, 1), stride=(1, 1), bias=False
            (norm): FrozenBatchNorm2d(num_features=256, eps=1e-05)
          )
        )
      )
      (res3): Sequential(
        (0): BottleneckBlock(
          (shortcut): Conv2d(
            256, 512, kernel_size=(1, 1), stride=(2, 2), bias=False
            (norm): FrozenBatchNorm2d(num_features=512, eps=1e-05)
          )
          (conv1): Conv2d(
            256, 128, kernel_size=(1, 1), stride=(2, 2), bias=False
            (norm): FrozenBatchNorm2d(num_features=128, eps=1e-05)
          )
          (conv2): Conv2d(
            128, 128, kernel_size=(3, 3), stride=(1, 1), padding=(1, 1), bias=False
            (norm): FrozenBatchNorm2d(num_features=128, eps=1e-05)
          )
          (conv3): Conv2d(
            128, 512, kernel_size=(1, 1), stride=(1, 1), bias=False
            (norm): FrozenBatchNorm2d(num_features=512, eps=1e-05)
          )
        )
        (1): BottleneckBlock(
          (conv1): Conv2d(
            512, 128, kernel_size=(1, 1), stride=(1, 1), bias=False
            (norm): FrozenBatchNorm2d(num_features=128, eps=1e-05)
          )
          (conv2): Conv2d(
            128, 128, kernel_size=(3, 3), stride=(1, 1), padding=(1, 1), bias=False
            (norm): FrozenBatchNorm2d(num_features=128, eps=1e-05)
          )
          (conv3): Conv2d(
            128, 512, kernel_size=(1, 1), stride=(1, 1), bias=False
            (norm): FrozenBatchNorm2d(num_features=512, eps=1e-05)
          )
        )
        (2): BottleneckBlock(
          (conv1): Conv2d(
            512, 128, kernel_size=(1, 1), stride=(1, 1), bias=False
            (norm): FrozenBatchNorm2d(num_features=128, eps=1e-05)
          )
          (conv2): Conv2d(
            128, 128, kernel_size=(3, 3), stride=(1, 1), padding=(1, 1), bias=False
            (norm): FrozenBatchNorm2d(num_features=128, eps=1e-05)
          )
          (conv3): Conv2d(
            128, 512, kernel_size=(1, 1), stride=(1, 1), bias=False
            (norm): FrozenBatchNorm2d(num_features=512, eps=1e-05)
          )
        )
        (3): BottleneckBlock(
          (conv1): Conv2d(
            512, 128, kernel_size=(1, 1), stride=(1, 1), bias=False
            (norm): FrozenBatchNorm2d(num_features=128, eps=1e-05)
          )
          (conv2): Conv2d(
            128, 128, kernel_size=(3, 3), stride=(1, 1), padding=(1, 1), bias=False
            (norm): FrozenBatchNorm2d(num_features=128, eps=1e-05)
          )
          (conv3): Conv2d(
            128, 512, kernel_size=(1, 1), stride=(1, 1), bias=False
            (norm): FrozenBatchNorm2d(num_features=512, eps=1e-05)
          )
        )
      )
      (res4): Sequential(
        (0): BottleneckBlock(
          (shortcut): Conv2d(
            512, 1024, kernel_size=(1, 1), stride=(2, 2), bias=False
            (norm): FrozenBatchNorm2d(num_features=1024, eps=1e-05)
          )
          (conv1): Conv2d(
            512, 256, kernel_size=(1, 1), stride=(2, 2), bias=False
            (norm): FrozenBatchNorm2d(num_features=256, eps=1e-05)
          )
          (conv2): Conv2d(
            256, 256, kernel_size=(3, 3), stride=(1, 1), padding=(1, 1), bias=False
            (norm): FrozenBatchNorm2d(num_features=256, eps=1e-05)
          )
          (conv3): Conv2d(
            256, 1024, kernel_size=(1, 1), stride=(1, 1), bias=False
            (norm): FrozenBatchNorm2d(num_features=1024, eps=1e-05)
          )
        )
        (1): BottleneckBlock(
          (conv1): Conv2d(
            1024, 256, kernel_size=(1, 1), stride=(1, 1), bias=False
            (norm): FrozenBatchNorm2d(num_features=256, eps=1e-05)
          )
          (conv2): Conv2d(
            256, 256, kernel_size=(3, 3), stride=(1, 1), padding=(1, 1), bias=False
            (norm): FrozenBatchNorm2d(num_features=256, eps=1e-05)
          )
          (conv3): Conv2d(
            256, 1024, kernel_size=(1, 1), stride=(1, 1), bias=False
            (norm): FrozenBatchNorm2d(num_features=1024, eps=1e-05)
          )
        )
        (2): BottleneckBlock(
          (conv1): Conv2d(
            1024, 256, kernel_size=(1, 1), stride=(1, 1), bias=False
            (norm): FrozenBatchNorm2d(num_features=256, eps=1e-05)
          )
          (conv2): Conv2d(
            256, 256, kernel_size=(3, 3), stride=(1, 1), padding=(1, 1), bias=False
            (norm): FrozenBatchNorm2d(num_features=256, eps=1e-05)
          )
          (conv3): Conv2d(
            256, 1024, kernel_size=(1, 1), stride=(1, 1), bias=False
            (norm): FrozenBatchNorm2d(num_features=1024, eps=1e-05)
          )
        )
        (3): BottleneckBlock(
          (conv1): Conv2d(
            1024, 256, kernel_size=(1, 1), stride=(1, 1), bias=False
            (norm): FrozenBatchNorm2d(num_features=256, eps=1e-05)
          )
          (conv2): Conv2d(
            256, 256, kernel_size=(3, 3), stride=(1, 1), padding=(1, 1), bias=False
            (norm): FrozenBatchNorm2d(num_features=256, eps=1e-05)
          )
          (conv3): Conv2d(
            256, 1024, kernel_size=(1, 1), stride=(1, 1), bias=False
            (norm): FrozenBatchNorm2d(num_features=1024, eps=1e-05)
          )
        )
        (4): BottleneckBlock(
          (conv1): Conv2d(
            1024, 256, kernel_size=(1, 1), stride=(1, 1), bias=False
            (norm): FrozenBatchNorm2d(num_features=256, eps=1e-05)
          )
          (conv2): Conv2d(
            256, 256, kernel_size=(3, 3), stride=(1, 1), padding=(1, 1), bias=False
            (norm): FrozenBatchNorm2d(num_features=256, eps=1e-05)
          )
          (conv3): Conv2d(
            256, 1024, kernel_size=(1, 1), stride=(1, 1), bias=False
            (norm): FrozenBatchNorm2d(num_features=1024, eps=1e-05)
          )
        )
        (5): BottleneckBlock(
          (conv1): Conv2d(
            1024, 256, kernel_size=(1, 1), stride=(1, 1), bias=False
            (norm): FrozenBatchNorm2d(num_features=256, eps=1e-05)
          )
          (conv2): Conv2d(
            256, 256, kernel_size=(3, 3), stride=(1, 1), padding=(1, 1), bias=False
            (norm): FrozenBatchNorm2d(num_features=256, eps=1e-05)
          )
          (conv3): Conv2d(
            256, 1024, kernel_size=(1, 1), stride=(1, 1), bias=False
            (norm): FrozenBatchNorm2d(num_features=1024, eps=1e-05)
          )
        )
      )
      (res5): Sequential(
        (0): BottleneckBlock(
          (shortcut): Conv2d(
            1024, 2048, kernel_size=(1, 1), stride=(2, 2), bias=False
            (norm): FrozenBatchNorm2d(num_features=2048, eps=1e-05)
          )
          (conv1): Conv2d(
            1024, 512, kernel_size=(1, 1), stride=(2, 2), bias=False
            (norm): FrozenBatchNorm2d(num_features=512, eps=1e-05)
          )
          (conv2): Conv2d(
            512, 512, kernel_size=(3, 3), stride=(1, 1), padding=(1, 1), bias=False
            (norm): FrozenBatchNorm2d(num_features=512, eps=1e-05)
          )
          (conv3): Conv2d(
            512, 2048, kernel_size=(1, 1), stride=(1, 1), bias=False
            (norm): FrozenBatchNorm2d(num_features=2048, eps=1e-05)
          )
        )
        (1): BottleneckBlock(
          (conv1): Conv2d(
            2048, 512, kernel_size=(1, 1), stride=(1, 1), bias=False
            (norm): FrozenBatchNorm2d(num_features=512, eps=1e-05)
          )
          (conv2): Conv2d(
            512, 512, kernel_size=(3, 3), stride=(1, 1), padding=(1, 1), bias=False
            (norm): FrozenBatchNorm2d(num_features=512, eps=1e-05)
          )
          (conv3): Conv2d(
            512, 2048, kernel_size=(1, 1), stride=(1, 1), bias=False
            (norm): FrozenBatchNorm2d(num_features=2048, eps=1e-05)
          )
        )
        (2): BottleneckBlock(
          (conv1): Conv2d(
            2048, 512, kernel_size=(1, 1), stride=(1, 1), bias=False
            (norm): FrozenBatchNorm2d(num_features=512, eps=1e-05)
          )
          (conv2): Conv2d(
            512, 512, kernel_size=(3, 3), stride=(1, 1), padding=(1, 1), bias=False
            (norm): FrozenBatchNorm2d(num_features=512, eps=1e-05)
          )
          (conv3): Conv2d(
            512, 2048, kernel_size=(1, 1), stride=(1, 1), bias=False
            (norm): FrozenBatchNorm2d(num_features=2048, eps=1e-05)
          )
        )
      )
    )
  )
  (proposal_generator): RPN(
    (rpn_head): StandardRPNHead(
      (conv): Conv2d(
        256, 256, kernel_size=(3, 3), stride=(1, 1), padding=(1, 1)
        (activation): ReLU()
      )
      (objectness_logits): Conv2d(256, 3, kernel_size=(1, 1), stride=(1, 1))
      (anchor_deltas): Conv2d(256, 12, kernel_size=(1, 1), stride=(1, 1))
    )
    (anchor_generator): DefaultAnchorGenerator(
      (cell_anchors): BufferList()
    )
  )
  (roi_heads): StandardROIHeads(
    (box_pooler): ROIPooler(
      (level_poolers): ModuleList(
        (0): ROIAlign(output_size=(7, 7), spatial_scale=0.25, sampling_ratio=0, aligned=True)
        (1): ROIAlign(output_size=(7, 7), spatial_scale=0.125, sampling_ratio=0, aligned=True)
        (2): ROIAlign(output_size=(7, 7), spatial_scale=0.0625, sampling_ratio=0, aligned=True)
        (3): ROIAlign(output_size=(7, 7), spatial_scale=0.03125, sampling_ratio=0, aligned=True)
      )
    )
    (box_head): FastRCNNConvFCHead(
      (flatten): Flatten(start_dim=1, end_dim=-1)
      (fc1): Linear(in_features=12544, out_features=1024, bias=True)
      (fc_relu1): ReLU()
      (fc2): Linear(in_features=1024, out_features=1024, bias=True)
      (fc_relu2): ReLU()
    )
    (box_predictor): FastRCNNOutputLayers(
      (cls_score): Linear(in_features=1024, out_features=2, bias=True)
      (bbox_pred): Linear(in_features=1024, out_features=4, bias=True)
    )
    (mask_pooler): ROIPooler(
      (level_poolers): ModuleList(
        (0): ROIAlign(output_size=(14, 14), spatial_scale=0.25, sampling_ratio=0, aligned=True)
        (1): ROIAlign(output_size=(14, 14), spatial_scale=0.125, sampling_ratio=0, aligned=True)
        (2): ROIAlign(output_size=(14, 14), spatial_scale=0.0625, sampling_ratio=0, aligned=True)
        (3): ROIAlign(output_size=(14, 14), spatial_scale=0.03125, sampling_ratio=0, aligned=True)
      )
    )
    (mask_head): MaskRCNNConvUpsampleHead(
      (mask_fcn1): Conv2d(
        256, 256, kernel_size=(3, 3), stride=(1, 1), padding=(1, 1)
        (activation): ReLU()
      )
      (mask_fcn2): Conv2d(
        256, 256, kernel_size=(3, 3), stride=(1, 1), padding=(1, 1)
        (activation): ReLU()
      )
      (mask_fcn3): Conv2d(
        256, 256, kernel_size=(3, 3), stride=(1, 1), padding=(1, 1)
        (activation): ReLU()
      )
      (mask_fcn4): Conv2d(
        256, 256, kernel_size=(3, 3), stride=(1, 1), padding=(1, 1)
        (activation): ReLU()
      )
      (deconv): ConvTranspose2d(256, 256, kernel_size=(2, 2), stride=(2, 2))
      (deconv_relu): ReLU()
      (predictor): Conv2d(256, 1, kernel_size=(1, 1), stride=(1, 1))
    )
  )
)
[08/02 04:22:02 d2.data.dataset_mapper]: [DatasetMapper] Augmentations used in training: [ResizeShortestEdge(short_edge_length=(640, 672, 704, 736, 768, 800), max_size=1333, sample_style='choice'), RandomFlip()]
[08/02 04:22:02 d2.data.datasets.coco]: Loaded 411 images in COCO format from /projects/PUCHALLA/LLP2024/tumor-segmentation/data/processed_data/rgb/train/images/train.json
[08/02 04:22:02 d2.data.datasets.coco]: Loaded 88 images in COCO format from /projects/PUCHALLA/LLP2024/tumor-segmentation/data/processed_data/rgb/val/images/val.json
[08/02 04:22:02 d2.data.build]: Distribution of instances among all 1 categories:
|  category  | #instances   |
|:----------:|:-------------|
|   Tumor    | 499          |
|            |              |
[08/02 04:22:02 d2.data.build]: Using training sampler TrainingSampler
[08/02 04:22:02 d2.data.common]: Serializing the dataset using: <class 'detectron2.data.common._TorchSerializedList'>
[08/02 04:22:02 d2.data.common]: Serializing 499 elements to byte tensors and concatenating them all ...
[08/02 04:22:02 d2.data.common]: Serialized dataset takes 0.36 MiB
[08/02 04:22:02 d2.data.build]: Making batched data loader with batch_size=2
[08/02 04:22:02 d2.data.dataset_mapper]: [DatasetMapper] Augmentations used in training: [ResizeShortestEdge(short_edge_length=(640, 672, 704, 736, 768, 800), max_size=1333, sample_style='choice'), RandomFlip()]
[08/02 04:22:02 d2.data.datasets.coco]: Loaded 89 images in COCO format from /projects/PUCHALLA/LLP2024/tumor-segmentation/data/processed_data/rgb/test/images/test.json
[08/02 04:22:02 d2.data.build]: Distribution of instances among all 1 categories:
|  category  | #instances   |
|:----------:|:-------------|
|   Tumor    | 89           |
|            |              |
[08/02 04:22:02 d2.data.common]: Serializing the dataset using: <class 'detectron2.data.common._TorchSerializedList'>
[08/02 04:22:02 d2.data.common]: Serializing 89 elements to byte tensors and concatenating them all ...
[08/02 04:22:02 d2.data.common]: Serialized dataset takes 0.07 MiB
[08/02 04:22:02 d2.checkpoint.detection_checkpoint]: [DetectionCheckpointer] Loading from https://dl.fbaipublicfiles.com/detectron2/COCO-InstanceSegmentation/mask_rcnn_R_50_FPN_3x/137849600/model_final_f10217.pkl ...
[08/02 04:22:02 d2.engine.train_loop]: Starting training from iteration 0
[08/02 04:22:05 d2.utils.events]:  eta: 0:06:38  iter: 19  total_loss: 1.307  loss_cls: 0.416  loss_box_reg: 0.1813  loss_mask: 0.6841  loss_rpn_cls: 0.005058  loss_rpn_loc: 0.01063    time: 0.0855  last_time: 0.0781  data_time: 0.0152  last_data_time: 0.0022   lr: 6.0688e-05  max_mem: 1595M
[08/02 04:22:08 d2.utils.events]:  eta: 0:06:38  iter: 39  total_loss: 0.9614  loss_cls: 0.161  loss_box_reg: 0.1725  loss_mask: 0.6061  loss_rpn_cls: 0.005298  loss_rpn_loc: 0.008264    time: 0.0839  last_time: 0.0725  data_time: 0.0023  last_data_time: 0.0020   lr: 7.1938e-05  max_mem: 1595M
[08/02 04:22:10 d2.utils.events]:  eta: 0:06:36  iter: 59  total_loss: 0.8297  loss_cls: 0.1231  loss_box_reg: 0.1595  loss_mask: 0.5402  loss_rpn_cls: 0.006817  loss_rpn_loc: 0.008945    time: 0.0815  last_time: 0.0716  data_time: 0.0022  last_data_time: 0.0021   lr: 8.3187e-05  max_mem: 1595M
[08/02 04:22:11 d2.utils.events]:  eta: 0:06:30  iter: 79  total_loss: 0.7199  loss_cls: 0.1092  loss_box_reg: 0.1639  loss_mask: 0.4399  loss_rpn_cls: 0.002688  loss_rpn_loc: 0.005649    time: 0.0802  last_time: 0.0734  data_time: 0.0022  last_data_time: 0.0023   lr: 9.4438e-05  max_mem: 1595M
[08/02 04:22:13 d2.utils.events]:  eta: 0:06:24  iter: 99  total_loss: 0.6501  loss_cls: 0.09632  loss_box_reg: 0.1698  loss_mask: 0.3793  loss_rpn_cls: 0.00171  loss_rpn_loc: 0.004523    time: 0.0797  last_time: 0.0720  data_time: 0.0022  last_data_time: 0.0020   lr: 0.00010569  max_mem: 1595M
[08/02 04:22:13 d2.evaluation.coco_evaluation]: Fast COCO eval is not built. Falling back to official COCO eval.
[08/02 04:22:13 d2.data.datasets.coco]: Loaded 89 images in COCO format from /projects/PUCHALLA/LLP2024/tumor-segmentation/data/processed_data/rgb/test/images/test.json
[08/02 04:22:13 d2.data.dataset_mapper]: [DatasetMapper] Augmentations used in inference: [ResizeShortestEdge(short_edge_length=(800, 800), max_size=1333, sample_style='choice')]
[08/02 04:22:13 d2.data.common]: Serializing the dataset using: <class 'detectron2.data.common._TorchSerializedList'>
[08/02 04:22:13 d2.data.common]: Serializing 89 elements to byte tensors and concatenating them all ...
[08/02 04:22:13 d2.data.common]: Serialized dataset takes 0.07 MiB
[08/02 04:22:13 d2.evaluation.evaluator]: Start inference on 89 batches
[08/02 04:22:14 d2.evaluation.evaluator]: Inference done 11/89. Dataloading: 0.0004 s/iter. Inference: 0.0230 s/iter. Eval: 0.0002 s/iter. Total: 0.0236 s/iter. ETA=0:00:01
[08/02 04:22:16 d2.evaluation.evaluator]: Total inference time: 0:00:02.098721 (0.024985 s / iter per device, on 1 devices)
[08/02 04:22:16 d2.evaluation.evaluator]: Total inference pure compute time: 0:00:01 (0.023052 s / iter per device, on 1 devices)
[08/02 04:22:16 d2.evaluation.coco_evaluation]: Preparing results for COCO format ...
[08/02 04:22:16 d2.evaluation.coco_evaluation]: Saving results to ../../../../models/rgb-testing/without-invotive-5000/coco_instances_results.json
[08/02 04:22:16 d2.evaluation.coco_evaluation]: Evaluating predictions with official COCO API...
Loading and preparing results...
DONE (t=0.00s)
creating index...
index created!
Running per image evaluation...
Evaluate annotation type *bbox*
DONE (t=0.01s).
Accumulating evaluation results...
DONE (t=0.03s).
 Average Precision  (AP) @[ IoU=0.50:0.95 | area=   all | maxDets=100 ] = 0.095
 Average Precision  (AP) @[ IoU=0.50      | area=   all | maxDets=100 ] = 0.294
 Average Precision  (AP) @[ IoU=0.75      | area=   all | maxDets=100 ] = 0.027
 Average Precision  (AP) @[ IoU=0.50:0.95 | area= small | maxDets=100 ] = -1.000
 Average Precision  (AP) @[ IoU=0.50:0.95 | area=medium | maxDets=100 ] = 0.136
 Average Precision  (AP) @[ IoU=0.50:0.95 | area= large | maxDets=100 ] = 0.093
 Average Recall     (AR) @[ IoU=0.50:0.95 | area=   all | maxDets=  1 ] = 0.156
 Average Recall     (AR) @[ IoU=0.50:0.95 | area=   all | maxDets= 10 ] = 0.160
 Average Recall     (AR) @[ IoU=0.50:0.95 | area=   all | maxDets=100 ] = 0.160
 Average Recall     (AR) @[ IoU=0.50:0.95 | area= small | maxDets=100 ] = -1.000
 Average Recall     (AR) @[ IoU=0.50:0.95 | area=medium | maxDets=100 ] = 0.210
 Average Recall     (AR) @[ IoU=0.50:0.95 | area= large | maxDets=100 ] = 0.153
[08/02 04:22:16 d2.evaluation.coco_evaluation]: Evaluation results for bbox: 
|  AP   |  AP50  |  AP75  |  APs  |  APm   |  APl  |
|:-----:|:------:|:------:|:-----:|:------:|:-----:|
| 9.466 | 29.391 | 2.723  |  nan  | 13.624 | 9.303 |
[08/02 04:22:16 d2.evaluation.coco_evaluation]: Some metrics cannot be computed and is shown as NaN.
Loading and preparing results...
DONE (t=0.00s)
creating index...
index created!
Running per image evaluation...
Evaluate annotation type *segm*
DONE (t=0.02s).
Accumulating evaluation results...
DONE (t=0.00s).
 Average Precision  (AP) @[ IoU=0.50:0.95 | area=   all | maxDets=100 ] = 0.147
 Average Precision  (AP) @[ IoU=0.50      | area=   all | maxDets=100 ] = 0.384
 Average Precision  (AP) @[ IoU=0.75      | area=   all | maxDets=100 ] = 0.102
 Average Precision  (AP) @[ IoU=0.50:0.95 | area= small | maxDets=100 ] = -1.000
 Average Precision  (AP) @[ IoU=0.50:0.95 | area=medium | maxDets=100 ] = 0.157
 Average Precision  (AP) @[ IoU=0.50:0.95 | area= large | maxDets=100 ] = 0.157
 Average Recall     (AR) @[ IoU=0.50:0.95 | area=   all | maxDets=  1 ] = 0.201
 Average Recall     (AR) @[ IoU=0.50:0.95 | area=   all | maxDets= 10 ] = 0.204
 Average Recall     (AR) @[ IoU=0.50:0.95 | area=   all | maxDets=100 ] = 0.204
 Average Recall     (AR) @[ IoU=0.50:0.95 | area= small | maxDets=100 ] = -1.000
 Average Recall     (AR) @[ IoU=0.50:0.95 | area=medium | maxDets=100 ] = 0.240
 Average Recall     (AR) @[ IoU=0.50:0.95 | area= large | maxDets=100 ] = 0.200
[08/02 04:22:16 d2.evaluation.coco_evaluation]: Evaluation results for segm: 
|   AP   |  AP50  |  AP75  |  APs  |  APm   |  APl   |
|:------:|:------:|:------:|:-----:|:------:|:------:|
| 14.709 | 38.441 | 10.175 |  nan  | 15.701 | 15.745 |
[08/02 04:22:16 d2.evaluation.coco_evaluation]: Some metrics cannot be computed and is shown as NaN.
[Iter 2 AP] → mAP@[.5:.95] = 14.709
[08/02 04:22:17 d2.utils.events]:  eta: 0:06:18  iter: 119  total_loss: 0.5223  loss_cls: 0.08117  loss_box_reg: 0.1664  loss_mask: 0.2943  loss_rpn_cls: 0.00219  loss_rpn_loc: 0.003603    time: 0.0794  last_time: 0.0772  data_time: 0.0023  last_data_time: 0.0022   lr: 0.00011694  max_mem: 1595M
[08/02 04:22:19 d2.utils.events]:  eta: 0:06:16  iter: 139  total_loss: 0.4635  loss_cls: 0.06972  loss_box_reg: 0.1493  loss_mask: 0.234  loss_rpn_cls: 0.0004447  loss_rpn_loc: 0.003727    time: 0.0791  last_time: 0.0808  data_time: 0.0022  last_data_time: 0.0022   lr: 0.00012819  max_mem: 1615M
[08/02 04:22:20 d2.utils.events]:  eta: 0:06:15  iter: 159  total_loss: 0.491  loss_cls: 0.06808  loss_box_reg: 0.1791  loss_mask: 0.2243  loss_rpn_cls: 0.0003483  loss_rpn_loc: 0.004005    time: 0.0789  last_time: 0.0733  data_time: 0.0022  last_data_time: 0.0021   lr: 0.00013944  max_mem: 1615M
[08/02 04:22:22 d2.utils.events]:  eta: 0:06:13  iter: 179  total_loss: 0.4226  loss_cls: 0.05897  loss_box_reg: 0.1766  loss_mask: 0.1891  loss_rpn_cls: 0.0002827  loss_rpn_loc: 0.003829    time: 0.0788  last_time: 0.0785  data_time: 0.0023  last_data_time: 0.0020   lr: 0.00015069  max_mem: 1626M
[08/02 04:22:23 d2.utils.events]:  eta: 0:06:12  iter: 199  total_loss: 0.3939  loss_cls: 0.05383  loss_box_reg: 0.1408  loss_mask: 0.1747  loss_rpn_cls: 8.805e-05  loss_rpn_loc: 0.003479    time: 0.0788  last_time: 0.0818  data_time: 0.0022  last_data_time: 0.0022   lr: 0.00016194  max_mem: 1626M
[08/02 04:22:23 d2.evaluation.coco_evaluation]: Fast COCO eval is not built. Falling back to official COCO eval.
[08/02 04:22:23 d2.data.datasets.coco]: Loaded 89 images in COCO format from /projects/PUCHALLA/LLP2024/tumor-segmentation/data/processed_data/rgb/test/images/test.json
[08/02 04:22:23 d2.data.dataset_mapper]: [DatasetMapper] Augmentations used in inference: [ResizeShortestEdge(short_edge_length=(800, 800), max_size=1333, sample_style='choice')]
[08/02 04:22:23 d2.data.common]: Serializing the dataset using: <class 'detectron2.data.common._TorchSerializedList'>
[08/02 04:22:23 d2.data.common]: Serializing 89 elements to byte tensors and concatenating them all ...
[08/02 04:22:23 d2.data.common]: Serialized dataset takes 0.07 MiB
[08/02 04:22:23 d2.evaluation.evaluator]: Start inference on 89 batches
[08/02 04:22:24 d2.evaluation.evaluator]: Inference done 11/89. Dataloading: 0.0005 s/iter. Inference: 0.0237 s/iter. Eval: 0.0004 s/iter. Total: 0.0246 s/iter. ETA=0:00:01
[08/02 04:22:26 d2.evaluation.evaluator]: Total inference time: 0:00:02.180796 (0.025962 s / iter per device, on 1 devices)
[08/02 04:22:26 d2.evaluation.evaluator]: Total inference pure compute time: 0:00:02 (0.023860 s / iter per device, on 1 devices)
[08/02 04:22:26 d2.evaluation.coco_evaluation]: Preparing results for COCO format ...
[08/02 04:22:26 d2.evaluation.coco_evaluation]: Saving results to ../../../../models/rgb-testing/without-invotive-5000/coco_instances_results.json
[08/02 04:22:26 d2.evaluation.coco_evaluation]: Evaluating predictions with official COCO API...
Loading and preparing results...
DONE (t=0.00s)
creating index...
index created!
Running per image evaluation...
Evaluate annotation type *bbox*
DONE (t=0.02s).
Accumulating evaluation results...
DONE (t=0.01s).
 Average Precision  (AP) @[ IoU=0.50:0.95 | area=   all | maxDets=100 ] = 0.433
 Average Precision  (AP) @[ IoU=0.50      | area=   all | maxDets=100 ] = 0.871
 Average Precision  (AP) @[ IoU=0.75      | area=   all | maxDets=100 ] = 0.382
 Average Precision  (AP) @[ IoU=0.50:0.95 | area= small | maxDets=100 ] = -1.000
 Average Precision  (AP) @[ IoU=0.50:0.95 | area=medium | maxDets=100 ] = 0.351
 Average Precision  (AP) @[ IoU=0.50:0.95 | area= large | maxDets=100 ] = 0.444
 Average Recall     (AR) @[ IoU=0.50:0.95 | area=   all | maxDets=  1 ] = 0.536
 Average Recall     (AR) @[ IoU=0.50:0.95 | area=   all | maxDets= 10 ] = 0.543
 Average Recall     (AR) @[ IoU=0.50:0.95 | area=   all | maxDets=100 ] = 0.543
 Average Recall     (AR) @[ IoU=0.50:0.95 | area= small | maxDets=100 ] = -1.000
 Average Recall     (AR) @[ IoU=0.50:0.95 | area=medium | maxDets=100 ] = 0.390
 Average Recall     (AR) @[ IoU=0.50:0.95 | area= large | maxDets=100 ] = 0.562
[08/02 04:22:26 d2.evaluation.coco_evaluation]: Evaluation results for bbox: 
|   AP   |  AP50  |  AP75  |  APs  |  APm   |  APl   |
|:------:|:------:|:------:|:-----:|:------:|:------:|
| 43.267 | 87.066 | 38.204 |  nan  | 35.070 | 44.442 |
[08/02 04:22:26 d2.evaluation.coco_evaluation]: Some metrics cannot be computed and is shown as NaN.
Loading and preparing results...
DONE (t=0.00s)
creating index...
index created!
Running per image evaluation...
Evaluate annotation type *segm*
DONE (t=0.02s).
Accumulating evaluation results...
DONE (t=0.01s).
 Average Precision  (AP) @[ IoU=0.50:0.95 | area=   all | maxDets=100 ] = 0.535
 Average Precision  (AP) @[ IoU=0.50      | area=   all | maxDets=100 ] = 0.871
 Average Precision  (AP) @[ IoU=0.75      | area=   all | maxDets=100 ] = 0.588
 Average Precision  (AP) @[ IoU=0.50:0.95 | area= small | maxDets=100 ] = -1.000
 Average Precision  (AP) @[ IoU=0.50:0.95 | area=medium | maxDets=100 ] = 0.324
 Average Precision  (AP) @[ IoU=0.50:0.95 | area= large | maxDets=100 ] = 0.579
 Average Recall     (AR) @[ IoU=0.50:0.95 | area=   all | maxDets=  1 ] = 0.625
 Average Recall     (AR) @[ IoU=0.50:0.95 | area=   all | maxDets= 10 ] = 0.637
 Average Recall     (AR) @[ IoU=0.50:0.95 | area=   all | maxDets=100 ] = 0.637
 Average Recall     (AR) @[ IoU=0.50:0.95 | area= small | maxDets=100 ] = -1.000
 Average Recall     (AR) @[ IoU=0.50:0.95 | area=medium | maxDets=100 ] = 0.440
 Average Recall     (AR) @[ IoU=0.50:0.95 | area= large | maxDets=100 ] = 0.662
[08/02 04:22:26 d2.evaluation.coco_evaluation]: Evaluation results for segm: 
|   AP   |  AP50  |  AP75  |  APs  |  APm   |  APl   |
|:------:|:------:|:------:|:-----:|:------:|:------:|
| 53.473 | 87.066 | 58.798 |  nan  | 32.428 | 57.925 |
[08/02 04:22:26 d2.evaluation.coco_evaluation]: Some metrics cannot be computed and is shown as NaN.
[Iter 2 AP] → mAP@[.5:.95] = 53.473
[08/02 04:22:27 d2.utils.events]:  eta: 0:06:12  iter: 219  total_loss: 0.4246  loss_cls: 0.04961  loss_box_reg: 0.1634  loss_mask: 0.1754  loss_rpn_cls: 7.968e-05  loss_rpn_loc: 0.002553    time: 0.0789  last_time: 0.0740  data_time: 0.0023  last_data_time: 0.0021   lr: 0.00017319  max_mem: 1628M
[08/02 04:22:29 d2.utils.events]:  eta: 0:06:11  iter: 239  total_loss: 0.3296  loss_cls: 0.04181  loss_box_reg: 0.1294  loss_mask: 0.1639  loss_rpn_cls: 4.919e-05  loss_rpn_loc: 0.004495    time: 0.0788  last_time: 0.0773  data_time: 0.0022  last_data_time: 0.0022   lr: 0.00018444  max_mem: 1628M
[08/02 04:22:31 d2.utils.events]:  eta: 0:06:10  iter: 259  total_loss: 0.3217  loss_cls: 0.03678  loss_box_reg: 0.1243  loss_mask: 0.1553  loss_rpn_cls: 4.473e-05  loss_rpn_loc: 0.004527    time: 0.0788  last_time: 0.0734  data_time: 0.0022  last_data_time: 0.0022   lr: 0.00019569  max_mem: 1676M
[08/02 04:22:32 d2.utils.events]:  eta: 0:06:08  iter: 279  total_loss: 0.3062  loss_cls: 0.03489  loss_box_reg: 0.09587  loss_mask: 0.1614  loss_rpn_cls: 0.0001666  loss_rpn_loc: 0.004772    time: 0.0788  last_time: 0.0816  data_time: 0.0022  last_data_time: 0.0022   lr: 0.00020694  max_mem: 1676M
[08/02 04:22:34 d2.utils.events]:  eta: 0:06:07  iter: 299  total_loss: 0.3179  loss_cls: 0.03895  loss_box_reg: 0.0869  loss_mask: 0.1748  loss_rpn_cls: 2.76e-05  loss_rpn_loc: 0.004435    time: 0.0788  last_time: 0.0786  data_time: 0.0023  last_data_time: 0.0022   lr: 0.00021819  max_mem: 1676M
[08/02 04:22:34 d2.evaluation.coco_evaluation]: Fast COCO eval is not built. Falling back to official COCO eval.
[08/02 04:22:34 d2.data.datasets.coco]: Loaded 89 images in COCO format from /projects/PUCHALLA/LLP2024/tumor-segmentation/data/processed_data/rgb/test/images/test.json
[08/02 04:22:34 d2.data.dataset_mapper]: [DatasetMapper] Augmentations used in inference: [ResizeShortestEdge(short_edge_length=(800, 800), max_size=1333, sample_style='choice')]
[08/02 04:22:34 d2.data.common]: Serializing the dataset using: <class 'detectron2.data.common._TorchSerializedList'>
[08/02 04:22:34 d2.data.common]: Serializing 89 elements to byte tensors and concatenating them all ...
[08/02 04:22:34 d2.data.common]: Serialized dataset takes 0.07 MiB
[08/02 04:22:34 d2.evaluation.evaluator]: Start inference on 89 batches
[08/02 04:22:34 d2.evaluation.evaluator]: Inference done 11/89. Dataloading: 0.0006 s/iter. Inference: 0.0244 s/iter. Eval: 0.0004 s/iter. Total: 0.0253 s/iter. ETA=0:00:01
[08/02 04:22:36 d2.evaluation.evaluator]: Total inference time: 0:00:02.156065 (0.025667 s / iter per device, on 1 devices)
[08/02 04:22:36 d2.evaluation.evaluator]: Total inference pure compute time: 0:00:01 (0.023546 s / iter per device, on 1 devices)
[08/02 04:22:36 d2.evaluation.coco_evaluation]: Preparing results for COCO format ...
[08/02 04:22:36 d2.evaluation.coco_evaluation]: Saving results to ../../../../models/rgb-testing/without-invotive-5000/coco_instances_results.json
[08/02 04:22:36 d2.evaluation.coco_evaluation]: Evaluating predictions with official COCO API...
Loading and preparing results...
DONE (t=0.00s)
creating index...
index created!
Running per image evaluation...
Evaluate annotation type *bbox*
DONE (t=0.02s).
Accumulating evaluation results...
DONE (t=0.01s).
 Average Precision  (AP) @[ IoU=0.50:0.95 | area=   all | maxDets=100 ] = 0.631
 Average Precision  (AP) @[ IoU=0.50      | area=   all | maxDets=100 ] = 0.916
 Average Precision  (AP) @[ IoU=0.75      | area=   all | maxDets=100 ] = 0.863
 Average Precision  (AP) @[ IoU=0.50:0.95 | area= small | maxDets=100 ] = -1.000
 Average Precision  (AP) @[ IoU=0.50:0.95 | area=medium | maxDets=100 ] = 0.541
 Average Precision  (AP) @[ IoU=0.50:0.95 | area= large | maxDets=100 ] = 0.643
 Average Recall     (AR) @[ IoU=0.50:0.95 | area=   all | maxDets=  1 ] = 0.693
 Average Recall     (AR) @[ IoU=0.50:0.95 | area=   all | maxDets= 10 ] = 0.704
 Average Recall     (AR) @[ IoU=0.50:0.95 | area=   all | maxDets=100 ] = 0.704
 Average Recall     (AR) @[ IoU=0.50:0.95 | area= small | maxDets=100 ] = -1.000
 Average Recall     (AR) @[ IoU=0.50:0.95 | area=medium | maxDets=100 ] = 0.540
 Average Recall     (AR) @[ IoU=0.50:0.95 | area= large | maxDets=100 ] = 0.725
[08/02 04:22:36 d2.evaluation.coco_evaluation]: Evaluation results for bbox: 
|   AP   |  AP50  |  AP75  |  APs  |  APm   |  APl   |
|:------:|:------:|:------:|:-----:|:------:|:------:|
| 63.100 | 91.642 | 86.264 |  nan  | 54.059 | 64.301 |
[08/02 04:22:36 d2.evaluation.coco_evaluation]: Some metrics cannot be computed and is shown as NaN.
Loading and preparing results...
DONE (t=0.00s)
creating index...
index created!
Running per image evaluation...
Evaluate annotation type *segm*
DONE (t=0.02s).
Accumulating evaluation results...
DONE (t=0.01s).
 Average Precision  (AP) @[ IoU=0.50:0.95 | area=   all | maxDets=100 ] = 0.679
 Average Precision  (AP) @[ IoU=0.50      | area=   all | maxDets=100 ] = 0.916
 Average Precision  (AP) @[ IoU=0.75      | area=   all | maxDets=100 ] = 0.863
 Average Precision  (AP) @[ IoU=0.50:0.95 | area= small | maxDets=100 ] = -1.000
 Average Precision  (AP) @[ IoU=0.50:0.95 | area=medium | maxDets=100 ] = 0.500
 Average Precision  (AP) @[ IoU=0.50:0.95 | area= large | maxDets=100 ] = 0.704
 Average Recall     (AR) @[ IoU=0.50:0.95 | area=   all | maxDets=  1 ] = 0.740
 Average Recall     (AR) @[ IoU=0.50:0.95 | area=   all | maxDets= 10 ] = 0.749
 Average Recall     (AR) @[ IoU=0.50:0.95 | area=   all | maxDets=100 ] = 0.749
 Average Recall     (AR) @[ IoU=0.50:0.95 | area= small | maxDets=100 ] = -1.000
 Average Recall     (AR) @[ IoU=0.50:0.95 | area=medium | maxDets=100 ] = 0.550
 Average Recall     (AR) @[ IoU=0.50:0.95 | area= large | maxDets=100 ] = 0.775
[08/02 04:22:36 d2.evaluation.coco_evaluation]: Evaluation results for segm: 
|   AP   |  AP50  |  AP75  |  APs  |  APm   |  APl   |
|:------:|:------:|:------:|:-----:|:------:|:------:|
| 67.850 | 91.642 | 86.264 |  nan  | 49.968 | 70.359 |
[08/02 04:22:36 d2.evaluation.coco_evaluation]: Some metrics cannot be computed and is shown as NaN.
[Iter 2 AP] → mAP@[.5:.95] = 67.850
[08/02 04:22:38 d2.utils.events]:  eta: 0:06:05  iter: 319  total_loss: 0.2551  loss_cls: 0.03249  loss_box_reg: 0.07832  loss_mask: 0.1526  loss_rpn_cls: 8.123e-05  loss_rpn_loc: 0.003947    time: 0.0789  last_time: 0.0784  data_time: 0.0024  last_data_time: 0.0021   lr: 0.00022944  max_mem: 1676M
[08/02 04:22:39 d2.utils.events]:  eta: 0:06:04  iter: 339  total_loss: 0.2778  loss_cls: 0.03103  loss_box_reg: 0.06999  loss_mask: 0.171  loss_rpn_cls: 5.794e-05  loss_rpn_loc: 0.00457    time: 0.0788  last_time: 0.0773  data_time: 0.0022  last_data_time: 0.0021   lr: 0.00024069  max_mem: 1676M
[08/02 04:22:41 d2.utils.events]:  eta: 0:06:02  iter: 359  total_loss: 0.2427  loss_cls: 0.02945  loss_box_reg: 0.06104  loss_mask: 0.1616  loss_rpn_cls: 3.557e-05  loss_rpn_loc: 0.003034    time: 0.0791  last_time: 0.0774  data_time: 0.0022  last_data_time: 0.0022   lr: 0.00025194  max_mem: 1676M
[08/02 04:22:43 d2.utils.events]:  eta: 0:06:00  iter: 379  total_loss: 0.2638  loss_cls: 0.02531  loss_box_reg: 0.07176  loss_mask: 0.1584  loss_rpn_cls: 1.685e-05  loss_rpn_loc: 0.003702    time: 0.0790  last_time: 0.0733  data_time: 0.0022  last_data_time: 0.0021   lr: 0.00026319  max_mem: 1676M
[08/02 04:22:44 d2.utils.events]:  eta: 0:05:59  iter: 399  total_loss: 0.2211  loss_cls: 0.02326  loss_box_reg: 0.0559  loss_mask: 0.1498  loss_rpn_cls: 2.044e-05  loss_rpn_loc: 0.003365    time: 0.0789  last_time: 0.0743  data_time: 0.0022  last_data_time: 0.0022   lr: 0.00027444  max_mem: 1676M
[08/02 04:22:44 d2.evaluation.coco_evaluation]: Fast COCO eval is not built. Falling back to official COCO eval.
[08/02 04:22:44 d2.data.datasets.coco]: Loaded 89 images in COCO format from /projects/PUCHALLA/LLP2024/tumor-segmentation/data/processed_data/rgb/test/images/test.json
[08/02 04:22:44 d2.data.dataset_mapper]: [DatasetMapper] Augmentations used in inference: [ResizeShortestEdge(short_edge_length=(800, 800), max_size=1333, sample_style='choice')]
[08/02 04:22:44 d2.data.common]: Serializing the dataset using: <class 'detectron2.data.common._TorchSerializedList'>
[08/02 04:22:44 d2.data.common]: Serializing 89 elements to byte tensors and concatenating them all ...
[08/02 04:22:44 d2.data.common]: Serialized dataset takes 0.07 MiB
[08/02 04:22:44 d2.evaluation.evaluator]: Start inference on 89 batches
[08/02 04:22:45 d2.evaluation.evaluator]: Inference done 11/89. Dataloading: 0.0005 s/iter. Inference: 0.0236 s/iter. Eval: 0.0004 s/iter. Total: 0.0244 s/iter. ETA=0:00:01
[08/02 04:22:47 d2.evaluation.evaluator]: Total inference time: 0:00:02.140063 (0.025477 s / iter per device, on 1 devices)
[08/02 04:22:47 d2.evaluation.evaluator]: Total inference pure compute time: 0:00:01 (0.023428 s / iter per device, on 1 devices)
[08/02 04:22:47 d2.evaluation.coco_evaluation]: Preparing results for COCO format ...
[08/02 04:22:47 d2.evaluation.coco_evaluation]: Saving results to ../../../../models/rgb-testing/without-invotive-5000/coco_instances_results.json
[08/02 04:22:47 d2.evaluation.coco_evaluation]: Evaluating predictions with official COCO API...
Loading and preparing results...
DONE (t=0.00s)
creating index...
index created!
Running per image evaluation...
Evaluate annotation type *bbox*
DONE (t=0.02s).
Accumulating evaluation results...
DONE (t=0.01s).
 Average Precision  (AP) @[ IoU=0.50:0.95 | area=   all | maxDets=100 ] = 0.597
 Average Precision  (AP) @[ IoU=0.50      | area=   all | maxDets=100 ] = 0.917
 Average Precision  (AP) @[ IoU=0.75      | area=   all | maxDets=100 ] = 0.758
 Average Precision  (AP) @[ IoU=0.50:0.95 | area= small | maxDets=100 ] = -1.000
 Average Precision  (AP) @[ IoU=0.50:0.95 | area=medium | maxDets=100 ] = 0.493
 Average Precision  (AP) @[ IoU=0.50:0.95 | area= large | maxDets=100 ] = 0.614
 Average Recall     (AR) @[ IoU=0.50:0.95 | area=   all | maxDets=  1 ] = 0.660
 Average Recall     (AR) @[ IoU=0.50:0.95 | area=   all | maxDets= 10 ] = 0.665
 Average Recall     (AR) @[ IoU=0.50:0.95 | area=   all | maxDets=100 ] = 0.665
 Average Recall     (AR) @[ IoU=0.50:0.95 | area= small | maxDets=100 ] = -1.000
 Average Recall     (AR) @[ IoU=0.50:0.95 | area=medium | maxDets=100 ] = 0.520
 Average Recall     (AR) @[ IoU=0.50:0.95 | area= large | maxDets=100 ] = 0.684
[08/02 04:22:47 d2.evaluation.coco_evaluation]: Evaluation results for bbox: 
|   AP   |  AP50  |  AP75  |  APs  |  APm   |  APl   |
|:------:|:------:|:------:|:-----:|:------:|:------:|
| 59.730 | 91.731 | 75.808 |  nan  | 49.312 | 61.374 |
[08/02 04:22:47 d2.evaluation.coco_evaluation]: Some metrics cannot be computed and is shown as NaN.
Loading and preparing results...
DONE (t=0.00s)
creating index...
index created!
Running per image evaluation...
Evaluate annotation type *segm*
DONE (t=0.02s).
Accumulating evaluation results...
DONE (t=0.01s).
 Average Precision  (AP) @[ IoU=0.50:0.95 | area=   all | maxDets=100 ] = 0.662
 Average Precision  (AP) @[ IoU=0.50      | area=   all | maxDets=100 ] = 0.917
 Average Precision  (AP) @[ IoU=0.75      | area=   all | maxDets=100 ] = 0.824
 Average Precision  (AP) @[ IoU=0.50:0.95 | area= small | maxDets=100 ] = -1.000
 Average Precision  (AP) @[ IoU=0.50:0.95 | area=medium | maxDets=100 ] = 0.490
 Average Precision  (AP) @[ IoU=0.50:0.95 | area= large | maxDets=100 ] = 0.685
 Average Recall     (AR) @[ IoU=0.50:0.95 | area=   all | maxDets=  1 ] = 0.719
 Average Recall     (AR) @[ IoU=0.50:0.95 | area=   all | maxDets= 10 ] = 0.725
 Average Recall     (AR) @[ IoU=0.50:0.95 | area=   all | maxDets=100 ] = 0.725
 Average Recall     (AR) @[ IoU=0.50:0.95 | area= small | maxDets=100 ] = -1.000
 Average Recall     (AR) @[ IoU=0.50:0.95 | area=medium | maxDets=100 ] = 0.560
 Average Recall     (AR) @[ IoU=0.50:0.95 | area= large | maxDets=100 ] = 0.746
[08/02 04:22:47 d2.evaluation.coco_evaluation]: Evaluation results for segm: 
|   AP   |  AP50  |  AP75  |  APs  |  APm   |  APl   |
|:------:|:------:|:------:|:-----:|:------:|:------:|
| 66.177 | 91.731 | 82.354 |  nan  | 48.972 | 68.528 |
[08/02 04:22:47 d2.evaluation.coco_evaluation]: Some metrics cannot be computed and is shown as NaN.
[Iter 2 AP] → mAP@[.5:.95] = 66.177
[08/02 04:22:48 d2.utils.events]:  eta: 0:05:57  iter: 419  total_loss: 0.2504  loss_cls: 0.02739  loss_box_reg: 0.0598  loss_mask: 0.1511  loss_rpn_cls: 6.457e-05  loss_rpn_loc: 0.003569    time: 0.0788  last_time: 0.0760  data_time: 0.0023  last_data_time: 0.0021   lr: 0.00028569  max_mem: 1676M
[08/02 04:22:50 d2.utils.events]:  eta: 0:05:56  iter: 439  total_loss: 0.234  loss_cls: 0.02731  loss_box_reg: 0.07028  loss_mask: 0.135  loss_rpn_cls: 6.904e-05  loss_rpn_loc: 0.003031    time: 0.0788  last_time: 0.0754  data_time: 0.0023  last_data_time: 0.0022   lr: 0.00029694  max_mem: 1676M
[08/02 04:22:51 d2.utils.events]:  eta: 0:05:54  iter: 459  total_loss: 0.2473  loss_cls: 0.02417  loss_box_reg: 0.05999  loss_mask: 0.1605  loss_rpn_cls: 8.363e-06  loss_rpn_loc: 0.003015    time: 0.0787  last_time: 0.0713  data_time: 0.0023  last_data_time: 0.0022   lr: 0.00030819  max_mem: 1687M
[08/02 04:22:53 d2.utils.events]:  eta: 0:05:52  iter: 479  total_loss: 0.232  loss_cls: 0.02744  loss_box_reg: 0.06421  loss_mask: 0.1497  loss_rpn_cls: 1.306e-05  loss_rpn_loc: 0.002679    time: 0.0787  last_time: 0.0765  data_time: 0.0023  last_data_time: 0.0022   lr: 0.00031944  max_mem: 1687M
[08/02 04:22:55 d2.utils.events]:  eta: 0:05:50  iter: 499  total_loss: 0.2456  loss_cls: 0.0239  loss_box_reg: 0.06363  loss_mask: 0.1589  loss_rpn_cls: 1.197e-05  loss_rpn_loc: 0.003648    time: 0.0786  last_time: 0.0822  data_time: 0.0023  last_data_time: 0.0024   lr: 0.00033069  max_mem: 1687M
[08/02 04:22:55 d2.evaluation.coco_evaluation]: Fast COCO eval is not built. Falling back to official COCO eval.
[08/02 04:22:55 d2.data.datasets.coco]: Loaded 89 images in COCO format from /projects/PUCHALLA/LLP2024/tumor-segmentation/data/processed_data/rgb/test/images/test.json
[08/02 04:22:55 d2.data.dataset_mapper]: [DatasetMapper] Augmentations used in inference: [ResizeShortestEdge(short_edge_length=(800, 800), max_size=1333, sample_style='choice')]
[08/02 04:22:55 d2.data.common]: Serializing the dataset using: <class 'detectron2.data.common._TorchSerializedList'>
[08/02 04:22:55 d2.data.common]: Serializing 89 elements to byte tensors and concatenating them all ...
[08/02 04:22:55 d2.data.common]: Serialized dataset takes 0.07 MiB
[08/02 04:22:55 d2.evaluation.evaluator]: Start inference on 89 batches
[08/02 04:22:55 d2.evaluation.evaluator]: Inference done 11/89. Dataloading: 0.0005 s/iter. Inference: 0.0236 s/iter. Eval: 0.0003 s/iter. Total: 0.0244 s/iter. ETA=0:00:01
[08/02 04:22:57 d2.evaluation.evaluator]: Total inference time: 0:00:02.158992 (0.025702 s / iter per device, on 1 devices)
[08/02 04:22:57 d2.evaluation.evaluator]: Total inference pure compute time: 0:00:01 (0.023609 s / iter per device, on 1 devices)
[08/02 04:22:57 d2.evaluation.coco_evaluation]: Preparing results for COCO format ...
[08/02 04:22:57 d2.evaluation.coco_evaluation]: Saving results to ../../../../models/rgb-testing/without-invotive-5000/coco_instances_results.json
[08/02 04:22:57 d2.evaluation.coco_evaluation]: Evaluating predictions with official COCO API...
Loading and preparing results...
DONE (t=0.00s)
creating index...
index created!
Running per image evaluation...
Evaluate annotation type *bbox*
DONE (t=0.02s).
Accumulating evaluation results...
DONE (t=0.01s).
 Average Precision  (AP) @[ IoU=0.50:0.95 | area=   all | maxDets=100 ] = 0.701
 Average Precision  (AP) @[ IoU=0.50      | area=   all | maxDets=100 ] = 0.938
 Average Precision  (AP) @[ IoU=0.75      | area=   all | maxDets=100 ] = 0.878
 Average Precision  (AP) @[ IoU=0.50:0.95 | area= small | maxDets=100 ] = -1.000
 Average Precision  (AP) @[ IoU=0.50:0.95 | area=medium | maxDets=100 ] = 0.571
 Average Precision  (AP) @[ IoU=0.50:0.95 | area= large | maxDets=100 ] = 0.719
 Average Recall     (AR) @[ IoU=0.50:0.95 | area=   all | maxDets=  1 ] = 0.746
 Average Recall     (AR) @[ IoU=0.50:0.95 | area=   all | maxDets= 10 ] = 0.748
 Average Recall     (AR) @[ IoU=0.50:0.95 | area=   all | maxDets=100 ] = 0.748
 Average Recall     (AR) @[ IoU=0.50:0.95 | area= small | maxDets=100 ] = -1.000
 Average Recall     (AR) @[ IoU=0.50:0.95 | area=medium | maxDets=100 ] = 0.570
 Average Recall     (AR) @[ IoU=0.50:0.95 | area= large | maxDets=100 ] = 0.771
[08/02 04:22:57 d2.evaluation.coco_evaluation]: Evaluation results for bbox: 
|   AP   |  AP50  |  AP75  |  APs  |  APm   |  APl   |
|:------:|:------:|:------:|:-----:|:------:|:------:|
| 70.144 | 93.781 | 87.830 |  nan  | 57.129 | 71.904 |
[08/02 04:22:57 d2.evaluation.coco_evaluation]: Some metrics cannot be computed and is shown as NaN.
Loading and preparing results...
DONE (t=0.00s)
creating index...
index created!
Running per image evaluation...
Evaluate annotation type *segm*
DONE (t=0.02s).
Accumulating evaluation results...
DONE (t=0.01s).
 Average Precision  (AP) @[ IoU=0.50:0.95 | area=   all | maxDets=100 ] = 0.702
 Average Precision  (AP) @[ IoU=0.50      | area=   all | maxDets=100 ] = 0.928
 Average Precision  (AP) @[ IoU=0.75      | area=   all | maxDets=100 ] = 0.858
 Average Precision  (AP) @[ IoU=0.50:0.95 | area= small | maxDets=100 ] = -1.000
 Average Precision  (AP) @[ IoU=0.50:0.95 | area=medium | maxDets=100 ] = 0.527
 Average Precision  (AP) @[ IoU=0.50:0.95 | area= large | maxDets=100 ] = 0.723
 Average Recall     (AR) @[ IoU=0.50:0.95 | area=   all | maxDets=  1 ] = 0.744
 Average Recall     (AR) @[ IoU=0.50:0.95 | area=   all | maxDets= 10 ] = 0.745
 Average Recall     (AR) @[ IoU=0.50:0.95 | area=   all | maxDets=100 ] = 0.745
 Average Recall     (AR) @[ IoU=0.50:0.95 | area= small | maxDets=100 ] = -1.000
 Average Recall     (AR) @[ IoU=0.50:0.95 | area=medium | maxDets=100 ] = 0.550
 Average Recall     (AR) @[ IoU=0.50:0.95 | area= large | maxDets=100 ] = 0.770
[08/02 04:22:57 d2.evaluation.coco_evaluation]: Evaluation results for segm: 
|   AP   |  AP50  |  AP75  |  APs  |  APm   |  APl   |
|:------:|:------:|:------:|:-----:|:------:|:------:|
| 70.173 | 92.818 | 85.839 |  nan  | 52.731 | 72.262 |
[08/02 04:22:57 d2.evaluation.coco_evaluation]: Some metrics cannot be computed and is shown as NaN.
[Iter 2 AP] → mAP@[.5:.95] = 70.173
[08/02 04:22:59 d2.utils.events]:  eta: 0:05:48  iter: 519  total_loss: 0.2289  loss_cls: 0.02392  loss_box_reg: 0.05419  loss_mask: 0.1534  loss_rpn_cls: 2.449e-05  loss_rpn_loc: 0.003368    time: 0.0786  last_time: 0.0824  data_time: 0.0023  last_data_time: 0.0022   lr: 0.00034194  max_mem: 1687M
[08/02 04:23:00 d2.utils.events]:  eta: 0:05:47  iter: 539  total_loss: 0.2392  loss_cls: 0.02443  loss_box_reg: 0.05757  loss_mask: 0.161  loss_rpn_cls: 2.719e-05  loss_rpn_loc: 0.002239    time: 0.0785  last_time: 0.0759  data_time: 0.0022  last_data_time: 0.0022   lr: 0.00035319  max_mem: 1687M
[08/02 04:23:02 d2.utils.events]:  eta: 0:05:45  iter: 559  total_loss: 0.2507  loss_cls: 0.02225  loss_box_reg: 0.05903  loss_mask: 0.1635  loss_rpn_cls: 1.917e-05  loss_rpn_loc: 0.003338    time: 0.0784  last_time: 0.0774  data_time: 0.0023  last_data_time: 0.0021   lr: 0.00036444  max_mem: 1687M
[08/02 04:23:03 d2.utils.events]:  eta: 0:05:43  iter: 579  total_loss: 0.2681  loss_cls: 0.02613  loss_box_reg: 0.06346  loss_mask: 0.1773  loss_rpn_cls: 1.371e-05  loss_rpn_loc: 0.00341    time: 0.0784  last_time: 0.0758  data_time: 0.0022  last_data_time: 0.0023   lr: 0.00037569  max_mem: 1687M
[08/02 04:23:05 d2.utils.events]:  eta: 0:05:41  iter: 599  total_loss: 0.2377  loss_cls: 0.02558  loss_box_reg: 0.06619  loss_mask: 0.1477  loss_rpn_cls: 1.293e-05  loss_rpn_loc: 0.003001    time: 0.0783  last_time: 0.0759  data_time: 0.0022  last_data_time: 0.0021   lr: 0.00038694  max_mem: 1687M
[08/02 04:23:05 d2.evaluation.coco_evaluation]: Fast COCO eval is not built. Falling back to official COCO eval.
[08/02 04:23:05 d2.data.datasets.coco]: Loaded 89 images in COCO format from /projects/PUCHALLA/LLP2024/tumor-segmentation/data/processed_data/rgb/test/images/test.json
[08/02 04:23:05 d2.data.dataset_mapper]: [DatasetMapper] Augmentations used in inference: [ResizeShortestEdge(short_edge_length=(800, 800), max_size=1333, sample_style='choice')]
[08/02 04:23:05 d2.data.common]: Serializing the dataset using: <class 'detectron2.data.common._TorchSerializedList'>
[08/02 04:23:05 d2.data.common]: Serializing 89 elements to byte tensors and concatenating them all ...
[08/02 04:23:05 d2.data.common]: Serialized dataset takes 0.07 MiB
[08/02 04:23:05 d2.evaluation.evaluator]: Start inference on 89 batches
[08/02 04:23:05 d2.evaluation.evaluator]: Inference done 11/89. Dataloading: 0.0004 s/iter. Inference: 0.0237 s/iter. Eval: 0.0003 s/iter. Total: 0.0245 s/iter. ETA=0:00:01
[08/02 04:23:07 d2.evaluation.evaluator]: Total inference time: 0:00:02.155541 (0.025661 s / iter per device, on 1 devices)
[08/02 04:23:07 d2.evaluation.evaluator]: Total inference pure compute time: 0:00:01 (0.023546 s / iter per device, on 1 devices)
[08/02 04:23:07 d2.evaluation.coco_evaluation]: Preparing results for COCO format ...
[08/02 04:23:07 d2.evaluation.coco_evaluation]: Saving results to ../../../../models/rgb-testing/without-invotive-5000/coco_instances_results.json
[08/02 04:23:07 d2.evaluation.coco_evaluation]: Evaluating predictions with official COCO API...
Loading and preparing results...
DONE (t=0.00s)
creating index...
index created!
Running per image evaluation...
Evaluate annotation type *bbox*
DONE (t=0.01s).
Accumulating evaluation results...
DONE (t=0.01s).
 Average Precision  (AP) @[ IoU=0.50:0.95 | area=   all | maxDets=100 ] = 0.675
 Average Precision  (AP) @[ IoU=0.50      | area=   all | maxDets=100 ] = 0.941
 Average Precision  (AP) @[ IoU=0.75      | area=   all | maxDets=100 ] = 0.848
 Average Precision  (AP) @[ IoU=0.50:0.95 | area= small | maxDets=100 ] = -1.000
 Average Precision  (AP) @[ IoU=0.50:0.95 | area=medium | maxDets=100 ] = 0.538
 Average Precision  (AP) @[ IoU=0.50:0.95 | area= large | maxDets=100 ] = 0.697
 Average Recall     (AR) @[ IoU=0.50:0.95 | area=   all | maxDets=  1 ] = 0.724
 Average Recall     (AR) @[ IoU=0.50:0.95 | area=   all | maxDets= 10 ] = 0.724
 Average Recall     (AR) @[ IoU=0.50:0.95 | area=   all | maxDets=100 ] = 0.724
 Average Recall     (AR) @[ IoU=0.50:0.95 | area= small | maxDets=100 ] = -1.000
 Average Recall     (AR) @[ IoU=0.50:0.95 | area=medium | maxDets=100 ] = 0.550
 Average Recall     (AR) @[ IoU=0.50:0.95 | area= large | maxDets=100 ] = 0.746
[08/02 04:23:07 d2.evaluation.coco_evaluation]: Evaluation results for bbox: 
|   AP   |  AP50  |  AP75  |  APs  |  APm   |  APl   |
|:------:|:------:|:------:|:-----:|:------:|:------:|
| 67.518 | 94.053 | 84.808 |  nan  | 53.759 | 69.672 |
[08/02 04:23:07 d2.evaluation.coco_evaluation]: Some metrics cannot be computed and is shown as NaN.
Loading and preparing results...
DONE (t=0.00s)
creating index...
index created!
Running per image evaluation...
Evaluate annotation type *segm*
DONE (t=0.02s).
Accumulating evaluation results...
DONE (t=0.01s).
 Average Precision  (AP) @[ IoU=0.50:0.95 | area=   all | maxDets=100 ] = 0.686
 Average Precision  (AP) @[ IoU=0.50      | area=   all | maxDets=100 ] = 0.929
 Average Precision  (AP) @[ IoU=0.75      | area=   all | maxDets=100 ] = 0.855
 Average Precision  (AP) @[ IoU=0.50:0.95 | area= small | maxDets=100 ] = -1.000
 Average Precision  (AP) @[ IoU=0.50:0.95 | area=medium | maxDets=100 ] = 0.513
 Average Precision  (AP) @[ IoU=0.50:0.95 | area= large | maxDets=100 ] = 0.709
 Average Recall     (AR) @[ IoU=0.50:0.95 | area=   all | maxDets=  1 ] = 0.733
 Average Recall     (AR) @[ IoU=0.50:0.95 | area=   all | maxDets= 10 ] = 0.733
 Average Recall     (AR) @[ IoU=0.50:0.95 | area=   all | maxDets=100 ] = 0.733
 Average Recall     (AR) @[ IoU=0.50:0.95 | area= small | maxDets=100 ] = -1.000
 Average Recall     (AR) @[ IoU=0.50:0.95 | area=medium | maxDets=100 ] = 0.550
 Average Recall     (AR) @[ IoU=0.50:0.95 | area= large | maxDets=100 ] = 0.756
[08/02 04:23:07 d2.evaluation.coco_evaluation]: Evaluation results for segm: 
|   AP   |  AP50  |  AP75  |  APs  |  APm   |  APl   |
|:------:|:------:|:------:|:-----:|:------:|:------:|
| 68.626 | 92.895 | 85.470 |  nan  | 51.349 | 70.901 |
[08/02 04:23:07 d2.evaluation.coco_evaluation]: Some metrics cannot be computed and is shown as NaN.
[Iter 2 AP] → mAP@[.5:.95] = 68.626
[08/02 04:23:09 d2.utils.events]:  eta: 0:05:40  iter: 619  total_loss: 0.228  loss_cls: 0.02156  loss_box_reg: 0.05773  loss_mask: 0.1437  loss_rpn_cls: 2.352e-05  loss_rpn_loc: 0.002796    time: 0.0783  last_time: 0.0757  data_time: 0.0023  last_data_time: 0.0021   lr: 0.00039819  max_mem: 1687M
[08/02 04:23:10 d2.utils.events]:  eta: 0:05:38  iter: 639  total_loss: 0.243  loss_cls: 0.02237  loss_box_reg: 0.06232  loss_mask: 0.1444  loss_rpn_cls: 4.784e-06  loss_rpn_loc: 0.003365    time: 0.0783  last_time: 0.0727  data_time: 0.0022  last_data_time: 0.0020   lr: 0.00040944  max_mem: 1687M
[08/02 04:23:12 d2.utils.events]:  eta: 0:05:37  iter: 659  total_loss: 0.2257  loss_cls: 0.02304  loss_box_reg: 0.05756  loss_mask: 0.1353  loss_rpn_cls: 7.18e-06  loss_rpn_loc: 0.002714    time: 0.0783  last_time: 0.0673  data_time: 0.0023  last_data_time: 0.0020   lr: 0.00042069  max_mem: 1687M
[08/02 04:23:13 d2.utils.events]:  eta: 0:05:35  iter: 679  total_loss: 0.2334  loss_cls: 0.02379  loss_box_reg: 0.06135  loss_mask: 0.1505  loss_rpn_cls: 6.733e-06  loss_rpn_loc: 0.002577    time: 0.0783  last_time: 0.0810  data_time: 0.0022  last_data_time: 0.0022   lr: 0.00043194  max_mem: 1687M
[08/02 04:23:15 d2.utils.events]:  eta: 0:05:33  iter: 699  total_loss: 0.2264  loss_cls: 0.02037  loss_box_reg: 0.05248  loss_mask: 0.1372  loss_rpn_cls: 1.388e-05  loss_rpn_loc: 0.00302    time: 0.0782  last_time: 0.0805  data_time: 0.0023  last_data_time: 0.0021   lr: 0.00044319  max_mem: 1687M
[08/02 04:23:15 d2.evaluation.coco_evaluation]: Fast COCO eval is not built. Falling back to official COCO eval.
[08/02 04:23:15 d2.data.datasets.coco]: Loaded 89 images in COCO format from /projects/PUCHALLA/LLP2024/tumor-segmentation/data/processed_data/rgb/test/images/test.json
[08/02 04:23:15 d2.data.dataset_mapper]: [DatasetMapper] Augmentations used in inference: [ResizeShortestEdge(short_edge_length=(800, 800), max_size=1333, sample_style='choice')]
[08/02 04:23:15 d2.data.common]: Serializing the dataset using: <class 'detectron2.data.common._TorchSerializedList'>
[08/02 04:23:15 d2.data.common]: Serializing 89 elements to byte tensors and concatenating them all ...
[08/02 04:23:15 d2.data.common]: Serialized dataset takes 0.07 MiB
[08/02 04:23:15 d2.evaluation.evaluator]: Start inference on 89 batches
[08/02 04:23:15 d2.evaluation.evaluator]: Inference done 11/89. Dataloading: 0.0004 s/iter. Inference: 0.0242 s/iter. Eval: 0.0003 s/iter. Total: 0.0249 s/iter. ETA=0:00:01
[08/02 04:23:17 d2.evaluation.evaluator]: Total inference time: 0:00:02.157660 (0.025686 s / iter per device, on 1 devices)
[08/02 04:23:17 d2.evaluation.evaluator]: Total inference pure compute time: 0:00:01 (0.023647 s / iter per device, on 1 devices)
[08/02 04:23:17 d2.evaluation.coco_evaluation]: Preparing results for COCO format ...
[08/02 04:23:17 d2.evaluation.coco_evaluation]: Saving results to ../../../../models/rgb-testing/without-invotive-5000/coco_instances_results.json
[08/02 04:23:17 d2.evaluation.coco_evaluation]: Evaluating predictions with official COCO API...
Loading and preparing results...
DONE (t=0.00s)
creating index...
index created!
Running per image evaluation...
Evaluate annotation type *bbox*
DONE (t=0.02s).
Accumulating evaluation results...
DONE (t=0.01s).
 Average Precision  (AP) @[ IoU=0.50:0.95 | area=   all | maxDets=100 ] = 0.711
 Average Precision  (AP) @[ IoU=0.50      | area=   all | maxDets=100 ] = 0.943
 Average Precision  (AP) @[ IoU=0.75      | area=   all | maxDets=100 ] = 0.876
 Average Precision  (AP) @[ IoU=0.50:0.95 | area= small | maxDets=100 ] = -1.000
 Average Precision  (AP) @[ IoU=0.50:0.95 | area=medium | maxDets=100 ] = 0.542
 Average Precision  (AP) @[ IoU=0.50:0.95 | area= large | maxDets=100 ] = 0.734
 Average Recall     (AR) @[ IoU=0.50:0.95 | area=   all | maxDets=  1 ] = 0.752
 Average Recall     (AR) @[ IoU=0.50:0.95 | area=   all | maxDets= 10 ] = 0.756
 Average Recall     (AR) @[ IoU=0.50:0.95 | area=   all | maxDets=100 ] = 0.756
 Average Recall     (AR) @[ IoU=0.50:0.95 | area= small | maxDets=100 ] = -1.000
 Average Recall     (AR) @[ IoU=0.50:0.95 | area=medium | maxDets=100 ] = 0.550
 Average Recall     (AR) @[ IoU=0.50:0.95 | area= large | maxDets=100 ] = 0.782
[08/02 04:23:18 d2.evaluation.coco_evaluation]: Evaluation results for bbox: 
|   AP   |  AP50  |  AP75  |  APs  |  APm   |  APl   |
|:------:|:------:|:------:|:-----:|:------:|:------:|
| 71.140 | 94.328 | 87.587 |  nan  | 54.183 | 73.394 |
[08/02 04:23:18 d2.evaluation.coco_evaluation]: Some metrics cannot be computed and is shown as NaN.
Loading and preparing results...
DONE (t=0.00s)
creating index...
index created!
Running per image evaluation...
Evaluate annotation type *segm*
DONE (t=0.02s).
Accumulating evaluation results...
DONE (t=0.01s).
 Average Precision  (AP) @[ IoU=0.50:0.95 | area=   all | maxDets=100 ] = 0.729
 Average Precision  (AP) @[ IoU=0.50      | area=   all | maxDets=100 ] = 0.943
 Average Precision  (AP) @[ IoU=0.75      | area=   all | maxDets=100 ] = 0.903
 Average Precision  (AP) @[ IoU=0.50:0.95 | area= small | maxDets=100 ] = -1.000
 Average Precision  (AP) @[ IoU=0.50:0.95 | area=medium | maxDets=100 ] = 0.561
 Average Precision  (AP) @[ IoU=0.50:0.95 | area= large | maxDets=100 ] = 0.751
 Average Recall     (AR) @[ IoU=0.50:0.95 | area=   all | maxDets=  1 ] = 0.761
 Average Recall     (AR) @[ IoU=0.50:0.95 | area=   all | maxDets= 10 ] = 0.766
 Average Recall     (AR) @[ IoU=0.50:0.95 | area=   all | maxDets=100 ] = 0.766
 Average Recall     (AR) @[ IoU=0.50:0.95 | area= small | maxDets=100 ] = -1.000
 Average Recall     (AR) @[ IoU=0.50:0.95 | area=medium | maxDets=100 ] = 0.570
 Average Recall     (AR) @[ IoU=0.50:0.95 | area= large | maxDets=100 ] = 0.791
[08/02 04:23:18 d2.evaluation.coco_evaluation]: Evaluation results for segm: 
|   AP   |  AP50  |  AP75  |  APs  |  APm   |  APl   |
|:------:|:------:|:------:|:-----:|:------:|:------:|
| 72.898 | 94.328 | 90.344 |  nan  | 56.081 | 75.144 |
[08/02 04:23:18 d2.evaluation.coco_evaluation]: Some metrics cannot be computed and is shown as NaN.
[Iter 2 AP] → mAP@[.5:.95] = 72.898
[08/02 04:23:19 d2.utils.events]:  eta: 0:05:31  iter: 719  total_loss: 0.1958  loss_cls: 0.01949  loss_box_reg: 0.05287  loss_mask: 0.1153  loss_rpn_cls: 2.084e-06  loss_rpn_loc: 0.002651    time: 0.0782  last_time: 0.0756  data_time: 0.0021  last_data_time: 0.0021   lr: 0.00045444  max_mem: 1687M
[08/02 04:23:21 d2.utils.events]:  eta: 0:05:30  iter: 739  total_loss: 0.2431  loss_cls: 0.02553  loss_box_reg: 0.06418  loss_mask: 0.1408  loss_rpn_cls: 2.015e-05  loss_rpn_loc: 0.003391    time: 0.0781  last_time: 0.0809  data_time: 0.0021  last_data_time: 0.0021   lr: 0.00046569  max_mem: 1687M
[08/02 04:23:22 d2.utils.events]:  eta: 0:05:28  iter: 759  total_loss: 0.2073  loss_cls: 0.02382  loss_box_reg: 0.05591  loss_mask: 0.1279  loss_rpn_cls: 8.524e-06  loss_rpn_loc: 0.002276    time: 0.0781  last_time: 0.0728  data_time: 0.0021  last_data_time: 0.0020   lr: 0.00047694  max_mem: 1687M
[08/02 04:23:24 d2.utils.events]:  eta: 0:05:27  iter: 779  total_loss: 0.2299  loss_cls: 0.02365  loss_box_reg: 0.05795  loss_mask: 0.146  loss_rpn_cls: 7.151e-06  loss_rpn_loc: 0.002862    time: 0.0781  last_time: 0.0800  data_time: 0.0022  last_data_time: 0.0022   lr: 0.00048819  max_mem: 1687M
[08/02 04:23:25 d2.utils.events]:  eta: 0:05:25  iter: 799  total_loss: 0.2203  loss_cls: 0.01966  loss_box_reg: 0.05309  loss_mask: 0.1434  loss_rpn_cls: 1.93e-06  loss_rpn_loc: 0.00265    time: 0.0781  last_time: 0.0741  data_time: 0.0021  last_data_time: 0.0022   lr: 0.00049944  max_mem: 1687M
[08/02 04:23:25 d2.evaluation.coco_evaluation]: Fast COCO eval is not built. Falling back to official COCO eval.
[08/02 04:23:25 d2.data.datasets.coco]: Loaded 89 images in COCO format from /projects/PUCHALLA/LLP2024/tumor-segmentation/data/processed_data/rgb/test/images/test.json
[08/02 04:23:25 d2.data.dataset_mapper]: [DatasetMapper] Augmentations used in inference: [ResizeShortestEdge(short_edge_length=(800, 800), max_size=1333, sample_style='choice')]
[08/02 04:23:25 d2.data.common]: Serializing the dataset using: <class 'detectron2.data.common._TorchSerializedList'>
[08/02 04:23:25 d2.data.common]: Serializing 89 elements to byte tensors and concatenating them all ...
[08/02 04:23:25 d2.data.common]: Serialized dataset takes 0.07 MiB
[08/02 04:23:25 d2.evaluation.evaluator]: Start inference on 89 batches
[08/02 04:23:26 d2.evaluation.evaluator]: Inference done 11/89. Dataloading: 0.0004 s/iter. Inference: 0.0234 s/iter. Eval: 0.0003 s/iter. Total: 0.0242 s/iter. ETA=0:00:01
[08/02 04:23:28 d2.evaluation.evaluator]: Total inference time: 0:00:02.146639 (0.025555 s / iter per device, on 1 devices)
[08/02 04:23:28 d2.evaluation.evaluator]: Total inference pure compute time: 0:00:01 (0.023517 s / iter per device, on 1 devices)
[08/02 04:23:28 d2.evaluation.coco_evaluation]: Preparing results for COCO format ...
[08/02 04:23:28 d2.evaluation.coco_evaluation]: Saving results to ../../../../models/rgb-testing/without-invotive-5000/coco_instances_results.json
[08/02 04:23:28 d2.evaluation.coco_evaluation]: Evaluating predictions with official COCO API...
Loading and preparing results...
DONE (t=0.00s)
creating index...
index created!
Running per image evaluation...
Evaluate annotation type *bbox*
DONE (t=0.02s).
Accumulating evaluation results...
DONE (t=0.01s).
 Average Precision  (AP) @[ IoU=0.50:0.95 | area=   all | maxDets=100 ] = 0.719
 Average Precision  (AP) @[ IoU=0.50      | area=   all | maxDets=100 ] = 0.942
 Average Precision  (AP) @[ IoU=0.75      | area=   all | maxDets=100 ] = 0.881
 Average Precision  (AP) @[ IoU=0.50:0.95 | area= small | maxDets=100 ] = -1.000
 Average Precision  (AP) @[ IoU=0.50:0.95 | area=medium | maxDets=100 ] = 0.584
 Average Precision  (AP) @[ IoU=0.50:0.95 | area= large | maxDets=100 ] = 0.736
 Average Recall     (AR) @[ IoU=0.50:0.95 | area=   all | maxDets=  1 ] = 0.763
 Average Recall     (AR) @[ IoU=0.50:0.95 | area=   all | maxDets= 10 ] = 0.764
 Average Recall     (AR) @[ IoU=0.50:0.95 | area=   all | maxDets=100 ] = 0.764
 Average Recall     (AR) @[ IoU=0.50:0.95 | area= small | maxDets=100 ] = -1.000
 Average Recall     (AR) @[ IoU=0.50:0.95 | area=medium | maxDets=100 ] = 0.600
 Average Recall     (AR) @[ IoU=0.50:0.95 | area= large | maxDets=100 ] = 0.785
[08/02 04:23:28 d2.evaluation.coco_evaluation]: Evaluation results for bbox: 
|   AP   |  AP50  |  AP75  |  APs  |  APm   |  APl   |
|:------:|:------:|:------:|:-----:|:------:|:------:|
| 71.873 | 94.169 | 88.126 |  nan  | 58.356 | 73.587 |
[08/02 04:23:28 d2.evaluation.coco_evaluation]: Some metrics cannot be computed and is shown as NaN.
Loading and preparing results...
DONE (t=0.00s)
creating index...
index created!
Running per image evaluation...
Evaluate annotation type *segm*
DONE (t=0.02s).
Accumulating evaluation results...
DONE (t=0.01s).
 Average Precision  (AP) @[ IoU=0.50:0.95 | area=   all | maxDets=100 ] = 0.716
 Average Precision  (AP) @[ IoU=0.50      | area=   all | maxDets=100 ] = 0.932
 Average Precision  (AP) @[ IoU=0.75      | area=   all | maxDets=100 ] = 0.881
 Average Precision  (AP) @[ IoU=0.50:0.95 | area= small | maxDets=100 ] = -1.000
 Average Precision  (AP) @[ IoU=0.50:0.95 | area=medium | maxDets=100 ] = 0.565
 Average Precision  (AP) @[ IoU=0.50:0.95 | area= large | maxDets=100 ] = 0.735
 Average Recall     (AR) @[ IoU=0.50:0.95 | area=   all | maxDets=  1 ] = 0.758
 Average Recall     (AR) @[ IoU=0.50:0.95 | area=   all | maxDets= 10 ] = 0.758
 Average Recall     (AR) @[ IoU=0.50:0.95 | area=   all | maxDets=100 ] = 0.758
 Average Recall     (AR) @[ IoU=0.50:0.95 | area= small | maxDets=100 ] = -1.000
 Average Recall     (AR) @[ IoU=0.50:0.95 | area=medium | maxDets=100 ] = 0.580
 Average Recall     (AR) @[ IoU=0.50:0.95 | area= large | maxDets=100 ] = 0.781
[08/02 04:23:28 d2.evaluation.coco_evaluation]: Evaluation results for segm: 
|   AP   |  AP50  |  AP75  |  APs  |  APm   |  APl   |
|:------:|:------:|:------:|:-----:|:------:|:------:|
| 71.643 | 93.213 | 88.105 |  nan  | 56.456 | 73.483 |
[08/02 04:23:28 d2.evaluation.coco_evaluation]: Some metrics cannot be computed and is shown as NaN.
[Iter 2 AP] → mAP@[.5:.95] = 71.643
[08/02 04:23:29 d2.utils.events]:  eta: 0:05:24  iter: 819  total_loss: 0.221  loss_cls: 0.02686  loss_box_reg: 0.05657  loss_mask: 0.1245  loss_rpn_cls: 1.111e-05  loss_rpn_loc: 0.002883    time: 0.0782  last_time: 0.0725  data_time: 0.0023  last_data_time: 0.0021   lr: 0.0005  max_mem: 1687M
[08/02 04:23:31 d2.utils.events]:  eta: 0:05:22  iter: 839  total_loss: 0.2092  loss_cls: 0.02051  loss_box_reg: 0.0539  loss_mask: 0.1303  loss_rpn_cls: 5.284e-06  loss_rpn_loc: 0.002515    time: 0.0781  last_time: 0.0751  data_time: 0.0022  last_data_time: 0.0021   lr: 0.0005  max_mem: 1687M
[08/02 04:23:32 d2.utils.events]:  eta: 0:05:20  iter: 859  total_loss: 0.2186  loss_cls: 0.02392  loss_box_reg: 0.0552  loss_mask: 0.1337  loss_rpn_cls: 1.62e-06  loss_rpn_loc: 0.002175    time: 0.0781  last_time: 0.0718  data_time: 0.0022  last_data_time: 0.0022   lr: 0.0005  max_mem: 1687M
[08/02 04:23:34 d2.utils.events]:  eta: 0:05:19  iter: 879  total_loss: 0.2056  loss_cls: 0.02587  loss_box_reg: 0.05897  loss_mask: 0.1223  loss_rpn_cls: 1.81e-05  loss_rpn_loc: 0.002538    time: 0.0781  last_time: 0.0806  data_time: 0.0023  last_data_time: 0.0022   lr: 0.0005  max_mem: 1687M
[08/02 04:23:36 d2.utils.events]:  eta: 0:05:17  iter: 899  total_loss: 0.1953  loss_cls: 0.02061  loss_box_reg: 0.05156  loss_mask: 0.1237  loss_rpn_cls: 9.131e-06  loss_rpn_loc: 0.002412    time: 0.0781  last_time: 0.0788  data_time: 0.0023  last_data_time: 0.0022   lr: 0.0005  max_mem: 1687M
[08/02 04:23:36 d2.evaluation.coco_evaluation]: Fast COCO eval is not built. Falling back to official COCO eval.
[08/02 04:23:36 d2.data.datasets.coco]: Loaded 89 images in COCO format from /projects/PUCHALLA/LLP2024/tumor-segmentation/data/processed_data/rgb/test/images/test.json
[08/02 04:23:36 d2.data.dataset_mapper]: [DatasetMapper] Augmentations used in inference: [ResizeShortestEdge(short_edge_length=(800, 800), max_size=1333, sample_style='choice')]
[08/02 04:23:36 d2.data.common]: Serializing the dataset using: <class 'detectron2.data.common._TorchSerializedList'>
[08/02 04:23:36 d2.data.common]: Serializing 89 elements to byte tensors and concatenating them all ...
[08/02 04:23:36 d2.data.common]: Serialized dataset takes 0.07 MiB
[08/02 04:23:36 d2.evaluation.evaluator]: Start inference on 89 batches
[08/02 04:23:36 d2.evaluation.evaluator]: Inference done 11/89. Dataloading: 0.0004 s/iter. Inference: 0.0233 s/iter. Eval: 0.0003 s/iter. Total: 0.0241 s/iter. ETA=0:00:01
[08/02 04:23:38 d2.evaluation.evaluator]: Total inference time: 0:00:02.127667 (0.025329 s / iter per device, on 1 devices)
[08/02 04:23:38 d2.evaluation.evaluator]: Total inference pure compute time: 0:00:01 (0.023302 s / iter per device, on 1 devices)
[08/02 04:23:38 d2.evaluation.coco_evaluation]: Preparing results for COCO format ...
[08/02 04:23:38 d2.evaluation.coco_evaluation]: Saving results to ../../../../models/rgb-testing/without-invotive-5000/coco_instances_results.json
[08/02 04:23:38 d2.evaluation.coco_evaluation]: Evaluating predictions with official COCO API...
Loading and preparing results...
DONE (t=0.00s)
creating index...
index created!
Running per image evaluation...
Evaluate annotation type *bbox*
DONE (t=0.02s).
Accumulating evaluation results...
DONE (t=0.01s).
 Average Precision  (AP) @[ IoU=0.50:0.95 | area=   all | maxDets=100 ] = 0.702
 Average Precision  (AP) @[ IoU=0.50      | area=   all | maxDets=100 ] = 0.935
 Average Precision  (AP) @[ IoU=0.75      | area=   all | maxDets=100 ] = 0.902
 Average Precision  (AP) @[ IoU=0.50:0.95 | area= small | maxDets=100 ] = -1.000
 Average Precision  (AP) @[ IoU=0.50:0.95 | area=medium | maxDets=100 ] = 0.541
 Average Precision  (AP) @[ IoU=0.50:0.95 | area= large | maxDets=100 ] = 0.722
 Average Recall     (AR) @[ IoU=0.50:0.95 | area=   all | maxDets=  1 ] = 0.758
 Average Recall     (AR) @[ IoU=0.50:0.95 | area=   all | maxDets= 10 ] = 0.762
 Average Recall     (AR) @[ IoU=0.50:0.95 | area=   all | maxDets=100 ] = 0.762
 Average Recall     (AR) @[ IoU=0.50:0.95 | area= small | maxDets=100 ] = -1.000
 Average Recall     (AR) @[ IoU=0.50:0.95 | area=medium | maxDets=100 ] = 0.540
 Average Recall     (AR) @[ IoU=0.50:0.95 | area= large | maxDets=100 ] = 0.790
[08/02 04:23:38 d2.evaluation.coco_evaluation]: Evaluation results for bbox: 
|   AP   |  AP50  |  AP75  |  APs  |  APm   |  APl   |
|:------:|:------:|:------:|:-----:|:------:|:------:|
| 70.152 | 93.479 | 90.203 |  nan  | 54.059 | 72.159 |
[08/02 04:23:38 d2.evaluation.coco_evaluation]: Some metrics cannot be computed and is shown as NaN.
Loading and preparing results...
DONE (t=0.00s)
creating index...
index created!
Running per image evaluation...
Evaluate annotation type *segm*
DONE (t=0.02s).
Accumulating evaluation results...
DONE (t=0.01s).
 Average Precision  (AP) @[ IoU=0.50:0.95 | area=   all | maxDets=100 ] = 0.720
 Average Precision  (AP) @[ IoU=0.50      | area=   all | maxDets=100 ] = 0.935
 Average Precision  (AP) @[ IoU=0.75      | area=   all | maxDets=100 ] = 0.903
 Average Precision  (AP) @[ IoU=0.50:0.95 | area= small | maxDets=100 ] = -1.000
 Average Precision  (AP) @[ IoU=0.50:0.95 | area=medium | maxDets=100 ] = 0.542
 Average Precision  (AP) @[ IoU=0.50:0.95 | area= large | maxDets=100 ] = 0.743
 Average Recall     (AR) @[ IoU=0.50:0.95 | area=   all | maxDets=  1 ] = 0.771
 Average Recall     (AR) @[ IoU=0.50:0.95 | area=   all | maxDets= 10 ] = 0.772
 Average Recall     (AR) @[ IoU=0.50:0.95 | area=   all | maxDets=100 ] = 0.772
 Average Recall     (AR) @[ IoU=0.50:0.95 | area= small | maxDets=100 ] = -1.000
 Average Recall     (AR) @[ IoU=0.50:0.95 | area=medium | maxDets=100 ] = 0.550
 Average Recall     (AR) @[ IoU=0.50:0.95 | area= large | maxDets=100 ] = 0.800
[08/02 04:23:38 d2.evaluation.coco_evaluation]: Evaluation results for segm: 
|   AP   |  AP50  |  AP75  |  APs  |  APm   |  APl   |
|:------:|:------:|:------:|:-----:|:------:|:------:|
| 71.978 | 93.479 | 90.333 |  nan  | 54.203 | 74.342 |
[08/02 04:23:38 d2.evaluation.coco_evaluation]: Some metrics cannot be computed and is shown as NaN.
[Iter 2 AP] → mAP@[.5:.95] = 71.978
[08/02 04:23:40 d2.utils.events]:  eta: 0:05:16  iter: 919  total_loss: 0.2204  loss_cls: 0.02237  loss_box_reg: 0.0553  loss_mask: 0.1266  loss_rpn_cls: 1.009e-05  loss_rpn_loc: 0.002394    time: 0.0780  last_time: 0.0787  data_time: 0.0023  last_data_time: 0.0022   lr: 0.0005  max_mem: 1687M
[08/02 04:23:41 d2.utils.events]:  eta: 0:05:14  iter: 939  total_loss: 0.2034  loss_cls: 0.02022  loss_box_reg: 0.05755  loss_mask: 0.1254  loss_rpn_cls: 1.601e-05  loss_rpn_loc: 0.002441    time: 0.0780  last_time: 0.0770  data_time: 0.0022  last_data_time: 0.0025   lr: 0.0005  max_mem: 1687M
[08/02 04:23:43 d2.utils.events]:  eta: 0:05:12  iter: 959  total_loss: 0.2224  loss_cls: 0.0196  loss_box_reg: 0.05327  loss_mask: 0.1343  loss_rpn_cls: 2.611e-05  loss_rpn_loc: 0.002938    time: 0.0780  last_time: 0.0812  data_time: 0.0022  last_data_time: 0.0022   lr: 0.0005  max_mem: 1687M
[08/02 04:23:44 d2.utils.events]:  eta: 0:05:11  iter: 979  total_loss: 0.2413  loss_cls: 0.02346  loss_box_reg: 0.06011  loss_mask: 0.1507  loss_rpn_cls: 9.436e-06  loss_rpn_loc: 0.002941    time: 0.0780  last_time: 0.0782  data_time: 0.0022  last_data_time: 0.0022   lr: 0.0005  max_mem: 1687M
[08/02 04:23:46 d2.utils.events]:  eta: 0:05:09  iter: 999  total_loss: 0.2222  loss_cls: 0.02589  loss_box_reg: 0.0552  loss_mask: 0.1381  loss_rpn_cls: 4.867e-06  loss_rpn_loc: 0.002524    time: 0.0780  last_time: 0.0769  data_time: 0.0022  last_data_time: 0.0021   lr: 0.0005  max_mem: 1687M
[08/02 04:23:46 d2.evaluation.coco_evaluation]: Fast COCO eval is not built. Falling back to official COCO eval.
[08/02 04:23:46 d2.data.datasets.coco]: Loaded 89 images in COCO format from /projects/PUCHALLA/LLP2024/tumor-segmentation/data/processed_data/rgb/test/images/test.json
[08/02 04:23:46 d2.data.dataset_mapper]: [DatasetMapper] Augmentations used in inference: [ResizeShortestEdge(short_edge_length=(800, 800), max_size=1333, sample_style='choice')]
[08/02 04:23:46 d2.data.common]: Serializing the dataset using: <class 'detectron2.data.common._TorchSerializedList'>
[08/02 04:23:46 d2.data.common]: Serializing 89 elements to byte tensors and concatenating them all ...
[08/02 04:23:46 d2.data.common]: Serialized dataset takes 0.07 MiB
[08/02 04:23:46 d2.evaluation.evaluator]: Start inference on 89 batches
[08/02 04:23:46 d2.evaluation.evaluator]: Inference done 11/89. Dataloading: 0.0004 s/iter. Inference: 0.0235 s/iter. Eval: 0.0003 s/iter. Total: 0.0242 s/iter. ETA=0:00:01
[08/02 04:23:48 d2.evaluation.evaluator]: Total inference time: 0:00:02.173055 (0.025870 s / iter per device, on 1 devices)
[08/02 04:23:48 d2.evaluation.evaluator]: Total inference pure compute time: 0:00:02 (0.023815 s / iter per device, on 1 devices)
[08/02 04:23:48 d2.evaluation.coco_evaluation]: Preparing results for COCO format ...
[08/02 04:23:48 d2.evaluation.coco_evaluation]: Saving results to ../../../../models/rgb-testing/without-invotive-5000/coco_instances_results.json
[08/02 04:23:48 d2.evaluation.coco_evaluation]: Evaluating predictions with official COCO API...
Loading and preparing results...
DONE (t=0.00s)
creating index...
index created!
Running per image evaluation...
Evaluate annotation type *bbox*
DONE (t=0.02s).
Accumulating evaluation results...
DONE (t=0.01s).
 Average Precision  (AP) @[ IoU=0.50:0.95 | area=   all | maxDets=100 ] = 0.702
 Average Precision  (AP) @[ IoU=0.50      | area=   all | maxDets=100 ] = 0.941
 Average Precision  (AP) @[ IoU=0.75      | area=   all | maxDets=100 ] = 0.901
 Average Precision  (AP) @[ IoU=0.50:0.95 | area= small | maxDets=100 ] = -1.000
 Average Precision  (AP) @[ IoU=0.50:0.95 | area=medium | maxDets=100 ] = 0.548
 Average Precision  (AP) @[ IoU=0.50:0.95 | area= large | maxDets=100 ] = 0.724
 Average Recall     (AR) @[ IoU=0.50:0.95 | area=   all | maxDets=  1 ] = 0.743
 Average Recall     (AR) @[ IoU=0.50:0.95 | area=   all | maxDets= 10 ] = 0.745
 Average Recall     (AR) @[ IoU=0.50:0.95 | area=   all | maxDets=100 ] = 0.745
 Average Recall     (AR) @[ IoU=0.50:0.95 | area= small | maxDets=100 ] = -1.000
 Average Recall     (AR) @[ IoU=0.50:0.95 | area=medium | maxDets=100 ] = 0.550
 Average Recall     (AR) @[ IoU=0.50:0.95 | area= large | maxDets=100 ] = 0.770
[08/02 04:23:48 d2.evaluation.coco_evaluation]: Evaluation results for bbox: 
|   AP   |  AP50  |  AP75  |  APs  |  APm   |  APl   |
|:------:|:------:|:------:|:-----:|:------:|:------:|
| 70.243 | 94.060 | 90.108 |  nan  | 54.752 | 72.390 |
[08/02 04:23:48 d2.evaluation.coco_evaluation]: Some metrics cannot be computed and is shown as NaN.
Loading and preparing results...
DONE (t=0.00s)
creating index...
index created!
Running per image evaluation...
Evaluate annotation type *segm*
DONE (t=0.02s).
Accumulating evaluation results...
DONE (t=0.01s).
 Average Precision  (AP) @[ IoU=0.50:0.95 | area=   all | maxDets=100 ] = 0.724
 Average Precision  (AP) @[ IoU=0.50      | area=   all | maxDets=100 ] = 0.941
 Average Precision  (AP) @[ IoU=0.75      | area=   all | maxDets=100 ] = 0.911
 Average Precision  (AP) @[ IoU=0.50:0.95 | area= small | maxDets=100 ] = -1.000
 Average Precision  (AP) @[ IoU=0.50:0.95 | area=medium | maxDets=100 ] = 0.584
 Average Precision  (AP) @[ IoU=0.50:0.95 | area= large | maxDets=100 ] = 0.742
 Average Recall     (AR) @[ IoU=0.50:0.95 | area=   all | maxDets=  1 ] = 0.763
 Average Recall     (AR) @[ IoU=0.50:0.95 | area=   all | maxDets= 10 ] = 0.764
 Average Recall     (AR) @[ IoU=0.50:0.95 | area=   all | maxDets=100 ] = 0.764
 Average Recall     (AR) @[ IoU=0.50:0.95 | area= small | maxDets=100 ] = -1.000
 Average Recall     (AR) @[ IoU=0.50:0.95 | area=medium | maxDets=100 ] = 0.590
 Average Recall     (AR) @[ IoU=0.50:0.95 | area= large | maxDets=100 ] = 0.786
[08/02 04:23:48 d2.evaluation.coco_evaluation]: Evaluation results for segm: 
|   AP   |  AP50  |  AP75  |  APs  |  APm   |  APl   |
|:------:|:------:|:------:|:-----:|:------:|:------:|
| 72.371 | 94.060 | 91.075 |  nan  | 58.428 | 74.231 |
[08/02 04:23:48 d2.evaluation.coco_evaluation]: Some metrics cannot be computed and is shown as NaN.
[Iter 2 AP] → mAP@[.5:.95] = 72.371
[08/02 04:23:50 d2.utils.events]:  eta: 0:05:07  iter: 1019  total_loss: 0.2269  loss_cls: 0.02214  loss_box_reg: 0.05367  loss_mask: 0.1387  loss_rpn_cls: 1.408e-05  loss_rpn_loc: 0.002122    time: 0.0779  last_time: 0.0764  data_time: 0.0023  last_data_time: 0.0022   lr: 0.0005  max_mem: 1687M
[08/02 04:23:51 d2.utils.events]:  eta: 0:05:06  iter: 1039  total_loss: 0.1932  loss_cls: 0.0204  loss_box_reg: 0.04931  loss_mask: 0.1241  loss_rpn_cls: 2.128e-05  loss_rpn_loc: 0.00272    time: 0.0779  last_time: 0.0802  data_time: 0.0022  last_data_time: 0.0023   lr: 0.0005  max_mem: 1687M
[08/02 04:23:53 d2.utils.events]:  eta: 0:05:04  iter: 1059  total_loss: 0.1956  loss_cls: 0.02228  loss_box_reg: 0.05005  loss_mask: 0.1149  loss_rpn_cls: 3.665e-06  loss_rpn_loc: 0.002435    time: 0.0779  last_time: 0.0826  data_time: 0.0023  last_data_time: 0.0023   lr: 0.0005  max_mem: 1687M
[08/02 04:23:54 d2.utils.events]:  eta: 0:05:03  iter: 1079  total_loss: 0.1949  loss_cls: 0.0216  loss_box_reg: 0.04872  loss_mask: 0.1157  loss_rpn_cls: 8.918e-06  loss_rpn_loc: 0.002316    time: 0.0779  last_time: 0.0723  data_time: 0.0023  last_data_time: 0.0022   lr: 0.0005  max_mem: 1687M
[08/02 04:23:56 d2.utils.events]:  eta: 0:05:01  iter: 1099  total_loss: 0.1872  loss_cls: 0.0193  loss_box_reg: 0.04911  loss_mask: 0.1147  loss_rpn_cls: 3.626e-06  loss_rpn_loc: 0.002388    time: 0.0779  last_time: 0.0681  data_time: 0.0023  last_data_time: 0.0024   lr: 0.0005  max_mem: 1687M
[08/02 04:23:56 d2.evaluation.coco_evaluation]: Fast COCO eval is not built. Falling back to official COCO eval.
[08/02 04:23:56 d2.data.datasets.coco]: Loaded 89 images in COCO format from /projects/PUCHALLA/LLP2024/tumor-segmentation/data/processed_data/rgb/test/images/test.json
[08/02 04:23:56 d2.data.dataset_mapper]: [DatasetMapper] Augmentations used in inference: [ResizeShortestEdge(short_edge_length=(800, 800), max_size=1333, sample_style='choice')]
[08/02 04:23:56 d2.data.common]: Serializing the dataset using: <class 'detectron2.data.common._TorchSerializedList'>
[08/02 04:23:56 d2.data.common]: Serializing 89 elements to byte tensors and concatenating them all ...
[08/02 04:23:56 d2.data.common]: Serialized dataset takes 0.07 MiB
[08/02 04:23:56 d2.evaluation.evaluator]: Start inference on 89 batches
[08/02 04:23:57 d2.evaluation.evaluator]: Inference done 11/89. Dataloading: 0.0004 s/iter. Inference: 0.0244 s/iter. Eval: 0.0003 s/iter. Total: 0.0252 s/iter. ETA=0:00:01
[08/02 04:23:59 d2.evaluation.evaluator]: Total inference time: 0:00:02.155152 (0.025657 s / iter per device, on 1 devices)
[08/02 04:23:59 d2.evaluation.evaluator]: Total inference pure compute time: 0:00:01 (0.023569 s / iter per device, on 1 devices)
[08/02 04:23:59 d2.evaluation.coco_evaluation]: Preparing results for COCO format ...
[08/02 04:23:59 d2.evaluation.coco_evaluation]: Saving results to ../../../../models/rgb-testing/without-invotive-5000/coco_instances_results.json
[08/02 04:23:59 d2.evaluation.coco_evaluation]: Evaluating predictions with official COCO API...
Loading and preparing results...
DONE (t=0.00s)
creating index...
index created!
Running per image evaluation...
Evaluate annotation type *bbox*
DONE (t=0.02s).
Accumulating evaluation results...
DONE (t=0.01s).
 Average Precision  (AP) @[ IoU=0.50:0.95 | area=   all | maxDets=100 ] = 0.702
 Average Precision  (AP) @[ IoU=0.50      | area=   all | maxDets=100 ] = 0.942
 Average Precision  (AP) @[ IoU=0.75      | area=   all | maxDets=100 ] = 0.897
 Average Precision  (AP) @[ IoU=0.50:0.95 | area= small | maxDets=100 ] = -1.000
 Average Precision  (AP) @[ IoU=0.50:0.95 | area=medium | maxDets=100 ] = 0.526
 Average Precision  (AP) @[ IoU=0.50:0.95 | area= large | maxDets=100 ] = 0.724
 Average Recall     (AR) @[ IoU=0.50:0.95 | area=   all | maxDets=  1 ] = 0.749
 Average Recall     (AR) @[ IoU=0.50:0.95 | area=   all | maxDets= 10 ] = 0.749
 Average Recall     (AR) @[ IoU=0.50:0.95 | area=   all | maxDets=100 ] = 0.749
 Average Recall     (AR) @[ IoU=0.50:0.95 | area= small | maxDets=100 ] = -1.000
 Average Recall     (AR) @[ IoU=0.50:0.95 | area=medium | maxDets=100 ] = 0.540
 Average Recall     (AR) @[ IoU=0.50:0.95 | area= large | maxDets=100 ] = 0.776
[08/02 04:23:59 d2.evaluation.coco_evaluation]: Evaluation results for bbox: 
|   AP   |  AP50  |  AP75  |  APs  |  APm   |  APl   |
|:------:|:------:|:------:|:-----:|:------:|:------:|
| 70.182 | 94.222 | 89.736 |  nan  | 52.601 | 72.444 |
[08/02 04:23:59 d2.evaluation.coco_evaluation]: Some metrics cannot be computed and is shown as NaN.
Loading and preparing results...
DONE (t=0.00s)
creating index...
index created!
Running per image evaluation...
Evaluate annotation type *segm*
DONE (t=0.02s).
Accumulating evaluation results...
DONE (t=0.01s).
 Average Precision  (AP) @[ IoU=0.50:0.95 | area=   all | maxDets=100 ] = 0.729
 Average Precision  (AP) @[ IoU=0.50      | area=   all | maxDets=100 ] = 0.942
 Average Precision  (AP) @[ IoU=0.75      | area=   all | maxDets=100 ] = 0.902
 Average Precision  (AP) @[ IoU=0.50:0.95 | area= small | maxDets=100 ] = -1.000
 Average Precision  (AP) @[ IoU=0.50:0.95 | area=medium | maxDets=100 ] = 0.549
 Average Precision  (AP) @[ IoU=0.50:0.95 | area= large | maxDets=100 ] = 0.751
 Average Recall     (AR) @[ IoU=0.50:0.95 | area=   all | maxDets=  1 ] = 0.766
 Average Recall     (AR) @[ IoU=0.50:0.95 | area=   all | maxDets= 10 ] = 0.766
 Average Recall     (AR) @[ IoU=0.50:0.95 | area=   all | maxDets=100 ] = 0.766
 Average Recall     (AR) @[ IoU=0.50:0.95 | area= small | maxDets=100 ] = -1.000
 Average Recall     (AR) @[ IoU=0.50:0.95 | area=medium | maxDets=100 ] = 0.560
 Average Recall     (AR) @[ IoU=0.50:0.95 | area= large | maxDets=100 ] = 0.792
[08/02 04:23:59 d2.evaluation.coco_evaluation]: Evaluation results for segm: 
|   AP   |  AP50  |  AP75  |  APs  |  APm   |  APl   |
|:------:|:------:|:------:|:-----:|:------:|:------:|
| 72.899 | 94.222 | 90.227 |  nan  | 54.853 | 75.082 |
[08/02 04:23:59 d2.evaluation.coco_evaluation]: Some metrics cannot be computed and is shown as NaN.
[Iter 2 AP] → mAP@[.5:.95] = 72.899
[08/02 04:24:00 d2.utils.events]:  eta: 0:05:00  iter: 1119  total_loss: 0.1948  loss_cls: 0.0185  loss_box_reg: 0.04946  loss_mask: 0.1274  loss_rpn_cls: 6.771e-06  loss_rpn_loc: 0.002258    time: 0.0779  last_time: 0.0717  data_time: 0.0023  last_data_time: 0.0020   lr: 0.0005  max_mem: 1687M
[08/02 04:24:02 d2.utils.events]:  eta: 0:04:58  iter: 1139  total_loss: 0.207  loss_cls: 0.02161  loss_box_reg: 0.05518  loss_mask: 0.1304  loss_rpn_cls: 5.845e-06  loss_rpn_loc: 0.002444    time: 0.0779  last_time: 0.0810  data_time: 0.0023  last_data_time: 0.0022   lr: 0.0005  max_mem: 1687M
[08/02 04:24:03 d2.utils.events]:  eta: 0:04:57  iter: 1159  total_loss: 0.2376  loss_cls: 0.0221  loss_box_reg: 0.05523  loss_mask: 0.1523  loss_rpn_cls: 2.15e-05  loss_rpn_loc: 0.002843    time: 0.0779  last_time: 0.0732  data_time: 0.0022  last_data_time: 0.0019   lr: 0.0005  max_mem: 1687M
[08/02 04:24:05 d2.utils.events]:  eta: 0:04:55  iter: 1179  total_loss: 0.2216  loss_cls: 0.02211  loss_box_reg: 0.05415  loss_mask: 0.1336  loss_rpn_cls: 1.876e-05  loss_rpn_loc: 0.002615    time: 0.0779  last_time: 0.0831  data_time: 0.0023  last_data_time: 0.0021   lr: 0.0005  max_mem: 1687M
[08/02 04:24:06 d2.utils.events]:  eta: 0:04:54  iter: 1199  total_loss: 0.2317  loss_cls: 0.02161  loss_box_reg: 0.05976  loss_mask: 0.147  loss_rpn_cls: 4.211e-05  loss_rpn_loc: 0.00222    time: 0.0779  last_time: 0.0798  data_time: 0.0023  last_data_time: 0.0022   lr: 0.0005  max_mem: 1687M
[08/02 04:24:06 d2.evaluation.coco_evaluation]: Fast COCO eval is not built. Falling back to official COCO eval.
[08/02 04:24:06 d2.data.datasets.coco]: Loaded 89 images in COCO format from /projects/PUCHALLA/LLP2024/tumor-segmentation/data/processed_data/rgb/test/images/test.json
[08/02 04:24:06 d2.data.dataset_mapper]: [DatasetMapper] Augmentations used in inference: [ResizeShortestEdge(short_edge_length=(800, 800), max_size=1333, sample_style='choice')]
[08/02 04:24:06 d2.data.common]: Serializing the dataset using: <class 'detectron2.data.common._TorchSerializedList'>
[08/02 04:24:06 d2.data.common]: Serializing 89 elements to byte tensors and concatenating them all ...
[08/02 04:24:06 d2.data.common]: Serialized dataset takes 0.07 MiB
[08/02 04:24:06 d2.evaluation.evaluator]: Start inference on 89 batches
[08/02 04:24:07 d2.evaluation.evaluator]: Inference done 11/89. Dataloading: 0.0004 s/iter. Inference: 0.0234 s/iter. Eval: 0.0003 s/iter. Total: 0.0242 s/iter. ETA=0:00:01
[08/02 04:24:09 d2.evaluation.evaluator]: Total inference time: 0:00:02.148725 (0.025580 s / iter per device, on 1 devices)
[08/02 04:24:09 d2.evaluation.evaluator]: Total inference pure compute time: 0:00:01 (0.023496 s / iter per device, on 1 devices)
[08/02 04:24:09 d2.evaluation.coco_evaluation]: Preparing results for COCO format ...
[08/02 04:24:09 d2.evaluation.coco_evaluation]: Saving results to ../../../../models/rgb-testing/without-invotive-5000/coco_instances_results.json
[08/02 04:24:09 d2.evaluation.coco_evaluation]: Evaluating predictions with official COCO API...
Loading and preparing results...
DONE (t=0.00s)
creating index...
index created!
Running per image evaluation...
Evaluate annotation type *bbox*
DONE (t=0.02s).
Accumulating evaluation results...
DONE (t=0.01s).
 Average Precision  (AP) @[ IoU=0.50:0.95 | area=   all | maxDets=100 ] = 0.719
 Average Precision  (AP) @[ IoU=0.50      | area=   all | maxDets=100 ] = 0.942
 Average Precision  (AP) @[ IoU=0.75      | area=   all | maxDets=100 ] = 0.881
 Average Precision  (AP) @[ IoU=0.50:0.95 | area= small | maxDets=100 ] = -1.000
 Average Precision  (AP) @[ IoU=0.50:0.95 | area=medium | maxDets=100 ] = 0.561
 Average Precision  (AP) @[ IoU=0.50:0.95 | area= large | maxDets=100 ] = 0.740
 Average Recall     (AR) @[ IoU=0.50:0.95 | area=   all | maxDets=  1 ] = 0.761
 Average Recall     (AR) @[ IoU=0.50:0.95 | area=   all | maxDets= 10 ] = 0.764
 Average Recall     (AR) @[ IoU=0.50:0.95 | area=   all | maxDets=100 ] = 0.764
 Average Recall     (AR) @[ IoU=0.50:0.95 | area= small | maxDets=100 ] = -1.000
 Average Recall     (AR) @[ IoU=0.50:0.95 | area=medium | maxDets=100 ] = 0.560
 Average Recall     (AR) @[ IoU=0.50:0.95 | area= large | maxDets=100 ] = 0.790
[08/02 04:24:09 d2.evaluation.coco_evaluation]: Evaluation results for bbox: 
|   AP   |  AP50  |  AP75  |  APs  |  APm   |  APl   |
|:------:|:------:|:------:|:-----:|:------:|:------:|
| 71.851 | 94.214 | 88.115 |  nan  | 56.139 | 73.983 |
[08/02 04:24:09 d2.evaluation.coco_evaluation]: Some metrics cannot be computed and is shown as NaN.
Loading and preparing results...
DONE (t=0.00s)
creating index...
index created!
Running per image evaluation...
Evaluate annotation type *segm*
DONE (t=0.02s).
Accumulating evaluation results...
DONE (t=0.01s).
 Average Precision  (AP) @[ IoU=0.50:0.95 | area=   all | maxDets=100 ] = 0.729
 Average Precision  (AP) @[ IoU=0.50      | area=   all | maxDets=100 ] = 0.942
 Average Precision  (AP) @[ IoU=0.75      | area=   all | maxDets=100 ] = 0.881
 Average Precision  (AP) @[ IoU=0.50:0.95 | area= small | maxDets=100 ] = -1.000
 Average Precision  (AP) @[ IoU=0.50:0.95 | area=medium | maxDets=100 ] = 0.563
 Average Precision  (AP) @[ IoU=0.50:0.95 | area= large | maxDets=100 ] = 0.750
 Average Recall     (AR) @[ IoU=0.50:0.95 | area=   all | maxDets=  1 ] = 0.763
 Average Recall     (AR) @[ IoU=0.50:0.95 | area=   all | maxDets= 10 ] = 0.765
 Average Recall     (AR) @[ IoU=0.50:0.95 | area=   all | maxDets=100 ] = 0.765
 Average Recall     (AR) @[ IoU=0.50:0.95 | area= small | maxDets=100 ] = -1.000
 Average Recall     (AR) @[ IoU=0.50:0.95 | area=medium | maxDets=100 ] = 0.570
 Average Recall     (AR) @[ IoU=0.50:0.95 | area= large | maxDets=100 ] = 0.790
[08/02 04:24:09 d2.evaluation.coco_evaluation]: Evaluation results for segm: 
|   AP   |  AP50  |  AP75  |  APs  |  APm   |  APl   |
|:------:|:------:|:------:|:-----:|:------:|:------:|
| 72.862 | 94.214 | 88.115 |  nan  | 56.303 | 75.008 |
[08/02 04:24:09 d2.evaluation.coco_evaluation]: Some metrics cannot be computed and is shown as NaN.
[Iter 2 AP] → mAP@[.5:.95] = 72.862
[08/02 04:24:10 d2.utils.events]:  eta: 0:04:52  iter: 1219  total_loss: 0.2185  loss_cls: 0.02156  loss_box_reg: 0.05829  loss_mask: 0.1317  loss_rpn_cls: 6.991e-06  loss_rpn_loc: 0.002306    time: 0.0779  last_time: 0.0821  data_time: 0.0024  last_data_time: 0.0023   lr: 0.0005  max_mem: 1687M
[08/02 04:24:12 d2.utils.events]:  eta: 0:04:50  iter: 1239  total_loss: 0.1862  loss_cls: 0.02069  loss_box_reg: 0.0508  loss_mask: 0.1171  loss_rpn_cls: 7.054e-06  loss_rpn_loc: 0.002454    time: 0.0779  last_time: 0.1814  data_time: 0.0023  last_data_time: 0.0025   lr: 0.0005  max_mem: 1687M
[08/02 04:24:14 d2.utils.events]:  eta: 0:04:49  iter: 1259  total_loss: 0.1905  loss_cls: 0.01818  loss_box_reg: 0.05001  loss_mask: 0.1234  loss_rpn_cls: 5.314e-06  loss_rpn_loc: 0.002623    time: 0.0779  last_time: 0.0816  data_time: 0.0023  last_data_time: 0.0022   lr: 0.0005  max_mem: 1687M
[08/02 04:24:15 d2.utils.events]:  eta: 0:04:47  iter: 1279  total_loss: 0.2288  loss_cls: 0.02275  loss_box_reg: 0.04837  loss_mask: 0.1517  loss_rpn_cls: 7.378e-06  loss_rpn_loc: 0.002163    time: 0.0779  last_time: 0.0805  data_time: 0.0023  last_data_time: 0.0023   lr: 0.0005  max_mem: 1687M
[08/02 04:24:17 d2.utils.events]:  eta: 0:04:45  iter: 1299  total_loss: 0.2029  loss_cls: 0.02265  loss_box_reg: 0.05833  loss_mask: 0.1213  loss_rpn_cls: 4.06e-06  loss_rpn_loc: 0.0028    time: 0.0779  last_time: 0.0740  data_time: 0.0023  last_data_time: 0.0021   lr: 0.0005  max_mem: 1687M
[08/02 04:24:17 d2.evaluation.coco_evaluation]: Fast COCO eval is not built. Falling back to official COCO eval.
[08/02 04:24:17 d2.data.datasets.coco]: Loaded 89 images in COCO format from /projects/PUCHALLA/LLP2024/tumor-segmentation/data/processed_data/rgb/test/images/test.json
[08/02 04:24:17 d2.data.dataset_mapper]: [DatasetMapper] Augmentations used in inference: [ResizeShortestEdge(short_edge_length=(800, 800), max_size=1333, sample_style='choice')]
[08/02 04:24:17 d2.data.common]: Serializing the dataset using: <class 'detectron2.data.common._TorchSerializedList'>
[08/02 04:24:17 d2.data.common]: Serializing 89 elements to byte tensors and concatenating them all ...
[08/02 04:24:17 d2.data.common]: Serialized dataset takes 0.07 MiB
[08/02 04:24:17 d2.evaluation.evaluator]: Start inference on 89 batches
[08/02 04:24:17 d2.evaluation.evaluator]: Inference done 11/89. Dataloading: 0.0004 s/iter. Inference: 0.0241 s/iter. Eval: 0.0003 s/iter. Total: 0.0249 s/iter. ETA=0:00:01
[08/02 04:24:19 d2.evaluation.evaluator]: Total inference time: 0:00:02.138878 (0.025463 s / iter per device, on 1 devices)
[08/02 04:24:19 d2.evaluation.evaluator]: Total inference pure compute time: 0:00:01 (0.023358 s / iter per device, on 1 devices)
[08/02 04:24:19 d2.evaluation.coco_evaluation]: Preparing results for COCO format ...
[08/02 04:24:19 d2.evaluation.coco_evaluation]: Saving results to ../../../../models/rgb-testing/without-invotive-5000/coco_instances_results.json
[08/02 04:24:19 d2.evaluation.coco_evaluation]: Evaluating predictions with official COCO API...
Loading and preparing results...
DONE (t=0.00s)
creating index...
index created!
Running per image evaluation...
Evaluate annotation type *bbox*
DONE (t=0.01s).
Accumulating evaluation results...
DONE (t=0.01s).
 Average Precision  (AP) @[ IoU=0.50:0.95 | area=   all | maxDets=100 ] = 0.704
 Average Precision  (AP) @[ IoU=0.50      | area=   all | maxDets=100 ] = 0.940
 Average Precision  (AP) @[ IoU=0.75      | area=   all | maxDets=100 ] = 0.870
 Average Precision  (AP) @[ IoU=0.50:0.95 | area= small | maxDets=100 ] = -1.000
 Average Precision  (AP) @[ IoU=0.50:0.95 | area=medium | maxDets=100 ] = 0.507
 Average Precision  (AP) @[ IoU=0.50:0.95 | area= large | maxDets=100 ] = 0.729
 Average Recall     (AR) @[ IoU=0.50:0.95 | area=   all | maxDets=  1 ] = 0.748
 Average Recall     (AR) @[ IoU=0.50:0.95 | area=   all | maxDets= 10 ] = 0.752
 Average Recall     (AR) @[ IoU=0.50:0.95 | area=   all | maxDets=100 ] = 0.752
 Average Recall     (AR) @[ IoU=0.50:0.95 | area= small | maxDets=100 ] = -1.000
 Average Recall     (AR) @[ IoU=0.50:0.95 | area=medium | maxDets=100 ] = 0.520
 Average Recall     (AR) @[ IoU=0.50:0.95 | area= large | maxDets=100 ] = 0.781
[08/02 04:24:19 d2.evaluation.coco_evaluation]: Evaluation results for bbox: 
|   AP   |  AP50  |  AP75  |  APs  |  APm   |  APl   |
|:------:|:------:|:------:|:-----:|:------:|:------:|
| 70.361 | 94.038 | 86.973 |  nan  | 50.662 | 72.850 |
[08/02 04:24:19 d2.evaluation.coco_evaluation]: Some metrics cannot be computed and is shown as NaN.
Loading and preparing results...
DONE (t=0.00s)
creating index...
index created!
Running per image evaluation...
Evaluate annotation type *segm*
DONE (t=0.02s).
Accumulating evaluation results...
DONE (t=0.01s).
 Average Precision  (AP) @[ IoU=0.50:0.95 | area=   all | maxDets=100 ] = 0.715
 Average Precision  (AP) @[ IoU=0.50      | area=   all | maxDets=100 ] = 0.940
 Average Precision  (AP) @[ IoU=0.75      | area=   all | maxDets=100 ] = 0.882
 Average Precision  (AP) @[ IoU=0.50:0.95 | area= small | maxDets=100 ] = -1.000
 Average Precision  (AP) @[ IoU=0.50:0.95 | area=medium | maxDets=100 ] = 0.553
 Average Precision  (AP) @[ IoU=0.50:0.95 | area= large | maxDets=100 ] = 0.737
 Average Recall     (AR) @[ IoU=0.50:0.95 | area=   all | maxDets=  1 ] = 0.758
 Average Recall     (AR) @[ IoU=0.50:0.95 | area=   all | maxDets= 10 ] = 0.760
 Average Recall     (AR) @[ IoU=0.50:0.95 | area=   all | maxDets=100 ] = 0.760
 Average Recall     (AR) @[ IoU=0.50:0.95 | area= small | maxDets=100 ] = -1.000
 Average Recall     (AR) @[ IoU=0.50:0.95 | area=medium | maxDets=100 ] = 0.560
 Average Recall     (AR) @[ IoU=0.50:0.95 | area= large | maxDets=100 ] = 0.785
[08/02 04:24:19 d2.evaluation.coco_evaluation]: Evaluation results for segm: 
|   AP   |  AP50  |  AP75  |  APs  |  APm   |  APl   |
|:------:|:------:|:------:|:-----:|:------:|:------:|
| 71.471 | 94.038 | 88.155 |  nan  | 55.342 | 73.667 |
[08/02 04:24:19 d2.evaluation.coco_evaluation]: Some metrics cannot be computed and is shown as NaN.
[Iter 2 AP] → mAP@[.5:.95] = 71.471
[08/02 04:24:21 d2.utils.events]:  eta: 0:04:44  iter: 1319  total_loss: 0.1929  loss_cls: 0.01901  loss_box_reg: 0.04434  loss_mask: 0.1251  loss_rpn_cls: 1.916e-06  loss_rpn_loc: 0.002186    time: 0.0779  last_time: 0.0804  data_time: 0.0024  last_data_time: 0.0022   lr: 0.0005  max_mem: 1687M
[08/02 04:24:22 d2.utils.events]:  eta: 0:04:42  iter: 1339  total_loss: 0.2122  loss_cls: 0.02054  loss_box_reg: 0.05781  loss_mask: 0.127  loss_rpn_cls: 8.166e-06  loss_rpn_loc: 0.002549    time: 0.0779  last_time: 0.0760  data_time: 0.0023  last_data_time: 0.0022   lr: 0.0005  max_mem: 1687M
[08/02 04:24:24 d2.utils.events]:  eta: 0:04:41  iter: 1359  total_loss: 0.1974  loss_cls: 0.01879  loss_box_reg: 0.04805  loss_mask: 0.1291  loss_rpn_cls: 8.452e-06  loss_rpn_loc: 0.00284    time: 0.0779  last_time: 0.0777  data_time: 0.0022  last_data_time: 0.0024   lr: 0.0005  max_mem: 1687M
[08/02 04:24:25 d2.utils.events]:  eta: 0:04:39  iter: 1379  total_loss: 0.1936  loss_cls: 0.01759  loss_box_reg: 0.0448  loss_mask: 0.1179  loss_rpn_cls: 2.294e-06  loss_rpn_loc: 0.002442    time: 0.0778  last_time: 0.0775  data_time: 0.0023  last_data_time: 0.0023   lr: 0.0005  max_mem: 1687M
[08/02 04:24:27 d2.utils.events]:  eta: 0:04:37  iter: 1399  total_loss: 0.2134  loss_cls: 0.01967  loss_box_reg: 0.05344  loss_mask: 0.1478  loss_rpn_cls: 8.418e-06  loss_rpn_loc: 0.002116    time: 0.0778  last_time: 0.0698  data_time: 0.0023  last_data_time: 0.0021   lr: 0.0005  max_mem: 1687M
[08/02 04:24:27 d2.evaluation.coco_evaluation]: Fast COCO eval is not built. Falling back to official COCO eval.
[08/02 04:24:27 d2.data.datasets.coco]: Loaded 89 images in COCO format from /projects/PUCHALLA/LLP2024/tumor-segmentation/data/processed_data/rgb/test/images/test.json
[08/02 04:24:27 d2.data.dataset_mapper]: [DatasetMapper] Augmentations used in inference: [ResizeShortestEdge(short_edge_length=(800, 800), max_size=1333, sample_style='choice')]
[08/02 04:24:27 d2.data.common]: Serializing the dataset using: <class 'detectron2.data.common._TorchSerializedList'>
[08/02 04:24:27 d2.data.common]: Serializing 89 elements to byte tensors and concatenating them all ...
[08/02 04:24:27 d2.data.common]: Serialized dataset takes 0.07 MiB
[08/02 04:24:27 d2.evaluation.evaluator]: Start inference on 89 batches
[08/02 04:24:27 d2.evaluation.evaluator]: Inference done 11/89. Dataloading: 0.0005 s/iter. Inference: 0.0236 s/iter. Eval: 0.0003 s/iter. Total: 0.0245 s/iter. ETA=0:00:01
[08/02 04:24:29 d2.evaluation.evaluator]: Total inference time: 0:00:02.176622 (0.025912 s / iter per device, on 1 devices)
[08/02 04:24:29 d2.evaluation.evaluator]: Total inference pure compute time: 0:00:01 (0.023786 s / iter per device, on 1 devices)
[08/02 04:24:29 d2.evaluation.coco_evaluation]: Preparing results for COCO format ...
[08/02 04:24:29 d2.evaluation.coco_evaluation]: Saving results to ../../../../models/rgb-testing/without-invotive-5000/coco_instances_results.json
[08/02 04:24:29 d2.evaluation.coco_evaluation]: Evaluating predictions with official COCO API...
Loading and preparing results...
DONE (t=0.00s)
creating index...
index created!
Running per image evaluation...
Evaluate annotation type *bbox*
DONE (t=0.01s).
Accumulating evaluation results...
DONE (t=0.01s).
 Average Precision  (AP) @[ IoU=0.50:0.95 | area=   all | maxDets=100 ] = 0.712
 Average Precision  (AP) @[ IoU=0.50      | area=   all | maxDets=100 ] = 0.937
 Average Precision  (AP) @[ IoU=0.75      | area=   all | maxDets=100 ] = 0.868
 Average Precision  (AP) @[ IoU=0.50:0.95 | area= small | maxDets=100 ] = -1.000
 Average Precision  (AP) @[ IoU=0.50:0.95 | area=medium | maxDets=100 ] = 0.532
 Average Precision  (AP) @[ IoU=0.50:0.95 | area= large | maxDets=100 ] = 0.737
 Average Recall     (AR) @[ IoU=0.50:0.95 | area=   all | maxDets=  1 ] = 0.767
 Average Recall     (AR) @[ IoU=0.50:0.95 | area=   all | maxDets= 10 ] = 0.770
 Average Recall     (AR) @[ IoU=0.50:0.95 | area=   all | maxDets=100 ] = 0.770
 Average Recall     (AR) @[ IoU=0.50:0.95 | area= small | maxDets=100 ] = -1.000
 Average Recall     (AR) @[ IoU=0.50:0.95 | area=medium | maxDets=100 ] = 0.540
 Average Recall     (AR) @[ IoU=0.50:0.95 | area= large | maxDets=100 ] = 0.799
[08/02 04:24:29 d2.evaluation.coco_evaluation]: Evaluation results for bbox: 
|   AP   |  AP50  |  AP75  |  APs  |  APm   |  APl   |
|:------:|:------:|:------:|:-----:|:------:|:------:|
| 71.178 | 93.715 | 86.788 |  nan  | 53.213 | 73.707 |
[08/02 04:24:29 d2.evaluation.coco_evaluation]: Some metrics cannot be computed and is shown as NaN.
Loading and preparing results...
DONE (t=0.00s)
creating index...
index created!
Running per image evaluation...
Evaluate annotation type *segm*
DONE (t=0.02s).
Accumulating evaluation results...
DONE (t=0.01s).
 Average Precision  (AP) @[ IoU=0.50:0.95 | area=   all | maxDets=100 ] = 0.724
 Average Precision  (AP) @[ IoU=0.50      | area=   all | maxDets=100 ] = 0.937
 Average Precision  (AP) @[ IoU=0.75      | area=   all | maxDets=100 ] = 0.897
 Average Precision  (AP) @[ IoU=0.50:0.95 | area= small | maxDets=100 ] = -1.000
 Average Precision  (AP) @[ IoU=0.50:0.95 | area=medium | maxDets=100 ] = 0.544
 Average Precision  (AP) @[ IoU=0.50:0.95 | area= large | maxDets=100 ] = 0.747
 Average Recall     (AR) @[ IoU=0.50:0.95 | area=   all | maxDets=  1 ] = 0.769
 Average Recall     (AR) @[ IoU=0.50:0.95 | area=   all | maxDets= 10 ] = 0.770
 Average Recall     (AR) @[ IoU=0.50:0.95 | area=   all | maxDets=100 ] = 0.770
 Average Recall     (AR) @[ IoU=0.50:0.95 | area= small | maxDets=100 ] = -1.000
 Average Recall     (AR) @[ IoU=0.50:0.95 | area=medium | maxDets=100 ] = 0.550
 Average Recall     (AR) @[ IoU=0.50:0.95 | area= large | maxDets=100 ] = 0.797
[08/02 04:24:29 d2.evaluation.coco_evaluation]: Evaluation results for segm: 
|   AP   |  AP50  |  AP75  |  APs  |  APm   |  APl   |
|:------:|:------:|:------:|:-----:|:------:|:------:|
| 72.397 | 93.715 | 89.725 |  nan  | 54.395 | 74.718 |
[08/02 04:24:29 d2.evaluation.coco_evaluation]: Some metrics cannot be computed and is shown as NaN.
[Iter 2 AP] → mAP@[.5:.95] = 72.397
[08/02 04:24:31 d2.utils.events]:  eta: 0:04:36  iter: 1419  total_loss: 0.2046  loss_cls: 0.02102  loss_box_reg: 0.05599  loss_mask: 0.1223  loss_rpn_cls: 9.659e-06  loss_rpn_loc: 0.002529    time: 0.0778  last_time: 0.0831  data_time: 0.0023  last_data_time: 0.0021   lr: 0.0005  max_mem: 1687M
[08/02 04:24:32 d2.utils.events]:  eta: 0:04:34  iter: 1439  total_loss: 0.1978  loss_cls: 0.02064  loss_box_reg: 0.05184  loss_mask: 0.1228  loss_rpn_cls: 1.3e-06  loss_rpn_loc: 0.00197    time: 0.0779  last_time: 0.0804  data_time: 0.0023  last_data_time: 0.0023   lr: 0.0005  max_mem: 1687M
[08/02 04:24:34 d2.utils.events]:  eta: 0:04:33  iter: 1459  total_loss: 0.1877  loss_cls: 0.01843  loss_box_reg: 0.05517  loss_mask: 0.1167  loss_rpn_cls: 4.218e-06  loss_rpn_loc: 0.00245    time: 0.0778  last_time: 0.0775  data_time: 0.0024  last_data_time: 0.0022   lr: 0.0005  max_mem: 1687M
[08/02 04:24:36 d2.utils.events]:  eta: 0:04:31  iter: 1479  total_loss: 0.1849  loss_cls: 0.01572  loss_box_reg: 0.04212  loss_mask: 0.1224  loss_rpn_cls: 1.223e-06  loss_rpn_loc: 0.00242    time: 0.0778  last_time: 0.0772  data_time: 0.0022  last_data_time: 0.0021   lr: 0.0005  max_mem: 1687M
[08/02 04:24:37 d2.utils.events]:  eta: 0:04:30  iter: 1499  total_loss: 0.1865  loss_cls: 0.01786  loss_box_reg: 0.04645  loss_mask: 0.1215  loss_rpn_cls: 1.878e-06  loss_rpn_loc: 0.002047    time: 0.0778  last_time: 0.0802  data_time: 0.0023  last_data_time: 0.0023   lr: 0.0005  max_mem: 1687M
[08/02 04:24:37 d2.evaluation.coco_evaluation]: Fast COCO eval is not built. Falling back to official COCO eval.
[08/02 04:24:37 d2.data.datasets.coco]: Loaded 89 images in COCO format from /projects/PUCHALLA/LLP2024/tumor-segmentation/data/processed_data/rgb/test/images/test.json
[08/02 04:24:37 d2.data.dataset_mapper]: [DatasetMapper] Augmentations used in inference: [ResizeShortestEdge(short_edge_length=(800, 800), max_size=1333, sample_style='choice')]
[08/02 04:24:37 d2.data.common]: Serializing the dataset using: <class 'detectron2.data.common._TorchSerializedList'>
[08/02 04:24:37 d2.data.common]: Serializing 89 elements to byte tensors and concatenating them all ...
[08/02 04:24:37 d2.data.common]: Serialized dataset takes 0.07 MiB
[08/02 04:24:37 d2.evaluation.evaluator]: Start inference on 89 batches
[08/02 04:24:38 d2.evaluation.evaluator]: Inference done 11/89. Dataloading: 0.0005 s/iter. Inference: 0.0235 s/iter. Eval: 0.0003 s/iter. Total: 0.0243 s/iter. ETA=0:00:01
[08/02 04:24:40 d2.evaluation.evaluator]: Total inference time: 0:00:02.152763 (0.025628 s / iter per device, on 1 devices)
[08/02 04:24:40 d2.evaluation.evaluator]: Total inference pure compute time: 0:00:01 (0.023498 s / iter per device, on 1 devices)
[08/02 04:24:40 d2.evaluation.coco_evaluation]: Preparing results for COCO format ...
[08/02 04:24:40 d2.evaluation.coco_evaluation]: Saving results to ../../../../models/rgb-testing/without-invotive-5000/coco_instances_results.json
[08/02 04:24:40 d2.evaluation.coco_evaluation]: Evaluating predictions with official COCO API...
Loading and preparing results...
DONE (t=0.00s)
creating index...
index created!
Running per image evaluation...
Evaluate annotation type *bbox*
DONE (t=0.02s).
Accumulating evaluation results...
DONE (t=0.01s).
 Average Precision  (AP) @[ IoU=0.50:0.95 | area=   all | maxDets=100 ] = 0.730
 Average Precision  (AP) @[ IoU=0.50      | area=   all | maxDets=100 ] = 0.938
 Average Precision  (AP) @[ IoU=0.75      | area=   all | maxDets=100 ] = 0.897
 Average Precision  (AP) @[ IoU=0.50:0.95 | area= small | maxDets=100 ] = -1.000
 Average Precision  (AP) @[ IoU=0.50:0.95 | area=medium | maxDets=100 ] = 0.550
 Average Precision  (AP) @[ IoU=0.50:0.95 | area= large | maxDets=100 ] = 0.754
 Average Recall     (AR) @[ IoU=0.50:0.95 | area=   all | maxDets=  1 ] = 0.774
 Average Recall     (AR) @[ IoU=0.50:0.95 | area=   all | maxDets= 10 ] = 0.776
 Average Recall     (AR) @[ IoU=0.50:0.95 | area=   all | maxDets=100 ] = 0.776
 Average Recall     (AR) @[ IoU=0.50:0.95 | area= small | maxDets=100 ] = -1.000
 Average Recall     (AR) @[ IoU=0.50:0.95 | area=medium | maxDets=100 ] = 0.560
 Average Recall     (AR) @[ IoU=0.50:0.95 | area= large | maxDets=100 ] = 0.804
[08/02 04:24:40 d2.evaluation.coco_evaluation]: Evaluation results for bbox: 
|   AP   |  AP50  |  AP75  |  APs  |  APm   |  APl   |
|:------:|:------:|:------:|:-----:|:------:|:------:|
| 73.043 | 93.836 | 89.711 |  nan  | 54.971 | 75.396 |
[08/02 04:24:40 d2.evaluation.coco_evaluation]: Some metrics cannot be computed and is shown as NaN.
Loading and preparing results...
DONE (t=0.00s)
creating index...
index created!
Running per image evaluation...
Evaluate annotation type *segm*
DONE (t=0.02s).
Accumulating evaluation results...
DONE (t=0.01s).
 Average Precision  (AP) @[ IoU=0.50:0.95 | area=   all | maxDets=100 ] = 0.733
 Average Precision  (AP) @[ IoU=0.50      | area=   all | maxDets=100 ] = 0.938
 Average Precision  (AP) @[ IoU=0.75      | area=   all | maxDets=100 ] = 0.878
 Average Precision  (AP) @[ IoU=0.50:0.95 | area= small | maxDets=100 ] = -1.000
 Average Precision  (AP) @[ IoU=0.50:0.95 | area=medium | maxDets=100 ] = 0.564
 Average Precision  (AP) @[ IoU=0.50:0.95 | area= large | maxDets=100 ] = 0.756
 Average Recall     (AR) @[ IoU=0.50:0.95 | area=   all | maxDets=  1 ] = 0.778
 Average Recall     (AR) @[ IoU=0.50:0.95 | area=   all | maxDets= 10 ] = 0.779
 Average Recall     (AR) @[ IoU=0.50:0.95 | area=   all | maxDets=100 ] = 0.779
 Average Recall     (AR) @[ IoU=0.50:0.95 | area= small | maxDets=100 ] = -1.000
 Average Recall     (AR) @[ IoU=0.50:0.95 | area=medium | maxDets=100 ] = 0.570
 Average Recall     (AR) @[ IoU=0.50:0.95 | area= large | maxDets=100 ] = 0.805
[08/02 04:24:40 d2.evaluation.coco_evaluation]: Evaluation results for segm: 
|   AP   |  AP50  |  AP75  |  APs  |  APm   |  APl   |
|:------:|:------:|:------:|:-----:|:------:|:------:|
| 73.345 | 93.836 | 87.844 |  nan  | 56.376 | 75.618 |
[08/02 04:24:40 d2.evaluation.coco_evaluation]: Some metrics cannot be computed and is shown as NaN.
[Iter 2 AP] → mAP@[.5:.95] = 73.345
[08/02 04:24:41 d2.utils.events]:  eta: 0:04:28  iter: 1519  total_loss: 0.1721  loss_cls: 0.01909  loss_box_reg: 0.04884  loss_mask: 0.1092  loss_rpn_cls: 3.893e-06  loss_rpn_loc: 0.002036    time: 0.0778  last_time: 0.0770  data_time: 0.0023  last_data_time: 0.0021   lr: 0.0005  max_mem: 1687M
[08/02 04:24:43 d2.utils.events]:  eta: 0:04:27  iter: 1539  total_loss: 0.1856  loss_cls: 0.02063  loss_box_reg: 0.04648  loss_mask: 0.1144  loss_rpn_cls: 5.695e-06  loss_rpn_loc: 0.001964    time: 0.0778  last_time: 0.0760  data_time: 0.0021  last_data_time: 0.0022   lr: 0.0005  max_mem: 1687M
[08/02 04:24:44 d2.utils.events]:  eta: 0:04:25  iter: 1559  total_loss: 0.2128  loss_cls: 0.02165  loss_box_reg: 0.05712  loss_mask: 0.1306  loss_rpn_cls: 8.687e-06  loss_rpn_loc: 0.002168    time: 0.0778  last_time: 0.0822  data_time: 0.0022  last_data_time: 0.0021   lr: 0.0005  max_mem: 1687M
[08/02 04:24:46 d2.utils.events]:  eta: 0:04:24  iter: 1579  total_loss: 0.1958  loss_cls: 0.01702  loss_box_reg: 0.04468  loss_mask: 0.1248  loss_rpn_cls: 4.982e-06  loss_rpn_loc: 0.002781    time: 0.0778  last_time: 0.0785  data_time: 0.0023  last_data_time: 0.0021   lr: 0.0005  max_mem: 1687M
[08/02 04:24:47 d2.utils.events]:  eta: 0:04:22  iter: 1599  total_loss: 0.2151  loss_cls: 0.01977  loss_box_reg: 0.04807  loss_mask: 0.134  loss_rpn_cls: 5.796e-06  loss_rpn_loc: 0.002697    time: 0.0778  last_time: 0.0683  data_time: 0.0023  last_data_time: 0.0022   lr: 0.0005  max_mem: 1687M
[08/02 04:24:47 d2.evaluation.coco_evaluation]: Fast COCO eval is not built. Falling back to official COCO eval.
[08/02 04:24:47 d2.data.datasets.coco]: Loaded 89 images in COCO format from /projects/PUCHALLA/LLP2024/tumor-segmentation/data/processed_data/rgb/test/images/test.json
[08/02 04:24:47 d2.data.dataset_mapper]: [DatasetMapper] Augmentations used in inference: [ResizeShortestEdge(short_edge_length=(800, 800), max_size=1333, sample_style='choice')]
[08/02 04:24:47 d2.data.common]: Serializing the dataset using: <class 'detectron2.data.common._TorchSerializedList'>
[08/02 04:24:47 d2.data.common]: Serializing 89 elements to byte tensors and concatenating them all ...
[08/02 04:24:47 d2.data.common]: Serialized dataset takes 0.07 MiB
[08/02 04:24:47 d2.evaluation.evaluator]: Start inference on 89 batches
[08/02 04:24:48 d2.evaluation.evaluator]: Inference done 11/89. Dataloading: 0.0005 s/iter. Inference: 0.0238 s/iter. Eval: 0.0003 s/iter. Total: 0.0246 s/iter. ETA=0:00:01
[08/02 04:24:50 d2.evaluation.evaluator]: Total inference time: 0:00:02.165752 (0.025783 s / iter per device, on 1 devices)
[08/02 04:24:50 d2.evaluation.evaluator]: Total inference pure compute time: 0:00:01 (0.023653 s / iter per device, on 1 devices)
[08/02 04:24:50 d2.evaluation.coco_evaluation]: Preparing results for COCO format ...
[08/02 04:24:50 d2.evaluation.coco_evaluation]: Saving results to ../../../../models/rgb-testing/without-invotive-5000/coco_instances_results.json
[08/02 04:24:50 d2.evaluation.coco_evaluation]: Evaluating predictions with official COCO API...
Loading and preparing results...
DONE (t=0.00s)
creating index...
index created!
Running per image evaluation...
Evaluate annotation type *bbox*
DONE (t=0.02s).
Accumulating evaluation results...
DONE (t=0.01s).
 Average Precision  (AP) @[ IoU=0.50:0.95 | area=   all | maxDets=100 ] = 0.722
 Average Precision  (AP) @[ IoU=0.50      | area=   all | maxDets=100 ] = 0.941
 Average Precision  (AP) @[ IoU=0.75      | area=   all | maxDets=100 ] = 0.900
 Average Precision  (AP) @[ IoU=0.50:0.95 | area= small | maxDets=100 ] = -1.000
 Average Precision  (AP) @[ IoU=0.50:0.95 | area=medium | maxDets=100 ] = 0.541
 Average Precision  (AP) @[ IoU=0.50:0.95 | area= large | maxDets=100 ] = 0.745
 Average Recall     (AR) @[ IoU=0.50:0.95 | area=   all | maxDets=  1 ] = 0.770
 Average Recall     (AR) @[ IoU=0.50:0.95 | area=   all | maxDets= 10 ] = 0.773
 Average Recall     (AR) @[ IoU=0.50:0.95 | area=   all | maxDets=100 ] = 0.773
 Average Recall     (AR) @[ IoU=0.50:0.95 | area= small | maxDets=100 ] = -1.000
 Average Recall     (AR) @[ IoU=0.50:0.95 | area=medium | maxDets=100 ] = 0.540
 Average Recall     (AR) @[ IoU=0.50:0.95 | area= large | maxDets=100 ] = 0.803
[08/02 04:24:50 d2.evaluation.coco_evaluation]: Evaluation results for bbox: 
|   AP   |  AP50  |  AP75  |  APs  |  APm   |  APl   |
|:------:|:------:|:------:|:-----:|:------:|:------:|
| 72.170 | 94.087 | 90.016 |  nan  | 54.059 | 74.500 |
[08/02 04:24:50 d2.evaluation.coco_evaluation]: Some metrics cannot be computed and is shown as NaN.
Loading and preparing results...
DONE (t=0.00s)
creating index...
index created!
Running per image evaluation...
Evaluate annotation type *segm*
DONE (t=0.02s).
Accumulating evaluation results...
DONE (t=0.01s).
 Average Precision  (AP) @[ IoU=0.50:0.95 | area=   all | maxDets=100 ] = 0.731
 Average Precision  (AP) @[ IoU=0.50      | area=   all | maxDets=100 ] = 0.941
 Average Precision  (AP) @[ IoU=0.75      | area=   all | maxDets=100 ] = 0.900
 Average Precision  (AP) @[ IoU=0.50:0.95 | area= small | maxDets=100 ] = -1.000
 Average Precision  (AP) @[ IoU=0.50:0.95 | area=medium | maxDets=100 ] = 0.544
 Average Precision  (AP) @[ IoU=0.50:0.95 | area= large | maxDets=100 ] = 0.755
 Average Recall     (AR) @[ IoU=0.50:0.95 | area=   all | maxDets=  1 ] = 0.772
 Average Recall     (AR) @[ IoU=0.50:0.95 | area=   all | maxDets= 10 ] = 0.774
 Average Recall     (AR) @[ IoU=0.50:0.95 | area=   all | maxDets=100 ] = 0.774
 Average Recall     (AR) @[ IoU=0.50:0.95 | area= small | maxDets=100 ] = -1.000
 Average Recall     (AR) @[ IoU=0.50:0.95 | area=medium | maxDets=100 ] = 0.550
 Average Recall     (AR) @[ IoU=0.50:0.95 | area= large | maxDets=100 ] = 0.803
[08/02 04:24:50 d2.evaluation.coco_evaluation]: Evaluation results for segm: 
|   AP   |  AP50  |  AP75  |  APs  |  APm   |  APl   |
|:------:|:------:|:------:|:-----:|:------:|:------:|
| 73.082 | 94.087 | 90.048 |  nan  | 54.395 | 75.505 |
[08/02 04:24:50 d2.evaluation.coco_evaluation]: Some metrics cannot be computed and is shown as NaN.
[Iter 2 AP] → mAP@[.5:.95] = 73.082
[08/02 04:24:51 d2.utils.events]:  eta: 0:04:20  iter: 1619  total_loss: 0.2283  loss_cls: 0.02345  loss_box_reg: 0.05259  loss_mask: 0.1509  loss_rpn_cls: 2.489e-06  loss_rpn_loc: 0.002402    time: 0.0777  last_time: 0.0788  data_time: 0.0023  last_data_time: 0.0022   lr: 0.0005  max_mem: 1687M
[08/02 04:24:53 d2.utils.events]:  eta: 0:04:19  iter: 1639  total_loss: 0.1753  loss_cls: 0.01764  loss_box_reg: 0.04615  loss_mask: 0.114  loss_rpn_cls: 1.617e-05  loss_rpn_loc: 0.002542    time: 0.0777  last_time: 0.0827  data_time: 0.0023  last_data_time: 0.0022   lr: 0.0005  max_mem: 1687M
[08/02 04:24:54 d2.utils.events]:  eta: 0:04:17  iter: 1659  total_loss: 0.1874  loss_cls: 0.01831  loss_box_reg: 0.05043  loss_mask: 0.1211  loss_rpn_cls: 5.301e-06  loss_rpn_loc: 0.002615    time: 0.0777  last_time: 0.0728  data_time: 0.0022  last_data_time: 0.0021   lr: 0.0005  max_mem: 1687M
[08/02 04:24:56 d2.utils.events]:  eta: 0:04:16  iter: 1679  total_loss: 0.2016  loss_cls: 0.02017  loss_box_reg: 0.05632  loss_mask: 0.1187  loss_rpn_cls: 7.899e-06  loss_rpn_loc: 0.002687    time: 0.0777  last_time: 0.0739  data_time: 0.0023  last_data_time: 0.0023   lr: 0.0005  max_mem: 1687M
[08/02 04:24:58 d2.utils.events]:  eta: 0:04:14  iter: 1699  total_loss: 0.1677  loss_cls: 0.0186  loss_box_reg: 0.04192  loss_mask: 0.106  loss_rpn_cls: 1.281e-05  loss_rpn_loc: 0.001851    time: 0.0778  last_time: 0.0737  data_time: 0.0023  last_data_time: 0.0022   lr: 0.0005  max_mem: 1687M
[08/02 04:24:58 d2.evaluation.coco_evaluation]: Fast COCO eval is not built. Falling back to official COCO eval.
[08/02 04:24:58 d2.data.datasets.coco]: Loaded 89 images in COCO format from /projects/PUCHALLA/LLP2024/tumor-segmentation/data/processed_data/rgb/test/images/test.json
[08/02 04:24:58 d2.data.dataset_mapper]: [DatasetMapper] Augmentations used in inference: [ResizeShortestEdge(short_edge_length=(800, 800), max_size=1333, sample_style='choice')]
[08/02 04:24:58 d2.data.common]: Serializing the dataset using: <class 'detectron2.data.common._TorchSerializedList'>
[08/02 04:24:58 d2.data.common]: Serializing 89 elements to byte tensors and concatenating them all ...
[08/02 04:24:58 d2.data.common]: Serialized dataset takes 0.07 MiB
[08/02 04:24:58 d2.evaluation.evaluator]: Start inference on 89 batches
[08/02 04:24:58 d2.evaluation.evaluator]: Inference done 11/89. Dataloading: 0.0005 s/iter. Inference: 0.0244 s/iter. Eval: 0.0003 s/iter. Total: 0.0252 s/iter. ETA=0:00:01
[08/02 04:25:00 d2.evaluation.evaluator]: Total inference time: 0:00:02.166578 (0.025793 s / iter per device, on 1 devices)
[08/02 04:25:00 d2.evaluation.evaluator]: Total inference pure compute time: 0:00:01 (0.023697 s / iter per device, on 1 devices)
[08/02 04:25:00 d2.evaluation.coco_evaluation]: Preparing results for COCO format ...
[08/02 04:25:00 d2.evaluation.coco_evaluation]: Saving results to ../../../../models/rgb-testing/without-invotive-5000/coco_instances_results.json
[08/02 04:25:00 d2.evaluation.coco_evaluation]: Evaluating predictions with official COCO API...
Loading and preparing results...
DONE (t=0.00s)
creating index...
index created!
Running per image evaluation...
Evaluate annotation type *bbox*
DONE (t=0.01s).
Accumulating evaluation results...
DONE (t=0.01s).
 Average Precision  (AP) @[ IoU=0.50:0.95 | area=   all | maxDets=100 ] = 0.686
 Average Precision  (AP) @[ IoU=0.50      | area=   all | maxDets=100 ] = 0.938
 Average Precision  (AP) @[ IoU=0.75      | area=   all | maxDets=100 ] = 0.850
 Average Precision  (AP) @[ IoU=0.50:0.95 | area= small | maxDets=100 ] = -1.000
 Average Precision  (AP) @[ IoU=0.50:0.95 | area=medium | maxDets=100 ] = 0.543
 Average Precision  (AP) @[ IoU=0.50:0.95 | area= large | maxDets=100 ] = 0.705
 Average Recall     (AR) @[ IoU=0.50:0.95 | area=   all | maxDets=  1 ] = 0.737
 Average Recall     (AR) @[ IoU=0.50:0.95 | area=   all | maxDets= 10 ] = 0.739
 Average Recall     (AR) @[ IoU=0.50:0.95 | area=   all | maxDets=100 ] = 0.739
 Average Recall     (AR) @[ IoU=0.50:0.95 | area= small | maxDets=100 ] = -1.000
 Average Recall     (AR) @[ IoU=0.50:0.95 | area=medium | maxDets=100 ] = 0.560
 Average Recall     (AR) @[ IoU=0.50:0.95 | area= large | maxDets=100 ] = 0.762
[08/02 04:25:00 d2.evaluation.coco_evaluation]: Evaluation results for bbox: 
|   AP   |  AP50  |  AP75  |  APs  |  APm   |  APl   |
|:------:|:------:|:------:|:-----:|:------:|:------:|
| 68.587 | 93.802 | 85.043 |  nan  | 54.270 | 70.500 |
[08/02 04:25:00 d2.evaluation.coco_evaluation]: Some metrics cannot be computed and is shown as NaN.
Loading and preparing results...
DONE (t=0.00s)
creating index...
index created!
Running per image evaluation...
Evaluate annotation type *segm*
DONE (t=0.02s).
Accumulating evaluation results...
DONE (t=0.01s).
 Average Precision  (AP) @[ IoU=0.50:0.95 | area=   all | maxDets=100 ] = 0.708
 Average Precision  (AP) @[ IoU=0.50      | area=   all | maxDets=100 ] = 0.928
 Average Precision  (AP) @[ IoU=0.75      | area=   all | maxDets=100 ] = 0.866
 Average Precision  (AP) @[ IoU=0.50:0.95 | area= small | maxDets=100 ] = -1.000
 Average Precision  (AP) @[ IoU=0.50:0.95 | area=medium | maxDets=100 ] = 0.544
 Average Precision  (AP) @[ IoU=0.50:0.95 | area= large | maxDets=100 ] = 0.728
 Average Recall     (AR) @[ IoU=0.50:0.95 | area=   all | maxDets=  1 ] = 0.749
 Average Recall     (AR) @[ IoU=0.50:0.95 | area=   all | maxDets= 10 ] = 0.751
 Average Recall     (AR) @[ IoU=0.50:0.95 | area=   all | maxDets=100 ] = 0.751
 Average Recall     (AR) @[ IoU=0.50:0.95 | area= small | maxDets=100 ] = -1.000
 Average Recall     (AR) @[ IoU=0.50:0.95 | area=medium | maxDets=100 ] = 0.570
 Average Recall     (AR) @[ IoU=0.50:0.95 | area= large | maxDets=100 ] = 0.773
[08/02 04:25:00 d2.evaluation.coco_evaluation]: Evaluation results for segm: 
|   AP   |  AP50  |  AP75  |  APs  |  APm   |  APl   |
|:------:|:------:|:------:|:-----:|:------:|:------:|
| 70.809 | 92.822 | 86.623 |  nan  | 54.352 | 72.818 |
[08/02 04:25:00 d2.evaluation.coco_evaluation]: Some metrics cannot be computed and is shown as NaN.
[Iter 2 AP] → mAP@[.5:.95] = 70.809
[08/02 04:25:02 d2.utils.events]:  eta: 0:04:13  iter: 1719  total_loss: 0.1969  loss_cls: 0.02138  loss_box_reg: 0.05315  loss_mask: 0.1195  loss_rpn_cls: 4.854e-06  loss_rpn_loc: 0.002239    time: 0.0778  last_time: 0.0728  data_time: 0.0022  last_data_time: 0.0023   lr: 0.0005  max_mem: 1687M
[08/02 04:25:03 d2.utils.events]:  eta: 0:04:11  iter: 1739  total_loss: 0.2313  loss_cls: 0.0185  loss_box_reg: 0.05525  loss_mask: 0.1522  loss_rpn_cls: 6.623e-05  loss_rpn_loc: 0.002615    time: 0.0778  last_time: 0.0789  data_time: 0.0022  last_data_time: 0.0022   lr: 0.0005  max_mem: 1687M
[08/02 04:25:05 d2.utils.events]:  eta: 0:04:10  iter: 1759  total_loss: 0.1693  loss_cls: 0.01876  loss_box_reg: 0.04342  loss_mask: 0.1051  loss_rpn_cls: 2.125e-05  loss_rpn_loc: 0.002336    time: 0.0778  last_time: 0.0751  data_time: 0.0023  last_data_time: 0.0022   lr: 0.0005  max_mem: 1687M
[08/02 04:25:06 d2.utils.events]:  eta: 0:04:08  iter: 1779  total_loss: 0.199  loss_cls: 0.01877  loss_box_reg: 0.04675  loss_mask: 0.129  loss_rpn_cls: 8.422e-06  loss_rpn_loc: 0.002637    time: 0.0778  last_time: 0.0799  data_time: 0.0022  last_data_time: 0.0022   lr: 0.0005  max_mem: 1687M
[08/02 04:25:08 d2.utils.events]:  eta: 0:04:07  iter: 1799  total_loss: 0.1933  loss_cls: 0.02066  loss_box_reg: 0.04652  loss_mask: 0.1204  loss_rpn_cls: 2.191e-05  loss_rpn_loc: 0.002393    time: 0.0778  last_time: 0.0821  data_time: 0.0022  last_data_time: 0.0025   lr: 0.0005  max_mem: 1687M
[08/02 04:25:08 d2.evaluation.coco_evaluation]: Fast COCO eval is not built. Falling back to official COCO eval.
[08/02 04:25:08 d2.data.datasets.coco]: Loaded 89 images in COCO format from /projects/PUCHALLA/LLP2024/tumor-segmentation/data/processed_data/rgb/test/images/test.json
[08/02 04:25:08 d2.data.dataset_mapper]: [DatasetMapper] Augmentations used in inference: [ResizeShortestEdge(short_edge_length=(800, 800), max_size=1333, sample_style='choice')]
[08/02 04:25:08 d2.data.common]: Serializing the dataset using: <class 'detectron2.data.common._TorchSerializedList'>
[08/02 04:25:08 d2.data.common]: Serializing 89 elements to byte tensors and concatenating them all ...
[08/02 04:25:08 d2.data.common]: Serialized dataset takes 0.07 MiB
[08/02 04:25:08 d2.evaluation.evaluator]: Start inference on 89 batches
[08/02 04:25:08 d2.evaluation.evaluator]: Inference done 11/89. Dataloading: 0.0005 s/iter. Inference: 0.0241 s/iter. Eval: 0.0003 s/iter. Total: 0.0249 s/iter. ETA=0:00:01
[08/02 04:25:10 d2.evaluation.evaluator]: Total inference time: 0:00:02.177242 (0.025920 s / iter per device, on 1 devices)
[08/02 04:25:10 d2.evaluation.evaluator]: Total inference pure compute time: 0:00:02 (0.023821 s / iter per device, on 1 devices)
[08/02 04:25:10 d2.evaluation.coco_evaluation]: Preparing results for COCO format ...
[08/02 04:25:10 d2.evaluation.coco_evaluation]: Saving results to ../../../../models/rgb-testing/without-invotive-5000/coco_instances_results.json
[08/02 04:25:11 d2.evaluation.coco_evaluation]: Evaluating predictions with official COCO API...
Loading and preparing results...
DONE (t=0.00s)
creating index...
index created!
Running per image evaluation...
Evaluate annotation type *bbox*
DONE (t=0.02s).
Accumulating evaluation results...
DONE (t=0.01s).
 Average Precision  (AP) @[ IoU=0.50:0.95 | area=   all | maxDets=100 ] = 0.730
 Average Precision  (AP) @[ IoU=0.50      | area=   all | maxDets=100 ] = 0.942
 Average Precision  (AP) @[ IoU=0.75      | area=   all | maxDets=100 ] = 0.912
 Average Precision  (AP) @[ IoU=0.50:0.95 | area= small | maxDets=100 ] = -1.000
 Average Precision  (AP) @[ IoU=0.50:0.95 | area=medium | maxDets=100 ] = 0.541
 Average Precision  (AP) @[ IoU=0.50:0.95 | area= large | maxDets=100 ] = 0.756
 Average Recall     (AR) @[ IoU=0.50:0.95 | area=   all | maxDets=  1 ] = 0.771
 Average Recall     (AR) @[ IoU=0.50:0.95 | area=   all | maxDets= 10 ] = 0.774
 Average Recall     (AR) @[ IoU=0.50:0.95 | area=   all | maxDets=100 ] = 0.774
 Average Recall     (AR) @[ IoU=0.50:0.95 | area= small | maxDets=100 ] = -1.000
 Average Recall     (AR) @[ IoU=0.50:0.95 | area=medium | maxDets=100 ] = 0.560
 Average Recall     (AR) @[ IoU=0.50:0.95 | area= large | maxDets=100 ] = 0.801
[08/02 04:25:11 d2.evaluation.coco_evaluation]: Evaluation results for bbox: 
|   AP   |  AP50  |  AP75  |  APs  |  APm   |  APl   |
|:------:|:------:|:------:|:-----:|:------:|:------:|
| 72.984 | 94.216 | 91.186 |  nan  | 54.113 | 75.551 |
[08/02 04:25:11 d2.evaluation.coco_evaluation]: Some metrics cannot be computed and is shown as NaN.
Loading and preparing results...
DONE (t=0.00s)
creating index...
index created!
Running per image evaluation...
Evaluate annotation type *segm*
DONE (t=0.02s).
Accumulating evaluation results...
DONE (t=0.01s).
 Average Precision  (AP) @[ IoU=0.50:0.95 | area=   all | maxDets=100 ] = 0.738
 Average Precision  (AP) @[ IoU=0.50      | area=   all | maxDets=100 ] = 0.942
 Average Precision  (AP) @[ IoU=0.75      | area=   all | maxDets=100 ] = 0.903
 Average Precision  (AP) @[ IoU=0.50:0.95 | area= small | maxDets=100 ] = -1.000
 Average Precision  (AP) @[ IoU=0.50:0.95 | area=medium | maxDets=100 ] = 0.530
 Average Precision  (AP) @[ IoU=0.50:0.95 | area= large | maxDets=100 ] = 0.763
 Average Recall     (AR) @[ IoU=0.50:0.95 | area=   all | maxDets=  1 ] = 0.775
 Average Recall     (AR) @[ IoU=0.50:0.95 | area=   all | maxDets= 10 ] = 0.776
 Average Recall     (AR) @[ IoU=0.50:0.95 | area=   all | maxDets=100 ] = 0.776
 Average Recall     (AR) @[ IoU=0.50:0.95 | area= small | maxDets=100 ] = -1.000
 Average Recall     (AR) @[ IoU=0.50:0.95 | area=medium | maxDets=100 ] = 0.550
 Average Recall     (AR) @[ IoU=0.50:0.95 | area= large | maxDets=100 ] = 0.805
[08/02 04:25:11 d2.evaluation.coco_evaluation]: Evaluation results for segm: 
|   AP   |  AP50  |  AP75  |  APs  |  APm   |  APl   |
|:------:|:------:|:------:|:-----:|:------:|:------:|
| 73.824 | 94.216 | 90.253 |  nan  | 53.004 | 76.340 |
[08/02 04:25:11 d2.evaluation.coco_evaluation]: Some metrics cannot be computed and is shown as NaN.
[Iter 2 AP] → mAP@[.5:.95] = 73.824
[08/02 04:25:12 d2.utils.events]:  eta: 0:04:05  iter: 1819  total_loss: 0.223  loss_cls: 0.01983  loss_box_reg: 0.059  loss_mask: 0.1298  loss_rpn_cls: 2.888e-06  loss_rpn_loc: 0.002458    time: 0.0778  last_time: 0.0824  data_time: 0.0023  last_data_time: 0.0022   lr: 0.0005  max_mem: 1687M
[08/02 04:25:14 d2.utils.events]:  eta: 0:04:04  iter: 1839  total_loss: 0.1666  loss_cls: 0.01622  loss_box_reg: 0.04457  loss_mask: 0.1118  loss_rpn_cls: 3.929e-06  loss_rpn_loc: 0.002809    time: 0.0778  last_time: 0.0724  data_time: 0.0023  last_data_time: 0.0021   lr: 0.0005  max_mem: 1687M
[08/02 04:25:15 d2.utils.events]:  eta: 0:04:02  iter: 1859  total_loss: 0.1794  loss_cls: 0.01545  loss_box_reg: 0.05247  loss_mask: 0.1158  loss_rpn_cls: 7.434e-06  loss_rpn_loc: 0.001989    time: 0.0778  last_time: 0.0727  data_time: 0.0023  last_data_time: 0.0021   lr: 0.0005  max_mem: 1687M
[08/02 04:25:17 d2.utils.events]:  eta: 0:04:00  iter: 1879  total_loss: 0.1798  loss_cls: 0.01758  loss_box_reg: 0.04284  loss_mask: 0.1127  loss_rpn_cls: 4.676e-06  loss_rpn_loc: 0.002326    time: 0.0778  last_time: 0.0670  data_time: 0.0023  last_data_time: 0.0022   lr: 0.0005  max_mem: 1687M
[08/02 04:25:18 d2.utils.events]:  eta: 0:03:59  iter: 1899  total_loss: 0.2147  loss_cls: 0.02122  loss_box_reg: 0.05243  loss_mask: 0.1339  loss_rpn_cls: 5.979e-06  loss_rpn_loc: 0.002228    time: 0.0778  last_time: 0.0726  data_time: 0.0022  last_data_time: 0.0020   lr: 0.0005  max_mem: 1687M
[08/02 04:25:18 d2.evaluation.coco_evaluation]: Fast COCO eval is not built. Falling back to official COCO eval.
[08/02 04:25:18 d2.data.datasets.coco]: Loaded 89 images in COCO format from /projects/PUCHALLA/LLP2024/tumor-segmentation/data/processed_data/rgb/test/images/test.json
[08/02 04:25:18 d2.data.dataset_mapper]: [DatasetMapper] Augmentations used in inference: [ResizeShortestEdge(short_edge_length=(800, 800), max_size=1333, sample_style='choice')]
[08/02 04:25:18 d2.data.common]: Serializing the dataset using: <class 'detectron2.data.common._TorchSerializedList'>
[08/02 04:25:18 d2.data.common]: Serializing 89 elements to byte tensors and concatenating them all ...
[08/02 04:25:18 d2.data.common]: Serialized dataset takes 0.07 MiB
[08/02 04:25:18 d2.evaluation.evaluator]: Start inference on 89 batches
[08/02 04:25:19 d2.evaluation.evaluator]: Inference done 11/89. Dataloading: 0.0005 s/iter. Inference: 0.0236 s/iter. Eval: 0.0003 s/iter. Total: 0.0244 s/iter. ETA=0:00:01
[08/02 04:25:21 d2.evaluation.evaluator]: Total inference time: 0:00:02.178393 (0.025933 s / iter per device, on 1 devices)
[08/02 04:25:21 d2.evaluation.evaluator]: Total inference pure compute time: 0:00:02 (0.023842 s / iter per device, on 1 devices)
[08/02 04:25:21 d2.evaluation.coco_evaluation]: Preparing results for COCO format ...
[08/02 04:25:21 d2.evaluation.coco_evaluation]: Saving results to ../../../../models/rgb-testing/without-invotive-5000/coco_instances_results.json
[08/02 04:25:21 d2.evaluation.coco_evaluation]: Evaluating predictions with official COCO API...
Loading and preparing results...
DONE (t=0.00s)
creating index...
index created!
Running per image evaluation...
Evaluate annotation type *bbox*
DONE (t=0.01s).
Accumulating evaluation results...
DONE (t=0.01s).
 Average Precision  (AP) @[ IoU=0.50:0.95 | area=   all | maxDets=100 ] = 0.737
 Average Precision  (AP) @[ IoU=0.50      | area=   all | maxDets=100 ] = 0.943
 Average Precision  (AP) @[ IoU=0.75      | area=   all | maxDets=100 ] = 0.913
 Average Precision  (AP) @[ IoU=0.50:0.95 | area= small | maxDets=100 ] = -1.000
 Average Precision  (AP) @[ IoU=0.50:0.95 | area=medium | maxDets=100 ] = 0.561
 Average Precision  (AP) @[ IoU=0.50:0.95 | area= large | maxDets=100 ] = 0.760
 Average Recall     (AR) @[ IoU=0.50:0.95 | area=   all | maxDets=  1 ] = 0.774
 Average Recall     (AR) @[ IoU=0.50:0.95 | area=   all | maxDets= 10 ] = 0.778
 Average Recall     (AR) @[ IoU=0.50:0.95 | area=   all | maxDets=100 ] = 0.778
 Average Recall     (AR) @[ IoU=0.50:0.95 | area= small | maxDets=100 ] = -1.000
 Average Recall     (AR) @[ IoU=0.50:0.95 | area=medium | maxDets=100 ] = 0.560
 Average Recall     (AR) @[ IoU=0.50:0.95 | area= large | maxDets=100 ] = 0.805
[08/02 04:25:21 d2.evaluation.coco_evaluation]: Evaluation results for bbox: 
|   AP   |  AP50  |  AP75  |  APs  |  APm   |  APl   |
|:------:|:------:|:------:|:-----:|:------:|:------:|
| 73.668 | 94.317 | 91.272 |  nan  | 56.139 | 75.962 |
[08/02 04:25:21 d2.evaluation.coco_evaluation]: Some metrics cannot be computed and is shown as NaN.
Loading and preparing results...
DONE (t=0.00s)
creating index...
index created!
Running per image evaluation...
Evaluate annotation type *segm*
DONE (t=0.02s).
Accumulating evaluation results...
DONE (t=0.01s).
 Average Precision  (AP) @[ IoU=0.50:0.95 | area=   all | maxDets=100 ] = 0.738
 Average Precision  (AP) @[ IoU=0.50      | area=   all | maxDets=100 ] = 0.943
 Average Precision  (AP) @[ IoU=0.75      | area=   all | maxDets=100 ] = 0.903
 Average Precision  (AP) @[ IoU=0.50:0.95 | area= small | maxDets=100 ] = -1.000
 Average Precision  (AP) @[ IoU=0.50:0.95 | area=medium | maxDets=100 ] = 0.570
 Average Precision  (AP) @[ IoU=0.50:0.95 | area= large | maxDets=100 ] = 0.759
 Average Recall     (AR) @[ IoU=0.50:0.95 | area=   all | maxDets=  1 ] = 0.773
 Average Recall     (AR) @[ IoU=0.50:0.95 | area=   all | maxDets= 10 ] = 0.775
 Average Recall     (AR) @[ IoU=0.50:0.95 | area=   all | maxDets=100 ] = 0.775
 Average Recall     (AR) @[ IoU=0.50:0.95 | area= small | maxDets=100 ] = -1.000
 Average Recall     (AR) @[ IoU=0.50:0.95 | area=medium | maxDets=100 ] = 0.570
 Average Recall     (AR) @[ IoU=0.50:0.95 | area= large | maxDets=100 ] = 0.801
[08/02 04:25:21 d2.evaluation.coco_evaluation]: Evaluation results for segm: 
|   AP   |  AP50  |  AP75  |  APs  |  APm   |  APl   |
|:------:|:------:|:------:|:-----:|:------:|:------:|
| 73.788 | 94.317 | 90.284 |  nan  | 56.951 | 75.931 |
[08/02 04:25:21 d2.evaluation.coco_evaluation]: Some metrics cannot be computed and is shown as NaN.
[Iter 2 AP] → mAP@[.5:.95] = 73.788
[08/02 04:25:22 d2.utils.events]:  eta: 0:03:58  iter: 1919  total_loss: 0.1982  loss_cls: 0.01779  loss_box_reg: 0.05118  loss_mask: 0.1185  loss_rpn_cls: 1.55e-05  loss_rpn_loc: 0.002684    time: 0.0778  last_time: 0.0781  data_time: 0.0023  last_data_time: 0.0023   lr: 0.0005  max_mem: 1687M
[08/02 04:25:24 d2.utils.events]:  eta: 0:03:56  iter: 1939  total_loss: 0.1698  loss_cls: 0.0177  loss_box_reg: 0.04318  loss_mask: 0.1102  loss_rpn_cls: 5.194e-06  loss_rpn_loc: 0.002335    time: 0.0778  last_time: 0.0761  data_time: 0.0024  last_data_time: 0.0022   lr: 0.0005  max_mem: 1687M
[08/02 04:25:26 d2.utils.events]:  eta: 0:03:54  iter: 1959  total_loss: 0.199  loss_cls: 0.01824  loss_box_reg: 0.04837  loss_mask: 0.1288  loss_rpn_cls: 8.686e-05  loss_rpn_loc: 0.002268    time: 0.0778  last_time: 0.0805  data_time: 0.0023  last_data_time: 0.0023   lr: 0.0005  max_mem: 1687M
[08/02 04:25:27 d2.utils.events]:  eta: 0:03:53  iter: 1979  total_loss: 0.1876  loss_cls: 0.01883  loss_box_reg: 0.04771  loss_mask: 0.1107  loss_rpn_cls: 9.701e-06  loss_rpn_loc: 0.002228    time: 0.0778  last_time: 0.0751  data_time: 0.0022  last_data_time: 0.0022   lr: 0.0005  max_mem: 1687M
[08/02 04:25:29 d2.utils.events]:  eta: 0:03:51  iter: 1999  total_loss: 0.1918  loss_cls: 0.01888  loss_box_reg: 0.04704  loss_mask: 0.1194  loss_rpn_cls: 3.511e-06  loss_rpn_loc: 0.002104    time: 0.0778  last_time: 0.0768  data_time: 0.0022  last_data_time: 0.0022   lr: 0.0005  max_mem: 1687M
[08/02 04:25:29 d2.evaluation.coco_evaluation]: Fast COCO eval is not built. Falling back to official COCO eval.
[08/02 04:25:29 d2.data.datasets.coco]: Loaded 89 images in COCO format from /projects/PUCHALLA/LLP2024/tumor-segmentation/data/processed_data/rgb/test/images/test.json
[08/02 04:25:29 d2.data.dataset_mapper]: [DatasetMapper] Augmentations used in inference: [ResizeShortestEdge(short_edge_length=(800, 800), max_size=1333, sample_style='choice')]
[08/02 04:25:29 d2.data.common]: Serializing the dataset using: <class 'detectron2.data.common._TorchSerializedList'>
[08/02 04:25:29 d2.data.common]: Serializing 89 elements to byte tensors and concatenating them all ...
[08/02 04:25:29 d2.data.common]: Serialized dataset takes 0.07 MiB
[08/02 04:25:29 d2.evaluation.evaluator]: Start inference on 89 batches
[08/02 04:25:29 d2.evaluation.evaluator]: Inference done 11/89. Dataloading: 0.0005 s/iter. Inference: 0.0246 s/iter. Eval: 0.0003 s/iter. Total: 0.0254 s/iter. ETA=0:00:01
[08/02 04:25:31 d2.evaluation.evaluator]: Total inference time: 0:00:02.158572 (0.025697 s / iter per device, on 1 devices)
[08/02 04:25:31 d2.evaluation.evaluator]: Total inference pure compute time: 0:00:01 (0.023599 s / iter per device, on 1 devices)
[08/02 04:25:31 d2.evaluation.coco_evaluation]: Preparing results for COCO format ...
[08/02 04:25:31 d2.evaluation.coco_evaluation]: Saving results to ../../../../models/rgb-testing/without-invotive-5000/coco_instances_results.json
[08/02 04:25:31 d2.evaluation.coco_evaluation]: Evaluating predictions with official COCO API...
Loading and preparing results...
DONE (t=0.00s)
creating index...
index created!
Running per image evaluation...
Evaluate annotation type *bbox*
DONE (t=0.01s).
Accumulating evaluation results...
DONE (t=0.01s).
 Average Precision  (AP) @[ IoU=0.50:0.95 | area=   all | maxDets=100 ] = 0.715
 Average Precision  (AP) @[ IoU=0.50      | area=   all | maxDets=100 ] = 0.944
 Average Precision  (AP) @[ IoU=0.75      | area=   all | maxDets=100 ] = 0.894
 Average Precision  (AP) @[ IoU=0.50:0.95 | area= small | maxDets=100 ] = -1.000
 Average Precision  (AP) @[ IoU=0.50:0.95 | area=medium | maxDets=100 ] = 0.561
 Average Precision  (AP) @[ IoU=0.50:0.95 | area= large | maxDets=100 ] = 0.737
 Average Recall     (AR) @[ IoU=0.50:0.95 | area=   all | maxDets=  1 ] = 0.763
 Average Recall     (AR) @[ IoU=0.50:0.95 | area=   all | maxDets= 10 ] = 0.763
 Average Recall     (AR) @[ IoU=0.50:0.95 | area=   all | maxDets=100 ] = 0.763
 Average Recall     (AR) @[ IoU=0.50:0.95 | area= small | maxDets=100 ] = -1.000
 Average Recall     (AR) @[ IoU=0.50:0.95 | area=medium | maxDets=100 ] = 0.580
 Average Recall     (AR) @[ IoU=0.50:0.95 | area= large | maxDets=100 ] = 0.786
[08/02 04:25:31 d2.evaluation.coco_evaluation]: Evaluation results for bbox: 
|   AP   |  AP50  |  AP75  |  APs  |  APm   |  APl   |
|:------:|:------:|:------:|:-----:|:------:|:------:|
| 71.513 | 94.416 | 89.428 |  nan  | 56.126 | 73.673 |
[08/02 04:25:31 d2.evaluation.coco_evaluation]: Some metrics cannot be computed and is shown as NaN.
Loading and preparing results...
DONE (t=0.00s)
creating index...
index created!
Running per image evaluation...
Evaluate annotation type *segm*
DONE (t=0.02s).
Accumulating evaluation results...
DONE (t=0.01s).
 Average Precision  (AP) @[ IoU=0.50:0.95 | area=   all | maxDets=100 ] = 0.720
 Average Precision  (AP) @[ IoU=0.50      | area=   all | maxDets=100 ] = 0.944
 Average Precision  (AP) @[ IoU=0.75      | area=   all | maxDets=100 ] = 0.902
 Average Precision  (AP) @[ IoU=0.50:0.95 | area= small | maxDets=100 ] = -1.000
 Average Precision  (AP) @[ IoU=0.50:0.95 | area=medium | maxDets=100 ] = 0.546
 Average Precision  (AP) @[ IoU=0.50:0.95 | area= large | maxDets=100 ] = 0.740
 Average Recall     (AR) @[ IoU=0.50:0.95 | area=   all | maxDets=  1 ] = 0.757
 Average Recall     (AR) @[ IoU=0.50:0.95 | area=   all | maxDets= 10 ] = 0.757
 Average Recall     (AR) @[ IoU=0.50:0.95 | area=   all | maxDets=100 ] = 0.757
 Average Recall     (AR) @[ IoU=0.50:0.95 | area= small | maxDets=100 ] = -1.000
 Average Recall     (AR) @[ IoU=0.50:0.95 | area=medium | maxDets=100 ] = 0.560
 Average Recall     (AR) @[ IoU=0.50:0.95 | area= large | maxDets=100 ] = 0.782
[08/02 04:25:31 d2.evaluation.coco_evaluation]: Evaluation results for segm: 
|   AP   |  AP50  |  AP75  |  APs  |  APm   |  APl   |
|:------:|:------:|:------:|:-----:|:------:|:------:|
| 71.979 | 94.416 | 90.233 |  nan  | 54.607 | 73.985 |
[08/02 04:25:31 d2.evaluation.coco_evaluation]: Some metrics cannot be computed and is shown as NaN.
[Iter 2 AP] → mAP@[.5:.95] = 71.979
[08/02 04:25:33 d2.utils.events]:  eta: 0:03:50  iter: 2019  total_loss: 0.198  loss_cls: 0.01901  loss_box_reg: 0.0502  loss_mask: 0.1316  loss_rpn_cls: 1.104e-05  loss_rpn_loc: 0.002566    time: 0.0778  last_time: 0.0768  data_time: 0.0022  last_data_time: 0.0021   lr: 0.0005  max_mem: 1687M
[08/02 04:25:34 d2.utils.events]:  eta: 0:03:48  iter: 2039  total_loss: 0.1536  loss_cls: 0.01812  loss_box_reg: 0.03824  loss_mask: 0.1016  loss_rpn_cls: 1.966e-06  loss_rpn_loc: 0.002465    time: 0.0778  last_time: 0.0798  data_time: 0.0022  last_data_time: 0.0022   lr: 0.0005  max_mem: 1687M
[08/02 04:25:36 d2.utils.events]:  eta: 0:03:47  iter: 2059  total_loss: 0.173  loss_cls: 0.01767  loss_box_reg: 0.04404  loss_mask: 0.1051  loss_rpn_cls: 3.651e-06  loss_rpn_loc: 0.002213    time: 0.0777  last_time: 0.0773  data_time: 0.0022  last_data_time: 0.0022   lr: 0.0005  max_mem: 1687M
[08/02 04:25:37 d2.utils.events]:  eta: 0:03:45  iter: 2079  total_loss: 0.1765  loss_cls: 0.01773  loss_box_reg: 0.04433  loss_mask: 0.1239  loss_rpn_cls: 5.231e-06  loss_rpn_loc: 0.002277    time: 0.0777  last_time: 0.0772  data_time: 0.0023  last_data_time: 0.0021   lr: 0.0005  max_mem: 1687M
[08/02 04:25:39 d2.utils.events]:  eta: 0:03:44  iter: 2099  total_loss: 0.1803  loss_cls: 0.02007  loss_box_reg: 0.05412  loss_mask: 0.1087  loss_rpn_cls: 1.295e-05  loss_rpn_loc: 0.001807    time: 0.0778  last_time: 0.0774  data_time: 0.0023  last_data_time: 0.0025   lr: 0.0005  max_mem: 1687M
[08/02 04:25:39 d2.evaluation.coco_evaluation]: Fast COCO eval is not built. Falling back to official COCO eval.
[08/02 04:25:39 d2.data.datasets.coco]: Loaded 89 images in COCO format from /projects/PUCHALLA/LLP2024/tumor-segmentation/data/processed_data/rgb/test/images/test.json
[08/02 04:25:39 d2.data.dataset_mapper]: [DatasetMapper] Augmentations used in inference: [ResizeShortestEdge(short_edge_length=(800, 800), max_size=1333, sample_style='choice')]
[08/02 04:25:39 d2.data.common]: Serializing the dataset using: <class 'detectron2.data.common._TorchSerializedList'>
[08/02 04:25:39 d2.data.common]: Serializing 89 elements to byte tensors and concatenating them all ...
[08/02 04:25:39 d2.data.common]: Serialized dataset takes 0.07 MiB
[08/02 04:25:39 d2.evaluation.evaluator]: Start inference on 89 batches
[08/02 04:25:39 d2.evaluation.evaluator]: Inference done 11/89. Dataloading: 0.0005 s/iter. Inference: 0.0243 s/iter. Eval: 0.0003 s/iter. Total: 0.0251 s/iter. ETA=0:00:01
[08/02 04:25:41 d2.evaluation.evaluator]: Total inference time: 0:00:02.149724 (0.025592 s / iter per device, on 1 devices)
[08/02 04:25:41 d2.evaluation.evaluator]: Total inference pure compute time: 0:00:01 (0.023597 s / iter per device, on 1 devices)
[08/02 04:25:41 d2.evaluation.coco_evaluation]: Preparing results for COCO format ...
[08/02 04:25:41 d2.evaluation.coco_evaluation]: Saving results to ../../../../models/rgb-testing/without-invotive-5000/coco_instances_results.json
[08/02 04:25:41 d2.evaluation.coco_evaluation]: Evaluating predictions with official COCO API...
Loading and preparing results...
DONE (t=0.00s)
creating index...
index created!
Running per image evaluation...
Evaluate annotation type *bbox*
DONE (t=0.01s).
Accumulating evaluation results...
DONE (t=0.01s).
 Average Precision  (AP) @[ IoU=0.50:0.95 | area=   all | maxDets=100 ] = 0.735
 Average Precision  (AP) @[ IoU=0.50      | area=   all | maxDets=100 ] = 0.949
 Average Precision  (AP) @[ IoU=0.75      | area=   all | maxDets=100 ] = 0.907
 Average Precision  (AP) @[ IoU=0.50:0.95 | area= small | maxDets=100 ] = -1.000
 Average Precision  (AP) @[ IoU=0.50:0.95 | area=medium | maxDets=100 ] = 0.572
 Average Precision  (AP) @[ IoU=0.50:0.95 | area= large | maxDets=100 ] = 0.758
 Average Recall     (AR) @[ IoU=0.50:0.95 | area=   all | maxDets=  1 ] = 0.790
 Average Recall     (AR) @[ IoU=0.50:0.95 | area=   all | maxDets= 10 ] = 0.793
 Average Recall     (AR) @[ IoU=0.50:0.95 | area=   all | maxDets=100 ] = 0.793
 Average Recall     (AR) @[ IoU=0.50:0.95 | area= small | maxDets=100 ] = -1.000
 Average Recall     (AR) @[ IoU=0.50:0.95 | area=medium | maxDets=100 ] = 0.570
 Average Recall     (AR) @[ IoU=0.50:0.95 | area= large | maxDets=100 ] = 0.822
[08/02 04:25:41 d2.evaluation.coco_evaluation]: Evaluation results for bbox: 
|   AP   |  AP50  |  AP75  |  APs  |  APm   |  APl   |
|:------:|:------:|:------:|:-----:|:------:|:------:|
| 73.534 | 94.941 | 90.716 |  nan  | 57.228 | 75.757 |
[08/02 04:25:41 d2.evaluation.coco_evaluation]: Some metrics cannot be computed and is shown as NaN.
Loading and preparing results...
DONE (t=0.00s)
creating index...
index created!
Running per image evaluation...
Evaluate annotation type *segm*
DONE (t=0.02s).
Accumulating evaluation results...
DONE (t=0.01s).
 Average Precision  (AP) @[ IoU=0.50:0.95 | area=   all | maxDets=100 ] = 0.743
 Average Precision  (AP) @[ IoU=0.50      | area=   all | maxDets=100 ] = 0.949
 Average Precision  (AP) @[ IoU=0.75      | area=   all | maxDets=100 ] = 0.918
 Average Precision  (AP) @[ IoU=0.50:0.95 | area= small | maxDets=100 ] = -1.000
 Average Precision  (AP) @[ IoU=0.50:0.95 | area=medium | maxDets=100 ] = 0.536
 Average Precision  (AP) @[ IoU=0.50:0.95 | area= large | maxDets=100 ] = 0.769
 Average Recall     (AR) @[ IoU=0.50:0.95 | area=   all | maxDets=  1 ] = 0.783
 Average Recall     (AR) @[ IoU=0.50:0.95 | area=   all | maxDets= 10 ] = 0.787
 Average Recall     (AR) @[ IoU=0.50:0.95 | area=   all | maxDets=100 ] = 0.787
 Average Recall     (AR) @[ IoU=0.50:0.95 | area= small | maxDets=100 ] = -1.000
 Average Recall     (AR) @[ IoU=0.50:0.95 | area=medium | maxDets=100 ] = 0.550
 Average Recall     (AR) @[ IoU=0.50:0.95 | area= large | maxDets=100 ] = 0.816
[08/02 04:25:42 d2.evaluation.coco_evaluation]: Evaluation results for segm: 
|   AP   |  AP50  |  AP75  |  APs  |  APm   |  APl   |
|:------:|:------:|:------:|:-----:|:------:|:------:|
| 74.348 | 94.941 | 91.789 |  nan  | 53.560 | 76.903 |
[08/02 04:25:42 d2.evaluation.coco_evaluation]: Some metrics cannot be computed and is shown as NaN.
[Iter 2 AP] → mAP@[.5:.95] = 74.348
[08/02 04:25:43 d2.utils.events]:  eta: 0:03:42  iter: 2119  total_loss: 0.2019  loss_cls: 0.02097  loss_box_reg: 0.05094  loss_mask: 0.132  loss_rpn_cls: 3.258e-06  loss_rpn_loc: 0.002053    time: 0.0778  last_time: 0.0783  data_time: 0.0024  last_data_time: 0.0023   lr: 0.0005  max_mem: 1687M
[08/02 04:25:45 d2.utils.events]:  eta: 0:03:41  iter: 2139  total_loss: 0.1886  loss_cls: 0.01995  loss_box_reg: 0.05123  loss_mask: 0.1205  loss_rpn_cls: 1.083e-05  loss_rpn_loc: 0.002627    time: 0.0778  last_time: 0.0756  data_time: 0.0024  last_data_time: 0.0032   lr: 0.0005  max_mem: 1687M
[08/02 04:25:46 d2.utils.events]:  eta: 0:03:39  iter: 2159  total_loss: 0.2041  loss_cls: 0.01969  loss_box_reg: 0.05168  loss_mask: 0.12  loss_rpn_cls: 4.419e-06  loss_rpn_loc: 0.001897    time: 0.0778  last_time: 0.0767  data_time: 0.0022  last_data_time: 0.0032   lr: 0.0005  max_mem: 1687M
[08/02 04:25:48 d2.utils.events]:  eta: 0:03:38  iter: 2179  total_loss: 0.2018  loss_cls: 0.01552  loss_box_reg: 0.04367  loss_mask: 0.1283  loss_rpn_cls: 6.706e-06  loss_rpn_loc: 0.002634    time: 0.0778  last_time: 0.0720  data_time: 0.0024  last_data_time: 0.0024   lr: 0.0005  max_mem: 1687M
[08/02 04:25:49 d2.utils.events]:  eta: 0:03:36  iter: 2199  total_loss: 0.1729  loss_cls: 0.01802  loss_box_reg: 0.04199  loss_mask: 0.1094  loss_rpn_cls: 9.381e-06  loss_rpn_loc: 0.002198    time: 0.0778  last_time: 0.0811  data_time: 0.0024  last_data_time: 0.0023   lr: 0.0005  max_mem: 1687M
[08/02 04:25:49 d2.evaluation.coco_evaluation]: Fast COCO eval is not built. Falling back to official COCO eval.
[08/02 04:25:49 d2.data.datasets.coco]: Loaded 89 images in COCO format from /projects/PUCHALLA/LLP2024/tumor-segmentation/data/processed_data/rgb/test/images/test.json
[08/02 04:25:49 d2.data.dataset_mapper]: [DatasetMapper] Augmentations used in inference: [ResizeShortestEdge(short_edge_length=(800, 800), max_size=1333, sample_style='choice')]
[08/02 04:25:49 d2.data.common]: Serializing the dataset using: <class 'detectron2.data.common._TorchSerializedList'>
[08/02 04:25:49 d2.data.common]: Serializing 89 elements to byte tensors and concatenating them all ...
[08/02 04:25:49 d2.data.common]: Serialized dataset takes 0.07 MiB
[08/02 04:25:49 d2.evaluation.evaluator]: Start inference on 89 batches
[08/02 04:25:50 d2.evaluation.evaluator]: Inference done 11/89. Dataloading: 0.0005 s/iter. Inference: 0.0237 s/iter. Eval: 0.0003 s/iter. Total: 0.0245 s/iter. ETA=0:00:01
[08/02 04:25:52 d2.evaluation.evaluator]: Total inference time: 0:00:02.161245 (0.025729 s / iter per device, on 1 devices)
[08/02 04:25:52 d2.evaluation.evaluator]: Total inference pure compute time: 0:00:01 (0.023692 s / iter per device, on 1 devices)
[08/02 04:25:52 d2.evaluation.coco_evaluation]: Preparing results for COCO format ...
[08/02 04:25:52 d2.evaluation.coco_evaluation]: Saving results to ../../../../models/rgb-testing/without-invotive-5000/coco_instances_results.json
[08/02 04:25:52 d2.evaluation.coco_evaluation]: Evaluating predictions with official COCO API...
Loading and preparing results...
DONE (t=0.00s)
creating index...
index created!
Running per image evaluation...
Evaluate annotation type *bbox*
DONE (t=0.02s).
Accumulating evaluation results...
DONE (t=0.01s).
 Average Precision  (AP) @[ IoU=0.50:0.95 | area=   all | maxDets=100 ] = 0.731
 Average Precision  (AP) @[ IoU=0.50      | area=   all | maxDets=100 ] = 0.950
 Average Precision  (AP) @[ IoU=0.75      | area=   all | maxDets=100 ] = 0.865
 Average Precision  (AP) @[ IoU=0.50:0.95 | area= small | maxDets=100 ] = -1.000
 Average Precision  (AP) @[ IoU=0.50:0.95 | area=medium | maxDets=100 ] = 0.599
 Average Precision  (AP) @[ IoU=0.50:0.95 | area= large | maxDets=100 ] = 0.750
 Average Recall     (AR) @[ IoU=0.50:0.95 | area=   all | maxDets=  1 ] = 0.773
 Average Recall     (AR) @[ IoU=0.50:0.95 | area=   all | maxDets= 10 ] = 0.775
 Average Recall     (AR) @[ IoU=0.50:0.95 | area=   all | maxDets=100 ] = 0.775
 Average Recall     (AR) @[ IoU=0.50:0.95 | area= small | maxDets=100 ] = -1.000
 Average Recall     (AR) @[ IoU=0.50:0.95 | area=medium | maxDets=100 ] = 0.600
 Average Recall     (AR) @[ IoU=0.50:0.95 | area= large | maxDets=100 ] = 0.797
[08/02 04:25:52 d2.evaluation.coco_evaluation]: Evaluation results for bbox: 
|   AP   |  AP50  |  AP75  |  APs  |  APm   |  APl   |
|:------:|:------:|:------:|:-----:|:------:|:------:|
| 73.114 | 95.037 | 86.471 |  nan  | 59.945 | 74.954 |
[08/02 04:25:52 d2.evaluation.coco_evaluation]: Some metrics cannot be computed and is shown as NaN.
Loading and preparing results...
DONE (t=0.00s)
creating index...
index created!
Running per image evaluation...
Evaluate annotation type *segm*
DONE (t=0.02s).
Accumulating evaluation results...
DONE (t=0.01s).
 Average Precision  (AP) @[ IoU=0.50:0.95 | area=   all | maxDets=100 ] = 0.736
 Average Precision  (AP) @[ IoU=0.50      | area=   all | maxDets=100 ] = 0.950
 Average Precision  (AP) @[ IoU=0.75      | area=   all | maxDets=100 ] = 0.902
 Average Precision  (AP) @[ IoU=0.50:0.95 | area= small | maxDets=100 ] = -1.000
 Average Precision  (AP) @[ IoU=0.50:0.95 | area=medium | maxDets=100 ] = 0.575
 Average Precision  (AP) @[ IoU=0.50:0.95 | area= large | maxDets=100 ] = 0.757
 Average Recall     (AR) @[ IoU=0.50:0.95 | area=   all | maxDets=  1 ] = 0.767
 Average Recall     (AR) @[ IoU=0.50:0.95 | area=   all | maxDets= 10 ] = 0.770
 Average Recall     (AR) @[ IoU=0.50:0.95 | area=   all | maxDets=100 ] = 0.770
 Average Recall     (AR) @[ IoU=0.50:0.95 | area= small | maxDets=100 ] = -1.000
 Average Recall     (AR) @[ IoU=0.50:0.95 | area=medium | maxDets=100 ] = 0.580
 Average Recall     (AR) @[ IoU=0.50:0.95 | area= large | maxDets=100 ] = 0.794
[08/02 04:25:52 d2.evaluation.coco_evaluation]: Evaluation results for segm: 
|   AP   |  AP50  |  AP75  |  APs  |  APm   |  APl   |
|:------:|:------:|:------:|:-----:|:------:|:------:|
| 73.567 | 95.037 | 90.171 |  nan  | 57.511 | 75.724 |
[08/02 04:25:52 d2.evaluation.coco_evaluation]: Some metrics cannot be computed and is shown as NaN.
[Iter 2 AP] → mAP@[.5:.95] = 73.567
[08/02 04:25:53 d2.utils.events]:  eta: 0:03:34  iter: 2219  total_loss: 0.1687  loss_cls: 0.01581  loss_box_reg: 0.04579  loss_mask: 0.11  loss_rpn_cls: 2.041e-05  loss_rpn_loc: 0.001952    time: 0.0778  last_time: 0.0724  data_time: 0.0023  last_data_time: 0.0022   lr: 0.0005  max_mem: 1687M
[08/02 04:25:55 d2.utils.events]:  eta: 0:03:33  iter: 2239  total_loss: 0.1818  loss_cls: 0.01773  loss_box_reg: 0.04038  loss_mask: 0.1192  loss_rpn_cls: 4.609e-06  loss_rpn_loc: 0.002045    time: 0.0778  last_time: 0.0740  data_time: 0.0022  last_data_time: 0.0020   lr: 0.0005  max_mem: 1687M
[08/02 04:25:57 d2.utils.events]:  eta: 0:03:31  iter: 2259  total_loss: 0.1689  loss_cls: 0.01558  loss_box_reg: 0.04427  loss_mask: 0.1124  loss_rpn_cls: 4.503e-06  loss_rpn_loc: 0.002457    time: 0.0778  last_time: 0.0816  data_time: 0.0023  last_data_time: 0.0024   lr: 0.0005  max_mem: 1687M
[08/02 04:25:58 d2.utils.events]:  eta: 0:03:30  iter: 2279  total_loss: 0.1675  loss_cls: 0.01595  loss_box_reg: 0.04013  loss_mask: 0.1102  loss_rpn_cls: 5.124e-06  loss_rpn_loc: 0.001977    time: 0.0778  last_time: 0.0803  data_time: 0.0023  last_data_time: 0.0022   lr: 0.0005  max_mem: 1687M
[08/02 04:26:00 d2.utils.events]:  eta: 0:03:28  iter: 2299  total_loss: 0.1999  loss_cls: 0.02024  loss_box_reg: 0.0493  loss_mask: 0.1228  loss_rpn_cls: 6.744e-06  loss_rpn_loc: 0.002109    time: 0.0778  last_time: 0.0785  data_time: 0.0023  last_data_time: 0.0022   lr: 0.0005  max_mem: 1687M
[08/02 04:26:00 d2.evaluation.coco_evaluation]: Fast COCO eval is not built. Falling back to official COCO eval.
[08/02 04:26:00 d2.data.datasets.coco]: Loaded 89 images in COCO format from /projects/PUCHALLA/LLP2024/tumor-segmentation/data/processed_data/rgb/test/images/test.json
[08/02 04:26:00 d2.data.dataset_mapper]: [DatasetMapper] Augmentations used in inference: [ResizeShortestEdge(short_edge_length=(800, 800), max_size=1333, sample_style='choice')]
[08/02 04:26:00 d2.data.common]: Serializing the dataset using: <class 'detectron2.data.common._TorchSerializedList'>
[08/02 04:26:00 d2.data.common]: Serializing 89 elements to byte tensors and concatenating them all ...
[08/02 04:26:00 d2.data.common]: Serialized dataset takes 0.07 MiB
[08/02 04:26:00 d2.evaluation.evaluator]: Start inference on 89 batches
[08/02 04:26:00 d2.evaluation.evaluator]: Inference done 11/89. Dataloading: 0.0005 s/iter. Inference: 0.0238 s/iter. Eval: 0.0003 s/iter. Total: 0.0246 s/iter. ETA=0:00:01
[08/02 04:26:02 d2.evaluation.evaluator]: Total inference time: 0:00:02.188795 (0.026057 s / iter per device, on 1 devices)
[08/02 04:26:02 d2.evaluation.evaluator]: Total inference pure compute time: 0:00:02 (0.023986 s / iter per device, on 1 devices)
[08/02 04:26:02 d2.evaluation.coco_evaluation]: Preparing results for COCO format ...
[08/02 04:26:02 d2.evaluation.coco_evaluation]: Saving results to ../../../../models/rgb-testing/without-invotive-5000/coco_instances_results.json
[08/02 04:26:02 d2.evaluation.coco_evaluation]: Evaluating predictions with official COCO API...
Loading and preparing results...
DONE (t=0.00s)
creating index...
index created!
Running per image evaluation...
Evaluate annotation type *bbox*
DONE (t=0.01s).
Accumulating evaluation results...
DONE (t=0.01s).
 Average Precision  (AP) @[ IoU=0.50:0.95 | area=   all | maxDets=100 ] = 0.739
 Average Precision  (AP) @[ IoU=0.50      | area=   all | maxDets=100 ] = 0.939
 Average Precision  (AP) @[ IoU=0.75      | area=   all | maxDets=100 ] = 0.909
 Average Precision  (AP) @[ IoU=0.50:0.95 | area= small | maxDets=100 ] = -1.000
 Average Precision  (AP) @[ IoU=0.50:0.95 | area=medium | maxDets=100 ] = 0.558
 Average Precision  (AP) @[ IoU=0.50:0.95 | area= large | maxDets=100 ] = 0.762
 Average Recall     (AR) @[ IoU=0.50:0.95 | area=   all | maxDets=  1 ] = 0.783
 Average Recall     (AR) @[ IoU=0.50:0.95 | area=   all | maxDets= 10 ] = 0.787
 Average Recall     (AR) @[ IoU=0.50:0.95 | area=   all | maxDets=100 ] = 0.787
 Average Recall     (AR) @[ IoU=0.50:0.95 | area= small | maxDets=100 ] = -1.000
 Average Recall     (AR) @[ IoU=0.50:0.95 | area=medium | maxDets=100 ] = 0.570
 Average Recall     (AR) @[ IoU=0.50:0.95 | area= large | maxDets=100 ] = 0.814
[08/02 04:26:02 d2.evaluation.coco_evaluation]: Evaluation results for bbox: 
|   AP   |  AP50  |  AP75  |  APs  |  APm   |  APl   |
|:------:|:------:|:------:|:-----:|:------:|:------:|
| 73.869 | 93.875 | 90.888 |  nan  | 55.845 | 76.169 |
[08/02 04:26:02 d2.evaluation.coco_evaluation]: Some metrics cannot be computed and is shown as NaN.
Loading and preparing results...
DONE (t=0.00s)
creating index...
index created!
Running per image evaluation...
Evaluate annotation type *segm*
DONE (t=0.02s).
Accumulating evaluation results...
DONE (t=0.01s).
 Average Precision  (AP) @[ IoU=0.50:0.95 | area=   all | maxDets=100 ] = 0.744
 Average Precision  (AP) @[ IoU=0.50      | area=   all | maxDets=100 ] = 0.939
 Average Precision  (AP) @[ IoU=0.75      | area=   all | maxDets=100 ] = 0.899
 Average Precision  (AP) @[ IoU=0.50:0.95 | area= small | maxDets=100 ] = -1.000
 Average Precision  (AP) @[ IoU=0.50:0.95 | area=medium | maxDets=100 ] = 0.543
 Average Precision  (AP) @[ IoU=0.50:0.95 | area= large | maxDets=100 ] = 0.769
 Average Recall     (AR) @[ IoU=0.50:0.95 | area=   all | maxDets=  1 ] = 0.779
 Average Recall     (AR) @[ IoU=0.50:0.95 | area=   all | maxDets= 10 ] = 0.781
 Average Recall     (AR) @[ IoU=0.50:0.95 | area=   all | maxDets=100 ] = 0.781
 Average Recall     (AR) @[ IoU=0.50:0.95 | area= small | maxDets=100 ] = -1.000
 Average Recall     (AR) @[ IoU=0.50:0.95 | area=medium | maxDets=100 ] = 0.560
 Average Recall     (AR) @[ IoU=0.50:0.95 | area= large | maxDets=100 ] = 0.809
[08/02 04:26:02 d2.evaluation.coco_evaluation]: Evaluation results for segm: 
|   AP   |  AP50  |  AP75  |  APs  |  APm   |  APl   |
|:------:|:------:|:------:|:-----:|:------:|:------:|
| 74.431 | 93.875 | 89.853 |  nan  | 54.328 | 76.896 |
[08/02 04:26:02 d2.evaluation.coco_evaluation]: Some metrics cannot be computed and is shown as NaN.
[Iter 2 AP] → mAP@[.5:.95] = 74.431
[08/02 04:26:04 d2.utils.events]:  eta: 0:03:27  iter: 2319  total_loss: 0.1987  loss_cls: 0.0185  loss_box_reg: 0.05046  loss_mask: 0.1303  loss_rpn_cls: 4.13e-06  loss_rpn_loc: 0.002411    time: 0.0778  last_time: 0.0726  data_time: 0.0023  last_data_time: 0.0020   lr: 0.0005  max_mem: 1687M
[08/02 04:26:05 d2.utils.events]:  eta: 0:03:25  iter: 2339  total_loss: 0.1666  loss_cls: 0.0167  loss_box_reg: 0.04073  loss_mask: 0.1077  loss_rpn_cls: 1.036e-05  loss_rpn_loc: 0.002449    time: 0.0778  last_time: 0.0731  data_time: 0.0023  last_data_time: 0.0024   lr: 0.0005  max_mem: 1687M
[08/02 04:26:07 d2.utils.events]:  eta: 0:03:24  iter: 2359  total_loss: 0.169  loss_cls: 0.01703  loss_box_reg: 0.04222  loss_mask: 0.1009  loss_rpn_cls: 1.023e-05  loss_rpn_loc: 0.001973    time: 0.0778  last_time: 0.0773  data_time: 0.0023  last_data_time: 0.0022   lr: 0.0005  max_mem: 1687M
[08/02 04:26:08 d2.utils.events]:  eta: 0:03:22  iter: 2379  total_loss: 0.1771  loss_cls: 0.01783  loss_box_reg: 0.04677  loss_mask: 0.1067  loss_rpn_cls: 3.529e-06  loss_rpn_loc: 0.002043    time: 0.0778  last_time: 0.0684  data_time: 0.0023  last_data_time: 0.0021   lr: 0.0005  max_mem: 1687M
[08/02 04:26:10 d2.utils.events]:  eta: 0:03:20  iter: 2399  total_loss: 0.1727  loss_cls: 0.01809  loss_box_reg: 0.04496  loss_mask: 0.1055  loss_rpn_cls: 5.891e-06  loss_rpn_loc: 0.002295    time: 0.0778  last_time: 0.0778  data_time: 0.0023  last_data_time: 0.0022   lr: 0.0005  max_mem: 1687M
[08/02 04:26:10 d2.evaluation.coco_evaluation]: Fast COCO eval is not built. Falling back to official COCO eval.
[08/02 04:26:10 d2.data.datasets.coco]: Loaded 89 images in COCO format from /projects/PUCHALLA/LLP2024/tumor-segmentation/data/processed_data/rgb/test/images/test.json
[08/02 04:26:10 d2.data.dataset_mapper]: [DatasetMapper] Augmentations used in inference: [ResizeShortestEdge(short_edge_length=(800, 800), max_size=1333, sample_style='choice')]
[08/02 04:26:10 d2.data.common]: Serializing the dataset using: <class 'detectron2.data.common._TorchSerializedList'>
[08/02 04:26:10 d2.data.common]: Serializing 89 elements to byte tensors and concatenating them all ...
[08/02 04:26:10 d2.data.common]: Serialized dataset takes 0.07 MiB
[08/02 04:26:10 d2.evaluation.evaluator]: Start inference on 89 batches
[08/02 04:26:10 d2.evaluation.evaluator]: Inference done 11/89. Dataloading: 0.0006 s/iter. Inference: 0.0240 s/iter. Eval: 0.0004 s/iter. Total: 0.0249 s/iter. ETA=0:00:01
[08/02 04:26:12 d2.evaluation.evaluator]: Total inference time: 0:00:02.161513 (0.025732 s / iter per device, on 1 devices)
[08/02 04:26:12 d2.evaluation.evaluator]: Total inference pure compute time: 0:00:01 (0.023680 s / iter per device, on 1 devices)
[08/02 04:26:12 d2.evaluation.coco_evaluation]: Preparing results for COCO format ...
[08/02 04:26:12 d2.evaluation.coco_evaluation]: Saving results to ../../../../models/rgb-testing/without-invotive-5000/coco_instances_results.json
[08/02 04:26:12 d2.evaluation.coco_evaluation]: Evaluating predictions with official COCO API...
Loading and preparing results...
DONE (t=0.00s)
creating index...
index created!
Running per image evaluation...
Evaluate annotation type *bbox*
DONE (t=0.01s).
Accumulating evaluation results...
DONE (t=0.01s).
 Average Precision  (AP) @[ IoU=0.50:0.95 | area=   all | maxDets=100 ] = 0.746
 Average Precision  (AP) @[ IoU=0.50      | area=   all | maxDets=100 ] = 0.952
 Average Precision  (AP) @[ IoU=0.75      | area=   all | maxDets=100 ] = 0.921
 Average Precision  (AP) @[ IoU=0.50:0.95 | area= small | maxDets=100 ] = -1.000
 Average Precision  (AP) @[ IoU=0.50:0.95 | area=medium | maxDets=100 ] = 0.577
 Average Precision  (AP) @[ IoU=0.50:0.95 | area= large | maxDets=100 ] = 0.770
 Average Recall     (AR) @[ IoU=0.50:0.95 | area=   all | maxDets=  1 ] = 0.790
 Average Recall     (AR) @[ IoU=0.50:0.95 | area=   all | maxDets= 10 ] = 0.794
 Average Recall     (AR) @[ IoU=0.50:0.95 | area=   all | maxDets=100 ] = 0.794
 Average Recall     (AR) @[ IoU=0.50:0.95 | area= small | maxDets=100 ] = -1.000
 Average Recall     (AR) @[ IoU=0.50:0.95 | area=medium | maxDets=100 ] = 0.580
 Average Recall     (AR) @[ IoU=0.50:0.95 | area= large | maxDets=100 ] = 0.822
[08/02 04:26:12 d2.evaluation.coco_evaluation]: Evaluation results for bbox: 
|   AP   |  AP50  |  AP75  |  APs  |  APm   |  APl   |
|:------:|:------:|:------:|:-----:|:------:|:------:|
| 74.641 | 95.222 | 92.143 |  nan  | 57.675 | 77.006 |
[08/02 04:26:12 d2.evaluation.coco_evaluation]: Some metrics cannot be computed and is shown as NaN.
Loading and preparing results...
DONE (t=0.00s)
creating index...
index created!
Running per image evaluation...
Evaluate annotation type *segm*
DONE (t=0.02s).
Accumulating evaluation results...
DONE (t=0.01s).
 Average Precision  (AP) @[ IoU=0.50:0.95 | area=   all | maxDets=100 ] = 0.753
 Average Precision  (AP) @[ IoU=0.50      | area=   all | maxDets=100 ] = 0.952
 Average Precision  (AP) @[ IoU=0.75      | area=   all | maxDets=100 ] = 0.911
 Average Precision  (AP) @[ IoU=0.50:0.95 | area= small | maxDets=100 ] = -1.000
 Average Precision  (AP) @[ IoU=0.50:0.95 | area=medium | maxDets=100 ] = 0.584
 Average Precision  (AP) @[ IoU=0.50:0.95 | area= large | maxDets=100 ] = 0.775
 Average Recall     (AR) @[ IoU=0.50:0.95 | area=   all | maxDets=  1 ] = 0.788
 Average Recall     (AR) @[ IoU=0.50:0.95 | area=   all | maxDets= 10 ] = 0.791
 Average Recall     (AR) @[ IoU=0.50:0.95 | area=   all | maxDets=100 ] = 0.791
 Average Recall     (AR) @[ IoU=0.50:0.95 | area= small | maxDets=100 ] = -1.000
 Average Recall     (AR) @[ IoU=0.50:0.95 | area=medium | maxDets=100 ] = 0.590
 Average Recall     (AR) @[ IoU=0.50:0.95 | area= large | maxDets=100 ] = 0.816
[08/02 04:26:12 d2.evaluation.coco_evaluation]: Evaluation results for segm: 
|   AP   |  AP50  |  AP75  |  APs  |  APm   |  APl   |
|:------:|:------:|:------:|:-----:|:------:|:------:|
| 75.268 | 95.222 | 91.130 |  nan  | 58.446 | 77.544 |
[08/02 04:26:12 d2.evaluation.coco_evaluation]: Some metrics cannot be computed and is shown as NaN.
[Iter 2 AP] → mAP@[.5:.95] = 75.268
[08/02 04:26:14 d2.utils.events]:  eta: 0:03:19  iter: 2419  total_loss: 0.1938  loss_cls: 0.01805  loss_box_reg: 0.05337  loss_mask: 0.1451  loss_rpn_cls: 4.141e-06  loss_rpn_loc: 0.002157    time: 0.0778  last_time: 0.0793  data_time: 0.0022  last_data_time: 0.0021   lr: 0.0005  max_mem: 1687M
[08/02 04:26:15 d2.utils.events]:  eta: 0:03:17  iter: 2439  total_loss: 0.1844  loss_cls: 0.01876  loss_box_reg: 0.04588  loss_mask: 0.1124  loss_rpn_cls: 1.367e-05  loss_rpn_loc: 0.002337    time: 0.0778  last_time: 0.0755  data_time: 0.0021  last_data_time: 0.0021   lr: 0.0005  max_mem: 1687M
[08/02 04:26:17 d2.utils.events]:  eta: 0:03:16  iter: 2459  total_loss: 0.1793  loss_cls: 0.01976  loss_box_reg: 0.04075  loss_mask: 0.1335  loss_rpn_cls: 8.295e-06  loss_rpn_loc: 0.002404    time: 0.0778  last_time: 0.0801  data_time: 0.0023  last_data_time: 0.0023   lr: 0.0005  max_mem: 1687M
[08/02 04:26:19 d2.utils.events]:  eta: 0:03:14  iter: 2479  total_loss: 0.1538  loss_cls: 0.01518  loss_box_reg: 0.04486  loss_mask: 0.09689  loss_rpn_cls: 4.389e-06  loss_rpn_loc: 0.001852    time: 0.0778  last_time: 0.0819  data_time: 0.0022  last_data_time: 0.0022   lr: 0.0005  max_mem: 1687M
[08/02 04:26:20 d2.utils.events]:  eta: 0:03:13  iter: 2499  total_loss: 0.1807  loss_cls: 0.01876  loss_box_reg: 0.04672  loss_mask: 0.1145  loss_rpn_cls: 1.501e-06  loss_rpn_loc: 0.00187    time: 0.0778  last_time: 0.0791  data_time: 0.0023  last_data_time: 0.0022   lr: 0.0005  max_mem: 1687M
[08/02 04:26:20 d2.evaluation.coco_evaluation]: Fast COCO eval is not built. Falling back to official COCO eval.
[08/02 04:26:20 d2.data.datasets.coco]: Loaded 89 images in COCO format from /projects/PUCHALLA/LLP2024/tumor-segmentation/data/processed_data/rgb/test/images/test.json
[08/02 04:26:20 d2.data.dataset_mapper]: [DatasetMapper] Augmentations used in inference: [ResizeShortestEdge(short_edge_length=(800, 800), max_size=1333, sample_style='choice')]
[08/02 04:26:20 d2.data.common]: Serializing the dataset using: <class 'detectron2.data.common._TorchSerializedList'>
[08/02 04:26:20 d2.data.common]: Serializing 89 elements to byte tensors and concatenating them all ...
[08/02 04:26:20 d2.data.common]: Serialized dataset takes 0.07 MiB
[08/02 04:26:20 d2.evaluation.evaluator]: Start inference on 89 batches
[08/02 04:26:21 d2.evaluation.evaluator]: Inference done 11/89. Dataloading: 0.0005 s/iter. Inference: 0.0252 s/iter. Eval: 0.0003 s/iter. Total: 0.0261 s/iter. ETA=0:00:02
[08/02 04:26:23 d2.evaluation.evaluator]: Total inference time: 0:00:02.207166 (0.026276 s / iter per device, on 1 devices)
[08/02 04:26:23 d2.evaluation.evaluator]: Total inference pure compute time: 0:00:02 (0.024189 s / iter per device, on 1 devices)
[08/02 04:26:23 d2.evaluation.coco_evaluation]: Preparing results for COCO format ...
[08/02 04:26:23 d2.evaluation.coco_evaluation]: Saving results to ../../../../models/rgb-testing/without-invotive-5000/coco_instances_results.json
[08/02 04:26:23 d2.evaluation.coco_evaluation]: Evaluating predictions with official COCO API...
Loading and preparing results...
DONE (t=0.00s)
creating index...
index created!
Running per image evaluation...
Evaluate annotation type *bbox*
DONE (t=0.01s).
Accumulating evaluation results...
DONE (t=0.01s).
 Average Precision  (AP) @[ IoU=0.50:0.95 | area=   all | maxDets=100 ] = 0.740
 Average Precision  (AP) @[ IoU=0.50      | area=   all | maxDets=100 ] = 0.952
 Average Precision  (AP) @[ IoU=0.75      | area=   all | maxDets=100 ] = 0.912
 Average Precision  (AP) @[ IoU=0.50:0.95 | area= small | maxDets=100 ] = -1.000
 Average Precision  (AP) @[ IoU=0.50:0.95 | area=medium | maxDets=100 ] = 0.574
 Average Precision  (AP) @[ IoU=0.50:0.95 | area= large | maxDets=100 ] = 0.762
 Average Recall     (AR) @[ IoU=0.50:0.95 | area=   all | maxDets=  1 ] = 0.782
 Average Recall     (AR) @[ IoU=0.50:0.95 | area=   all | maxDets= 10 ] = 0.785
 Average Recall     (AR) @[ IoU=0.50:0.95 | area=   all | maxDets=100 ] = 0.785
 Average Recall     (AR) @[ IoU=0.50:0.95 | area= small | maxDets=100 ] = -1.000
 Average Recall     (AR) @[ IoU=0.50:0.95 | area=medium | maxDets=100 ] = 0.580
 Average Recall     (AR) @[ IoU=0.50:0.95 | area= large | maxDets=100 ] = 0.811
[08/02 04:26:23 d2.evaluation.coco_evaluation]: Evaluation results for bbox: 
|   AP   |  AP50  |  AP75  |  APs  |  APm   |  APl   |
|:------:|:------:|:------:|:-----:|:------:|:------:|
| 74.018 | 95.222 | 91.180 |  nan  | 57.405 | 76.152 |
[08/02 04:26:23 d2.evaluation.coco_evaluation]: Some metrics cannot be computed and is shown as NaN.
Loading and preparing results...
DONE (t=0.00s)
creating index...
index created!
Running per image evaluation...
Evaluate annotation type *segm*
DONE (t=0.02s).
Accumulating evaluation results...
DONE (t=0.01s).
 Average Precision  (AP) @[ IoU=0.50:0.95 | area=   all | maxDets=100 ] = 0.740
 Average Precision  (AP) @[ IoU=0.50      | area=   all | maxDets=100 ] = 0.952
 Average Precision  (AP) @[ IoU=0.75      | area=   all | maxDets=100 ] = 0.912
 Average Precision  (AP) @[ IoU=0.50:0.95 | area= small | maxDets=100 ] = -1.000
 Average Precision  (AP) @[ IoU=0.50:0.95 | area=medium | maxDets=100 ] = 0.581
 Average Precision  (AP) @[ IoU=0.50:0.95 | area= large | maxDets=100 ] = 0.761
 Average Recall     (AR) @[ IoU=0.50:0.95 | area=   all | maxDets=  1 ] = 0.778
 Average Recall     (AR) @[ IoU=0.50:0.95 | area=   all | maxDets= 10 ] = 0.780
 Average Recall     (AR) @[ IoU=0.50:0.95 | area=   all | maxDets=100 ] = 0.780
 Average Recall     (AR) @[ IoU=0.50:0.95 | area= small | maxDets=100 ] = -1.000
 Average Recall     (AR) @[ IoU=0.50:0.95 | area=medium | maxDets=100 ] = 0.590
 Average Recall     (AR) @[ IoU=0.50:0.95 | area= large | maxDets=100 ] = 0.804
[08/02 04:26:23 d2.evaluation.coco_evaluation]: Evaluation results for segm: 
|   AP   |  AP50  |  AP75  |  APs  |  APm   |  APl   |
|:------:|:------:|:------:|:-----:|:------:|:------:|
| 74.044 | 95.222 | 91.180 |  nan  | 58.061 | 76.070 |
[08/02 04:26:23 d2.evaluation.coco_evaluation]: Some metrics cannot be computed and is shown as NaN.
[Iter 2 AP] → mAP@[.5:.95] = 74.044
[08/02 04:26:24 d2.utils.events]:  eta: 0:03:11  iter: 2519  total_loss: 0.1566  loss_cls: 0.01269  loss_box_reg: 0.03692  loss_mask: 0.1019  loss_rpn_cls: 2.524e-06  loss_rpn_loc: 0.001909    time: 0.0778  last_time: 0.0741  data_time: 0.0023  last_data_time: 0.0022   lr: 0.0005  max_mem: 1687M
[08/02 04:26:26 d2.utils.events]:  eta: 0:03:10  iter: 2539  total_loss: 0.1562  loss_cls: 0.01515  loss_box_reg: 0.03861  loss_mask: 0.09763  loss_rpn_cls: 1.901e-06  loss_rpn_loc: 0.001817    time: 0.0778  last_time: 0.0759  data_time: 0.0023  last_data_time: 0.0022   lr: 0.0005  max_mem: 1687M
[08/02 04:26:27 d2.utils.events]:  eta: 0:03:08  iter: 2559  total_loss: 0.1779  loss_cls: 0.01802  loss_box_reg: 0.04024  loss_mask: 0.1138  loss_rpn_cls: 1.778e-05  loss_rpn_loc: 0.002271    time: 0.0778  last_time: 0.0774  data_time: 0.0023  last_data_time: 0.0020   lr: 0.0005  max_mem: 1687M
[08/02 04:26:29 d2.utils.events]:  eta: 0:03:07  iter: 2579  total_loss: 0.1959  loss_cls: 0.01822  loss_box_reg: 0.04735  loss_mask: 0.1213  loss_rpn_cls: 8.303e-06  loss_rpn_loc: 0.002276    time: 0.0778  last_time: 0.0762  data_time: 0.0023  last_data_time: 0.0022   lr: 0.0005  max_mem: 1687M
[08/02 04:26:31 d2.utils.events]:  eta: 0:03:05  iter: 2599  total_loss: 0.1779  loss_cls: 0.01916  loss_box_reg: 0.04865  loss_mask: 0.1104  loss_rpn_cls: 2.46e-06  loss_rpn_loc: 0.002392    time: 0.0778  last_time: 0.0822  data_time: 0.0022  last_data_time: 0.0022   lr: 0.0005  max_mem: 1687M
[08/02 04:26:31 d2.evaluation.coco_evaluation]: Fast COCO eval is not built. Falling back to official COCO eval.
[08/02 04:26:31 d2.data.datasets.coco]: Loaded 89 images in COCO format from /projects/PUCHALLA/LLP2024/tumor-segmentation/data/processed_data/rgb/test/images/test.json
[08/02 04:26:31 d2.data.dataset_mapper]: [DatasetMapper] Augmentations used in inference: [ResizeShortestEdge(short_edge_length=(800, 800), max_size=1333, sample_style='choice')]
[08/02 04:26:31 d2.data.common]: Serializing the dataset using: <class 'detectron2.data.common._TorchSerializedList'>
[08/02 04:26:31 d2.data.common]: Serializing 89 elements to byte tensors and concatenating them all ...
[08/02 04:26:31 d2.data.common]: Serialized dataset takes 0.07 MiB
[08/02 04:26:31 d2.evaluation.evaluator]: Start inference on 89 batches
[08/02 04:26:31 d2.evaluation.evaluator]: Inference done 11/89. Dataloading: 0.0004 s/iter. Inference: 0.0236 s/iter. Eval: 0.0003 s/iter. Total: 0.0244 s/iter. ETA=0:00:01
[08/02 04:26:33 d2.evaluation.evaluator]: Total inference time: 0:00:02.153690 (0.025639 s / iter per device, on 1 devices)
[08/02 04:26:33 d2.evaluation.evaluator]: Total inference pure compute time: 0:00:01 (0.023630 s / iter per device, on 1 devices)
[08/02 04:26:33 d2.evaluation.coco_evaluation]: Preparing results for COCO format ...
[08/02 04:26:33 d2.evaluation.coco_evaluation]: Saving results to ../../../../models/rgb-testing/without-invotive-5000/coco_instances_results.json
[08/02 04:26:33 d2.evaluation.coco_evaluation]: Evaluating predictions with official COCO API...
Loading and preparing results...
DONE (t=0.00s)
creating index...
index created!
Running per image evaluation...
Evaluate annotation type *bbox*
DONE (t=0.01s).
Accumulating evaluation results...
DONE (t=0.01s).
 Average Precision  (AP) @[ IoU=0.50:0.95 | area=   all | maxDets=100 ] = 0.722
 Average Precision  (AP) @[ IoU=0.50      | area=   all | maxDets=100 ] = 0.955
 Average Precision  (AP) @[ IoU=0.75      | area=   all | maxDets=100 ] = 0.904
 Average Precision  (AP) @[ IoU=0.50:0.95 | area= small | maxDets=100 ] = -1.000
 Average Precision  (AP) @[ IoU=0.50:0.95 | area=medium | maxDets=100 ] = 0.595
 Average Precision  (AP) @[ IoU=0.50:0.95 | area= large | maxDets=100 ] = 0.739
 Average Recall     (AR) @[ IoU=0.50:0.95 | area=   all | maxDets=  1 ] = 0.774
 Average Recall     (AR) @[ IoU=0.50:0.95 | area=   all | maxDets= 10 ] = 0.774
 Average Recall     (AR) @[ IoU=0.50:0.95 | area=   all | maxDets=100 ] = 0.774
 Average Recall     (AR) @[ IoU=0.50:0.95 | area= small | maxDets=100 ] = -1.000
 Average Recall     (AR) @[ IoU=0.50:0.95 | area=medium | maxDets=100 ] = 0.600
 Average Recall     (AR) @[ IoU=0.50:0.95 | area= large | maxDets=100 ] = 0.796
[08/02 04:26:33 d2.evaluation.coco_evaluation]: Evaluation results for bbox: 
|   AP   |  AP50  |  AP75  |  APs  |  APm   |  APl   |
|:------:|:------:|:------:|:-----:|:------:|:------:|
| 72.173 | 95.453 | 90.408 |  nan  | 59.480 | 73.934 |
[08/02 04:26:33 d2.evaluation.coco_evaluation]: Some metrics cannot be computed and is shown as NaN.
Loading and preparing results...
DONE (t=0.00s)
creating index...
index created!
Running per image evaluation...
Evaluate annotation type *segm*
DONE (t=0.02s).
Accumulating evaluation results...
DONE (t=0.01s).
 Average Precision  (AP) @[ IoU=0.50:0.95 | area=   all | maxDets=100 ] = 0.731
 Average Precision  (AP) @[ IoU=0.50      | area=   all | maxDets=100 ] = 0.945
 Average Precision  (AP) @[ IoU=0.75      | area=   all | maxDets=100 ] = 0.904
 Average Precision  (AP) @[ IoU=0.50:0.95 | area= small | maxDets=100 ] = -1.000
 Average Precision  (AP) @[ IoU=0.50:0.95 | area=medium | maxDets=100 ] = 0.574
 Average Precision  (AP) @[ IoU=0.50:0.95 | area= large | maxDets=100 ] = 0.751
 Average Recall     (AR) @[ IoU=0.50:0.95 | area=   all | maxDets=  1 ] = 0.771
 Average Recall     (AR) @[ IoU=0.50:0.95 | area=   all | maxDets= 10 ] = 0.771
 Average Recall     (AR) @[ IoU=0.50:0.95 | area=   all | maxDets=100 ] = 0.771
 Average Recall     (AR) @[ IoU=0.50:0.95 | area= small | maxDets=100 ] = -1.000
 Average Recall     (AR) @[ IoU=0.50:0.95 | area=medium | maxDets=100 ] = 0.580
 Average Recall     (AR) @[ IoU=0.50:0.95 | area= large | maxDets=100 ] = 0.795
[08/02 04:26:33 d2.evaluation.coco_evaluation]: Evaluation results for segm: 
|   AP   |  AP50  |  AP75  |  APs  |  APm   |  APl   |
|:------:|:------:|:------:|:-----:|:------:|:------:|
| 73.129 | 94.474 | 90.397 |  nan  | 57.405 | 75.104 |
[08/02 04:26:33 d2.evaluation.coco_evaluation]: Some metrics cannot be computed and is shown as NaN.
[Iter 2 AP] → mAP@[.5:.95] = 73.129
[08/02 04:26:35 d2.utils.events]:  eta: 0:03:04  iter: 2619  total_loss: 0.1892  loss_cls: 0.01782  loss_box_reg: 0.04426  loss_mask: 0.1201  loss_rpn_cls: 1.494e-06  loss_rpn_loc: 0.002043    time: 0.0778  last_time: 0.0725  data_time: 0.0023  last_data_time: 0.0023   lr: 0.0005  max_mem: 1687M
[08/02 04:26:36 d2.utils.events]:  eta: 0:03:02  iter: 2639  total_loss: 0.1884  loss_cls: 0.02031  loss_box_reg: 0.04637  loss_mask: 0.1147  loss_rpn_cls: 1.579e-05  loss_rpn_loc: 0.002006    time: 0.0778  last_time: 0.0784  data_time: 0.0023  last_data_time: 0.0023   lr: 0.0005  max_mem: 1687M
[08/02 04:26:38 d2.utils.events]:  eta: 0:03:01  iter: 2659  total_loss: 0.176  loss_cls: 0.01927  loss_box_reg: 0.04238  loss_mask: 0.1054  loss_rpn_cls: 1.495e-05  loss_rpn_loc: 0.002382    time: 0.0778  last_time: 0.0770  data_time: 0.0023  last_data_time: 0.0021   lr: 0.0005  max_mem: 1687M
[08/02 04:26:39 d2.utils.events]:  eta: 0:02:59  iter: 2679  total_loss: 0.1701  loss_cls: 0.02148  loss_box_reg: 0.04011  loss_mask: 0.1128  loss_rpn_cls: 8.845e-06  loss_rpn_loc: 0.002649    time: 0.0778  last_time: 0.0788  data_time: 0.0023  last_data_time: 0.0023   lr: 0.0005  max_mem: 1687M
[08/02 04:26:41 d2.utils.events]:  eta: 0:02:58  iter: 2699  total_loss: 0.174  loss_cls: 0.01683  loss_box_reg: 0.04002  loss_mask: 0.1128  loss_rpn_cls: 4.801e-06  loss_rpn_loc: 0.002056    time: 0.0778  last_time: 0.0807  data_time: 0.0024  last_data_time: 0.0023   lr: 0.0005  max_mem: 1687M
[08/02 04:26:41 d2.evaluation.coco_evaluation]: Fast COCO eval is not built. Falling back to official COCO eval.
[08/02 04:26:41 d2.data.datasets.coco]: Loaded 89 images in COCO format from /projects/PUCHALLA/LLP2024/tumor-segmentation/data/processed_data/rgb/test/images/test.json
[08/02 04:26:41 d2.data.dataset_mapper]: [DatasetMapper] Augmentations used in inference: [ResizeShortestEdge(short_edge_length=(800, 800), max_size=1333, sample_style='choice')]
[08/02 04:26:41 d2.data.common]: Serializing the dataset using: <class 'detectron2.data.common._TorchSerializedList'>
[08/02 04:26:41 d2.data.common]: Serializing 89 elements to byte tensors and concatenating them all ...
[08/02 04:26:41 d2.data.common]: Serialized dataset takes 0.07 MiB
[08/02 04:26:41 d2.evaluation.evaluator]: Start inference on 89 batches
[08/02 04:26:41 d2.evaluation.evaluator]: Inference done 11/89. Dataloading: 0.0005 s/iter. Inference: 0.0250 s/iter. Eval: 0.0003 s/iter. Total: 0.0258 s/iter. ETA=0:00:02
[08/02 04:26:43 d2.evaluation.evaluator]: Total inference time: 0:00:02.203288 (0.026230 s / iter per device, on 1 devices)
[08/02 04:26:43 d2.evaluation.evaluator]: Total inference pure compute time: 0:00:02 (0.024154 s / iter per device, on 1 devices)
[08/02 04:26:43 d2.evaluation.coco_evaluation]: Preparing results for COCO format ...
[08/02 04:26:43 d2.evaluation.coco_evaluation]: Saving results to ../../../../models/rgb-testing/without-invotive-5000/coco_instances_results.json
[08/02 04:26:43 d2.evaluation.coco_evaluation]: Evaluating predictions with official COCO API...
Loading and preparing results...
DONE (t=0.00s)
creating index...
index created!
Running per image evaluation...
Evaluate annotation type *bbox*
DONE (t=0.01s).
Accumulating evaluation results...
DONE (t=0.01s).
 Average Precision  (AP) @[ IoU=0.50:0.95 | area=   all | maxDets=100 ] = 0.739
 Average Precision  (AP) @[ IoU=0.50      | area=   all | maxDets=100 ] = 0.953
 Average Precision  (AP) @[ IoU=0.75      | area=   all | maxDets=100 ] = 0.901
 Average Precision  (AP) @[ IoU=0.50:0.95 | area= small | maxDets=100 ] = -1.000
 Average Precision  (AP) @[ IoU=0.50:0.95 | area=medium | maxDets=100 ] = 0.550
 Average Precision  (AP) @[ IoU=0.50:0.95 | area= large | maxDets=100 ] = 0.762
 Average Recall     (AR) @[ IoU=0.50:0.95 | area=   all | maxDets=  1 ] = 0.788
 Average Recall     (AR) @[ IoU=0.50:0.95 | area=   all | maxDets= 10 ] = 0.788
 Average Recall     (AR) @[ IoU=0.50:0.95 | area=   all | maxDets=100 ] = 0.788
 Average Recall     (AR) @[ IoU=0.50:0.95 | area= small | maxDets=100 ] = -1.000
 Average Recall     (AR) @[ IoU=0.50:0.95 | area=medium | maxDets=100 ] = 0.570
 Average Recall     (AR) @[ IoU=0.50:0.95 | area= large | maxDets=100 ] = 0.815
[08/02 04:26:44 d2.evaluation.coco_evaluation]: Evaluation results for bbox: 
|   AP   |  AP50  |  AP75  |  APs  |  APm   |  APl   |
|:------:|:------:|:------:|:-----:|:------:|:------:|
| 73.891 | 95.284 | 90.088 |  nan  | 55.008 | 76.241 |
[08/02 04:26:44 d2.evaluation.coco_evaluation]: Some metrics cannot be computed and is shown as NaN.
Loading and preparing results...
DONE (t=0.00s)
creating index...
index created!
Running per image evaluation...
Evaluate annotation type *segm*
DONE (t=0.02s).
Accumulating evaluation results...
DONE (t=0.01s).
 Average Precision  (AP) @[ IoU=0.50:0.95 | area=   all | maxDets=100 ] = 0.748
 Average Precision  (AP) @[ IoU=0.50      | area=   all | maxDets=100 ] = 0.953
 Average Precision  (AP) @[ IoU=0.75      | area=   all | maxDets=100 ] = 0.902
 Average Precision  (AP) @[ IoU=0.50:0.95 | area= small | maxDets=100 ] = -1.000
 Average Precision  (AP) @[ IoU=0.50:0.95 | area=medium | maxDets=100 ] = 0.540
 Average Precision  (AP) @[ IoU=0.50:0.95 | area= large | maxDets=100 ] = 0.773
 Average Recall     (AR) @[ IoU=0.50:0.95 | area=   all | maxDets=  1 ] = 0.787
 Average Recall     (AR) @[ IoU=0.50:0.95 | area=   all | maxDets= 10 ] = 0.787
 Average Recall     (AR) @[ IoU=0.50:0.95 | area=   all | maxDets=100 ] = 0.787
 Average Recall     (AR) @[ IoU=0.50:0.95 | area= small | maxDets=100 ] = -1.000
 Average Recall     (AR) @[ IoU=0.50:0.95 | area=medium | maxDets=100 ] = 0.560
 Average Recall     (AR) @[ IoU=0.50:0.95 | area= large | maxDets=100 ] = 0.815
[08/02 04:26:44 d2.evaluation.coco_evaluation]: Evaluation results for segm: 
|   AP   |  AP50  |  AP75  |  APs  |  APm   |  APl   |
|:------:|:------:|:------:|:-----:|:------:|:------:|
| 74.834 | 95.284 | 90.154 |  nan  | 53.952 | 77.290 |
[08/02 04:26:44 d2.evaluation.coco_evaluation]: Some metrics cannot be computed and is shown as NaN.
[Iter 2 AP] → mAP@[.5:.95] = 74.834
[08/02 04:26:45 d2.utils.events]:  eta: 0:02:56  iter: 2719  total_loss: 0.1774  loss_cls: 0.02021  loss_box_reg: 0.04286  loss_mask: 0.1203  loss_rpn_cls: 9.102e-06  loss_rpn_loc: 0.002514    time: 0.0778  last_time: 0.0720  data_time: 0.0023  last_data_time: 0.0022   lr: 0.0005  max_mem: 1687M
[08/02 04:26:47 d2.utils.events]:  eta: 0:02:55  iter: 2739  total_loss: 0.186  loss_cls: 0.02063  loss_box_reg: 0.04889  loss_mask: 0.1111  loss_rpn_cls: 1.238e-05  loss_rpn_loc: 0.00219    time: 0.0778  last_time: 0.0810  data_time: 0.0023  last_data_time: 0.0022   lr: 0.0005  max_mem: 1687M
[08/02 04:26:48 d2.utils.events]:  eta: 0:02:53  iter: 2759  total_loss: 0.1685  loss_cls: 0.01644  loss_box_reg: 0.04196  loss_mask: 0.09892  loss_rpn_cls: 4.156e-06  loss_rpn_loc: 0.002075    time: 0.0778  last_time: 0.0757  data_time: 0.0023  last_data_time: 0.0022   lr: 0.0005  max_mem: 1687M
[08/02 04:26:50 d2.utils.events]:  eta: 0:02:52  iter: 2779  total_loss: 0.1618  loss_cls: 0.01788  loss_box_reg: 0.04052  loss_mask: 0.1108  loss_rpn_cls: 8.369e-06  loss_rpn_loc: 0.002226    time: 0.0778  last_time: 0.0835  data_time: 0.0024  last_data_time: 0.0021   lr: 0.0005  max_mem: 1687M
[08/02 04:26:51 d2.utils.events]:  eta: 0:02:50  iter: 2799  total_loss: 0.1617  loss_cls: 0.0209  loss_box_reg: 0.04443  loss_mask: 0.1063  loss_rpn_cls: 8.624e-06  loss_rpn_loc: 0.002455    time: 0.0778  last_time: 0.0809  data_time: 0.0023  last_data_time: 0.0022   lr: 0.0005  max_mem: 1687M
[08/02 04:26:51 d2.evaluation.coco_evaluation]: Fast COCO eval is not built. Falling back to official COCO eval.
[08/02 04:26:51 d2.data.datasets.coco]: Loaded 89 images in COCO format from /projects/PUCHALLA/LLP2024/tumor-segmentation/data/processed_data/rgb/test/images/test.json
[08/02 04:26:51 d2.data.dataset_mapper]: [DatasetMapper] Augmentations used in inference: [ResizeShortestEdge(short_edge_length=(800, 800), max_size=1333, sample_style='choice')]
[08/02 04:26:51 d2.data.common]: Serializing the dataset using: <class 'detectron2.data.common._TorchSerializedList'>
[08/02 04:26:51 d2.data.common]: Serializing 89 elements to byte tensors and concatenating them all ...
[08/02 04:26:51 d2.data.common]: Serialized dataset takes 0.07 MiB
[08/02 04:26:51 d2.evaluation.evaluator]: Start inference on 89 batches
[08/02 04:26:52 d2.evaluation.evaluator]: Inference done 11/89. Dataloading: 0.0005 s/iter. Inference: 0.0244 s/iter. Eval: 0.0003 s/iter. Total: 0.0252 s/iter. ETA=0:00:01
[08/02 04:26:54 d2.evaluation.evaluator]: Total inference time: 0:00:02.166234 (0.025788 s / iter per device, on 1 devices)
[08/02 04:26:54 d2.evaluation.evaluator]: Total inference pure compute time: 0:00:01 (0.023770 s / iter per device, on 1 devices)
[08/02 04:26:54 d2.evaluation.coco_evaluation]: Preparing results for COCO format ...
[08/02 04:26:54 d2.evaluation.coco_evaluation]: Saving results to ../../../../models/rgb-testing/without-invotive-5000/coco_instances_results.json
[08/02 04:26:54 d2.evaluation.coco_evaluation]: Evaluating predictions with official COCO API...
Loading and preparing results...
DONE (t=0.00s)
creating index...
index created!
Running per image evaluation...
Evaluate annotation type *bbox*
DONE (t=0.01s).
Accumulating evaluation results...
DONE (t=0.01s).
 Average Precision  (AP) @[ IoU=0.50:0.95 | area=   all | maxDets=100 ] = 0.736
 Average Precision  (AP) @[ IoU=0.50      | area=   all | maxDets=100 ] = 0.943
 Average Precision  (AP) @[ IoU=0.75      | area=   all | maxDets=100 ] = 0.880
 Average Precision  (AP) @[ IoU=0.50:0.95 | area= small | maxDets=100 ] = -1.000
 Average Precision  (AP) @[ IoU=0.50:0.95 | area=medium | maxDets=100 ] = 0.545
 Average Precision  (AP) @[ IoU=0.50:0.95 | area= large | maxDets=100 ] = 0.761
 Average Recall     (AR) @[ IoU=0.50:0.95 | area=   all | maxDets=  1 ] = 0.775
 Average Recall     (AR) @[ IoU=0.50:0.95 | area=   all | maxDets= 10 ] = 0.779
 Average Recall     (AR) @[ IoU=0.50:0.95 | area=   all | maxDets=100 ] = 0.779
 Average Recall     (AR) @[ IoU=0.50:0.95 | area= small | maxDets=100 ] = -1.000
 Average Recall     (AR) @[ IoU=0.50:0.95 | area=medium | maxDets=100 ] = 0.580
 Average Recall     (AR) @[ IoU=0.50:0.95 | area= large | maxDets=100 ] = 0.804
[08/02 04:26:54 d2.evaluation.coco_evaluation]: Evaluation results for bbox: 
|   AP   |  AP50  |  AP75  |  APs  |  APm   |  APl   |
|:------:|:------:|:------:|:-----:|:------:|:------:|
| 73.647 | 94.304 | 88.006 |  nan  | 54.488 | 76.082 |
[08/02 04:26:54 d2.evaluation.coco_evaluation]: Some metrics cannot be computed and is shown as NaN.
Loading and preparing results...
DONE (t=0.00s)
creating index...
index created!
Running per image evaluation...
Evaluate annotation type *segm*
DONE (t=0.02s).
Accumulating evaluation results...
DONE (t=0.01s).
 Average Precision  (AP) @[ IoU=0.50:0.95 | area=   all | maxDets=100 ] = 0.734
 Average Precision  (AP) @[ IoU=0.50      | area=   all | maxDets=100 ] = 0.943
 Average Precision  (AP) @[ IoU=0.75      | area=   all | maxDets=100 ] = 0.900
 Average Precision  (AP) @[ IoU=0.50:0.95 | area= small | maxDets=100 ] = -1.000
 Average Precision  (AP) @[ IoU=0.50:0.95 | area=medium | maxDets=100 ] = 0.532
 Average Precision  (AP) @[ IoU=0.50:0.95 | area= large | maxDets=100 ] = 0.758
 Average Recall     (AR) @[ IoU=0.50:0.95 | area=   all | maxDets=  1 ] = 0.766
 Average Recall     (AR) @[ IoU=0.50:0.95 | area=   all | maxDets= 10 ] = 0.770
 Average Recall     (AR) @[ IoU=0.50:0.95 | area=   all | maxDets=100 ] = 0.770
 Average Recall     (AR) @[ IoU=0.50:0.95 | area= small | maxDets=100 ] = -1.000
 Average Recall     (AR) @[ IoU=0.50:0.95 | area=medium | maxDets=100 ] = 0.570
 Average Recall     (AR) @[ IoU=0.50:0.95 | area= large | maxDets=100 ] = 0.795
[08/02 04:26:54 d2.evaluation.coco_evaluation]: Evaluation results for segm: 
|   AP   |  AP50  |  AP75  |  APs  |  APm   |  APl   |
|:------:|:------:|:------:|:-----:|:------:|:------:|
| 73.423 | 94.304 | 89.955 |  nan  | 53.193 | 75.757 |
[08/02 04:26:54 d2.evaluation.coco_evaluation]: Some metrics cannot be computed and is shown as NaN.
[Iter 2 AP] → mAP@[.5:.95] = 73.423
[08/02 04:26:55 d2.utils.events]:  eta: 0:02:49  iter: 2819  total_loss: 0.1769  loss_cls: 0.0173  loss_box_reg: 0.04391  loss_mask: 0.1133  loss_rpn_cls: 2.438e-06  loss_rpn_loc: 0.001955    time: 0.0778  last_time: 0.0795  data_time: 0.0023  last_data_time: 0.0022   lr: 0.0005  max_mem: 1687M
[08/02 04:26:57 d2.utils.events]:  eta: 0:02:47  iter: 2839  total_loss: 0.1908  loss_cls: 0.01941  loss_box_reg: 0.04526  loss_mask: 0.117  loss_rpn_cls: 5.152e-06  loss_rpn_loc: 0.002214    time: 0.0779  last_time: 0.0726  data_time: 0.0024  last_data_time: 0.0024   lr: 0.0005  max_mem: 1687M
[08/02 04:26:59 d2.utils.events]:  eta: 0:02:46  iter: 2859  total_loss: 0.185  loss_cls: 0.01503  loss_box_reg: 0.0449  loss_mask: 0.1214  loss_rpn_cls: 6.613e-06  loss_rpn_loc: 0.002078    time: 0.0779  last_time: 0.0812  data_time: 0.0023  last_data_time: 0.0020   lr: 0.0005  max_mem: 1687M
[08/02 04:27:00 d2.utils.events]:  eta: 0:02:44  iter: 2879  total_loss: 0.1587  loss_cls: 0.01636  loss_box_reg: 0.03788  loss_mask: 0.1017  loss_rpn_cls: 2.313e-06  loss_rpn_loc: 0.001965    time: 0.0778  last_time: 0.0731  data_time: 0.0023  last_data_time: 0.0022   lr: 0.0005  max_mem: 1687M
[08/02 04:27:02 d2.utils.events]:  eta: 0:02:43  iter: 2899  total_loss: 0.1858  loss_cls: 0.01763  loss_box_reg: 0.04684  loss_mask: 0.1148  loss_rpn_cls: 1.11e-05  loss_rpn_loc: 0.002432    time: 0.0778  last_time: 0.0813  data_time: 0.0023  last_data_time: 0.0030   lr: 0.0005  max_mem: 1687M
[08/02 04:27:02 d2.evaluation.coco_evaluation]: Fast COCO eval is not built. Falling back to official COCO eval.
[08/02 04:27:02 d2.data.datasets.coco]: Loaded 89 images in COCO format from /projects/PUCHALLA/LLP2024/tumor-segmentation/data/processed_data/rgb/test/images/test.json
[08/02 04:27:02 d2.data.dataset_mapper]: [DatasetMapper] Augmentations used in inference: [ResizeShortestEdge(short_edge_length=(800, 800), max_size=1333, sample_style='choice')]
[08/02 04:27:02 d2.data.common]: Serializing the dataset using: <class 'detectron2.data.common._TorchSerializedList'>
[08/02 04:27:02 d2.data.common]: Serializing 89 elements to byte tensors and concatenating them all ...
[08/02 04:27:02 d2.data.common]: Serialized dataset takes 0.07 MiB
[08/02 04:27:02 d2.evaluation.evaluator]: Start inference on 89 batches
[08/02 04:27:02 d2.evaluation.evaluator]: Inference done 11/89. Dataloading: 0.0004 s/iter. Inference: 0.0237 s/iter. Eval: 0.0003 s/iter. Total: 0.0245 s/iter. ETA=0:00:01
[08/02 04:27:04 d2.evaluation.evaluator]: Total inference time: 0:00:02.180961 (0.025964 s / iter per device, on 1 devices)
[08/02 04:27:04 d2.evaluation.evaluator]: Total inference pure compute time: 0:00:02 (0.023938 s / iter per device, on 1 devices)
[08/02 04:27:04 d2.evaluation.coco_evaluation]: Preparing results for COCO format ...
[08/02 04:27:04 d2.evaluation.coco_evaluation]: Saving results to ../../../../models/rgb-testing/without-invotive-5000/coco_instances_results.json
[08/02 04:27:04 d2.evaluation.coco_evaluation]: Evaluating predictions with official COCO API...
Loading and preparing results...
DONE (t=0.00s)
creating index...
index created!
Running per image evaluation...
Evaluate annotation type *bbox*
DONE (t=0.01s).
Accumulating evaluation results...
DONE (t=0.01s).
 Average Precision  (AP) @[ IoU=0.50:0.95 | area=   all | maxDets=100 ] = 0.726
 Average Precision  (AP) @[ IoU=0.50      | area=   all | maxDets=100 ] = 0.942
 Average Precision  (AP) @[ IoU=0.75      | area=   all | maxDets=100 ] = 0.898
 Average Precision  (AP) @[ IoU=0.50:0.95 | area= small | maxDets=100 ] = -1.000
 Average Precision  (AP) @[ IoU=0.50:0.95 | area=medium | maxDets=100 ] = 0.519
 Average Precision  (AP) @[ IoU=0.50:0.95 | area= large | maxDets=100 ] = 0.751
 Average Recall     (AR) @[ IoU=0.50:0.95 | area=   all | maxDets=  1 ] = 0.766
 Average Recall     (AR) @[ IoU=0.50:0.95 | area=   all | maxDets= 10 ] = 0.772
 Average Recall     (AR) @[ IoU=0.50:0.95 | area=   all | maxDets=100 ] = 0.772
 Average Recall     (AR) @[ IoU=0.50:0.95 | area= small | maxDets=100 ] = -1.000
 Average Recall     (AR) @[ IoU=0.50:0.95 | area=medium | maxDets=100 ] = 0.540
 Average Recall     (AR) @[ IoU=0.50:0.95 | area= large | maxDets=100 ] = 0.801
[08/02 04:27:04 d2.evaluation.coco_evaluation]: Evaluation results for bbox: 
|   AP   |  AP50  |  AP75  |  APs  |  APm   |  APl   |
|:------:|:------:|:------:|:-----:|:------:|:------:|
| 72.575 | 94.166 | 89.829 |  nan  | 51.918 | 75.087 |
[08/02 04:27:04 d2.evaluation.coco_evaluation]: Some metrics cannot be computed and is shown as NaN.
Loading and preparing results...
DONE (t=0.00s)
creating index...
index created!
Running per image evaluation...
Evaluate annotation type *segm*
DONE (t=0.02s).
Accumulating evaluation results...
DONE (t=0.01s).
 Average Precision  (AP) @[ IoU=0.50:0.95 | area=   all | maxDets=100 ] = 0.730
 Average Precision  (AP) @[ IoU=0.50      | area=   all | maxDets=100 ] = 0.942
 Average Precision  (AP) @[ IoU=0.75      | area=   all | maxDets=100 ] = 0.898
 Average Precision  (AP) @[ IoU=0.50:0.95 | area= small | maxDets=100 ] = -1.000
 Average Precision  (AP) @[ IoU=0.50:0.95 | area=medium | maxDets=100 ] = 0.550
 Average Precision  (AP) @[ IoU=0.50:0.95 | area= large | maxDets=100 ] = 0.755
 Average Recall     (AR) @[ IoU=0.50:0.95 | area=   all | maxDets=  1 ] = 0.767
 Average Recall     (AR) @[ IoU=0.50:0.95 | area=   all | maxDets= 10 ] = 0.773
 Average Recall     (AR) @[ IoU=0.50:0.95 | area=   all | maxDets=100 ] = 0.773
 Average Recall     (AR) @[ IoU=0.50:0.95 | area= small | maxDets=100 ] = -1.000
 Average Recall     (AR) @[ IoU=0.50:0.95 | area=medium | maxDets=100 ] = 0.580
 Average Recall     (AR) @[ IoU=0.50:0.95 | area= large | maxDets=100 ] = 0.797
[08/02 04:27:04 d2.evaluation.coco_evaluation]: Evaluation results for segm: 
|   AP   |  AP50  |  AP75  |  APs  |  APm   |  APl   |
|:------:|:------:|:------:|:-----:|:------:|:------:|
| 73.048 | 94.166 | 89.829 |  nan  | 55.030 | 75.521 |
[08/02 04:27:04 d2.evaluation.coco_evaluation]: Some metrics cannot be computed and is shown as NaN.
[Iter 2 AP] → mAP@[.5:.95] = 73.048
[08/02 04:27:06 d2.utils.events]:  eta: 0:02:41  iter: 2919  total_loss: 0.1536  loss_cls: 0.01467  loss_box_reg: 0.03732  loss_mask: 0.09809  loss_rpn_cls: 8.224e-06  loss_rpn_loc: 0.001942    time: 0.0778  last_time: 0.0779  data_time: 0.0023  last_data_time: 0.0022   lr: 0.0005  max_mem: 1687M
[08/02 04:27:07 d2.utils.events]:  eta: 0:02:39  iter: 2939  total_loss: 0.1831  loss_cls: 0.01839  loss_box_reg: 0.04844  loss_mask: 0.1166  loss_rpn_cls: 5.615e-06  loss_rpn_loc: 0.002309    time: 0.0778  last_time: 0.0732  data_time: 0.0022  last_data_time: 0.0022   lr: 0.0005  max_mem: 1687M
[08/02 04:27:09 d2.utils.events]:  eta: 0:02:38  iter: 2959  total_loss: 0.167  loss_cls: 0.01614  loss_box_reg: 0.03953  loss_mask: 0.1063  loss_rpn_cls: 6.072e-06  loss_rpn_loc: 0.001935    time: 0.0779  last_time: 0.0776  data_time: 0.0023  last_data_time: 0.0022   lr: 0.0005  max_mem: 1687M
[08/02 04:27:10 d2.utils.events]:  eta: 0:02:36  iter: 2979  total_loss: 0.1482  loss_cls: 0.01564  loss_box_reg: 0.03924  loss_mask: 0.09308  loss_rpn_cls: 9.085e-06  loss_rpn_loc: 0.001898    time: 0.0779  last_time: 0.0760  data_time: 0.0022  last_data_time: 0.0022   lr: 0.0005  max_mem: 1687M
[08/02 04:27:12 d2.utils.events]:  eta: 0:02:35  iter: 2999  total_loss: 0.1749  loss_cls: 0.01673  loss_box_reg: 0.04607  loss_mask: 0.1103  loss_rpn_cls: 5.035e-06  loss_rpn_loc: 0.002223    time: 0.0779  last_time: 0.0796  data_time: 0.0023  last_data_time: 0.0022   lr: 0.0005  max_mem: 1687M
[08/02 04:27:12 d2.evaluation.coco_evaluation]: Fast COCO eval is not built. Falling back to official COCO eval.
[08/02 04:27:12 d2.data.datasets.coco]: Loaded 89 images in COCO format from /projects/PUCHALLA/LLP2024/tumor-segmentation/data/processed_data/rgb/test/images/test.json
[08/02 04:27:12 d2.data.dataset_mapper]: [DatasetMapper] Augmentations used in inference: [ResizeShortestEdge(short_edge_length=(800, 800), max_size=1333, sample_style='choice')]
[08/02 04:27:12 d2.data.common]: Serializing the dataset using: <class 'detectron2.data.common._TorchSerializedList'>
[08/02 04:27:12 d2.data.common]: Serializing 89 elements to byte tensors and concatenating them all ...
[08/02 04:27:12 d2.data.common]: Serialized dataset takes 0.07 MiB
[08/02 04:27:12 d2.evaluation.evaluator]: Start inference on 89 batches
[08/02 04:27:13 d2.evaluation.evaluator]: Inference done 11/89. Dataloading: 0.0005 s/iter. Inference: 0.0244 s/iter. Eval: 0.0003 s/iter. Total: 0.0252 s/iter. ETA=0:00:01
[08/02 04:27:15 d2.evaluation.evaluator]: Total inference time: 0:00:02.153827 (0.025641 s / iter per device, on 1 devices)
[08/02 04:27:15 d2.evaluation.evaluator]: Total inference pure compute time: 0:00:01 (0.023627 s / iter per device, on 1 devices)
[08/02 04:27:15 d2.evaluation.coco_evaluation]: Preparing results for COCO format ...
[08/02 04:27:15 d2.evaluation.coco_evaluation]: Saving results to ../../../../models/rgb-testing/without-invotive-5000/coco_instances_results.json
[08/02 04:27:15 d2.evaluation.coco_evaluation]: Evaluating predictions with official COCO API...
Loading and preparing results...
DONE (t=0.00s)
creating index...
index created!
Running per image evaluation...
Evaluate annotation type *bbox*
DONE (t=0.02s).
Accumulating evaluation results...
DONE (t=0.01s).
 Average Precision  (AP) @[ IoU=0.50:0.95 | area=   all | maxDets=100 ] = 0.716
 Average Precision  (AP) @[ IoU=0.50      | area=   all | maxDets=100 ] = 0.940
 Average Precision  (AP) @[ IoU=0.75      | area=   all | maxDets=100 ] = 0.879
 Average Precision  (AP) @[ IoU=0.50:0.95 | area= small | maxDets=100 ] = -1.000
 Average Precision  (AP) @[ IoU=0.50:0.95 | area=medium | maxDets=100 ] = 0.573
 Average Precision  (AP) @[ IoU=0.50:0.95 | area= large | maxDets=100 ] = 0.734
 Average Recall     (AR) @[ IoU=0.50:0.95 | area=   all | maxDets=  1 ] = 0.765
 Average Recall     (AR) @[ IoU=0.50:0.95 | area=   all | maxDets= 10 ] = 0.769
 Average Recall     (AR) @[ IoU=0.50:0.95 | area=   all | maxDets=100 ] = 0.769
 Average Recall     (AR) @[ IoU=0.50:0.95 | area= small | maxDets=100 ] = -1.000
 Average Recall     (AR) @[ IoU=0.50:0.95 | area=medium | maxDets=100 ] = 0.590
 Average Recall     (AR) @[ IoU=0.50:0.95 | area= large | maxDets=100 ] = 0.791
[08/02 04:27:15 d2.evaluation.coco_evaluation]: Evaluation results for bbox: 
|   AP   |  AP50  |  AP75  |  APs  |  APm   |  APl   |
|:------:|:------:|:------:|:-----:|:------:|:------:|
| 71.597 | 93.992 | 87.897 |  nan  | 57.256 | 73.436 |
[08/02 04:27:15 d2.evaluation.coco_evaluation]: Some metrics cannot be computed and is shown as NaN.
Loading and preparing results...
DONE (t=0.00s)
creating index...
index created!
Running per image evaluation...
Evaluate annotation type *segm*
DONE (t=0.02s).
Accumulating evaluation results...
DONE (t=0.01s).
 Average Precision  (AP) @[ IoU=0.50:0.95 | area=   all | maxDets=100 ] = 0.717
 Average Precision  (AP) @[ IoU=0.50      | area=   all | maxDets=100 ] = 0.940
 Average Precision  (AP) @[ IoU=0.75      | area=   all | maxDets=100 ] = 0.879
 Average Precision  (AP) @[ IoU=0.50:0.95 | area= small | maxDets=100 ] = -1.000
 Average Precision  (AP) @[ IoU=0.50:0.95 | area=medium | maxDets=100 ] = 0.544
 Average Precision  (AP) @[ IoU=0.50:0.95 | area= large | maxDets=100 ] = 0.738
 Average Recall     (AR) @[ IoU=0.50:0.95 | area=   all | maxDets=  1 ] = 0.761
 Average Recall     (AR) @[ IoU=0.50:0.95 | area=   all | maxDets= 10 ] = 0.763
 Average Recall     (AR) @[ IoU=0.50:0.95 | area=   all | maxDets=100 ] = 0.763
 Average Recall     (AR) @[ IoU=0.50:0.95 | area= small | maxDets=100 ] = -1.000
 Average Recall     (AR) @[ IoU=0.50:0.95 | area=medium | maxDets=100 ] = 0.570
 Average Recall     (AR) @[ IoU=0.50:0.95 | area= large | maxDets=100 ] = 0.787
[08/02 04:27:15 d2.evaluation.coco_evaluation]: Evaluation results for segm: 
|   AP   |  AP50  |  AP75  |  APs  |  APm   |  APl   |
|:------:|:------:|:------:|:-----:|:------:|:------:|
| 71.698 | 93.992 | 87.897 |  nan  | 54.380 | 73.765 |
[08/02 04:27:15 d2.evaluation.coco_evaluation]: Some metrics cannot be computed and is shown as NaN.
[Iter 2 AP] → mAP@[.5:.95] = 71.698
[08/02 04:27:16 d2.utils.events]:  eta: 0:02:33  iter: 3019  total_loss: 0.179  loss_cls: 0.01701  loss_box_reg: 0.04326  loss_mask: 0.1076  loss_rpn_cls: 7.082e-06  loss_rpn_loc: 0.00239    time: 0.0779  last_time: 0.0727  data_time: 0.0023  last_data_time: 0.0021   lr: 0.00025  max_mem: 1687M
[08/02 04:27:18 d2.utils.events]:  eta: 0:02:32  iter: 3039  total_loss: 0.1523  loss_cls: 0.01753  loss_box_reg: 0.0382  loss_mask: 0.09667  loss_rpn_cls: 6.626e-06  loss_rpn_loc: 0.002007    time: 0.0779  last_time: 0.0768  data_time: 0.0024  last_data_time: 0.0023   lr: 0.00025  max_mem: 1687M
[08/02 04:27:19 d2.utils.events]:  eta: 0:02:30  iter: 3059  total_loss: 0.1808  loss_cls: 0.01991  loss_box_reg: 0.04537  loss_mask: 0.1116  loss_rpn_cls: 1.016e-05  loss_rpn_loc: 0.002373    time: 0.0779  last_time: 0.0717  data_time: 0.0022  last_data_time: 0.0023   lr: 0.00025  max_mem: 1687M
[08/02 04:27:21 d2.utils.events]:  eta: 0:02:29  iter: 3079  total_loss: 0.1687  loss_cls: 0.01821  loss_box_reg: 0.0387  loss_mask: 0.09919  loss_rpn_cls: 5.842e-06  loss_rpn_loc: 0.0018    time: 0.0779  last_time: 0.0775  data_time: 0.0023  last_data_time: 0.0022   lr: 0.00025  max_mem: 1687M
[08/02 04:27:22 d2.utils.events]:  eta: 0:02:27  iter: 3099  total_loss: 0.1689  loss_cls: 0.0152  loss_box_reg: 0.04083  loss_mask: 0.109  loss_rpn_cls: 5.044e-06  loss_rpn_loc: 0.00172    time: 0.0779  last_time: 0.0854  data_time: 0.0022  last_data_time: 0.0020   lr: 0.00025  max_mem: 1687M
[08/02 04:27:22 d2.evaluation.coco_evaluation]: Fast COCO eval is not built. Falling back to official COCO eval.
[08/02 04:27:22 d2.data.datasets.coco]: Loaded 89 images in COCO format from /projects/PUCHALLA/LLP2024/tumor-segmentation/data/processed_data/rgb/test/images/test.json
[08/02 04:27:22 d2.data.dataset_mapper]: [DatasetMapper] Augmentations used in inference: [ResizeShortestEdge(short_edge_length=(800, 800), max_size=1333, sample_style='choice')]
[08/02 04:27:22 d2.data.common]: Serializing the dataset using: <class 'detectron2.data.common._TorchSerializedList'>
[08/02 04:27:22 d2.data.common]: Serializing 89 elements to byte tensors and concatenating them all ...
[08/02 04:27:22 d2.data.common]: Serialized dataset takes 0.07 MiB
[08/02 04:27:22 d2.evaluation.evaluator]: Start inference on 89 batches
[08/02 04:27:23 d2.evaluation.evaluator]: Inference done 11/89. Dataloading: 0.0005 s/iter. Inference: 0.0236 s/iter. Eval: 0.0003 s/iter. Total: 0.0244 s/iter. ETA=0:00:01
[08/02 04:27:25 d2.evaluation.evaluator]: Total inference time: 0:00:02.147038 (0.025560 s / iter per device, on 1 devices)
[08/02 04:27:25 d2.evaluation.evaluator]: Total inference pure compute time: 0:00:01 (0.023569 s / iter per device, on 1 devices)
[08/02 04:27:25 d2.evaluation.coco_evaluation]: Preparing results for COCO format ...
[08/02 04:27:25 d2.evaluation.coco_evaluation]: Saving results to ../../../../models/rgb-testing/without-invotive-5000/coco_instances_results.json
[08/02 04:27:25 d2.evaluation.coco_evaluation]: Evaluating predictions with official COCO API...
Loading and preparing results...
DONE (t=0.00s)
creating index...
index created!
Running per image evaluation...
Evaluate annotation type *bbox*
DONE (t=0.01s).
Accumulating evaluation results...
DONE (t=0.01s).
 Average Precision  (AP) @[ IoU=0.50:0.95 | area=   all | maxDets=100 ] = 0.723
 Average Precision  (AP) @[ IoU=0.50      | area=   all | maxDets=100 ] = 0.940
 Average Precision  (AP) @[ IoU=0.75      | area=   all | maxDets=100 ] = 0.908
 Average Precision  (AP) @[ IoU=0.50:0.95 | area= small | maxDets=100 ] = -1.000
 Average Precision  (AP) @[ IoU=0.50:0.95 | area=medium | maxDets=100 ] = 0.559
 Average Precision  (AP) @[ IoU=0.50:0.95 | area= large | maxDets=100 ] = 0.745
 Average Recall     (AR) @[ IoU=0.50:0.95 | area=   all | maxDets=  1 ] = 0.767
 Average Recall     (AR) @[ IoU=0.50:0.95 | area=   all | maxDets= 10 ] = 0.774
 Average Recall     (AR) @[ IoU=0.50:0.95 | area=   all | maxDets=100 ] = 0.774
 Average Recall     (AR) @[ IoU=0.50:0.95 | area= small | maxDets=100 ] = -1.000
 Average Recall     (AR) @[ IoU=0.50:0.95 | area=medium | maxDets=100 ] = 0.560
 Average Recall     (AR) @[ IoU=0.50:0.95 | area= large | maxDets=100 ] = 0.801
[08/02 04:27:25 d2.evaluation.coco_evaluation]: Evaluation results for bbox: 
|   AP   |  AP50  |  AP75  |  APs  |  APm   |  APl   |
|:------:|:------:|:------:|:-----:|:------:|:------:|
| 72.316 | 93.995 | 90.792 |  nan  | 55.916 | 74.514 |
[08/02 04:27:25 d2.evaluation.coco_evaluation]: Some metrics cannot be computed and is shown as NaN.
Loading and preparing results...
DONE (t=0.00s)
creating index...
index created!
Running per image evaluation...
Evaluate annotation type *segm*
DONE (t=0.02s).
Accumulating evaluation results...
DONE (t=0.01s).
 Average Precision  (AP) @[ IoU=0.50:0.95 | area=   all | maxDets=100 ] = 0.731
 Average Precision  (AP) @[ IoU=0.50      | area=   all | maxDets=100 ] = 0.940
 Average Precision  (AP) @[ IoU=0.75      | area=   all | maxDets=100 ] = 0.898
 Average Precision  (AP) @[ IoU=0.50:0.95 | area= small | maxDets=100 ] = -1.000
 Average Precision  (AP) @[ IoU=0.50:0.95 | area=medium | maxDets=100 ] = 0.561
 Average Precision  (AP) @[ IoU=0.50:0.95 | area= large | maxDets=100 ] = 0.754
 Average Recall     (AR) @[ IoU=0.50:0.95 | area=   all | maxDets=  1 ] = 0.767
 Average Recall     (AR) @[ IoU=0.50:0.95 | area=   all | maxDets= 10 ] = 0.775
 Average Recall     (AR) @[ IoU=0.50:0.95 | area=   all | maxDets=100 ] = 0.775
 Average Recall     (AR) @[ IoU=0.50:0.95 | area= small | maxDets=100 ] = -1.000
 Average Recall     (AR) @[ IoU=0.50:0.95 | area=medium | maxDets=100 ] = 0.560
 Average Recall     (AR) @[ IoU=0.50:0.95 | area= large | maxDets=100 ] = 0.803
[08/02 04:27:25 d2.evaluation.coco_evaluation]: Evaluation results for segm: 
|   AP   |  AP50  |  AP75  |  APs  |  APm   |  APl   |
|:------:|:------:|:------:|:-----:|:------:|:------:|
| 73.074 | 93.995 | 89.792 |  nan  | 56.054 | 75.428 |
[08/02 04:27:25 d2.evaluation.coco_evaluation]: Some metrics cannot be computed and is shown as NaN.
[Iter 2 AP] → mAP@[.5:.95] = 73.074
[08/02 04:27:26 d2.utils.events]:  eta: 0:02:25  iter: 3119  total_loss: 0.1555  loss_cls: 0.01294  loss_box_reg: 0.02885  loss_mask: 0.1005  loss_rpn_cls: 1.725e-05  loss_rpn_loc: 0.002027    time: 0.0779  last_time: 0.0747  data_time: 0.0024  last_data_time: 0.0022   lr: 0.00025  max_mem: 1687M
[08/02 04:27:28 d2.utils.events]:  eta: 0:02:24  iter: 3139  total_loss: 0.1578  loss_cls: 0.0172  loss_box_reg: 0.03763  loss_mask: 0.1109  loss_rpn_cls: 3.495e-06  loss_rpn_loc: 0.002121    time: 0.0779  last_time: 0.0824  data_time: 0.0022  last_data_time: 0.0024   lr: 0.00025  max_mem: 1687M
[08/02 04:27:29 d2.utils.events]:  eta: 0:02:22  iter: 3159  total_loss: 0.1477  loss_cls: 0.0145  loss_box_reg: 0.03758  loss_mask: 0.09532  loss_rpn_cls: 4.019e-06  loss_rpn_loc: 0.001843    time: 0.0779  last_time: 0.0779  data_time: 0.0022  last_data_time: 0.0021   lr: 0.00025  max_mem: 1687M
[08/02 04:27:31 d2.utils.events]:  eta: 0:02:21  iter: 3179  total_loss: 0.1652  loss_cls: 0.01631  loss_box_reg: 0.04193  loss_mask: 0.0973  loss_rpn_cls: 5.683e-06  loss_rpn_loc: 0.00217    time: 0.0779  last_time: 0.0841  data_time: 0.0022  last_data_time: 0.0022   lr: 0.00025  max_mem: 1687M
[08/02 04:27:33 d2.utils.events]:  eta: 0:02:19  iter: 3199  total_loss: 0.1622  loss_cls: 0.01891  loss_box_reg: 0.03316  loss_mask: 0.1053  loss_rpn_cls: 3.919e-06  loss_rpn_loc: 0.001811    time: 0.0779  last_time: 0.0767  data_time: 0.0021  last_data_time: 0.0022   lr: 0.00025  max_mem: 1687M
[08/02 04:27:33 d2.evaluation.coco_evaluation]: Fast COCO eval is not built. Falling back to official COCO eval.
[08/02 04:27:33 d2.data.datasets.coco]: Loaded 89 images in COCO format from /projects/PUCHALLA/LLP2024/tumor-segmentation/data/processed_data/rgb/test/images/test.json
[08/02 04:27:33 d2.data.dataset_mapper]: [DatasetMapper] Augmentations used in inference: [ResizeShortestEdge(short_edge_length=(800, 800), max_size=1333, sample_style='choice')]
[08/02 04:27:33 d2.data.common]: Serializing the dataset using: <class 'detectron2.data.common._TorchSerializedList'>
[08/02 04:27:33 d2.data.common]: Serializing 89 elements to byte tensors and concatenating them all ...
[08/02 04:27:33 d2.data.common]: Serialized dataset takes 0.07 MiB
[08/02 04:27:33 d2.evaluation.evaluator]: Start inference on 89 batches
[08/02 04:27:33 d2.evaluation.evaluator]: Inference done 11/89. Dataloading: 0.0005 s/iter. Inference: 0.0240 s/iter. Eval: 0.0003 s/iter. Total: 0.0248 s/iter. ETA=0:00:01
[08/02 04:27:35 d2.evaluation.evaluator]: Total inference time: 0:00:02.173961 (0.025880 s / iter per device, on 1 devices)
[08/02 04:27:35 d2.evaluation.evaluator]: Total inference pure compute time: 0:00:02 (0.023889 s / iter per device, on 1 devices)
[08/02 04:27:35 d2.evaluation.coco_evaluation]: Preparing results for COCO format ...
[08/02 04:27:35 d2.evaluation.coco_evaluation]: Saving results to ../../../../models/rgb-testing/without-invotive-5000/coco_instances_results.json
[08/02 04:27:35 d2.evaluation.coco_evaluation]: Evaluating predictions with official COCO API...
Loading and preparing results...
DONE (t=0.00s)
creating index...
index created!
Running per image evaluation...
Evaluate annotation type *bbox*
DONE (t=0.01s).
Accumulating evaluation results...
DONE (t=0.01s).
 Average Precision  (AP) @[ IoU=0.50:0.95 | area=   all | maxDets=100 ] = 0.734
 Average Precision  (AP) @[ IoU=0.50      | area=   all | maxDets=100 ] = 0.941
 Average Precision  (AP) @[ IoU=0.75      | area=   all | maxDets=100 ] = 0.911
 Average Precision  (AP) @[ IoU=0.50:0.95 | area= small | maxDets=100 ] = -1.000
 Average Precision  (AP) @[ IoU=0.50:0.95 | area=medium | maxDets=100 ] = 0.604
 Average Precision  (AP) @[ IoU=0.50:0.95 | area= large | maxDets=100 ] = 0.752
 Average Recall     (AR) @[ IoU=0.50:0.95 | area=   all | maxDets=  1 ] = 0.780
 Average Recall     (AR) @[ IoU=0.50:0.95 | area=   all | maxDets= 10 ] = 0.783
 Average Recall     (AR) @[ IoU=0.50:0.95 | area=   all | maxDets=100 ] = 0.783
 Average Recall     (AR) @[ IoU=0.50:0.95 | area= small | maxDets=100 ] = -1.000
 Average Recall     (AR) @[ IoU=0.50:0.95 | area=medium | maxDets=100 ] = 0.610
 Average Recall     (AR) @[ IoU=0.50:0.95 | area= large | maxDets=100 ] = 0.805
[08/02 04:27:35 d2.evaluation.coco_evaluation]: Evaluation results for bbox: 
|   AP   |  AP50  |  AP75  |  APs  |  APm   |  APl   |
|:------:|:------:|:------:|:-----:|:------:|:------:|
| 73.386 | 94.113 | 91.123 |  nan  | 60.423 | 75.194 |
[08/02 04:27:35 d2.evaluation.coco_evaluation]: Some metrics cannot be computed and is shown as NaN.
Loading and preparing results...
DONE (t=0.00s)
creating index...
index created!
Running per image evaluation...
Evaluate annotation type *segm*
DONE (t=0.02s).
Accumulating evaluation results...
DONE (t=0.01s).
 Average Precision  (AP) @[ IoU=0.50:0.95 | area=   all | maxDets=100 ] = 0.744
 Average Precision  (AP) @[ IoU=0.50      | area=   all | maxDets=100 ] = 0.941
 Average Precision  (AP) @[ IoU=0.75      | area=   all | maxDets=100 ] = 0.901
 Average Precision  (AP) @[ IoU=0.50:0.95 | area= small | maxDets=100 ] = -1.000
 Average Precision  (AP) @[ IoU=0.50:0.95 | area=medium | maxDets=100 ] = 0.595
 Average Precision  (AP) @[ IoU=0.50:0.95 | area= large | maxDets=100 ] = 0.764
 Average Recall     (AR) @[ IoU=0.50:0.95 | area=   all | maxDets=  1 ] = 0.776
 Average Recall     (AR) @[ IoU=0.50:0.95 | area=   all | maxDets= 10 ] = 0.781
 Average Recall     (AR) @[ IoU=0.50:0.95 | area=   all | maxDets=100 ] = 0.781
 Average Recall     (AR) @[ IoU=0.50:0.95 | area= small | maxDets=100 ] = -1.000
 Average Recall     (AR) @[ IoU=0.50:0.95 | area=medium | maxDets=100 ] = 0.600
 Average Recall     (AR) @[ IoU=0.50:0.95 | area= large | maxDets=100 ] = 0.804
[08/02 04:27:35 d2.evaluation.coco_evaluation]: Evaluation results for segm: 
|   AP   |  AP50  |  AP75  |  APs  |  APm   |  APl   |
|:------:|:------:|:------:|:-----:|:------:|:------:|
| 74.387 | 94.113 | 90.088 |  nan  | 59.472 | 76.411 |
[08/02 04:27:35 d2.evaluation.coco_evaluation]: Some metrics cannot be computed and is shown as NaN.
[Iter 2 AP] → mAP@[.5:.95] = 74.387
[08/02 04:27:37 d2.utils.events]:  eta: 0:02:18  iter: 3219  total_loss: 0.1658  loss_cls: 0.01543  loss_box_reg: 0.04085  loss_mask: 0.1088  loss_rpn_cls: 8.71e-06  loss_rpn_loc: 0.00249    time: 0.0779  last_time: 0.0780  data_time: 0.0022  last_data_time: 0.0021   lr: 0.00025  max_mem: 1687M
[08/02 04:27:38 d2.utils.events]:  eta: 0:02:16  iter: 3239  total_loss: 0.1468  loss_cls: 0.01439  loss_box_reg: 0.03994  loss_mask: 0.09231  loss_rpn_cls: 2.369e-05  loss_rpn_loc: 0.002182    time: 0.0779  last_time: 0.0821  data_time: 0.0023  last_data_time: 0.0022   lr: 0.00025  max_mem: 1687M
[08/02 04:27:40 d2.utils.events]:  eta: 0:02:15  iter: 3259  total_loss: 0.1527  loss_cls: 0.01529  loss_box_reg: 0.04321  loss_mask: 0.09548  loss_rpn_cls: 1.385e-05  loss_rpn_loc: 0.002052    time: 0.0779  last_time: 0.0726  data_time: 0.0023  last_data_time: 0.0022   lr: 0.00025  max_mem: 1687M
[08/02 04:27:41 d2.utils.events]:  eta: 0:02:13  iter: 3279  total_loss: 0.1594  loss_cls: 0.01304  loss_box_reg: 0.03544  loss_mask: 0.1089  loss_rpn_cls: 2.107e-05  loss_rpn_loc: 0.002171    time: 0.0779  last_time: 0.0764  data_time: 0.0023  last_data_time: 0.0021   lr: 0.00025  max_mem: 1687M
[08/02 04:27:43 d2.utils.events]:  eta: 0:02:12  iter: 3299  total_loss: 0.1682  loss_cls: 0.01826  loss_box_reg: 0.03698  loss_mask: 0.1054  loss_rpn_cls: 5.151e-06  loss_rpn_loc: 0.002012    time: 0.0779  last_time: 0.0807  data_time: 0.0023  last_data_time: 0.0022   lr: 0.00025  max_mem: 1687M
[08/02 04:27:43 d2.evaluation.coco_evaluation]: Fast COCO eval is not built. Falling back to official COCO eval.
[08/02 04:27:43 d2.data.datasets.coco]: Loaded 89 images in COCO format from /projects/PUCHALLA/LLP2024/tumor-segmentation/data/processed_data/rgb/test/images/test.json
[08/02 04:27:43 d2.data.dataset_mapper]: [DatasetMapper] Augmentations used in inference: [ResizeShortestEdge(short_edge_length=(800, 800), max_size=1333, sample_style='choice')]
[08/02 04:27:43 d2.data.common]: Serializing the dataset using: <class 'detectron2.data.common._TorchSerializedList'>
[08/02 04:27:43 d2.data.common]: Serializing 89 elements to byte tensors and concatenating them all ...
[08/02 04:27:43 d2.data.common]: Serialized dataset takes 0.07 MiB
[08/02 04:27:43 d2.evaluation.evaluator]: Start inference on 89 batches
[08/02 04:27:43 d2.evaluation.evaluator]: Inference done 11/89. Dataloading: 0.0005 s/iter. Inference: 0.0239 s/iter. Eval: 0.0003 s/iter. Total: 0.0247 s/iter. ETA=0:00:01
[08/02 04:27:45 d2.evaluation.evaluator]: Total inference time: 0:00:02.172541 (0.025864 s / iter per device, on 1 devices)
[08/02 04:27:45 d2.evaluation.evaluator]: Total inference pure compute time: 0:00:02 (0.023877 s / iter per device, on 1 devices)
[08/02 04:27:45 d2.evaluation.coco_evaluation]: Preparing results for COCO format ...
[08/02 04:27:45 d2.evaluation.coco_evaluation]: Saving results to ../../../../models/rgb-testing/without-invotive-5000/coco_instances_results.json
[08/02 04:27:45 d2.evaluation.coco_evaluation]: Evaluating predictions with official COCO API...
Loading and preparing results...
DONE (t=0.00s)
creating index...
index created!
Running per image evaluation...
Evaluate annotation type *bbox*
DONE (t=0.02s).
Accumulating evaluation results...
DONE (t=0.01s).
 Average Precision  (AP) @[ IoU=0.50:0.95 | area=   all | maxDets=100 ] = 0.754
 Average Precision  (AP) @[ IoU=0.50      | area=   all | maxDets=100 ] = 0.954
 Average Precision  (AP) @[ IoU=0.75      | area=   all | maxDets=100 ] = 0.922
 Average Precision  (AP) @[ IoU=0.50:0.95 | area= small | maxDets=100 ] = -1.000
 Average Precision  (AP) @[ IoU=0.50:0.95 | area=medium | maxDets=100 ] = 0.562
 Average Precision  (AP) @[ IoU=0.50:0.95 | area= large | maxDets=100 ] = 0.779
 Average Recall     (AR) @[ IoU=0.50:0.95 | area=   all | maxDets=  1 ] = 0.800
 Average Recall     (AR) @[ IoU=0.50:0.95 | area=   all | maxDets= 10 ] = 0.800
 Average Recall     (AR) @[ IoU=0.50:0.95 | area=   all | maxDets=100 ] = 0.800
 Average Recall     (AR) @[ IoU=0.50:0.95 | area= small | maxDets=100 ] = -1.000
 Average Recall     (AR) @[ IoU=0.50:0.95 | area=medium | maxDets=100 ] = 0.560
 Average Recall     (AR) @[ IoU=0.50:0.95 | area= large | maxDets=100 ] = 0.830
[08/02 04:27:45 d2.evaluation.coco_evaluation]: Evaluation results for bbox: 
|   AP   |  AP50  |  AP75  |  APs  |  APm   |  APl   |
|:------:|:------:|:------:|:-----:|:------:|:------:|
| 75.448 | 95.368 | 92.187 |  nan  | 56.238 | 77.949 |
[08/02 04:27:45 d2.evaluation.coco_evaluation]: Some metrics cannot be computed and is shown as NaN.
Loading and preparing results...
DONE (t=0.00s)
creating index...
index created!
Running per image evaluation...
Evaluate annotation type *segm*
DONE (t=0.02s).
Accumulating evaluation results...
DONE (t=0.01s).
 Average Precision  (AP) @[ IoU=0.50:0.95 | area=   all | maxDets=100 ] = 0.754
 Average Precision  (AP) @[ IoU=0.50      | area=   all | maxDets=100 ] = 0.954
 Average Precision  (AP) @[ IoU=0.75      | area=   all | maxDets=100 ] = 0.902
 Average Precision  (AP) @[ IoU=0.50:0.95 | area= small | maxDets=100 ] = -1.000
 Average Precision  (AP) @[ IoU=0.50:0.95 | area=medium | maxDets=100 ] = 0.575
 Average Precision  (AP) @[ IoU=0.50:0.95 | area= large | maxDets=100 ] = 0.777
 Average Recall     (AR) @[ IoU=0.50:0.95 | area=   all | maxDets=  1 ] = 0.796
 Average Recall     (AR) @[ IoU=0.50:0.95 | area=   all | maxDets= 10 ] = 0.796
 Average Recall     (AR) @[ IoU=0.50:0.95 | area=   all | maxDets=100 ] = 0.796
 Average Recall     (AR) @[ IoU=0.50:0.95 | area= small | maxDets=100 ] = -1.000
 Average Recall     (AR) @[ IoU=0.50:0.95 | area=medium | maxDets=100 ] = 0.580
 Average Recall     (AR) @[ IoU=0.50:0.95 | area= large | maxDets=100 ] = 0.823
[08/02 04:27:46 d2.evaluation.coco_evaluation]: Evaluation results for segm: 
|   AP   |  AP50  |  AP75  |  APs  |  APm   |  APl   |
|:------:|:------:|:------:|:-----:|:------:|:------:|
| 75.385 | 95.368 | 90.193 |  nan  | 57.468 | 77.658 |
[08/02 04:27:46 d2.evaluation.coco_evaluation]: Some metrics cannot be computed and is shown as NaN.
[Iter 2 AP] → mAP@[.5:.95] = 75.385
[08/02 04:27:47 d2.utils.events]:  eta: 0:02:10  iter: 3319  total_loss: 0.1786  loss_cls: 0.01986  loss_box_reg: 0.0408  loss_mask: 0.1086  loss_rpn_cls: 5.684e-06  loss_rpn_loc: 0.001909    time: 0.0779  last_time: 0.0771  data_time: 0.0023  last_data_time: 0.0021   lr: 0.00025  max_mem: 1687M
[08/02 04:27:49 d2.utils.events]:  eta: 0:02:08  iter: 3339  total_loss: 0.1616  loss_cls: 0.0172  loss_box_reg: 0.03998  loss_mask: 0.1058  loss_rpn_cls: 6.612e-06  loss_rpn_loc: 0.001847    time: 0.0778  last_time: 0.0733  data_time: 0.0022  last_data_time: 0.0020   lr: 0.00025  max_mem: 1687M
[08/02 04:27:50 d2.utils.events]:  eta: 0:02:07  iter: 3359  total_loss: 0.1639  loss_cls: 0.01594  loss_box_reg: 0.04099  loss_mask: 0.09942  loss_rpn_cls: 5.747e-06  loss_rpn_loc: 0.001929    time: 0.0778  last_time: 0.0728  data_time: 0.0023  last_data_time: 0.0021   lr: 0.00025  max_mem: 1687M
[08/02 04:27:52 d2.utils.events]:  eta: 0:02:05  iter: 3379  total_loss: 0.1527  loss_cls: 0.01476  loss_box_reg: 0.04187  loss_mask: 0.09403  loss_rpn_cls: 1.383e-06  loss_rpn_loc: 0.001799    time: 0.0778  last_time: 0.0742  data_time: 0.0023  last_data_time: 0.0021   lr: 0.00025  max_mem: 1687M
[08/02 04:27:53 d2.utils.events]:  eta: 0:02:04  iter: 3399  total_loss: 0.1642  loss_cls: 0.01729  loss_box_reg: 0.04338  loss_mask: 0.1006  loss_rpn_cls: 1.185e-05  loss_rpn_loc: 0.001863    time: 0.0779  last_time: 0.1841  data_time: 0.0022  last_data_time: 0.0022   lr: 0.00025  max_mem: 1687M
[08/02 04:27:53 d2.evaluation.coco_evaluation]: Fast COCO eval is not built. Falling back to official COCO eval.
[08/02 04:27:53 d2.data.datasets.coco]: Loaded 89 images in COCO format from /projects/PUCHALLA/LLP2024/tumor-segmentation/data/processed_data/rgb/test/images/test.json
[08/02 04:27:53 d2.data.dataset_mapper]: [DatasetMapper] Augmentations used in inference: [ResizeShortestEdge(short_edge_length=(800, 800), max_size=1333, sample_style='choice')]
[08/02 04:27:53 d2.data.common]: Serializing the dataset using: <class 'detectron2.data.common._TorchSerializedList'>
[08/02 04:27:53 d2.data.common]: Serializing 89 elements to byte tensors and concatenating them all ...
[08/02 04:27:53 d2.data.common]: Serialized dataset takes 0.07 MiB
[08/02 04:27:53 d2.evaluation.evaluator]: Start inference on 89 batches
[08/02 04:27:54 d2.evaluation.evaluator]: Inference done 11/89. Dataloading: 0.0004 s/iter. Inference: 0.0245 s/iter. Eval: 0.0003 s/iter. Total: 0.0253 s/iter. ETA=0:00:01
[08/02 04:27:56 d2.evaluation.evaluator]: Total inference time: 0:00:02.172487 (0.025863 s / iter per device, on 1 devices)
[08/02 04:27:56 d2.evaluation.evaluator]: Total inference pure compute time: 0:00:02 (0.023869 s / iter per device, on 1 devices)
[08/02 04:27:56 d2.evaluation.coco_evaluation]: Preparing results for COCO format ...
[08/02 04:27:56 d2.evaluation.coco_evaluation]: Saving results to ../../../../models/rgb-testing/without-invotive-5000/coco_instances_results.json
[08/02 04:27:56 d2.evaluation.coco_evaluation]: Evaluating predictions with official COCO API...
Loading and preparing results...
DONE (t=0.00s)
creating index...
index created!
Running per image evaluation...
Evaluate annotation type *bbox*
DONE (t=0.01s).
Accumulating evaluation results...
DONE (t=0.01s).
 Average Precision  (AP) @[ IoU=0.50:0.95 | area=   all | maxDets=100 ] = 0.758
 Average Precision  (AP) @[ IoU=0.50      | area=   all | maxDets=100 ] = 0.953
 Average Precision  (AP) @[ IoU=0.75      | area=   all | maxDets=100 ] = 0.923
 Average Precision  (AP) @[ IoU=0.50:0.95 | area= small | maxDets=100 ] = -1.000
 Average Precision  (AP) @[ IoU=0.50:0.95 | area=medium | maxDets=100 ] = 0.599
 Average Precision  (AP) @[ IoU=0.50:0.95 | area= large | maxDets=100 ] = 0.781
 Average Recall     (AR) @[ IoU=0.50:0.95 | area=   all | maxDets=  1 ] = 0.796
 Average Recall     (AR) @[ IoU=0.50:0.95 | area=   all | maxDets= 10 ] = 0.799
 Average Recall     (AR) @[ IoU=0.50:0.95 | area=   all | maxDets=100 ] = 0.799
 Average Recall     (AR) @[ IoU=0.50:0.95 | area= small | maxDets=100 ] = -1.000
 Average Recall     (AR) @[ IoU=0.50:0.95 | area=medium | maxDets=100 ] = 0.600
 Average Recall     (AR) @[ IoU=0.50:0.95 | area= large | maxDets=100 ] = 0.824
[08/02 04:27:56 d2.evaluation.coco_evaluation]: Evaluation results for bbox: 
|   AP   |  AP50  |  AP75  |  APs  |  APm   |  APl   |
|:------:|:------:|:------:|:-----:|:------:|:------:|
| 75.775 | 95.317 | 92.341 |  nan  | 59.938 | 78.120 |
[08/02 04:27:56 d2.evaluation.coco_evaluation]: Some metrics cannot be computed and is shown as NaN.
Loading and preparing results...
DONE (t=0.00s)
creating index...
index created!
Running per image evaluation...
Evaluate annotation type *segm*
DONE (t=0.02s).
Accumulating evaluation results...
DONE (t=0.01s).
 Average Precision  (AP) @[ IoU=0.50:0.95 | area=   all | maxDets=100 ] = 0.754
 Average Precision  (AP) @[ IoU=0.50      | area=   all | maxDets=100 ] = 0.953
 Average Precision  (AP) @[ IoU=0.75      | area=   all | maxDets=100 ] = 0.903
 Average Precision  (AP) @[ IoU=0.50:0.95 | area= small | maxDets=100 ] = -1.000
 Average Precision  (AP) @[ IoU=0.50:0.95 | area=medium | maxDets=100 ] = 0.584
 Average Precision  (AP) @[ IoU=0.50:0.95 | area= large | maxDets=100 ] = 0.775
 Average Recall     (AR) @[ IoU=0.50:0.95 | area=   all | maxDets=  1 ] = 0.788
 Average Recall     (AR) @[ IoU=0.50:0.95 | area=   all | maxDets= 10 ] = 0.791
 Average Recall     (AR) @[ IoU=0.50:0.95 | area=   all | maxDets=100 ] = 0.791
 Average Recall     (AR) @[ IoU=0.50:0.95 | area= small | maxDets=100 ] = -1.000
 Average Recall     (AR) @[ IoU=0.50:0.95 | area=medium | maxDets=100 ] = 0.590
 Average Recall     (AR) @[ IoU=0.50:0.95 | area= large | maxDets=100 ] = 0.816
[08/02 04:27:56 d2.evaluation.coco_evaluation]: Evaluation results for segm: 
|   AP   |  AP50  |  AP75  |  APs  |  APm   |  APl   |
|:------:|:------:|:------:|:-----:|:------:|:------:|
| 75.409 | 95.317 | 90.293 |  nan  | 58.399 | 77.520 |
[08/02 04:27:56 d2.evaluation.coco_evaluation]: Some metrics cannot be computed and is shown as NaN.
[Iter 2 AP] → mAP@[.5:.95] = 75.409
[08/02 04:27:57 d2.utils.events]:  eta: 0:02:02  iter: 3419  total_loss: 0.1436  loss_cls: 0.01585  loss_box_reg: 0.03835  loss_mask: 0.08753  loss_rpn_cls: 1.176e-05  loss_rpn_loc: 0.001978    time: 0.0779  last_time: 0.0763  data_time: 0.0022  last_data_time: 0.0021   lr: 0.00025  max_mem: 1687M
[08/02 04:27:59 d2.utils.events]:  eta: 0:02:01  iter: 3439  total_loss: 0.1564  loss_cls: 0.01521  loss_box_reg: 0.04062  loss_mask: 0.1025  loss_rpn_cls: 8.301e-06  loss_rpn_loc: 0.001997    time: 0.0779  last_time: 0.0781  data_time: 0.0023  last_data_time: 0.0021   lr: 0.00025  max_mem: 1687M
[08/02 04:28:00 d2.utils.events]:  eta: 0:01:59  iter: 3459  total_loss: 0.1438  loss_cls: 0.01567  loss_box_reg: 0.03471  loss_mask: 0.09514  loss_rpn_cls: 4.09e-06  loss_rpn_loc: 0.001897    time: 0.0779  last_time: 0.0751  data_time: 0.0023  last_data_time: 0.0021   lr: 0.00025  max_mem: 1687M
[08/02 04:28:02 d2.utils.events]:  eta: 0:01:57  iter: 3479  total_loss: 0.1883  loss_cls: 0.01926  loss_box_reg: 0.04526  loss_mask: 0.1153  loss_rpn_cls: 3.429e-06  loss_rpn_loc: 0.002294    time: 0.0779  last_time: 0.0738  data_time: 0.0022  last_data_time: 0.0021   lr: 0.00025  max_mem: 1687M
[08/02 04:28:04 d2.utils.events]:  eta: 0:01:56  iter: 3499  total_loss: 0.1737  loss_cls: 0.01856  loss_box_reg: 0.04259  loss_mask: 0.1117  loss_rpn_cls: 5.696e-06  loss_rpn_loc: 0.002343    time: 0.0779  last_time: 0.0827  data_time: 0.0023  last_data_time: 0.0021   lr: 0.00025  max_mem: 1687M
[08/02 04:28:04 d2.evaluation.coco_evaluation]: Fast COCO eval is not built. Falling back to official COCO eval.
[08/02 04:28:04 d2.data.datasets.coco]: Loaded 89 images in COCO format from /projects/PUCHALLA/LLP2024/tumor-segmentation/data/processed_data/rgb/test/images/test.json
[08/02 04:28:04 d2.data.dataset_mapper]: [DatasetMapper] Augmentations used in inference: [ResizeShortestEdge(short_edge_length=(800, 800), max_size=1333, sample_style='choice')]
[08/02 04:28:04 d2.data.common]: Serializing the dataset using: <class 'detectron2.data.common._TorchSerializedList'>
[08/02 04:28:04 d2.data.common]: Serializing 89 elements to byte tensors and concatenating them all ...
[08/02 04:28:04 d2.data.common]: Serialized dataset takes 0.07 MiB
[08/02 04:28:04 d2.evaluation.evaluator]: Start inference on 89 batches
[08/02 04:28:04 d2.evaluation.evaluator]: Inference done 11/89. Dataloading: 0.0005 s/iter. Inference: 0.0237 s/iter. Eval: 0.0003 s/iter. Total: 0.0245 s/iter. ETA=0:00:01
[08/02 04:28:06 d2.evaluation.evaluator]: Total inference time: 0:00:02.163706 (0.025758 s / iter per device, on 1 devices)
[08/02 04:28:06 d2.evaluation.evaluator]: Total inference pure compute time: 0:00:01 (0.023716 s / iter per device, on 1 devices)
[08/02 04:28:06 d2.evaluation.coco_evaluation]: Preparing results for COCO format ...
[08/02 04:28:06 d2.evaluation.coco_evaluation]: Saving results to ../../../../models/rgb-testing/without-invotive-5000/coco_instances_results.json
[08/02 04:28:06 d2.evaluation.coco_evaluation]: Evaluating predictions with official COCO API...
Loading and preparing results...
DONE (t=0.00s)
creating index...
index created!
Running per image evaluation...
Evaluate annotation type *bbox*
DONE (t=0.01s).
Accumulating evaluation results...
DONE (t=0.01s).
 Average Precision  (AP) @[ IoU=0.50:0.95 | area=   all | maxDets=100 ] = 0.728
 Average Precision  (AP) @[ IoU=0.50      | area=   all | maxDets=100 ] = 0.941
 Average Precision  (AP) @[ IoU=0.75      | area=   all | maxDets=100 ] = 0.900
 Average Precision  (AP) @[ IoU=0.50:0.95 | area= small | maxDets=100 ] = -1.000
 Average Precision  (AP) @[ IoU=0.50:0.95 | area=medium | maxDets=100 ] = 0.612
 Average Precision  (AP) @[ IoU=0.50:0.95 | area= large | maxDets=100 ] = 0.746
 Average Recall     (AR) @[ IoU=0.50:0.95 | area=   all | maxDets=  1 ] = 0.771
 Average Recall     (AR) @[ IoU=0.50:0.95 | area=   all | maxDets= 10 ] = 0.775
 Average Recall     (AR) @[ IoU=0.50:0.95 | area=   all | maxDets=100 ] = 0.775
 Average Recall     (AR) @[ IoU=0.50:0.95 | area= small | maxDets=100 ] = -1.000
 Average Recall     (AR) @[ IoU=0.50:0.95 | area=medium | maxDets=100 ] = 0.610
 Average Recall     (AR) @[ IoU=0.50:0.95 | area= large | maxDets=100 ] = 0.796
[08/02 04:28:06 d2.evaluation.coco_evaluation]: Evaluation results for bbox: 
|   AP   |  AP50  |  AP75  |  APs  |  APm   |  APl   |
|:------:|:------:|:------:|:-----:|:------:|:------:|
| 72.815 | 94.101 | 89.997 |  nan  | 61.176 | 74.551 |
[08/02 04:28:06 d2.evaluation.coco_evaluation]: Some metrics cannot be computed and is shown as NaN.
Loading and preparing results...
DONE (t=0.00s)
creating index...
index created!
Running per image evaluation...
Evaluate annotation type *segm*
DONE (t=0.02s).
Accumulating evaluation results...
DONE (t=0.01s).
 Average Precision  (AP) @[ IoU=0.50:0.95 | area=   all | maxDets=100 ] = 0.739
 Average Precision  (AP) @[ IoU=0.50      | area=   all | maxDets=100 ] = 0.941
 Average Precision  (AP) @[ IoU=0.75      | area=   all | maxDets=100 ] = 0.901
 Average Precision  (AP) @[ IoU=0.50:0.95 | area= small | maxDets=100 ] = -1.000
 Average Precision  (AP) @[ IoU=0.50:0.95 | area=medium | maxDets=100 ] = 0.576
 Average Precision  (AP) @[ IoU=0.50:0.95 | area= large | maxDets=100 ] = 0.759
 Average Recall     (AR) @[ IoU=0.50:0.95 | area=   all | maxDets=  1 ] = 0.776
 Average Recall     (AR) @[ IoU=0.50:0.95 | area=   all | maxDets= 10 ] = 0.780
 Average Recall     (AR) @[ IoU=0.50:0.95 | area=   all | maxDets=100 ] = 0.780
 Average Recall     (AR) @[ IoU=0.50:0.95 | area= small | maxDets=100 ] = -1.000
 Average Recall     (AR) @[ IoU=0.50:0.95 | area=medium | maxDets=100 ] = 0.580
 Average Recall     (AR) @[ IoU=0.50:0.95 | area= large | maxDets=100 ] = 0.805
[08/02 04:28:06 d2.evaluation.coco_evaluation]: Evaluation results for segm: 
|   AP   |  AP50  |  AP75  |  APs  |  APm   |  APl   |
|:------:|:------:|:------:|:-----:|:------:|:------:|
| 73.910 | 94.101 | 90.143 |  nan  | 57.562 | 75.948 |
[08/02 04:28:06 d2.evaluation.coco_evaluation]: Some metrics cannot be computed and is shown as NaN.
[Iter 2 AP] → mAP@[.5:.95] = 73.910
[08/02 04:28:08 d2.utils.events]:  eta: 0:01:54  iter: 3519  total_loss: 0.1627  loss_cls: 0.01591  loss_box_reg: 0.03989  loss_mask: 0.1033  loss_rpn_cls: 4.726e-06  loss_rpn_loc: 0.002275    time: 0.0779  last_time: 0.0781  data_time: 0.0023  last_data_time: 0.0024   lr: 0.00025  max_mem: 1687M
[08/02 04:28:09 d2.utils.events]:  eta: 0:01:53  iter: 3539  total_loss: 0.1475  loss_cls: 0.01626  loss_box_reg: 0.03368  loss_mask: 0.09176  loss_rpn_cls: 3.366e-06  loss_rpn_loc: 0.001881    time: 0.0779  last_time: 0.0776  data_time: 0.0024  last_data_time: 0.0022   lr: 0.00025  max_mem: 1687M
[08/02 04:28:11 d2.utils.events]:  eta: 0:01:51  iter: 3559  total_loss: 0.1401  loss_cls: 0.01328  loss_box_reg: 0.0334  loss_mask: 0.09321  loss_rpn_cls: 5.463e-06  loss_rpn_loc: 0.002211    time: 0.0779  last_time: 0.0760  data_time: 0.0023  last_data_time: 0.0022   lr: 0.00025  max_mem: 1687M
[08/02 04:28:12 d2.utils.events]:  eta: 0:01:50  iter: 3579  total_loss: 0.1435  loss_cls: 0.01452  loss_box_reg: 0.03847  loss_mask: 0.0938  loss_rpn_cls: 7.086e-06  loss_rpn_loc: 0.001706    time: 0.0779  last_time: 0.0773  data_time: 0.0023  last_data_time: 0.0023   lr: 0.00025  max_mem: 1687M
[08/02 04:28:14 d2.utils.events]:  eta: 0:01:48  iter: 3599  total_loss: 0.1457  loss_cls: 0.01319  loss_box_reg: 0.03435  loss_mask: 0.09381  loss_rpn_cls: 2.681e-06  loss_rpn_loc: 0.001672    time: 0.0778  last_time: 0.0733  data_time: 0.0021  last_data_time: 0.0021   lr: 0.00025  max_mem: 1687M
[08/02 04:28:14 d2.evaluation.coco_evaluation]: Fast COCO eval is not built. Falling back to official COCO eval.
[08/02 04:28:14 d2.data.datasets.coco]: Loaded 89 images in COCO format from /projects/PUCHALLA/LLP2024/tumor-segmentation/data/processed_data/rgb/test/images/test.json
[08/02 04:28:14 d2.data.dataset_mapper]: [DatasetMapper] Augmentations used in inference: [ResizeShortestEdge(short_edge_length=(800, 800), max_size=1333, sample_style='choice')]
[08/02 04:28:14 d2.data.common]: Serializing the dataset using: <class 'detectron2.data.common._TorchSerializedList'>
[08/02 04:28:14 d2.data.common]: Serializing 89 elements to byte tensors and concatenating them all ...
[08/02 04:28:14 d2.data.common]: Serialized dataset takes 0.07 MiB
[08/02 04:28:14 d2.evaluation.evaluator]: Start inference on 89 batches
[08/02 04:28:14 d2.evaluation.evaluator]: Inference done 11/89. Dataloading: 0.0005 s/iter. Inference: 0.0241 s/iter. Eval: 0.0003 s/iter. Total: 0.0249 s/iter. ETA=0:00:01
[08/02 04:28:16 d2.evaluation.evaluator]: Total inference time: 0:00:02.165008 (0.025774 s / iter per device, on 1 devices)
[08/02 04:28:16 d2.evaluation.evaluator]: Total inference pure compute time: 0:00:01 (0.023765 s / iter per device, on 1 devices)
[08/02 04:28:16 d2.evaluation.coco_evaluation]: Preparing results for COCO format ...
[08/02 04:28:16 d2.evaluation.coco_evaluation]: Saving results to ../../../../models/rgb-testing/without-invotive-5000/coco_instances_results.json
[08/02 04:28:16 d2.evaluation.coco_evaluation]: Evaluating predictions with official COCO API...
Loading and preparing results...
DONE (t=0.00s)
creating index...
index created!
Running per image evaluation...
Evaluate annotation type *bbox*
DONE (t=0.02s).
Accumulating evaluation results...
DONE (t=0.01s).
 Average Precision  (AP) @[ IoU=0.50:0.95 | area=   all | maxDets=100 ] = 0.738
 Average Precision  (AP) @[ IoU=0.50      | area=   all | maxDets=100 ] = 0.944
 Average Precision  (AP) @[ IoU=0.75      | area=   all | maxDets=100 ] = 0.914
 Average Precision  (AP) @[ IoU=0.50:0.95 | area= small | maxDets=100 ] = -1.000
 Average Precision  (AP) @[ IoU=0.50:0.95 | area=medium | maxDets=100 ] = 0.567
 Average Precision  (AP) @[ IoU=0.50:0.95 | area= large | maxDets=100 ] = 0.760
 Average Recall     (AR) @[ IoU=0.50:0.95 | area=   all | maxDets=  1 ] = 0.776
 Average Recall     (AR) @[ IoU=0.50:0.95 | area=   all | maxDets= 10 ] = 0.780
 Average Recall     (AR) @[ IoU=0.50:0.95 | area=   all | maxDets=100 ] = 0.780
 Average Recall     (AR) @[ IoU=0.50:0.95 | area= small | maxDets=100 ] = -1.000
 Average Recall     (AR) @[ IoU=0.50:0.95 | area=medium | maxDets=100 ] = 0.570
 Average Recall     (AR) @[ IoU=0.50:0.95 | area= large | maxDets=100 ] = 0.806
[08/02 04:28:16 d2.evaluation.coco_evaluation]: Evaluation results for bbox: 
|   AP   |  AP50  |  AP75  |  APs  |  APm   |  APl   |
|:------:|:------:|:------:|:-----:|:------:|:------:|
| 73.753 | 94.364 | 91.375 |  nan  | 56.722 | 76.018 |
[08/02 04:28:16 d2.evaluation.coco_evaluation]: Some metrics cannot be computed and is shown as NaN.
Loading and preparing results...
DONE (t=0.00s)
creating index...
index created!
Running per image evaluation...
Evaluate annotation type *segm*
DONE (t=0.02s).
Accumulating evaluation results...
DONE (t=0.01s).
 Average Precision  (AP) @[ IoU=0.50:0.95 | area=   all | maxDets=100 ] = 0.739
 Average Precision  (AP) @[ IoU=0.50      | area=   all | maxDets=100 ] = 0.944
 Average Precision  (AP) @[ IoU=0.75      | area=   all | maxDets=100 ] = 0.882
 Average Precision  (AP) @[ IoU=0.50:0.95 | area= small | maxDets=100 ] = -1.000
 Average Precision  (AP) @[ IoU=0.50:0.95 | area=medium | maxDets=100 ] = 0.567
 Average Precision  (AP) @[ IoU=0.50:0.95 | area= large | maxDets=100 ] = 0.762
 Average Recall     (AR) @[ IoU=0.50:0.95 | area=   all | maxDets=  1 ] = 0.774
 Average Recall     (AR) @[ IoU=0.50:0.95 | area=   all | maxDets= 10 ] = 0.778
 Average Recall     (AR) @[ IoU=0.50:0.95 | area=   all | maxDets=100 ] = 0.778
 Average Recall     (AR) @[ IoU=0.50:0.95 | area= small | maxDets=100 ] = -1.000
 Average Recall     (AR) @[ IoU=0.50:0.95 | area=medium | maxDets=100 ] = 0.580
 Average Recall     (AR) @[ IoU=0.50:0.95 | area= large | maxDets=100 ] = 0.803
[08/02 04:28:16 d2.evaluation.coco_evaluation]: Evaluation results for segm: 
|   AP   |  AP50  |  AP75  |  APs  |  APm   |  APl   |
|:------:|:------:|:------:|:-----:|:------:|:------:|
| 73.942 | 94.364 | 88.188 |  nan  | 56.667 | 76.243 |
[08/02 04:28:16 d2.evaluation.coco_evaluation]: Some metrics cannot be computed and is shown as NaN.
[Iter 2 AP] → mAP@[.5:.95] = 73.942
[08/02 04:28:18 d2.utils.events]:  eta: 0:01:47  iter: 3619  total_loss: 0.1433  loss_cls: 0.01519  loss_box_reg: 0.0359  loss_mask: 0.08946  loss_rpn_cls: 4.739e-06  loss_rpn_loc: 0.001771    time: 0.0778  last_time: 0.0813  data_time: 0.0023  last_data_time: 0.0022   lr: 0.00025  max_mem: 1687M
[08/02 04:28:19 d2.utils.events]:  eta: 0:01:45  iter: 3639  total_loss: 0.157  loss_cls: 0.018  loss_box_reg: 0.04072  loss_mask: 0.1021  loss_rpn_cls: 3.942e-05  loss_rpn_loc: 0.0022    time: 0.0778  last_time: 0.0799  data_time: 0.0023  last_data_time: 0.0023   lr: 0.00025  max_mem: 1687M
[08/02 04:28:21 d2.utils.events]:  eta: 0:01:43  iter: 3659  total_loss: 0.1556  loss_cls: 0.01643  loss_box_reg: 0.03975  loss_mask: 0.09551  loss_rpn_cls: 1.489e-05  loss_rpn_loc: 0.00223    time: 0.0779  last_time: 0.0814  data_time: 0.0023  last_data_time: 0.0021   lr: 0.00025  max_mem: 1687M
[08/02 04:28:23 d2.utils.events]:  eta: 0:01:42  iter: 3679  total_loss: 0.164  loss_cls: 0.01392  loss_box_reg: 0.03768  loss_mask: 0.1039  loss_rpn_cls: 3.08e-06  loss_rpn_loc: 0.001726    time: 0.0779  last_time: 0.0763  data_time: 0.0022  last_data_time: 0.0022   lr: 0.00025  max_mem: 1687M
[08/02 04:28:24 d2.utils.events]:  eta: 0:01:40  iter: 3699  total_loss: 0.1644  loss_cls: 0.01711  loss_box_reg: 0.04121  loss_mask: 0.107  loss_rpn_cls: 2.448e-05  loss_rpn_loc: 0.001681    time: 0.0778  last_time: 0.0744  data_time: 0.0023  last_data_time: 0.0022   lr: 0.00025  max_mem: 1687M
[08/02 04:28:24 d2.evaluation.coco_evaluation]: Fast COCO eval is not built. Falling back to official COCO eval.
[08/02 04:28:24 d2.data.datasets.coco]: Loaded 89 images in COCO format from /projects/PUCHALLA/LLP2024/tumor-segmentation/data/processed_data/rgb/test/images/test.json
[08/02 04:28:24 d2.data.dataset_mapper]: [DatasetMapper] Augmentations used in inference: [ResizeShortestEdge(short_edge_length=(800, 800), max_size=1333, sample_style='choice')]
[08/02 04:28:24 d2.data.common]: Serializing the dataset using: <class 'detectron2.data.common._TorchSerializedList'>
[08/02 04:28:24 d2.data.common]: Serializing 89 elements to byte tensors and concatenating them all ...
[08/02 04:28:24 d2.data.common]: Serialized dataset takes 0.07 MiB
[08/02 04:28:24 d2.evaluation.evaluator]: Start inference on 89 batches
[08/02 04:28:25 d2.evaluation.evaluator]: Inference done 11/89. Dataloading: 0.0005 s/iter. Inference: 0.0246 s/iter. Eval: 0.0003 s/iter. Total: 0.0254 s/iter. ETA=0:00:01
[08/02 04:28:27 d2.evaluation.evaluator]: Total inference time: 0:00:02.194444 (0.026124 s / iter per device, on 1 devices)
[08/02 04:28:27 d2.evaluation.evaluator]: Total inference pure compute time: 0:00:02 (0.024139 s / iter per device, on 1 devices)
[08/02 04:28:27 d2.evaluation.coco_evaluation]: Preparing results for COCO format ...
[08/02 04:28:27 d2.evaluation.coco_evaluation]: Saving results to ../../../../models/rgb-testing/without-invotive-5000/coco_instances_results.json
[08/02 04:28:27 d2.evaluation.coco_evaluation]: Evaluating predictions with official COCO API...
Loading and preparing results...
DONE (t=0.00s)
creating index...
index created!
Running per image evaluation...
Evaluate annotation type *bbox*
DONE (t=0.01s).
Accumulating evaluation results...
DONE (t=0.01s).
 Average Precision  (AP) @[ IoU=0.50:0.95 | area=   all | maxDets=100 ] = 0.724
 Average Precision  (AP) @[ IoU=0.50      | area=   all | maxDets=100 ] = 0.941
 Average Precision  (AP) @[ IoU=0.75      | area=   all | maxDets=100 ] = 0.881
 Average Precision  (AP) @[ IoU=0.50:0.95 | area= small | maxDets=100 ] = -1.000
 Average Precision  (AP) @[ IoU=0.50:0.95 | area=medium | maxDets=100 ] = 0.533
 Average Precision  (AP) @[ IoU=0.50:0.95 | area= large | maxDets=100 ] = 0.750
 Average Recall     (AR) @[ IoU=0.50:0.95 | area=   all | maxDets=  1 ] = 0.764
 Average Recall     (AR) @[ IoU=0.50:0.95 | area=   all | maxDets= 10 ] = 0.770
 Average Recall     (AR) @[ IoU=0.50:0.95 | area=   all | maxDets=100 ] = 0.770
 Average Recall     (AR) @[ IoU=0.50:0.95 | area= small | maxDets=100 ] = -1.000
 Average Recall     (AR) @[ IoU=0.50:0.95 | area=medium | maxDets=100 ] = 0.540
 Average Recall     (AR) @[ IoU=0.50:0.95 | area= large | maxDets=100 ] = 0.799
[08/02 04:28:27 d2.evaluation.coco_evaluation]: Evaluation results for bbox: 
|   AP   |  AP50  |  AP75  |  APs  |  APm   |  APl   |
|:------:|:------:|:------:|:-----:|:------:|:------:|
| 72.410 | 94.064 | 88.067 |  nan  | 53.321 | 74.951 |
[08/02 04:28:27 d2.evaluation.coco_evaluation]: Some metrics cannot be computed and is shown as NaN.
Loading and preparing results...
DONE (t=0.00s)
creating index...
index created!
Running per image evaluation...
Evaluate annotation type *segm*
DONE (t=0.02s).
Accumulating evaluation results...
DONE (t=0.01s).
 Average Precision  (AP) @[ IoU=0.50:0.95 | area=   all | maxDets=100 ] = 0.739
 Average Precision  (AP) @[ IoU=0.50      | area=   all | maxDets=100 ] = 0.941
 Average Precision  (AP) @[ IoU=0.75      | area=   all | maxDets=100 ] = 0.901
 Average Precision  (AP) @[ IoU=0.50:0.95 | area= small | maxDets=100 ] = -1.000
 Average Precision  (AP) @[ IoU=0.50:0.95 | area=medium | maxDets=100 ] = 0.533
 Average Precision  (AP) @[ IoU=0.50:0.95 | area= large | maxDets=100 ] = 0.765
 Average Recall     (AR) @[ IoU=0.50:0.95 | area=   all | maxDets=  1 ] = 0.771
 Average Recall     (AR) @[ IoU=0.50:0.95 | area=   all | maxDets= 10 ] = 0.776
 Average Recall     (AR) @[ IoU=0.50:0.95 | area=   all | maxDets=100 ] = 0.776
 Average Recall     (AR) @[ IoU=0.50:0.95 | area= small | maxDets=100 ] = -1.000
 Average Recall     (AR) @[ IoU=0.50:0.95 | area=medium | maxDets=100 ] = 0.550
 Average Recall     (AR) @[ IoU=0.50:0.95 | area= large | maxDets=100 ] = 0.805
[08/02 04:28:27 d2.evaluation.coco_evaluation]: Evaluation results for segm: 
|   AP   |  AP50  |  AP75  |  APs  |  APm   |  APl   |
|:------:|:------:|:------:|:-----:|:------:|:------:|
| 73.899 | 94.064 | 90.058 |  nan  | 53.286 | 76.468 |
[08/02 04:28:27 d2.evaluation.coco_evaluation]: Some metrics cannot be computed and is shown as NaN.
[Iter 2 AP] → mAP@[.5:.95] = 73.899
[08/02 04:28:28 d2.utils.events]:  eta: 0:01:39  iter: 3719  total_loss: 0.1708  loss_cls: 0.01944  loss_box_reg: 0.0391  loss_mask: 0.1073  loss_rpn_cls: 5.823e-06  loss_rpn_loc: 0.001723    time: 0.0779  last_time: 0.0810  data_time: 0.0023  last_data_time: 0.0021   lr: 0.00025  max_mem: 1687M
[08/02 04:28:30 d2.utils.events]:  eta: 0:01:37  iter: 3739  total_loss: 0.1608  loss_cls: 0.01613  loss_box_reg: 0.03896  loss_mask: 0.1066  loss_rpn_cls: 1.256e-05  loss_rpn_loc: 0.002381    time: 0.0779  last_time: 0.0809  data_time: 0.0022  last_data_time: 0.0023   lr: 0.00025  max_mem: 1687M
[08/02 04:28:31 d2.utils.events]:  eta: 0:01:36  iter: 3759  total_loss: 0.1492  loss_cls: 0.01696  loss_box_reg: 0.0368  loss_mask: 0.09971  loss_rpn_cls: 5.041e-06  loss_rpn_loc: 0.001651    time: 0.0779  last_time: 0.0811  data_time: 0.0022  last_data_time: 0.0022   lr: 0.00025  max_mem: 1687M
[08/02 04:28:33 d2.utils.events]:  eta: 0:01:34  iter: 3779  total_loss: 0.1563  loss_cls: 0.01661  loss_box_reg: 0.04073  loss_mask: 0.09618  loss_rpn_cls: 1.499e-05  loss_rpn_loc: 0.002148    time: 0.0779  last_time: 0.0780  data_time: 0.0022  last_data_time: 0.0021   lr: 0.00025  max_mem: 1687M
[08/02 04:28:35 d2.utils.events]:  eta: 0:01:33  iter: 3799  total_loss: 0.1606  loss_cls: 0.01649  loss_box_reg: 0.03881  loss_mask: 0.09829  loss_rpn_cls: 6.708e-06  loss_rpn_loc: 0.001976    time: 0.0778  last_time: 0.0749  data_time: 0.0022  last_data_time: 0.0020   lr: 0.00025  max_mem: 1687M
[08/02 04:28:35 d2.evaluation.coco_evaluation]: Fast COCO eval is not built. Falling back to official COCO eval.
[08/02 04:28:35 d2.data.datasets.coco]: Loaded 89 images in COCO format from /projects/PUCHALLA/LLP2024/tumor-segmentation/data/processed_data/rgb/test/images/test.json
[08/02 04:28:35 d2.data.dataset_mapper]: [DatasetMapper] Augmentations used in inference: [ResizeShortestEdge(short_edge_length=(800, 800), max_size=1333, sample_style='choice')]
[08/02 04:28:35 d2.data.common]: Serializing the dataset using: <class 'detectron2.data.common._TorchSerializedList'>
[08/02 04:28:35 d2.data.common]: Serializing 89 elements to byte tensors and concatenating them all ...
[08/02 04:28:35 d2.data.common]: Serialized dataset takes 0.07 MiB
[08/02 04:28:35 d2.evaluation.evaluator]: Start inference on 89 batches
[08/02 04:28:35 d2.evaluation.evaluator]: Inference done 11/89. Dataloading: 0.0004 s/iter. Inference: 0.0239 s/iter. Eval: 0.0003 s/iter. Total: 0.0247 s/iter. ETA=0:00:01
[08/02 04:28:37 d2.evaluation.evaluator]: Total inference time: 0:00:02.167678 (0.025806 s / iter per device, on 1 devices)
[08/02 04:28:37 d2.evaluation.evaluator]: Total inference pure compute time: 0:00:02 (0.023821 s / iter per device, on 1 devices)
[08/02 04:28:37 d2.evaluation.coco_evaluation]: Preparing results for COCO format ...
[08/02 04:28:37 d2.evaluation.coco_evaluation]: Saving results to ../../../../models/rgb-testing/without-invotive-5000/coco_instances_results.json
[08/02 04:28:37 d2.evaluation.coco_evaluation]: Evaluating predictions with official COCO API...
Loading and preparing results...
DONE (t=0.00s)
creating index...
index created!
Running per image evaluation...
Evaluate annotation type *bbox*
DONE (t=0.01s).
Accumulating evaluation results...
DONE (t=0.01s).
 Average Precision  (AP) @[ IoU=0.50:0.95 | area=   all | maxDets=100 ] = 0.759
 Average Precision  (AP) @[ IoU=0.50      | area=   all | maxDets=100 ] = 0.951
 Average Precision  (AP) @[ IoU=0.75      | area=   all | maxDets=100 ] = 0.930
 Average Precision  (AP) @[ IoU=0.50:0.95 | area= small | maxDets=100 ] = -1.000
 Average Precision  (AP) @[ IoU=0.50:0.95 | area=medium | maxDets=100 ] = 0.585
 Average Precision  (AP) @[ IoU=0.50:0.95 | area= large | maxDets=100 ] = 0.784
 Average Recall     (AR) @[ IoU=0.50:0.95 | area=   all | maxDets=  1 ] = 0.804
 Average Recall     (AR) @[ IoU=0.50:0.95 | area=   all | maxDets= 10 ] = 0.804
 Average Recall     (AR) @[ IoU=0.50:0.95 | area=   all | maxDets=100 ] = 0.804
 Average Recall     (AR) @[ IoU=0.50:0.95 | area= small | maxDets=100 ] = -1.000
 Average Recall     (AR) @[ IoU=0.50:0.95 | area=medium | maxDets=100 ] = 0.590
 Average Recall     (AR) @[ IoU=0.50:0.95 | area= large | maxDets=100 ] = 0.832
[08/02 04:28:37 d2.evaluation.coco_evaluation]: Evaluation results for bbox: 
|   AP   |  AP50  |  AP75  |  APs  |  APm   |  APl   |
|:------:|:------:|:------:|:-----:|:------:|:------:|
| 75.919 | 95.129 | 92.965 |  nan  | 58.490 | 78.382 |
[08/02 04:28:37 d2.evaluation.coco_evaluation]: Some metrics cannot be computed and is shown as NaN.
Loading and preparing results...
DONE (t=0.00s)
creating index...
index created!
Running per image evaluation...
Evaluate annotation type *segm*
DONE (t=0.02s).
Accumulating evaluation results...
DONE (t=0.01s).
 Average Precision  (AP) @[ IoU=0.50:0.95 | area=   all | maxDets=100 ] = 0.762
 Average Precision  (AP) @[ IoU=0.50      | area=   all | maxDets=100 ] = 0.951
 Average Precision  (AP) @[ IoU=0.75      | area=   all | maxDets=100 ] = 0.919
 Average Precision  (AP) @[ IoU=0.50:0.95 | area= small | maxDets=100 ] = -1.000
 Average Precision  (AP) @[ IoU=0.50:0.95 | area=medium | maxDets=100 ] = 0.578
 Average Precision  (AP) @[ IoU=0.50:0.95 | area= large | maxDets=100 ] = 0.785
 Average Recall     (AR) @[ IoU=0.50:0.95 | area=   all | maxDets=  1 ] = 0.800
 Average Recall     (AR) @[ IoU=0.50:0.95 | area=   all | maxDets= 10 ] = 0.800
 Average Recall     (AR) @[ IoU=0.50:0.95 | area=   all | maxDets=100 ] = 0.800
 Average Recall     (AR) @[ IoU=0.50:0.95 | area= small | maxDets=100 ] = -1.000
 Average Recall     (AR) @[ IoU=0.50:0.95 | area=medium | maxDets=100 ] = 0.580
 Average Recall     (AR) @[ IoU=0.50:0.95 | area= large | maxDets=100 ] = 0.828
[08/02 04:28:37 d2.evaluation.coco_evaluation]: Evaluation results for segm: 
|   AP   |  AP50  |  AP75  |  APs  |  APm   |  APl   |
|:------:|:------:|:------:|:-----:|:------:|:------:|
| 76.174 | 95.129 | 91.915 |  nan  | 57.822 | 78.507 |
[08/02 04:28:37 d2.evaluation.coco_evaluation]: Some metrics cannot be computed and is shown as NaN.
[Iter 2 AP] → mAP@[.5:.95] = 76.174
[08/02 04:28:39 d2.utils.events]:  eta: 0:01:31  iter: 3819  total_loss: 0.1689  loss_cls: 0.01668  loss_box_reg: 0.04102  loss_mask: 0.1109  loss_rpn_cls: 5.415e-06  loss_rpn_loc: 0.001938    time: 0.0778  last_time: 0.0722  data_time: 0.0022  last_data_time: 0.0018   lr: 0.00025  max_mem: 1687M
[08/02 04:28:40 d2.utils.events]:  eta: 0:01:29  iter: 3839  total_loss: 0.1532  loss_cls: 0.01737  loss_box_reg: 0.03559  loss_mask: 0.09701  loss_rpn_cls: 4.528e-05  loss_rpn_loc: 0.002406    time: 0.0779  last_time: 0.0776  data_time: 0.0022  last_data_time: 0.0021   lr: 0.00025  max_mem: 1687M
[08/02 04:28:42 d2.utils.events]:  eta: 0:01:28  iter: 3859  total_loss: 0.1515  loss_cls: 0.01334  loss_box_reg: 0.03692  loss_mask: 0.09895  loss_rpn_cls: 7.154e-06  loss_rpn_loc: 0.001846    time: 0.0779  last_time: 0.0814  data_time: 0.0021  last_data_time: 0.0022   lr: 0.00025  max_mem: 1687M
[08/02 04:28:43 d2.utils.events]:  eta: 0:01:26  iter: 3879  total_loss: 0.1536  loss_cls: 0.01807  loss_box_reg: 0.03901  loss_mask: 0.09841  loss_rpn_cls: 6.98e-06  loss_rpn_loc: 0.002088    time: 0.0779  last_time: 0.0774  data_time: 0.0022  last_data_time: 0.0023   lr: 0.00025  max_mem: 1687M
[08/02 04:28:45 d2.utils.events]:  eta: 0:01:25  iter: 3899  total_loss: 0.1664  loss_cls: 0.01858  loss_box_reg: 0.04061  loss_mask: 0.1035  loss_rpn_cls: 5.629e-06  loss_rpn_loc: 0.001987    time: 0.0779  last_time: 0.0825  data_time: 0.0021  last_data_time: 0.0020   lr: 0.00025  max_mem: 1687M
[08/02 04:28:45 d2.evaluation.coco_evaluation]: Fast COCO eval is not built. Falling back to official COCO eval.
[08/02 04:28:45 d2.data.datasets.coco]: Loaded 89 images in COCO format from /projects/PUCHALLA/LLP2024/tumor-segmentation/data/processed_data/rgb/test/images/test.json
[08/02 04:28:45 d2.data.dataset_mapper]: [DatasetMapper] Augmentations used in inference: [ResizeShortestEdge(short_edge_length=(800, 800), max_size=1333, sample_style='choice')]
[08/02 04:28:45 d2.data.common]: Serializing the dataset using: <class 'detectron2.data.common._TorchSerializedList'>
[08/02 04:28:45 d2.data.common]: Serializing 89 elements to byte tensors and concatenating them all ...
[08/02 04:28:45 d2.data.common]: Serialized dataset takes 0.07 MiB
[08/02 04:28:45 d2.evaluation.evaluator]: Start inference on 89 batches
[08/02 04:28:45 d2.evaluation.evaluator]: Inference done 11/89. Dataloading: 0.0004 s/iter. Inference: 0.0243 s/iter. Eval: 0.0003 s/iter. Total: 0.0251 s/iter. ETA=0:00:01
[08/02 04:28:47 d2.evaluation.evaluator]: Total inference time: 0:00:02.152100 (0.025620 s / iter per device, on 1 devices)
[08/02 04:28:47 d2.evaluation.evaluator]: Total inference pure compute time: 0:00:01 (0.023610 s / iter per device, on 1 devices)
[08/02 04:28:47 d2.evaluation.coco_evaluation]: Preparing results for COCO format ...
[08/02 04:28:47 d2.evaluation.coco_evaluation]: Saving results to ../../../../models/rgb-testing/without-invotive-5000/coco_instances_results.json
[08/02 04:28:47 d2.evaluation.coco_evaluation]: Evaluating predictions with official COCO API...
Loading and preparing results...
DONE (t=0.00s)
creating index...
index created!
Running per image evaluation...
Evaluate annotation type *bbox*
DONE (t=0.02s).
Accumulating evaluation results...
DONE (t=0.01s).
 Average Precision  (AP) @[ IoU=0.50:0.95 | area=   all | maxDets=100 ] = 0.726
 Average Precision  (AP) @[ IoU=0.50      | area=   all | maxDets=100 ] = 0.942
 Average Precision  (AP) @[ IoU=0.75      | area=   all | maxDets=100 ] = 0.912
 Average Precision  (AP) @[ IoU=0.50:0.95 | area= small | maxDets=100 ] = -1.000
 Average Precision  (AP) @[ IoU=0.50:0.95 | area=medium | maxDets=100 ] = 0.555
 Average Precision  (AP) @[ IoU=0.50:0.95 | area= large | maxDets=100 ] = 0.747
 Average Recall     (AR) @[ IoU=0.50:0.95 | area=   all | maxDets=  1 ] = 0.773
 Average Recall     (AR) @[ IoU=0.50:0.95 | area=   all | maxDets= 10 ] = 0.773
 Average Recall     (AR) @[ IoU=0.50:0.95 | area=   all | maxDets=100 ] = 0.773
 Average Recall     (AR) @[ IoU=0.50:0.95 | area= small | maxDets=100 ] = -1.000
 Average Recall     (AR) @[ IoU=0.50:0.95 | area=medium | maxDets=100 ] = 0.570
 Average Recall     (AR) @[ IoU=0.50:0.95 | area= large | maxDets=100 ] = 0.799
[08/02 04:28:47 d2.evaluation.coco_evaluation]: Evaluation results for bbox: 
|   AP   |  AP50  |  AP75  |  APs  |  APm   |  APl   |
|:------:|:------:|:------:|:-----:|:------:|:------:|
| 72.590 | 94.216 | 91.187 |  nan  | 55.541 | 74.654 |
[08/02 04:28:47 d2.evaluation.coco_evaluation]: Some metrics cannot be computed and is shown as NaN.
Loading and preparing results...
DONE (t=0.00s)
creating index...
index created!
Running per image evaluation...
Evaluate annotation type *segm*
DONE (t=0.02s).
Accumulating evaluation results...
DONE (t=0.01s).
 Average Precision  (AP) @[ IoU=0.50:0.95 | area=   all | maxDets=100 ] = 0.749
 Average Precision  (AP) @[ IoU=0.50      | area=   all | maxDets=100 ] = 0.942
 Average Precision  (AP) @[ IoU=0.75      | area=   all | maxDets=100 ] = 0.900
 Average Precision  (AP) @[ IoU=0.50:0.95 | area= small | maxDets=100 ] = -1.000
 Average Precision  (AP) @[ IoU=0.50:0.95 | area=medium | maxDets=100 ] = 0.571
 Average Precision  (AP) @[ IoU=0.50:0.95 | area= large | maxDets=100 ] = 0.769
 Average Recall     (AR) @[ IoU=0.50:0.95 | area=   all | maxDets=  1 ] = 0.781
 Average Recall     (AR) @[ IoU=0.50:0.95 | area=   all | maxDets= 10 ] = 0.781
 Average Recall     (AR) @[ IoU=0.50:0.95 | area=   all | maxDets=100 ] = 0.781
 Average Recall     (AR) @[ IoU=0.50:0.95 | area= small | maxDets=100 ] = -1.000
 Average Recall     (AR) @[ IoU=0.50:0.95 | area=medium | maxDets=100 ] = 0.590
 Average Recall     (AR) @[ IoU=0.50:0.95 | area= large | maxDets=100 ] = 0.805
[08/02 04:28:47 d2.evaluation.coco_evaluation]: Evaluation results for segm: 
|   AP   |  AP50  |  AP75  |  APs  |  APm   |  APl   |
|:------:|:------:|:------:|:-----:|:------:|:------:|
| 74.911 | 94.216 | 90.044 |  nan  | 57.129 | 76.950 |
[08/02 04:28:47 d2.evaluation.coco_evaluation]: Some metrics cannot be computed and is shown as NaN.
[Iter 2 AP] → mAP@[.5:.95] = 74.911
[08/02 04:28:49 d2.utils.events]:  eta: 0:01:23  iter: 3919  total_loss: 0.1427  loss_cls: 0.01551  loss_box_reg: 0.03479  loss_mask: 0.09153  loss_rpn_cls: 6.916e-06  loss_rpn_loc: 0.00184    time: 0.0779  last_time: 0.0810  data_time: 0.0024  last_data_time: 0.0022   lr: 0.00025  max_mem: 1687M
[08/02 04:28:50 d2.utils.events]:  eta: 0:01:22  iter: 3939  total_loss: 0.1475  loss_cls: 0.01579  loss_box_reg: 0.03509  loss_mask: 0.09456  loss_rpn_cls: 1.324e-05  loss_rpn_loc: 0.001947    time: 0.0779  last_time: 0.0784  data_time: 0.0023  last_data_time: 0.0023   lr: 0.00025  max_mem: 1687M
[08/02 04:28:52 d2.utils.events]:  eta: 0:01:20  iter: 3959  total_loss: 0.1364  loss_cls: 0.01656  loss_box_reg: 0.0323  loss_mask: 0.0917  loss_rpn_cls: 2.736e-06  loss_rpn_loc: 0.001671    time: 0.0779  last_time: 0.0762  data_time: 0.0023  last_data_time: 0.0020   lr: 0.00025  max_mem: 1687M
[08/02 04:28:54 d2.utils.events]:  eta: 0:01:19  iter: 3979  total_loss: 0.16  loss_cls: 0.01646  loss_box_reg: 0.0357  loss_mask: 0.1019  loss_rpn_cls: 3.896e-06  loss_rpn_loc: 0.001751    time: 0.0779  last_time: 0.0821  data_time: 0.0022  last_data_time: 0.0023   lr: 0.00025  max_mem: 1687M
[08/02 04:28:55 d2.utils.events]:  eta: 0:01:17  iter: 3999  total_loss: 0.1602  loss_cls: 0.01401  loss_box_reg: 0.03565  loss_mask: 0.1012  loss_rpn_cls: 1.38e-05  loss_rpn_loc: 0.002273    time: 0.0779  last_time: 0.0785  data_time: 0.0023  last_data_time: 0.0021   lr: 0.00025  max_mem: 1687M
[08/02 04:28:55 d2.evaluation.coco_evaluation]: Fast COCO eval is not built. Falling back to official COCO eval.
[08/02 04:28:55 d2.data.datasets.coco]: Loaded 89 images in COCO format from /projects/PUCHALLA/LLP2024/tumor-segmentation/data/processed_data/rgb/test/images/test.json
[08/02 04:28:55 d2.data.dataset_mapper]: [DatasetMapper] Augmentations used in inference: [ResizeShortestEdge(short_edge_length=(800, 800), max_size=1333, sample_style='choice')]
[08/02 04:28:55 d2.data.common]: Serializing the dataset using: <class 'detectron2.data.common._TorchSerializedList'>
[08/02 04:28:55 d2.data.common]: Serializing 89 elements to byte tensors and concatenating them all ...
[08/02 04:28:55 d2.data.common]: Serialized dataset takes 0.07 MiB
[08/02 04:28:55 d2.evaluation.evaluator]: Start inference on 89 batches
[08/02 04:28:56 d2.evaluation.evaluator]: Inference done 11/89. Dataloading: 0.0005 s/iter. Inference: 0.0236 s/iter. Eval: 0.0003 s/iter. Total: 0.0244 s/iter. ETA=0:00:01
[08/02 04:28:58 d2.evaluation.evaluator]: Total inference time: 0:00:02.135505 (0.025423 s / iter per device, on 1 devices)
[08/02 04:28:58 d2.evaluation.evaluator]: Total inference pure compute time: 0:00:01 (0.023408 s / iter per device, on 1 devices)
[08/02 04:28:58 d2.evaluation.coco_evaluation]: Preparing results for COCO format ...
[08/02 04:28:58 d2.evaluation.coco_evaluation]: Saving results to ../../../../models/rgb-testing/without-invotive-5000/coco_instances_results.json
[08/02 04:28:58 d2.evaluation.coco_evaluation]: Evaluating predictions with official COCO API...
Loading and preparing results...
DONE (t=0.00s)
creating index...
index created!
Running per image evaluation...
Evaluate annotation type *bbox*
DONE (t=0.01s).
Accumulating evaluation results...
DONE (t=0.01s).
 Average Precision  (AP) @[ IoU=0.50:0.95 | area=   all | maxDets=100 ] = 0.747
 Average Precision  (AP) @[ IoU=0.50      | area=   all | maxDets=100 ] = 0.951
 Average Precision  (AP) @[ IoU=0.75      | area=   all | maxDets=100 ] = 0.919
 Average Precision  (AP) @[ IoU=0.50:0.95 | area= small | maxDets=100 ] = -1.000
 Average Precision  (AP) @[ IoU=0.50:0.95 | area=medium | maxDets=100 ] = 0.628
 Average Precision  (AP) @[ IoU=0.50:0.95 | area= large | maxDets=100 ] = 0.765
 Average Recall     (AR) @[ IoU=0.50:0.95 | area=   all | maxDets=  1 ] = 0.802
 Average Recall     (AR) @[ IoU=0.50:0.95 | area=   all | maxDets= 10 ] = 0.802
 Average Recall     (AR) @[ IoU=0.50:0.95 | area=   all | maxDets=100 ] = 0.802
 Average Recall     (AR) @[ IoU=0.50:0.95 | area= small | maxDets=100 ] = -1.000
 Average Recall     (AR) @[ IoU=0.50:0.95 | area=medium | maxDets=100 ] = 0.640
 Average Recall     (AR) @[ IoU=0.50:0.95 | area= large | maxDets=100 ] = 0.823
[08/02 04:28:58 d2.evaluation.coco_evaluation]: Evaluation results for bbox: 
|   AP   |  AP50  |  AP75  |  APs  |  APm   |  APl   |
|:------:|:------:|:------:|:-----:|:------:|:------:|
| 74.747 | 95.141 | 91.869 |  nan  | 62.793 | 76.517 |
[08/02 04:28:58 d2.evaluation.coco_evaluation]: Some metrics cannot be computed and is shown as NaN.
Loading and preparing results...
DONE (t=0.00s)
creating index...
index created!
Running per image evaluation...
Evaluate annotation type *segm*
DONE (t=0.02s).
Accumulating evaluation results...
DONE (t=0.01s).
 Average Precision  (AP) @[ IoU=0.50:0.95 | area=   all | maxDets=100 ] = 0.758
 Average Precision  (AP) @[ IoU=0.50      | area=   all | maxDets=100 ] = 0.951
 Average Precision  (AP) @[ IoU=0.75      | area=   all | maxDets=100 ] = 0.930
 Average Precision  (AP) @[ IoU=0.50:0.95 | area= small | maxDets=100 ] = -1.000
 Average Precision  (AP) @[ IoU=0.50:0.95 | area=medium | maxDets=100 ] = 0.577
 Average Precision  (AP) @[ IoU=0.50:0.95 | area= large | maxDets=100 ] = 0.781
 Average Recall     (AR) @[ IoU=0.50:0.95 | area=   all | maxDets=  1 ] = 0.801
 Average Recall     (AR) @[ IoU=0.50:0.95 | area=   all | maxDets= 10 ] = 0.801
 Average Recall     (AR) @[ IoU=0.50:0.95 | area=   all | maxDets=100 ] = 0.801
 Average Recall     (AR) @[ IoU=0.50:0.95 | area= small | maxDets=100 ] = -1.000
 Average Recall     (AR) @[ IoU=0.50:0.95 | area=medium | maxDets=100 ] = 0.600
 Average Recall     (AR) @[ IoU=0.50:0.95 | area= large | maxDets=100 ] = 0.827
[08/02 04:28:58 d2.evaluation.coco_evaluation]: Evaluation results for segm: 
|   AP   |  AP50  |  AP75  |  APs  |  APm   |  APl   |
|:------:|:------:|:------:|:-----:|:------:|:------:|
| 75.787 | 95.141 | 92.956 |  nan  | 57.672 | 78.134 |
[08/02 04:28:58 d2.evaluation.coco_evaluation]: Some metrics cannot be computed and is shown as NaN.
[Iter 2 AP] → mAP@[.5:.95] = 75.787
[08/02 04:28:59 d2.utils.events]:  eta: 0:01:16  iter: 4019  total_loss: 0.1464  loss_cls: 0.01692  loss_box_reg: 0.03775  loss_mask: 0.08965  loss_rpn_cls: 3.205e-06  loss_rpn_loc: 0.001839    time: 0.0779  last_time: 0.0768  data_time: 0.0022  last_data_time: 0.0023   lr: 0.000125  max_mem: 1687M
[08/02 04:29:01 d2.utils.events]:  eta: 0:01:14  iter: 4039  total_loss: 0.1593  loss_cls: 0.01654  loss_box_reg: 0.0394  loss_mask: 0.1044  loss_rpn_cls: 2.975e-06  loss_rpn_loc: 0.001866    time: 0.0779  last_time: 0.0731  data_time: 0.0024  last_data_time: 0.0021   lr: 0.000125  max_mem: 1687M
[08/02 04:29:02 d2.utils.events]:  eta: 0:01:12  iter: 4059  total_loss: 0.1469  loss_cls: 0.01596  loss_box_reg: 0.03637  loss_mask: 0.09093  loss_rpn_cls: 2.706e-05  loss_rpn_loc: 0.00213    time: 0.0779  last_time: 0.0772  data_time: 0.0023  last_data_time: 0.0023   lr: 0.000125  max_mem: 1687M
[08/02 04:29:04 d2.utils.events]:  eta: 0:01:11  iter: 4079  total_loss: 0.1544  loss_cls: 0.01382  loss_box_reg: 0.03409  loss_mask: 0.09547  loss_rpn_cls: 1.351e-06  loss_rpn_loc: 0.001936    time: 0.0779  last_time: 0.0775  data_time: 0.0023  last_data_time: 0.0022   lr: 0.000125  max_mem: 1687M
[08/02 04:29:05 d2.utils.events]:  eta: 0:01:09  iter: 4099  total_loss: 0.133  loss_cls: 0.01304  loss_box_reg: 0.03408  loss_mask: 0.08728  loss_rpn_cls: 5.739e-06  loss_rpn_loc: 0.001775    time: 0.0779  last_time: 0.0818  data_time: 0.0025  last_data_time: 0.0023   lr: 0.000125  max_mem: 1687M
[08/02 04:29:06 d2.evaluation.coco_evaluation]: Fast COCO eval is not built. Falling back to official COCO eval.
[08/02 04:29:06 d2.data.datasets.coco]: Loaded 89 images in COCO format from /projects/PUCHALLA/LLP2024/tumor-segmentation/data/processed_data/rgb/test/images/test.json
[08/02 04:29:06 d2.data.dataset_mapper]: [DatasetMapper] Augmentations used in inference: [ResizeShortestEdge(short_edge_length=(800, 800), max_size=1333, sample_style='choice')]
[08/02 04:29:06 d2.data.common]: Serializing the dataset using: <class 'detectron2.data.common._TorchSerializedList'>
[08/02 04:29:06 d2.data.common]: Serializing 89 elements to byte tensors and concatenating them all ...
[08/02 04:29:06 d2.data.common]: Serialized dataset takes 0.07 MiB
[08/02 04:29:06 d2.evaluation.evaluator]: Start inference on 89 batches
[08/02 04:29:06 d2.evaluation.evaluator]: Inference done 11/89. Dataloading: 0.0005 s/iter. Inference: 0.0245 s/iter. Eval: 0.0003 s/iter. Total: 0.0253 s/iter. ETA=0:00:01
[08/02 04:29:08 d2.evaluation.evaluator]: Total inference time: 0:00:02.175050 (0.025893 s / iter per device, on 1 devices)
[08/02 04:29:08 d2.evaluation.evaluator]: Total inference pure compute time: 0:00:02 (0.023882 s / iter per device, on 1 devices)
[08/02 04:29:08 d2.evaluation.coco_evaluation]: Preparing results for COCO format ...
[08/02 04:29:08 d2.evaluation.coco_evaluation]: Saving results to ../../../../models/rgb-testing/without-invotive-5000/coco_instances_results.json
[08/02 04:29:08 d2.evaluation.coco_evaluation]: Evaluating predictions with official COCO API...
Loading and preparing results...
DONE (t=0.00s)
creating index...
index created!
Running per image evaluation...
Evaluate annotation type *bbox*
DONE (t=0.01s).
Accumulating evaluation results...
DONE (t=0.01s).
 Average Precision  (AP) @[ IoU=0.50:0.95 | area=   all | maxDets=100 ] = 0.731
 Average Precision  (AP) @[ IoU=0.50      | area=   all | maxDets=100 ] = 0.951
 Average Precision  (AP) @[ IoU=0.75      | area=   all | maxDets=100 ] = 0.899
 Average Precision  (AP) @[ IoU=0.50:0.95 | area= small | maxDets=100 ] = -1.000
 Average Precision  (AP) @[ IoU=0.50:0.95 | area=medium | maxDets=100 ] = 0.585
 Average Precision  (AP) @[ IoU=0.50:0.95 | area= large | maxDets=100 ] = 0.750
 Average Recall     (AR) @[ IoU=0.50:0.95 | area=   all | maxDets=  1 ] = 0.784
 Average Recall     (AR) @[ IoU=0.50:0.95 | area=   all | maxDets= 10 ] = 0.788
 Average Recall     (AR) @[ IoU=0.50:0.95 | area=   all | maxDets=100 ] = 0.788
 Average Recall     (AR) @[ IoU=0.50:0.95 | area= small | maxDets=100 ] = -1.000
 Average Recall     (AR) @[ IoU=0.50:0.95 | area=medium | maxDets=100 ] = 0.590
 Average Recall     (AR) @[ IoU=0.50:0.95 | area= large | maxDets=100 ] = 0.813
[08/02 04:29:08 d2.evaluation.coco_evaluation]: Evaluation results for bbox: 
|   AP   |  AP50  |  AP75  |  APs  |  APm   |  APl   |
|:------:|:------:|:------:|:-----:|:------:|:------:|
| 73.072 | 95.079 | 89.871 |  nan  | 58.453 | 75.022 |
[08/02 04:29:08 d2.evaluation.coco_evaluation]: Some metrics cannot be computed and is shown as NaN.
Loading and preparing results...
DONE (t=0.00s)
creating index...
index created!
Running per image evaluation...
Evaluate annotation type *segm*
DONE (t=0.02s).
Accumulating evaluation results...
DONE (t=0.01s).
 Average Precision  (AP) @[ IoU=0.50:0.95 | area=   all | maxDets=100 ] = 0.742
 Average Precision  (AP) @[ IoU=0.50      | area=   all | maxDets=100 ] = 0.941
 Average Precision  (AP) @[ IoU=0.75      | area=   all | maxDets=100 ] = 0.901
 Average Precision  (AP) @[ IoU=0.50:0.95 | area= small | maxDets=100 ] = -1.000
 Average Precision  (AP) @[ IoU=0.50:0.95 | area=medium | maxDets=100 ] = 0.562
 Average Precision  (AP) @[ IoU=0.50:0.95 | area= large | maxDets=100 ] = 0.763
 Average Recall     (AR) @[ IoU=0.50:0.95 | area=   all | maxDets=  1 ] = 0.780
 Average Recall     (AR) @[ IoU=0.50:0.95 | area=   all | maxDets= 10 ] = 0.783
 Average Recall     (AR) @[ IoU=0.50:0.95 | area=   all | maxDets=100 ] = 0.783
 Average Recall     (AR) @[ IoU=0.50:0.95 | area= small | maxDets=100 ] = -1.000
 Average Recall     (AR) @[ IoU=0.50:0.95 | area=medium | maxDets=100 ] = 0.580
 Average Recall     (AR) @[ IoU=0.50:0.95 | area= large | maxDets=100 ] = 0.809
[08/02 04:29:08 d2.evaluation.coco_evaluation]: Evaluation results for segm: 
|   AP   |  AP50  |  AP75  |  APs  |  APm   |  APl   |
|:------:|:------:|:------:|:-----:|:------:|:------:|
| 74.187 | 94.099 | 90.083 |  nan  | 56.216 | 76.257 |
[08/02 04:29:08 d2.evaluation.coco_evaluation]: Some metrics cannot be computed and is shown as NaN.
[Iter 2 AP] → mAP@[.5:.95] = 74.187
[08/02 04:29:10 d2.utils.events]:  eta: 0:01:08  iter: 4119  total_loss: 0.1612  loss_cls: 0.01533  loss_box_reg: 0.03749  loss_mask: 0.1039  loss_rpn_cls: 3.803e-06  loss_rpn_loc: 0.00171    time: 0.0779  last_time: 0.0804  data_time: 0.0024  last_data_time: 0.0023   lr: 0.000125  max_mem: 1687M
[08/02 04:29:11 d2.utils.events]:  eta: 0:01:06  iter: 4139  total_loss: 0.1538  loss_cls: 0.01389  loss_box_reg: 0.03212  loss_mask: 0.1007  loss_rpn_cls: 9.921e-06  loss_rpn_loc: 0.002014    time: 0.0779  last_time: 0.0763  data_time: 0.0022  last_data_time: 0.0022   lr: 0.000125  max_mem: 1687M
[08/02 04:29:13 d2.utils.events]:  eta: 0:01:05  iter: 4159  total_loss: 0.1542  loss_cls: 0.0155  loss_box_reg: 0.03671  loss_mask: 0.09925  loss_rpn_cls: 1.318e-05  loss_rpn_loc: 0.001808    time: 0.0779  last_time: 0.0754  data_time: 0.0023  last_data_time: 0.0022   lr: 0.000125  max_mem: 1687M
[08/02 04:29:14 d2.utils.events]:  eta: 0:01:03  iter: 4179  total_loss: 0.1508  loss_cls: 0.01555  loss_box_reg: 0.04004  loss_mask: 0.09501  loss_rpn_cls: 1.832e-05  loss_rpn_loc: 0.001763    time: 0.0778  last_time: 0.0767  data_time: 0.0023  last_data_time: 0.0023   lr: 0.000125  max_mem: 1687M
[08/02 04:29:16 d2.utils.events]:  eta: 0:01:02  iter: 4199  total_loss: 0.1652  loss_cls: 0.01749  loss_box_reg: 0.03848  loss_mask: 0.1045  loss_rpn_cls: 4.427e-06  loss_rpn_loc: 0.001733    time: 0.0778  last_time: 0.0770  data_time: 0.0024  last_data_time: 0.0023   lr: 0.000125  max_mem: 1687M
[08/02 04:29:16 d2.evaluation.coco_evaluation]: Fast COCO eval is not built. Falling back to official COCO eval.
[08/02 04:29:16 d2.data.datasets.coco]: Loaded 89 images in COCO format from /projects/PUCHALLA/LLP2024/tumor-segmentation/data/processed_data/rgb/test/images/test.json
[08/02 04:29:16 d2.data.dataset_mapper]: [DatasetMapper] Augmentations used in inference: [ResizeShortestEdge(short_edge_length=(800, 800), max_size=1333, sample_style='choice')]
[08/02 04:29:16 d2.data.common]: Serializing the dataset using: <class 'detectron2.data.common._TorchSerializedList'>
[08/02 04:29:16 d2.data.common]: Serializing 89 elements to byte tensors and concatenating them all ...
[08/02 04:29:16 d2.data.common]: Serialized dataset takes 0.07 MiB
[08/02 04:29:16 d2.evaluation.evaluator]: Start inference on 89 batches
[08/02 04:29:16 d2.evaluation.evaluator]: Inference done 11/89. Dataloading: 0.0005 s/iter. Inference: 0.0250 s/iter. Eval: 0.0003 s/iter. Total: 0.0258 s/iter. ETA=0:00:02
[08/02 04:29:18 d2.evaluation.evaluator]: Total inference time: 0:00:02.177916 (0.025928 s / iter per device, on 1 devices)
[08/02 04:29:18 d2.evaluation.evaluator]: Total inference pure compute time: 0:00:02 (0.023902 s / iter per device, on 1 devices)
[08/02 04:29:18 d2.evaluation.coco_evaluation]: Preparing results for COCO format ...
[08/02 04:29:18 d2.evaluation.coco_evaluation]: Saving results to ../../../../models/rgb-testing/without-invotive-5000/coco_instances_results.json
[08/02 04:29:18 d2.evaluation.coco_evaluation]: Evaluating predictions with official COCO API...
Loading and preparing results...
DONE (t=0.00s)
creating index...
index created!
Running per image evaluation...
Evaluate annotation type *bbox*
DONE (t=0.01s).
Accumulating evaluation results...
DONE (t=0.01s).
 Average Precision  (AP) @[ IoU=0.50:0.95 | area=   all | maxDets=100 ] = 0.742
 Average Precision  (AP) @[ IoU=0.50      | area=   all | maxDets=100 ] = 0.941
 Average Precision  (AP) @[ IoU=0.75      | area=   all | maxDets=100 ] = 0.899
 Average Precision  (AP) @[ IoU=0.50:0.95 | area= small | maxDets=100 ] = -1.000
 Average Precision  (AP) @[ IoU=0.50:0.95 | area=medium | maxDets=100 ] = 0.606
 Average Precision  (AP) @[ IoU=0.50:0.95 | area= large | maxDets=100 ] = 0.760
 Average Recall     (AR) @[ IoU=0.50:0.95 | area=   all | maxDets=  1 ] = 0.789
 Average Recall     (AR) @[ IoU=0.50:0.95 | area=   all | maxDets= 10 ] = 0.794
 Average Recall     (AR) @[ IoU=0.50:0.95 | area=   all | maxDets=100 ] = 0.794
 Average Recall     (AR) @[ IoU=0.50:0.95 | area= small | maxDets=100 ] = -1.000
 Average Recall     (AR) @[ IoU=0.50:0.95 | area=medium | maxDets=100 ] = 0.610
 Average Recall     (AR) @[ IoU=0.50:0.95 | area= large | maxDets=100 ] = 0.818
[08/02 04:29:18 d2.evaluation.coco_evaluation]: Evaluation results for bbox: 
|   AP   |  AP50  |  AP75  |  APs  |  APm   |  APl   |
|:------:|:------:|:------:|:-----:|:------:|:------:|
| 74.222 | 94.052 | 89.944 |  nan  | 60.622 | 76.046 |
[08/02 04:29:18 d2.evaluation.coco_evaluation]: Some metrics cannot be computed and is shown as NaN.
Loading and preparing results...
DONE (t=0.00s)
creating index...
index created!
Running per image evaluation...
Evaluate annotation type *segm*
DONE (t=0.02s).
Accumulating evaluation results...
DONE (t=0.01s).
 Average Precision  (AP) @[ IoU=0.50:0.95 | area=   all | maxDets=100 ] = 0.751
 Average Precision  (AP) @[ IoU=0.50      | area=   all | maxDets=100 ] = 0.941
 Average Precision  (AP) @[ IoU=0.75      | area=   all | maxDets=100 ] = 0.909
 Average Precision  (AP) @[ IoU=0.50:0.95 | area= small | maxDets=100 ] = -1.000
 Average Precision  (AP) @[ IoU=0.50:0.95 | area=medium | maxDets=100 ] = 0.582
 Average Precision  (AP) @[ IoU=0.50:0.95 | area= large | maxDets=100 ] = 0.773
 Average Recall     (AR) @[ IoU=0.50:0.95 | area=   all | maxDets=  1 ] = 0.783
 Average Recall     (AR) @[ IoU=0.50:0.95 | area=   all | maxDets= 10 ] = 0.790
 Average Recall     (AR) @[ IoU=0.50:0.95 | area=   all | maxDets=100 ] = 0.790
 Average Recall     (AR) @[ IoU=0.50:0.95 | area= small | maxDets=100 ] = -1.000
 Average Recall     (AR) @[ IoU=0.50:0.95 | area=medium | maxDets=100 ] = 0.590
 Average Recall     (AR) @[ IoU=0.50:0.95 | area= large | maxDets=100 ] = 0.815
[08/02 04:29:18 d2.evaluation.coco_evaluation]: Evaluation results for segm: 
|   AP   |  AP50  |  AP75  |  APs  |  APm   |  APl   |
|:------:|:------:|:------:|:-----:|:------:|:------:|
| 75.073 | 94.052 | 90.945 |  nan  | 58.246 | 77.340 |
[08/02 04:29:18 d2.evaluation.coco_evaluation]: Some metrics cannot be computed and is shown as NaN.
[Iter 2 AP] → mAP@[.5:.95] = 75.073
[08/02 04:29:20 d2.utils.events]:  eta: 0:01:00  iter: 4219  total_loss: 0.1483  loss_cls: 0.01599  loss_box_reg: 0.03756  loss_mask: 0.09398  loss_rpn_cls: 1.779e-06  loss_rpn_loc: 0.001671    time: 0.0779  last_time: 0.0802  data_time: 0.0023  last_data_time: 0.0022   lr: 0.000125  max_mem: 1687M
[08/02 04:29:21 d2.utils.events]:  eta: 0:00:58  iter: 4239  total_loss: 0.1439  loss_cls: 0.0142  loss_box_reg: 0.03316  loss_mask: 0.08956  loss_rpn_cls: 6.897e-06  loss_rpn_loc: 0.001723    time: 0.0779  last_time: 0.0822  data_time: 0.0023  last_data_time: 0.0021   lr: 0.000125  max_mem: 1687M
[08/02 04:29:23 d2.utils.events]:  eta: 0:00:57  iter: 4259  total_loss: 0.133  loss_cls: 0.0141  loss_box_reg: 0.0331  loss_mask: 0.08645  loss_rpn_cls: 2.43e-06  loss_rpn_loc: 0.001975    time: 0.0779  last_time: 0.0837  data_time: 0.0023  last_data_time: 0.0022   lr: 0.000125  max_mem: 1687M
[08/02 04:29:25 d2.utils.events]:  eta: 0:00:55  iter: 4279  total_loss: 0.1404  loss_cls: 0.01514  loss_box_reg: 0.03487  loss_mask: 0.08774  loss_rpn_cls: 4.593e-06  loss_rpn_loc: 0.002039    time: 0.0779  last_time: 0.0736  data_time: 0.0022  last_data_time: 0.0022   lr: 0.000125  max_mem: 1687M
[08/02 04:29:26 d2.utils.events]:  eta: 0:00:54  iter: 4299  total_loss: 0.1473  loss_cls: 0.01637  loss_box_reg: 0.03165  loss_mask: 0.09415  loss_rpn_cls: 1.786e-06  loss_rpn_loc: 0.002023    time: 0.0779  last_time: 0.0773  data_time: 0.0022  last_data_time: 0.0024   lr: 0.000125  max_mem: 1687M
[08/02 04:29:26 d2.evaluation.coco_evaluation]: Fast COCO eval is not built. Falling back to official COCO eval.
[08/02 04:29:26 d2.data.datasets.coco]: Loaded 89 images in COCO format from /projects/PUCHALLA/LLP2024/tumor-segmentation/data/processed_data/rgb/test/images/test.json
[08/02 04:29:26 d2.data.dataset_mapper]: [DatasetMapper] Augmentations used in inference: [ResizeShortestEdge(short_edge_length=(800, 800), max_size=1333, sample_style='choice')]
[08/02 04:29:26 d2.data.common]: Serializing the dataset using: <class 'detectron2.data.common._TorchSerializedList'>
[08/02 04:29:26 d2.data.common]: Serializing 89 elements to byte tensors and concatenating them all ...
[08/02 04:29:26 d2.data.common]: Serialized dataset takes 0.07 MiB
[08/02 04:29:26 d2.evaluation.evaluator]: Start inference on 89 batches
[08/02 04:29:27 d2.evaluation.evaluator]: Inference done 11/89. Dataloading: 0.0005 s/iter. Inference: 0.0243 s/iter. Eval: 0.0003 s/iter. Total: 0.0251 s/iter. ETA=0:00:01
[08/02 04:29:29 d2.evaluation.evaluator]: Total inference time: 0:00:02.151844 (0.025617 s / iter per device, on 1 devices)
[08/02 04:29:29 d2.evaluation.evaluator]: Total inference pure compute time: 0:00:01 (0.023579 s / iter per device, on 1 devices)
[08/02 04:29:29 d2.evaluation.coco_evaluation]: Preparing results for COCO format ...
[08/02 04:29:29 d2.evaluation.coco_evaluation]: Saving results to ../../../../models/rgb-testing/without-invotive-5000/coco_instances_results.json
[08/02 04:29:29 d2.evaluation.coco_evaluation]: Evaluating predictions with official COCO API...
Loading and preparing results...
DONE (t=0.00s)
creating index...
index created!
Running per image evaluation...
Evaluate annotation type *bbox*
DONE (t=0.01s).
Accumulating evaluation results...
DONE (t=0.01s).
 Average Precision  (AP) @[ IoU=0.50:0.95 | area=   all | maxDets=100 ] = 0.758
 Average Precision  (AP) @[ IoU=0.50      | area=   all | maxDets=100 ] = 0.950
 Average Precision  (AP) @[ IoU=0.75      | area=   all | maxDets=100 ] = 0.921
 Average Precision  (AP) @[ IoU=0.50:0.95 | area= small | maxDets=100 ] = -1.000
 Average Precision  (AP) @[ IoU=0.50:0.95 | area=medium | maxDets=100 ] = 0.586
 Average Precision  (AP) @[ IoU=0.50:0.95 | area= large | maxDets=100 ] = 0.782
 Average Recall     (AR) @[ IoU=0.50:0.95 | area=   all | maxDets=  1 ] = 0.804
 Average Recall     (AR) @[ IoU=0.50:0.95 | area=   all | maxDets= 10 ] = 0.808
 Average Recall     (AR) @[ IoU=0.50:0.95 | area=   all | maxDets=100 ] = 0.808
 Average Recall     (AR) @[ IoU=0.50:0.95 | area= small | maxDets=100 ] = -1.000
 Average Recall     (AR) @[ IoU=0.50:0.95 | area=medium | maxDets=100 ] = 0.590
 Average Recall     (AR) @[ IoU=0.50:0.95 | area= large | maxDets=100 ] = 0.835
[08/02 04:29:29 d2.evaluation.coco_evaluation]: Evaluation results for bbox: 
|   AP   |  AP50  |  AP75  |  APs  |  APm   |  APl   |
|:------:|:------:|:------:|:-----:|:------:|:------:|
| 75.818 | 95.043 | 92.060 |  nan  | 58.630 | 78.250 |
[08/02 04:29:29 d2.evaluation.coco_evaluation]: Some metrics cannot be computed and is shown as NaN.
Loading and preparing results...
DONE (t=0.00s)
creating index...
index created!
Running per image evaluation...
Evaluate annotation type *segm*
DONE (t=0.02s).
Accumulating evaluation results...
DONE (t=0.01s).
 Average Precision  (AP) @[ IoU=0.50:0.95 | area=   all | maxDets=100 ] = 0.757
 Average Precision  (AP) @[ IoU=0.50      | area=   all | maxDets=100 ] = 0.950
 Average Precision  (AP) @[ IoU=0.75      | area=   all | maxDets=100 ] = 0.910
 Average Precision  (AP) @[ IoU=0.50:0.95 | area= small | maxDets=100 ] = -1.000
 Average Precision  (AP) @[ IoU=0.50:0.95 | area=medium | maxDets=100 ] = 0.559
 Average Precision  (AP) @[ IoU=0.50:0.95 | area= large | maxDets=100 ] = 0.782
 Average Recall     (AR) @[ IoU=0.50:0.95 | area=   all | maxDets=  1 ] = 0.791
 Average Recall     (AR) @[ IoU=0.50:0.95 | area=   all | maxDets= 10 ] = 0.794
 Average Recall     (AR) @[ IoU=0.50:0.95 | area=   all | maxDets=100 ] = 0.794
 Average Recall     (AR) @[ IoU=0.50:0.95 | area= small | maxDets=100 ] = -1.000
 Average Recall     (AR) @[ IoU=0.50:0.95 | area=medium | maxDets=100 ] = 0.570
 Average Recall     (AR) @[ IoU=0.50:0.95 | area= large | maxDets=100 ] = 0.823
[08/02 04:29:29 d2.evaluation.coco_evaluation]: Evaluation results for segm: 
|   AP   |  AP50  |  AP75  |  APs  |  APm   |  APl   |
|:------:|:------:|:------:|:-----:|:------:|:------:|
| 75.667 | 95.043 | 90.968 |  nan  | 55.905 | 78.187 |
[08/02 04:29:29 d2.evaluation.coco_evaluation]: Some metrics cannot be computed and is shown as NaN.
[Iter 2 AP] → mAP@[.5:.95] = 75.667
[08/02 04:29:30 d2.utils.events]:  eta: 0:00:52  iter: 4319  total_loss: 0.1464  loss_cls: 0.01599  loss_box_reg: 0.03434  loss_mask: 0.09412  loss_rpn_cls: 8.088e-06  loss_rpn_loc: 0.001794    time: 0.0779  last_time: 0.0748  data_time: 0.0023  last_data_time: 0.0029   lr: 0.000125  max_mem: 1687M
[08/02 04:29:32 d2.utils.events]:  eta: 0:00:51  iter: 4339  total_loss: 0.1599  loss_cls: 0.01374  loss_box_reg: 0.0351  loss_mask: 0.1101  loss_rpn_cls: 1.932e-06  loss_rpn_loc: 0.001845    time: 0.0779  last_time: 0.0730  data_time: 0.0023  last_data_time: 0.0021   lr: 0.000125  max_mem: 1687M
[08/02 04:29:33 d2.utils.events]:  eta: 0:00:49  iter: 4359  total_loss: 0.1586  loss_cls: 0.01741  loss_box_reg: 0.03898  loss_mask: 0.09957  loss_rpn_cls: 5.771e-06  loss_rpn_loc: 0.002054    time: 0.0779  last_time: 0.0777  data_time: 0.0023  last_data_time: 0.0025   lr: 0.000125  max_mem: 1687M
[08/02 04:29:35 d2.utils.events]:  eta: 0:00:48  iter: 4379  total_loss: 0.1451  loss_cls: 0.0144  loss_box_reg: 0.03222  loss_mask: 0.09796  loss_rpn_cls: 2.739e-06  loss_rpn_loc: 0.001642    time: 0.0779  last_time: 0.0815  data_time: 0.0022  last_data_time: 0.0022   lr: 0.000125  max_mem: 1687M
[08/02 04:29:36 d2.utils.events]:  eta: 0:00:46  iter: 4399  total_loss: 0.1421  loss_cls: 0.01712  loss_box_reg: 0.03493  loss_mask: 0.09084  loss_rpn_cls: 1.575e-06  loss_rpn_loc: 0.002164    time: 0.0779  last_time: 0.0766  data_time: 0.0022  last_data_time: 0.0023   lr: 0.000125  max_mem: 1687M
[08/02 04:29:37 d2.evaluation.coco_evaluation]: Fast COCO eval is not built. Falling back to official COCO eval.
[08/02 04:29:37 d2.data.datasets.coco]: Loaded 89 images in COCO format from /projects/PUCHALLA/LLP2024/tumor-segmentation/data/processed_data/rgb/test/images/test.json
[08/02 04:29:37 d2.data.dataset_mapper]: [DatasetMapper] Augmentations used in inference: [ResizeShortestEdge(short_edge_length=(800, 800), max_size=1333, sample_style='choice')]
[08/02 04:29:37 d2.data.common]: Serializing the dataset using: <class 'detectron2.data.common._TorchSerializedList'>
[08/02 04:29:37 d2.data.common]: Serializing 89 elements to byte tensors and concatenating them all ...
[08/02 04:29:37 d2.data.common]: Serialized dataset takes 0.07 MiB
[08/02 04:29:37 d2.evaluation.evaluator]: Start inference on 89 batches
[08/02 04:29:37 d2.evaluation.evaluator]: Inference done 11/89. Dataloading: 0.0005 s/iter. Inference: 0.0238 s/iter. Eval: 0.0003 s/iter. Total: 0.0246 s/iter. ETA=0:00:01
[08/02 04:29:39 d2.evaluation.evaluator]: Total inference time: 0:00:02.164487 (0.025768 s / iter per device, on 1 devices)
[08/02 04:29:39 d2.evaluation.evaluator]: Total inference pure compute time: 0:00:01 (0.023726 s / iter per device, on 1 devices)
[08/02 04:29:39 d2.evaluation.coco_evaluation]: Preparing results for COCO format ...
[08/02 04:29:39 d2.evaluation.coco_evaluation]: Saving results to ../../../../models/rgb-testing/without-invotive-5000/coco_instances_results.json
[08/02 04:29:39 d2.evaluation.coco_evaluation]: Evaluating predictions with official COCO API...
Loading and preparing results...
DONE (t=0.00s)
creating index...
index created!
Running per image evaluation...
Evaluate annotation type *bbox*
DONE (t=0.01s).
Accumulating evaluation results...
DONE (t=0.01s).
 Average Precision  (AP) @[ IoU=0.50:0.95 | area=   all | maxDets=100 ] = 0.744
 Average Precision  (AP) @[ IoU=0.50      | area=   all | maxDets=100 ] = 0.943
 Average Precision  (AP) @[ IoU=0.75      | area=   all | maxDets=100 ] = 0.900
 Average Precision  (AP) @[ IoU=0.50:0.95 | area= small | maxDets=100 ] = -1.000
 Average Precision  (AP) @[ IoU=0.50:0.95 | area=medium | maxDets=100 ] = 0.570
 Average Precision  (AP) @[ IoU=0.50:0.95 | area= large | maxDets=100 ] = 0.766
 Average Recall     (AR) @[ IoU=0.50:0.95 | area=   all | maxDets=  1 ] = 0.793
 Average Recall     (AR) @[ IoU=0.50:0.95 | area=   all | maxDets= 10 ] = 0.797
 Average Recall     (AR) @[ IoU=0.50:0.95 | area=   all | maxDets=100 ] = 0.797
 Average Recall     (AR) @[ IoU=0.50:0.95 | area= small | maxDets=100 ] = -1.000
 Average Recall     (AR) @[ IoU=0.50:0.95 | area=medium | maxDets=100 ] = 0.590
 Average Recall     (AR) @[ IoU=0.50:0.95 | area= large | maxDets=100 ] = 0.823
[08/02 04:29:39 d2.evaluation.coco_evaluation]: Evaluation results for bbox: 
|   AP   |  AP50  |  AP75  |  APs  |  APm   |  APl   |
|:------:|:------:|:------:|:-----:|:------:|:------:|
| 74.425 | 94.268 | 89.959 |  nan  | 57.012 | 76.603 |
[08/02 04:29:39 d2.evaluation.coco_evaluation]: Some metrics cannot be computed and is shown as NaN.
Loading and preparing results...
DONE (t=0.00s)
creating index...
index created!
Running per image evaluation...
Evaluate annotation type *segm*
DONE (t=0.02s).
Accumulating evaluation results...
DONE (t=0.01s).
 Average Precision  (AP) @[ IoU=0.50:0.95 | area=   all | maxDets=100 ] = 0.739
 Average Precision  (AP) @[ IoU=0.50      | area=   all | maxDets=100 ] = 0.943
 Average Precision  (AP) @[ IoU=0.75      | area=   all | maxDets=100 ] = 0.880
 Average Precision  (AP) @[ IoU=0.50:0.95 | area= small | maxDets=100 ] = -1.000
 Average Precision  (AP) @[ IoU=0.50:0.95 | area=medium | maxDets=100 ] = 0.566
 Average Precision  (AP) @[ IoU=0.50:0.95 | area= large | maxDets=100 ] = 0.761
 Average Recall     (AR) @[ IoU=0.50:0.95 | area=   all | maxDets=  1 ] = 0.779
 Average Recall     (AR) @[ IoU=0.50:0.95 | area=   all | maxDets= 10 ] = 0.782
 Average Recall     (AR) @[ IoU=0.50:0.95 | area=   all | maxDets=100 ] = 0.782
 Average Recall     (AR) @[ IoU=0.50:0.95 | area= small | maxDets=100 ] = -1.000
 Average Recall     (AR) @[ IoU=0.50:0.95 | area=medium | maxDets=100 ] = 0.600
 Average Recall     (AR) @[ IoU=0.50:0.95 | area= large | maxDets=100 ] = 0.805
[08/02 04:29:39 d2.evaluation.coco_evaluation]: Evaluation results for segm: 
|   AP   |  AP50  |  AP75  |  APs  |  APm   |  APl   |
|:------:|:------:|:------:|:-----:|:------:|:------:|
| 73.921 | 94.268 | 87.976 |  nan  | 56.584 | 76.079 |
[08/02 04:29:39 d2.evaluation.coco_evaluation]: Some metrics cannot be computed and is shown as NaN.
[Iter 2 AP] → mAP@[.5:.95] = 73.921
[08/02 04:29:40 d2.utils.events]:  eta: 0:00:44  iter: 4419  total_loss: 0.1312  loss_cls: 0.01344  loss_box_reg: 0.02993  loss_mask: 0.08964  loss_rpn_cls: 7.286e-06  loss_rpn_loc: 0.001511    time: 0.0779  last_time: 0.0814  data_time: 0.0023  last_data_time: 0.0022   lr: 0.000125  max_mem: 1687M
[08/02 04:29:42 d2.utils.events]:  eta: 0:00:43  iter: 4439  total_loss: 0.1617  loss_cls: 0.01559  loss_box_reg: 0.03148  loss_mask: 0.1008  loss_rpn_cls: 7.735e-06  loss_rpn_loc: 0.001797    time: 0.0779  last_time: 0.0725  data_time: 0.0023  last_data_time: 0.0021   lr: 0.000125  max_mem: 1687M
[08/02 04:29:44 d2.utils.events]:  eta: 0:00:41  iter: 4459  total_loss: 0.1389  loss_cls: 0.01364  loss_box_reg: 0.03092  loss_mask: 0.09328  loss_rpn_cls: 5.305e-06  loss_rpn_loc: 0.001896    time: 0.0779  last_time: 0.0778  data_time: 0.0022  last_data_time: 0.0025   lr: 0.000125  max_mem: 1687M
[08/02 04:29:45 d2.utils.events]:  eta: 0:00:40  iter: 4479  total_loss: 0.1528  loss_cls: 0.01599  loss_box_reg: 0.03379  loss_mask: 0.09676  loss_rpn_cls: 3.984e-06  loss_rpn_loc: 0.001918    time: 0.0779  last_time: 0.0745  data_time: 0.0022  last_data_time: 0.0021   lr: 0.000125  max_mem: 1687M
[08/02 04:29:47 d2.utils.events]:  eta: 0:00:38  iter: 4499  total_loss: 0.142  loss_cls: 0.01404  loss_box_reg: 0.02966  loss_mask: 0.08616  loss_rpn_cls: 5.518e-06  loss_rpn_loc: 0.001751    time: 0.0779  last_time: 0.0776  data_time: 0.0023  last_data_time: 0.0021   lr: 0.000125  max_mem: 1687M
[08/02 04:29:47 d2.evaluation.coco_evaluation]: Fast COCO eval is not built. Falling back to official COCO eval.
[08/02 04:29:47 d2.data.datasets.coco]: Loaded 89 images in COCO format from /projects/PUCHALLA/LLP2024/tumor-segmentation/data/processed_data/rgb/test/images/test.json
[08/02 04:29:47 d2.data.dataset_mapper]: [DatasetMapper] Augmentations used in inference: [ResizeShortestEdge(short_edge_length=(800, 800), max_size=1333, sample_style='choice')]
[08/02 04:29:47 d2.data.common]: Serializing the dataset using: <class 'detectron2.data.common._TorchSerializedList'>
[08/02 04:29:47 d2.data.common]: Serializing 89 elements to byte tensors and concatenating them all ...
[08/02 04:29:47 d2.data.common]: Serialized dataset takes 0.07 MiB
[08/02 04:29:47 d2.evaluation.evaluator]: Start inference on 89 batches
[08/02 04:29:47 d2.evaluation.evaluator]: Inference done 11/89. Dataloading: 0.0005 s/iter. Inference: 0.0246 s/iter. Eval: 0.0003 s/iter. Total: 0.0254 s/iter. ETA=0:00:01
[08/02 04:29:49 d2.evaluation.evaluator]: Total inference time: 0:00:02.199508 (0.026185 s / iter per device, on 1 devices)
[08/02 04:29:49 d2.evaluation.evaluator]: Total inference pure compute time: 0:00:02 (0.024129 s / iter per device, on 1 devices)
[08/02 04:29:49 d2.evaluation.coco_evaluation]: Preparing results for COCO format ...
[08/02 04:29:49 d2.evaluation.coco_evaluation]: Saving results to ../../../../models/rgb-testing/without-invotive-5000/coco_instances_results.json
[08/02 04:29:49 d2.evaluation.coco_evaluation]: Evaluating predictions with official COCO API...
Loading and preparing results...
DONE (t=0.00s)
creating index...
index created!
Running per image evaluation...
Evaluate annotation type *bbox*
DONE (t=0.01s).
Accumulating evaluation results...
DONE (t=0.01s).
 Average Precision  (AP) @[ IoU=0.50:0.95 | area=   all | maxDets=100 ] = 0.742
 Average Precision  (AP) @[ IoU=0.50      | area=   all | maxDets=100 ] = 0.942
 Average Precision  (AP) @[ IoU=0.75      | area=   all | maxDets=100 ] = 0.912
 Average Precision  (AP) @[ IoU=0.50:0.95 | area= small | maxDets=100 ] = -1.000
 Average Precision  (AP) @[ IoU=0.50:0.95 | area=medium | maxDets=100 ] = 0.613
 Average Precision  (AP) @[ IoU=0.50:0.95 | area= large | maxDets=100 ] = 0.761
 Average Recall     (AR) @[ IoU=0.50:0.95 | area=   all | maxDets=  1 ] = 0.787
 Average Recall     (AR) @[ IoU=0.50:0.95 | area=   all | maxDets= 10 ] = 0.790
 Average Recall     (AR) @[ IoU=0.50:0.95 | area=   all | maxDets=100 ] = 0.790
 Average Recall     (AR) @[ IoU=0.50:0.95 | area= small | maxDets=100 ] = -1.000
 Average Recall     (AR) @[ IoU=0.50:0.95 | area=medium | maxDets=100 ] = 0.620
 Average Recall     (AR) @[ IoU=0.50:0.95 | area= large | maxDets=100 ] = 0.811
[08/02 04:29:49 d2.evaluation.coco_evaluation]: Evaluation results for bbox: 
|   AP   |  AP50  |  AP75  |  APs  |  APm   |  APl   |
|:------:|:------:|:------:|:-----:|:------:|:------:|
| 74.218 | 94.200 | 91.181 |  nan  | 61.264 | 76.146 |
[08/02 04:29:49 d2.evaluation.coco_evaluation]: Some metrics cannot be computed and is shown as NaN.
Loading and preparing results...
DONE (t=0.00s)
creating index...
index created!
Running per image evaluation...
Evaluate annotation type *segm*
DONE (t=0.02s).
Accumulating evaluation results...
DONE (t=0.01s).
 Average Precision  (AP) @[ IoU=0.50:0.95 | area=   all | maxDets=100 ] = 0.747
 Average Precision  (AP) @[ IoU=0.50      | area=   all | maxDets=100 ] = 0.942
 Average Precision  (AP) @[ IoU=0.75      | area=   all | maxDets=100 ] = 0.901
 Average Precision  (AP) @[ IoU=0.50:0.95 | area= small | maxDets=100 ] = -1.000
 Average Precision  (AP) @[ IoU=0.50:0.95 | area=medium | maxDets=100 ] = 0.584
 Average Precision  (AP) @[ IoU=0.50:0.95 | area= large | maxDets=100 ] = 0.767
 Average Recall     (AR) @[ IoU=0.50:0.95 | area=   all | maxDets=  1 ] = 0.783
 Average Recall     (AR) @[ IoU=0.50:0.95 | area=   all | maxDets= 10 ] = 0.787
 Average Recall     (AR) @[ IoU=0.50:0.95 | area=   all | maxDets=100 ] = 0.787
 Average Recall     (AR) @[ IoU=0.50:0.95 | area= small | maxDets=100 ] = -1.000
 Average Recall     (AR) @[ IoU=0.50:0.95 | area=medium | maxDets=100 ] = 0.600
 Average Recall     (AR) @[ IoU=0.50:0.95 | area= large | maxDets=100 ] = 0.810
[08/02 04:29:49 d2.evaluation.coco_evaluation]: Evaluation results for segm: 
|   AP   |  AP50  |  AP75  |  APs  |  APm   |  APl   |
|:------:|:------:|:------:|:-----:|:------:|:------:|
| 74.708 | 94.200 | 90.102 |  nan  | 58.375 | 76.701 |
[08/02 04:29:49 d2.evaluation.coco_evaluation]: Some metrics cannot be computed and is shown as NaN.
[Iter 2 AP] → mAP@[.5:.95] = 74.708
[08/02 04:29:51 d2.utils.events]:  eta: 0:00:37  iter: 4519  total_loss: 0.1511  loss_cls: 0.01706  loss_box_reg: 0.03899  loss_mask: 0.09782  loss_rpn_cls: 2.416e-06  loss_rpn_loc: 0.00195    time: 0.0779  last_time: 0.0827  data_time: 0.0024  last_data_time: 0.0025   lr: 0.000125  max_mem: 1687M
[08/02 04:29:52 d2.utils.events]:  eta: 0:00:35  iter: 4539  total_loss: 0.1365  loss_cls: 0.01611  loss_box_reg: 0.0316  loss_mask: 0.09125  loss_rpn_cls: 1.442e-05  loss_rpn_loc: 0.002036    time: 0.0779  last_time: 0.0859  data_time: 0.0022  last_data_time: 0.0020   lr: 0.000125  max_mem: 1687M
[08/02 04:29:54 d2.utils.events]:  eta: 0:00:34  iter: 4559  total_loss: 0.151  loss_cls: 0.01527  loss_box_reg: 0.03295  loss_mask: 0.09701  loss_rpn_cls: 2.241e-06  loss_rpn_loc: 0.001808    time: 0.0779  last_time: 0.0771  data_time: 0.0023  last_data_time: 0.0023   lr: 0.000125  max_mem: 1687M
[08/02 04:29:55 d2.utils.events]:  eta: 0:00:32  iter: 4579  total_loss: 0.1548  loss_cls: 0.01498  loss_box_reg: 0.03518  loss_mask: 0.1012  loss_rpn_cls: 1.815e-06  loss_rpn_loc: 0.00192    time: 0.0779  last_time: 0.0732  data_time: 0.0023  last_data_time: 0.0020   lr: 0.000125  max_mem: 1687M
[08/02 04:29:57 d2.utils.events]:  eta: 0:00:31  iter: 4599  total_loss: 0.1542  loss_cls: 0.01471  loss_box_reg: 0.03664  loss_mask: 0.09644  loss_rpn_cls: 1.241e-05  loss_rpn_loc: 0.001764    time: 0.0779  last_time: 0.0730  data_time: 0.0022  last_data_time: 0.0022   lr: 0.000125  max_mem: 1687M
[08/02 04:29:57 d2.evaluation.coco_evaluation]: Fast COCO eval is not built. Falling back to official COCO eval.
[08/02 04:29:57 d2.data.datasets.coco]: Loaded 89 images in COCO format from /projects/PUCHALLA/LLP2024/tumor-segmentation/data/processed_data/rgb/test/images/test.json
[08/02 04:29:57 d2.data.dataset_mapper]: [DatasetMapper] Augmentations used in inference: [ResizeShortestEdge(short_edge_length=(800, 800), max_size=1333, sample_style='choice')]
[08/02 04:29:57 d2.data.common]: Serializing the dataset using: <class 'detectron2.data.common._TorchSerializedList'>
[08/02 04:29:57 d2.data.common]: Serializing 89 elements to byte tensors and concatenating them all ...
[08/02 04:29:57 d2.data.common]: Serialized dataset takes 0.07 MiB
[08/02 04:29:57 d2.evaluation.evaluator]: Start inference on 89 batches
[08/02 04:29:57 d2.evaluation.evaluator]: Inference done 11/89. Dataloading: 0.0004 s/iter. Inference: 0.0236 s/iter. Eval: 0.0003 s/iter. Total: 0.0244 s/iter. ETA=0:00:01
[08/02 04:29:59 d2.evaluation.evaluator]: Total inference time: 0:00:02.149270 (0.025587 s / iter per device, on 1 devices)
[08/02 04:29:59 d2.evaluation.evaluator]: Total inference pure compute time: 0:00:01 (0.023549 s / iter per device, on 1 devices)
[08/02 04:29:59 d2.evaluation.coco_evaluation]: Preparing results for COCO format ...
[08/02 04:29:59 d2.evaluation.coco_evaluation]: Saving results to ../../../../models/rgb-testing/without-invotive-5000/coco_instances_results.json
[08/02 04:29:59 d2.evaluation.coco_evaluation]: Evaluating predictions with official COCO API...
Loading and preparing results...
DONE (t=0.00s)
creating index...
index created!
Running per image evaluation...
Evaluate annotation type *bbox*
DONE (t=0.01s).
Accumulating evaluation results...
DONE (t=0.01s).
 Average Precision  (AP) @[ IoU=0.50:0.95 | area=   all | maxDets=100 ] = 0.746
 Average Precision  (AP) @[ IoU=0.50      | area=   all | maxDets=100 ] = 0.951
 Average Precision  (AP) @[ IoU=0.75      | area=   all | maxDets=100 ] = 0.920
 Average Precision  (AP) @[ IoU=0.50:0.95 | area= small | maxDets=100 ] = -1.000
 Average Precision  (AP) @[ IoU=0.50:0.95 | area=medium | maxDets=100 ] = 0.548
 Average Precision  (AP) @[ IoU=0.50:0.95 | area= large | maxDets=100 ] = 0.771
 Average Recall     (AR) @[ IoU=0.50:0.95 | area=   all | maxDets=  1 ] = 0.789
 Average Recall     (AR) @[ IoU=0.50:0.95 | area=   all | maxDets= 10 ] = 0.793
 Average Recall     (AR) @[ IoU=0.50:0.95 | area=   all | maxDets=100 ] = 0.793
 Average Recall     (AR) @[ IoU=0.50:0.95 | area= small | maxDets=100 ] = -1.000
 Average Recall     (AR) @[ IoU=0.50:0.95 | area=medium | maxDets=100 ] = 0.560
 Average Recall     (AR) @[ IoU=0.50:0.95 | area= large | maxDets=100 ] = 0.823
[08/02 04:30:00 d2.evaluation.coco_evaluation]: Evaluation results for bbox: 
|   AP   |  AP50  |  AP75  |  APs  |  APm   |  APl   |
|:------:|:------:|:------:|:-----:|:------:|:------:|
| 74.572 | 95.053 | 91.970 |  nan  | 54.808 | 77.114 |
[08/02 04:30:00 d2.evaluation.coco_evaluation]: Some metrics cannot be computed and is shown as NaN.
Loading and preparing results...
DONE (t=0.00s)
creating index...
index created!
Running per image evaluation...
Evaluate annotation type *segm*
DONE (t=0.02s).
Accumulating evaluation results...
DONE (t=0.01s).
 Average Precision  (AP) @[ IoU=0.50:0.95 | area=   all | maxDets=100 ] = 0.746
 Average Precision  (AP) @[ IoU=0.50      | area=   all | maxDets=100 ] = 0.951
 Average Precision  (AP) @[ IoU=0.75      | area=   all | maxDets=100 ] = 0.909
 Average Precision  (AP) @[ IoU=0.50:0.95 | area= small | maxDets=100 ] = -1.000
 Average Precision  (AP) @[ IoU=0.50:0.95 | area=medium | maxDets=100 ] = 0.558
 Average Precision  (AP) @[ IoU=0.50:0.95 | area= large | maxDets=100 ] = 0.771
 Average Recall     (AR) @[ IoU=0.50:0.95 | area=   all | maxDets=  1 ] = 0.784
 Average Recall     (AR) @[ IoU=0.50:0.95 | area=   all | maxDets= 10 ] = 0.789
 Average Recall     (AR) @[ IoU=0.50:0.95 | area=   all | maxDets=100 ] = 0.789
 Average Recall     (AR) @[ IoU=0.50:0.95 | area= small | maxDets=100 ] = -1.000
 Average Recall     (AR) @[ IoU=0.50:0.95 | area=medium | maxDets=100 ] = 0.570
 Average Recall     (AR) @[ IoU=0.50:0.95 | area= large | maxDets=100 ] = 0.816
[08/02 04:30:00 d2.evaluation.coco_evaluation]: Evaluation results for segm: 
|   AP   |  AP50  |  AP75  |  APs  |  APm   |  APl   |
|:------:|:------:|:------:|:-----:|:------:|:------:|
| 74.588 | 95.053 | 90.921 |  nan  | 55.776 | 77.081 |
[08/02 04:30:00 d2.evaluation.coco_evaluation]: Some metrics cannot be computed and is shown as NaN.
[Iter 2 AP] → mAP@[.5:.95] = 74.588
[08/02 04:30:01 d2.utils.events]:  eta: 0:00:29  iter: 4619  total_loss: 0.1338  loss_cls: 0.01347  loss_box_reg: 0.0333  loss_mask: 0.08959  loss_rpn_cls: 4.891e-06  loss_rpn_loc: 0.001821    time: 0.0779  last_time: 0.0813  data_time: 0.0024  last_data_time: 0.0022   lr: 0.000125  max_mem: 1687M
[08/02 04:30:03 d2.utils.events]:  eta: 0:00:27  iter: 4639  total_loss: 0.1464  loss_cls: 0.01436  loss_box_reg: 0.03521  loss_mask: 0.09284  loss_rpn_cls: 1.346e-06  loss_rpn_loc: 0.001845    time: 0.0779  last_time: 0.0828  data_time: 0.0022  last_data_time: 0.0023   lr: 0.000125  max_mem: 1687M
[08/02 04:30:04 d2.utils.events]:  eta: 0:00:26  iter: 4659  total_loss: 0.146  loss_cls: 0.01312  loss_box_reg: 0.03246  loss_mask: 0.09393  loss_rpn_cls: 2.336e-06  loss_rpn_loc: 0.001771    time: 0.0778  last_time: 0.0803  data_time: 0.0023  last_data_time: 0.0021   lr: 0.000125  max_mem: 1687M
[08/02 04:30:06 d2.utils.events]:  eta: 0:00:24  iter: 4679  total_loss: 0.1483  loss_cls: 0.01591  loss_box_reg: 0.03697  loss_mask: 0.09251  loss_rpn_cls: 2.095e-06  loss_rpn_loc: 0.001971    time: 0.0779  last_time: 0.0801  data_time: 0.0023  last_data_time: 0.0021   lr: 0.000125  max_mem: 1687M
[08/02 04:30:07 d2.utils.events]:  eta: 0:00:23  iter: 4699  total_loss: 0.1387  loss_cls: 0.01354  loss_box_reg: 0.03246  loss_mask: 0.09228  loss_rpn_cls: 6.714e-06  loss_rpn_loc: 0.001644    time: 0.0779  last_time: 0.0829  data_time: 0.0024  last_data_time: 0.0030   lr: 0.000125  max_mem: 1687M
[08/02 04:30:08 d2.evaluation.coco_evaluation]: Fast COCO eval is not built. Falling back to official COCO eval.
[08/02 04:30:08 d2.data.datasets.coco]: Loaded 89 images in COCO format from /projects/PUCHALLA/LLP2024/tumor-segmentation/data/processed_data/rgb/test/images/test.json
[08/02 04:30:08 d2.data.dataset_mapper]: [DatasetMapper] Augmentations used in inference: [ResizeShortestEdge(short_edge_length=(800, 800), max_size=1333, sample_style='choice')]
[08/02 04:30:08 d2.data.common]: Serializing the dataset using: <class 'detectron2.data.common._TorchSerializedList'>
[08/02 04:30:08 d2.data.common]: Serializing 89 elements to byte tensors and concatenating them all ...
[08/02 04:30:08 d2.data.common]: Serialized dataset takes 0.07 MiB
[08/02 04:30:08 d2.evaluation.evaluator]: Start inference on 89 batches
[08/02 04:30:08 d2.evaluation.evaluator]: Inference done 11/89. Dataloading: 0.0005 s/iter. Inference: 0.0238 s/iter. Eval: 0.0003 s/iter. Total: 0.0246 s/iter. ETA=0:00:01
[08/02 04:30:10 d2.evaluation.evaluator]: Total inference time: 0:00:02.151907 (0.025618 s / iter per device, on 1 devices)
[08/02 04:30:10 d2.evaluation.evaluator]: Total inference pure compute time: 0:00:01 (0.023565 s / iter per device, on 1 devices)
[08/02 04:30:10 d2.evaluation.coco_evaluation]: Preparing results for COCO format ...
[08/02 04:30:10 d2.evaluation.coco_evaluation]: Saving results to ../../../../models/rgb-testing/without-invotive-5000/coco_instances_results.json
[08/02 04:30:10 d2.evaluation.coco_evaluation]: Evaluating predictions with official COCO API...
Loading and preparing results...
DONE (t=0.00s)
creating index...
index created!
Running per image evaluation...
Evaluate annotation type *bbox*
DONE (t=0.01s).
Accumulating evaluation results...
DONE (t=0.01s).
 Average Precision  (AP) @[ IoU=0.50:0.95 | area=   all | maxDets=100 ] = 0.764
 Average Precision  (AP) @[ IoU=0.50      | area=   all | maxDets=100 ] = 0.952
 Average Precision  (AP) @[ IoU=0.75      | area=   all | maxDets=100 ] = 0.931
 Average Precision  (AP) @[ IoU=0.50:0.95 | area= small | maxDets=100 ] = -1.000
 Average Precision  (AP) @[ IoU=0.50:0.95 | area=medium | maxDets=100 ] = 0.594
 Average Precision  (AP) @[ IoU=0.50:0.95 | area= large | maxDets=100 ] = 0.785
 Average Recall     (AR) @[ IoU=0.50:0.95 | area=   all | maxDets=  1 ] = 0.812
 Average Recall     (AR) @[ IoU=0.50:0.95 | area=   all | maxDets= 10 ] = 0.812
 Average Recall     (AR) @[ IoU=0.50:0.95 | area=   all | maxDets=100 ] = 0.812
 Average Recall     (AR) @[ IoU=0.50:0.95 | area= small | maxDets=100 ] = -1.000
 Average Recall     (AR) @[ IoU=0.50:0.95 | area=medium | maxDets=100 ] = 0.610
 Average Recall     (AR) @[ IoU=0.50:0.95 | area= large | maxDets=100 ] = 0.838
[08/02 04:30:10 d2.evaluation.coco_evaluation]: Evaluation results for bbox: 
|   AP   |  AP50  |  AP75  |  APs  |  APm   |  APl   |
|:------:|:------:|:------:|:-----:|:------:|:------:|
| 76.420 | 95.243 | 93.094 |  nan  | 59.447 | 78.535 |
[08/02 04:30:10 d2.evaluation.coco_evaluation]: Some metrics cannot be computed and is shown as NaN.
Loading and preparing results...
DONE (t=0.00s)
creating index...
index created!
Running per image evaluation...
Evaluate annotation type *segm*
DONE (t=0.02s).
Accumulating evaluation results...
DONE (t=0.01s).
 Average Precision  (AP) @[ IoU=0.50:0.95 | area=   all | maxDets=100 ] = 0.763
 Average Precision  (AP) @[ IoU=0.50      | area=   all | maxDets=100 ] = 0.952
 Average Precision  (AP) @[ IoU=0.75      | area=   all | maxDets=100 ] = 0.920
 Average Precision  (AP) @[ IoU=0.50:0.95 | area= small | maxDets=100 ] = -1.000
 Average Precision  (AP) @[ IoU=0.50:0.95 | area=medium | maxDets=100 ] = 0.579
 Average Precision  (AP) @[ IoU=0.50:0.95 | area= large | maxDets=100 ] = 0.786
 Average Recall     (AR) @[ IoU=0.50:0.95 | area=   all | maxDets=  1 ] = 0.800
 Average Recall     (AR) @[ IoU=0.50:0.95 | area=   all | maxDets= 10 ] = 0.800
 Average Recall     (AR) @[ IoU=0.50:0.95 | area=   all | maxDets=100 ] = 0.800
 Average Recall     (AR) @[ IoU=0.50:0.95 | area= small | maxDets=100 ] = -1.000
 Average Recall     (AR) @[ IoU=0.50:0.95 | area=medium | maxDets=100 ] = 0.600
 Average Recall     (AR) @[ IoU=0.50:0.95 | area= large | maxDets=100 ] = 0.825
[08/02 04:30:10 d2.evaluation.coco_evaluation]: Evaluation results for segm: 
|   AP   |  AP50  |  AP75  |  APs  |  APm   |  APl   |
|:------:|:------:|:------:|:-----:|:------:|:------:|
| 76.299 | 95.243 | 92.044 |  nan  | 57.913 | 78.581 |
[08/02 04:30:10 d2.evaluation.coco_evaluation]: Some metrics cannot be computed and is shown as NaN.
[Iter 2 AP] → mAP@[.5:.95] = 76.299
[08/02 04:30:11 d2.utils.events]:  eta: 0:00:21  iter: 4719  total_loss: 0.1574  loss_cls: 0.01478  loss_box_reg: 0.03452  loss_mask: 0.1043  loss_rpn_cls: 3.102e-06  loss_rpn_loc: 0.001748    time: 0.0779  last_time: 0.0763  data_time: 0.0022  last_data_time: 0.0022   lr: 0.000125  max_mem: 1687M
[08/02 04:30:13 d2.utils.events]:  eta: 0:00:20  iter: 4739  total_loss: 0.1435  loss_cls: 0.01433  loss_box_reg: 0.03549  loss_mask: 0.09533  loss_rpn_cls: 3.292e-06  loss_rpn_loc: 0.001704    time: 0.0779  last_time: 0.0798  data_time: 0.0024  last_data_time: 0.0022   lr: 0.000125  max_mem: 1687M
[08/02 04:30:15 d2.utils.events]:  eta: 0:00:18  iter: 4759  total_loss: 0.1394  loss_cls: 0.01449  loss_box_reg: 0.03096  loss_mask: 0.09507  loss_rpn_cls: 2.451e-05  loss_rpn_loc: 0.001838    time: 0.0779  last_time: 0.0801  data_time: 0.0023  last_data_time: 0.0022   lr: 0.000125  max_mem: 1687M
[08/02 04:30:16 d2.utils.events]:  eta: 0:00:17  iter: 4779  total_loss: 0.139  loss_cls: 0.01651  loss_box_reg: 0.03135  loss_mask: 0.08237  loss_rpn_cls: 1.312e-05  loss_rpn_loc: 0.00177    time: 0.0779  last_time: 0.0738  data_time: 0.0023  last_data_time: 0.0021   lr: 0.000125  max_mem: 1687M
[08/02 04:30:18 d2.utils.events]:  eta: 0:00:15  iter: 4799  total_loss: 0.1404  loss_cls: 0.01433  loss_box_reg: 0.03032  loss_mask: 0.09299  loss_rpn_cls: 1.378e-05  loss_rpn_loc: 0.001748    time: 0.0779  last_time: 0.0792  data_time: 0.0023  last_data_time: 0.0022   lr: 0.000125  max_mem: 1687M
[08/02 04:30:18 d2.evaluation.coco_evaluation]: Fast COCO eval is not built. Falling back to official COCO eval.
[08/02 04:30:18 d2.data.datasets.coco]: Loaded 89 images in COCO format from /projects/PUCHALLA/LLP2024/tumor-segmentation/data/processed_data/rgb/test/images/test.json
[08/02 04:30:18 d2.data.dataset_mapper]: [DatasetMapper] Augmentations used in inference: [ResizeShortestEdge(short_edge_length=(800, 800), max_size=1333, sample_style='choice')]
[08/02 04:30:18 d2.data.common]: Serializing the dataset using: <class 'detectron2.data.common._TorchSerializedList'>
[08/02 04:30:18 d2.data.common]: Serializing 89 elements to byte tensors and concatenating them all ...
[08/02 04:30:18 d2.data.common]: Serialized dataset takes 0.07 MiB
[08/02 04:30:18 d2.evaluation.evaluator]: Start inference on 89 batches
[08/02 04:30:18 d2.evaluation.evaluator]: Inference done 11/89. Dataloading: 0.0005 s/iter. Inference: 0.0238 s/iter. Eval: 0.0003 s/iter. Total: 0.0246 s/iter. ETA=0:00:01
[08/02 04:30:20 d2.evaluation.evaluator]: Total inference time: 0:00:02.178740 (0.025937 s / iter per device, on 1 devices)
[08/02 04:30:20 d2.evaluation.evaluator]: Total inference pure compute time: 0:00:02 (0.023943 s / iter per device, on 1 devices)
[08/02 04:30:20 d2.evaluation.coco_evaluation]: Preparing results for COCO format ...
[08/02 04:30:20 d2.evaluation.coco_evaluation]: Saving results to ../../../../models/rgb-testing/without-invotive-5000/coco_instances_results.json
[08/02 04:30:20 d2.evaluation.coco_evaluation]: Evaluating predictions with official COCO API...
Loading and preparing results...
DONE (t=0.00s)
creating index...
index created!
Running per image evaluation...
Evaluate annotation type *bbox*
DONE (t=0.02s).
Accumulating evaluation results...
DONE (t=0.01s).
 Average Precision  (AP) @[ IoU=0.50:0.95 | area=   all | maxDets=100 ] = 0.756
 Average Precision  (AP) @[ IoU=0.50      | area=   all | maxDets=100 ] = 0.954
 Average Precision  (AP) @[ IoU=0.75      | area=   all | maxDets=100 ] = 0.920
 Average Precision  (AP) @[ IoU=0.50:0.95 | area= small | maxDets=100 ] = -1.000
 Average Precision  (AP) @[ IoU=0.50:0.95 | area=medium | maxDets=100 ] = 0.575
 Average Precision  (AP) @[ IoU=0.50:0.95 | area= large | maxDets=100 ] = 0.779
 Average Recall     (AR) @[ IoU=0.50:0.95 | area=   all | maxDets=  1 ] = 0.808
 Average Recall     (AR) @[ IoU=0.50:0.95 | area=   all | maxDets= 10 ] = 0.808
 Average Recall     (AR) @[ IoU=0.50:0.95 | area=   all | maxDets=100 ] = 0.808
 Average Recall     (AR) @[ IoU=0.50:0.95 | area= small | maxDets=100 ] = -1.000
 Average Recall     (AR) @[ IoU=0.50:0.95 | area=medium | maxDets=100 ] = 0.590
 Average Recall     (AR) @[ IoU=0.50:0.95 | area= large | maxDets=100 ] = 0.835
[08/02 04:30:20 d2.evaluation.coco_evaluation]: Evaluation results for bbox: 
|   AP   |  AP50  |  AP75  |  APs  |  APm   |  APl   |
|:------:|:------:|:------:|:-----:|:------:|:------:|
| 75.606 | 95.368 | 92.042 |  nan  | 57.498 | 77.901 |
[08/02 04:30:20 d2.evaluation.coco_evaluation]: Some metrics cannot be computed and is shown as NaN.
Loading and preparing results...
DONE (t=0.00s)
creating index...
index created!
Running per image evaluation...
Evaluate annotation type *segm*
DONE (t=0.02s).
Accumulating evaluation results...
DONE (t=0.01s).
 Average Precision  (AP) @[ IoU=0.50:0.95 | area=   all | maxDets=100 ] = 0.763
 Average Precision  (AP) @[ IoU=0.50      | area=   all | maxDets=100 ] = 0.954
 Average Precision  (AP) @[ IoU=0.75      | area=   all | maxDets=100 ] = 0.922
 Average Precision  (AP) @[ IoU=0.50:0.95 | area= small | maxDets=100 ] = -1.000
 Average Precision  (AP) @[ IoU=0.50:0.95 | area=medium | maxDets=100 ] = 0.576
 Average Precision  (AP) @[ IoU=0.50:0.95 | area= large | maxDets=100 ] = 0.787
 Average Recall     (AR) @[ IoU=0.50:0.95 | area=   all | maxDets=  1 ] = 0.802
 Average Recall     (AR) @[ IoU=0.50:0.95 | area=   all | maxDets= 10 ] = 0.802
 Average Recall     (AR) @[ IoU=0.50:0.95 | area=   all | maxDets=100 ] = 0.802
 Average Recall     (AR) @[ IoU=0.50:0.95 | area= small | maxDets=100 ] = -1.000
 Average Recall     (AR) @[ IoU=0.50:0.95 | area=medium | maxDets=100 ] = 0.590
 Average Recall     (AR) @[ IoU=0.50:0.95 | area= large | maxDets=100 ] = 0.829
[08/02 04:30:20 d2.evaluation.coco_evaluation]: Evaluation results for segm: 
|   AP   |  AP50  |  AP75  |  APs  |  APm   |  APl   |
|:------:|:------:|:------:|:-----:|:------:|:------:|
| 76.320 | 95.368 | 92.155 |  nan  | 57.603 | 78.654 |
[08/02 04:30:20 d2.evaluation.coco_evaluation]: Some metrics cannot be computed and is shown as NaN.
[Iter 2 AP] → mAP@[.5:.95] = 76.320
[08/02 04:30:22 d2.utils.events]:  eta: 0:00:13  iter: 4819  total_loss: 0.1368  loss_cls: 0.01394  loss_box_reg: 0.03051  loss_mask: 0.09235  loss_rpn_cls: 7.266e-06  loss_rpn_loc: 0.00161    time: 0.0779  last_time: 0.0783  data_time: 0.0024  last_data_time: 0.0024   lr: 0.000125  max_mem: 1687M
[08/02 04:30:23 d2.utils.events]:  eta: 0:00:12  iter: 4839  total_loss: 0.1369  loss_cls: 0.01281  loss_box_reg: 0.03366  loss_mask: 0.0826  loss_rpn_cls: 1.514e-06  loss_rpn_loc: 0.001619    time: 0.0779  last_time: 0.0728  data_time: 0.0022  last_data_time: 0.0021   lr: 0.000125  max_mem: 1687M
[08/02 04:30:25 d2.utils.events]:  eta: 0:00:10  iter: 4859  total_loss: 0.1493  loss_cls: 0.01522  loss_box_reg: 0.03725  loss_mask: 0.09852  loss_rpn_cls: 2.657e-06  loss_rpn_loc: 0.001877    time: 0.0779  last_time: 0.0774  data_time: 0.0024  last_data_time: 0.0024   lr: 0.000125  max_mem: 1687M
[08/02 04:30:26 d2.utils.events]:  eta: 0:00:09  iter: 4879  total_loss: 0.1401  loss_cls: 0.01392  loss_box_reg: 0.03246  loss_mask: 0.08788  loss_rpn_cls: 2.375e-06  loss_rpn_loc: 0.00182    time: 0.0779  last_time: 0.0727  data_time: 0.0023  last_data_time: 0.0022   lr: 0.000125  max_mem: 1687M
[08/02 04:30:28 d2.utils.events]:  eta: 0:00:07  iter: 4899  total_loss: 0.1522  loss_cls: 0.0134  loss_box_reg: 0.03908  loss_mask: 0.09498  loss_rpn_cls: 3.237e-06  loss_rpn_loc: 0.001938    time: 0.0779  last_time: 0.0768  data_time: 0.0023  last_data_time: 0.0022   lr: 0.000125  max_mem: 1687M
[08/02 04:30:28 d2.evaluation.coco_evaluation]: Fast COCO eval is not built. Falling back to official COCO eval.
[08/02 04:30:28 d2.data.datasets.coco]: Loaded 89 images in COCO format from /projects/PUCHALLA/LLP2024/tumor-segmentation/data/processed_data/rgb/test/images/test.json
[08/02 04:30:28 d2.data.dataset_mapper]: [DatasetMapper] Augmentations used in inference: [ResizeShortestEdge(short_edge_length=(800, 800), max_size=1333, sample_style='choice')]
[08/02 04:30:28 d2.data.common]: Serializing the dataset using: <class 'detectron2.data.common._TorchSerializedList'>
[08/02 04:30:28 d2.data.common]: Serializing 89 elements to byte tensors and concatenating them all ...
[08/02 04:30:28 d2.data.common]: Serialized dataset takes 0.07 MiB
[08/02 04:30:28 d2.evaluation.evaluator]: Start inference on 89 batches
[08/02 04:30:28 d2.evaluation.evaluator]: Inference done 11/89. Dataloading: 0.0004 s/iter. Inference: 0.0237 s/iter. Eval: 0.0003 s/iter. Total: 0.0244 s/iter. ETA=0:00:01
[08/02 04:30:31 d2.evaluation.evaluator]: Total inference time: 0:00:02.200565 (0.026197 s / iter per device, on 1 devices)
[08/02 04:30:31 d2.evaluation.evaluator]: Total inference pure compute time: 0:00:02 (0.024176 s / iter per device, on 1 devices)
[08/02 04:30:31 d2.evaluation.coco_evaluation]: Preparing results for COCO format ...
[08/02 04:30:31 d2.evaluation.coco_evaluation]: Saving results to ../../../../models/rgb-testing/without-invotive-5000/coco_instances_results.json
[08/02 04:30:31 d2.evaluation.coco_evaluation]: Evaluating predictions with official COCO API...
Loading and preparing results...
DONE (t=0.00s)
creating index...
index created!
Running per image evaluation...
Evaluate annotation type *bbox*
DONE (t=0.01s).
Accumulating evaluation results...
DONE (t=0.01s).
 Average Precision  (AP) @[ IoU=0.50:0.95 | area=   all | maxDets=100 ] = 0.762
 Average Precision  (AP) @[ IoU=0.50      | area=   all | maxDets=100 ] = 0.952
 Average Precision  (AP) @[ IoU=0.75      | area=   all | maxDets=100 ] = 0.922
 Average Precision  (AP) @[ IoU=0.50:0.95 | area= small | maxDets=100 ] = -1.000
 Average Precision  (AP) @[ IoU=0.50:0.95 | area=medium | maxDets=100 ] = 0.586
 Average Precision  (AP) @[ IoU=0.50:0.95 | area= large | maxDets=100 ] = 0.784
 Average Recall     (AR) @[ IoU=0.50:0.95 | area=   all | maxDets=  1 ] = 0.801
 Average Recall     (AR) @[ IoU=0.50:0.95 | area=   all | maxDets= 10 ] = 0.807
 Average Recall     (AR) @[ IoU=0.50:0.95 | area=   all | maxDets=100 ] = 0.807
 Average Recall     (AR) @[ IoU=0.50:0.95 | area= small | maxDets=100 ] = -1.000
 Average Recall     (AR) @[ IoU=0.50:0.95 | area=medium | maxDets=100 ] = 0.600
 Average Recall     (AR) @[ IoU=0.50:0.95 | area= large | maxDets=100 ] = 0.833
[08/02 04:30:31 d2.evaluation.coco_evaluation]: Evaluation results for bbox: 
|   AP   |  AP50  |  AP75  |  APs  |  APm   |  APl   |
|:------:|:------:|:------:|:-----:|:------:|:------:|
| 76.201 | 95.218 | 92.170 |  nan  | 58.639 | 78.356 |
[08/02 04:30:31 d2.evaluation.coco_evaluation]: Some metrics cannot be computed and is shown as NaN.
Loading and preparing results...
DONE (t=0.00s)
creating index...
index created!
Running per image evaluation...
Evaluate annotation type *segm*
DONE (t=0.02s).
Accumulating evaluation results...
DONE (t=0.01s).
 Average Precision  (AP) @[ IoU=0.50:0.95 | area=   all | maxDets=100 ] = 0.759
 Average Precision  (AP) @[ IoU=0.50      | area=   all | maxDets=100 ] = 0.952
 Average Precision  (AP) @[ IoU=0.75      | area=   all | maxDets=100 ] = 0.920
 Average Precision  (AP) @[ IoU=0.50:0.95 | area= small | maxDets=100 ] = -1.000
 Average Precision  (AP) @[ IoU=0.50:0.95 | area=medium | maxDets=100 ] = 0.598
 Average Precision  (AP) @[ IoU=0.50:0.95 | area= large | maxDets=100 ] = 0.781
 Average Recall     (AR) @[ IoU=0.50:0.95 | area=   all | maxDets=  1 ] = 0.791
 Average Recall     (AR) @[ IoU=0.50:0.95 | area=   all | maxDets= 10 ] = 0.798
 Average Recall     (AR) @[ IoU=0.50:0.95 | area=   all | maxDets=100 ] = 0.798
 Average Recall     (AR) @[ IoU=0.50:0.95 | area= small | maxDets=100 ] = -1.000
 Average Recall     (AR) @[ IoU=0.50:0.95 | area=medium | maxDets=100 ] = 0.610
 Average Recall     (AR) @[ IoU=0.50:0.95 | area= large | maxDets=100 ] = 0.822
[08/02 04:30:31 d2.evaluation.coco_evaluation]: Evaluation results for segm: 
|   AP   |  AP50  |  AP75  |  APs  |  APm   |  APl   |
|:------:|:------:|:------:|:-----:|:------:|:------:|
| 75.881 | 95.218 | 92.046 |  nan  | 59.761 | 78.111 |
[08/02 04:30:31 d2.evaluation.coco_evaluation]: Some metrics cannot be computed and is shown as NaN.
[Iter 2 AP] → mAP@[.5:.95] = 75.881
[08/02 04:30:32 d2.utils.events]:  eta: 0:00:06  iter: 4919  total_loss: 0.1543  loss_cls: 0.01575  loss_box_reg: 0.03744  loss_mask: 0.1029  loss_rpn_cls: 1.188e-05  loss_rpn_loc: 0.002132    time: 0.0779  last_time: 0.0785  data_time: 0.0023  last_data_time: 0.0025   lr: 0.000125  max_mem: 1687M
[08/02 04:30:34 d2.utils.events]:  eta: 0:00:04  iter: 4939  total_loss: 0.1557  loss_cls: 0.017  loss_box_reg: 0.03855  loss_mask: 0.1041  loss_rpn_cls: 1.095e-05  loss_rpn_loc: 0.002259    time: 0.0779  last_time: 0.0811  data_time: 0.0022  last_data_time: 0.0023   lr: 0.000125  max_mem: 1687M
[08/02 04:30:35 d2.utils.events]:  eta: 0:00:03  iter: 4959  total_loss: 0.1509  loss_cls: 0.01643  loss_box_reg: 0.03728  loss_mask: 0.0922  loss_rpn_cls: 8.028e-06  loss_rpn_loc: 0.001742    time: 0.0779  last_time: 0.0814  data_time: 0.0023  last_data_time: 0.0021   lr: 0.000125  max_mem: 1687M
[08/02 04:30:37 d2.utils.events]:  eta: 0:00:01  iter: 4979  total_loss: 0.1515  loss_cls: 0.01654  loss_box_reg: 0.03658  loss_mask: 0.1029  loss_rpn_cls: 1.433e-05  loss_rpn_loc: 0.001657    time: 0.0779  last_time: 0.0777  data_time: 0.0023  last_data_time: 0.0022   lr: 0.000125  max_mem: 1687M
[08/02 04:30:39 d2.utils.events]:  eta: 0:00:00  iter: 4999  total_loss: 0.1425  loss_cls: 0.01498  loss_box_reg: 0.0338  loss_mask: 0.08914  loss_rpn_cls: 4.041e-06  loss_rpn_loc: 0.001821    time: 0.0779  last_time: 0.0826  data_time: 0.0022  last_data_time: 0.0023   lr: 0.000125  max_mem: 1687M
[08/02 04:30:39 d2.engine.hooks]: Overall training speed: 4998 iterations in 0:06:29 (0.0779 s / it)
[08/02 04:30:39 d2.engine.hooks]: Total training time: 0:08:35 (0:02:06 on hooks)
[08/02 04:30:39 d2.data.dataset_mapper]: [DatasetMapper] Augmentations used in training: [ResizeShortestEdge(short_edge_length=(640, 672, 704, 736, 768, 800), max_size=1333, sample_style='choice'), RandomFlip()]
[08/02 04:30:39 d2.data.datasets.coco]: Loaded 89 images in COCO format from /projects/PUCHALLA/LLP2024/tumor-segmentation/data/processed_data/rgb/test/images/test.json
[08/02 04:30:39 d2.data.common]: Serializing the dataset using: <class 'detectron2.data.common._TorchSerializedList'>
[08/02 04:30:39 d2.data.common]: Serializing 89 elements to byte tensors and concatenating them all ...
[08/02 04:30:39 d2.data.common]: Serialized dataset takes 0.07 MiB
[08/02 04:30:39 d2.evaluation.coco_evaluation]: Fast COCO eval is not built. Falling back to official COCO eval.
WARNING [08/02 04:30:39 d2.evaluation.coco_evaluation]: COCO Evaluator instantiated using config, this is deprecated behavior. Please pass in explicit arguments instead.
[08/02 04:30:39 d2.evaluation.evaluator]: Start inference on 89 batches
[08/02 04:30:40 d2.evaluation.evaluator]: Inference done 11/89. Dataloading: 0.0008 s/iter. Inference: 0.0320 s/iter. Eval: 0.0003 s/iter. Total: 0.0332 s/iter. ETA=0:00:02
[08/02 04:30:42 d2.evaluation.evaluator]: Total inference time: 0:00:02.151760 (0.025616 s / iter per device, on 1 devices)
[08/02 04:30:42 d2.evaluation.evaluator]: Total inference pure compute time: 0:00:01 (0.023235 s / iter per device, on 1 devices)
[08/02 04:30:42 d2.evaluation.coco_evaluation]: Preparing results for COCO format ...
[08/02 04:30:42 d2.evaluation.coco_evaluation]: Saving results to ../../../../models/rgb-testing/without-invotive-5000/coco_instances_results.json
[08/02 04:30:42 d2.evaluation.coco_evaluation]: Evaluating predictions with official COCO API...
Loading and preparing results...
DONE (t=0.00s)
creating index...
index created!
Running per image evaluation...
Evaluate annotation type *bbox*
DONE (t=0.01s).
Accumulating evaluation results...
DONE (t=0.01s).
 Average Precision  (AP) @[ IoU=0.50:0.95 | area=   all | maxDets=100 ] = 0.406
 Average Precision  (AP) @[ IoU=0.50      | area=   all | maxDets=100 ] = 0.729
 Average Precision  (AP) @[ IoU=0.75      | area=   all | maxDets=100 ] = 0.399
 Average Precision  (AP) @[ IoU=0.50:0.95 | area= small | maxDets=100 ] = -1.000
 Average Precision  (AP) @[ IoU=0.50:0.95 | area=medium | maxDets=100 ] = 0.322
 Average Precision  (AP) @[ IoU=0.50:0.95 | area= large | maxDets=100 ] = 0.428
 Average Recall     (AR) @[ IoU=0.50:0.95 | area=   all | maxDets=  1 ] = 0.553
 Average Recall     (AR) @[ IoU=0.50:0.95 | area=   all | maxDets= 10 ] = 0.553
 Average Recall     (AR) @[ IoU=0.50:0.95 | area=   all | maxDets=100 ] = 0.553
 Average Recall     (AR) @[ IoU=0.50:0.95 | area= small | maxDets=100 ] = -1.000
 Average Recall     (AR) @[ IoU=0.50:0.95 | area=medium | maxDets=100 ] = 0.340
 Average Recall     (AR) @[ IoU=0.50:0.95 | area= large | maxDets=100 ] = 0.580
[08/02 04:30:42 d2.evaluation.coco_evaluation]: Evaluation results for bbox: 
|   AP   |  AP50  |  AP75  |  APs  |  APm   |  APl   |
|:------:|:------:|:------:|:-----:|:------:|:------:|
| 40.621 | 72.853 | 39.910 |  nan  | 32.244 | 42.752 |
[08/02 04:30:42 d2.evaluation.coco_evaluation]: Some metrics cannot be computed and is shown as NaN.
Loading and preparing results...
DONE (t=0.00s)
creating index...
index created!
Running per image evaluation...
Evaluate annotation type *segm*
DONE (t=0.02s).
Accumulating evaluation results...
DONE (t=0.01s).
 Average Precision  (AP) @[ IoU=0.50:0.95 | area=   all | maxDets=100 ] = 0.361
 Average Precision  (AP) @[ IoU=0.50      | area=   all | maxDets=100 ] = 0.613
 Average Precision  (AP) @[ IoU=0.75      | area=   all | maxDets=100 ] = 0.359
 Average Precision  (AP) @[ IoU=0.50:0.95 | area= small | maxDets=100 ] = -1.000
 Average Precision  (AP) @[ IoU=0.50:0.95 | area=medium | maxDets=100 ] = 0.282
 Average Precision  (AP) @[ IoU=0.50:0.95 | area= large | maxDets=100 ] = 0.380
 Average Recall     (AR) @[ IoU=0.50:0.95 | area=   all | maxDets=  1 ] = 0.513
 Average Recall     (AR) @[ IoU=0.50:0.95 | area=   all | maxDets= 10 ] = 0.513
 Average Recall     (AR) @[ IoU=0.50:0.95 | area=   all | maxDets=100 ] = 0.513
 Average Recall     (AR) @[ IoU=0.50:0.95 | area= small | maxDets=100 ] = -1.000
 Average Recall     (AR) @[ IoU=0.50:0.95 | area=medium | maxDets=100 ] = 0.330
 Average Recall     (AR) @[ IoU=0.50:0.95 | area= large | maxDets=100 ] = 0.537
[08/02 04:30:42 d2.evaluation.coco_evaluation]: Evaluation results for segm: 
|   AP   |  AP50  |  AP75  |  APs  |  APm   |  APl   |
|:------:|:------:|:------:|:-----:|:------:|:------:|
| 36.113 | 61.313 | 35.927 |  nan  | 28.190 | 37.981 |
[08/02 04:30:42 d2.evaluation.coco_evaluation]: Some metrics cannot be computed and is shown as NaN.
[08/02 04:30:42 d2.engine.defaults]: Evaluation results for my_dataset_test in csv format:
[08/02 04:30:42 d2.evaluation.testing]: copypaste: Task: bbox
[08/02 04:30:42 d2.evaluation.testing]: copypaste: AP,AP50,AP75,APs,APm,APl
[08/02 04:30:42 d2.evaluation.testing]: copypaste: 40.6209,72.8532,39.9104,nan,32.2442,42.7517
[08/02 04:30:42 d2.evaluation.testing]: copypaste: Task: segm
[08/02 04:30:42 d2.evaluation.testing]: copypaste: AP,AP50,AP75,APs,APm,APl
[08/02 04:30:42 d2.evaluation.testing]: copypaste: 36.1130,61.3126,35.9275,nan,28.1895,37.9806
Training Completed, now saving plots....
Saved loss curves to ./loss_plots/without-invotive-5000_loss_plot.png
Saved AP curve to ./ap_fig/without-invotive-5000_AP_plot.png
