Check logs below to see if args are correct:
Name: AP-bug-fix-2-5000
Iterations: 5000
RGB: true
Depth: false
RGD: false
Split Cashe: false
Path: ../
Running tests...
============================= test session starts ==============================
platform linux -- Python 3.12.4, pytest-8.4.1, pluggy-1.6.0
rootdir: /projects/PUCHALLA/LLP2024/tumor-segmentation/src/Detectron2/training_scripts
plugins: hydra-core-1.3.2
collected 4 items

../test/test_annotations.py Init Dataset
.
../test/test_sets.py File Set Validation Report for /projects/PUCHALLA/LLP2024/tumor-segmentation/data/huggingface-repo/useable_data
                =====================================
                Total file sets found: 588
                Complete sets (all 3 files): 588
                Incomplete sets: 0
                
.
../test/test_sizes.py ..

============================== 4 passed in 52.84s ==============================
Tests successful!
Running training script...
Init Dataset
--DEBUGGING SPLIT_CASHE----
SPLIT_CASHE is False
Created 411 annotations for images in folder: /projects/PUCHALLA/LLP2024/tumor-segmentation/data/processed_data/rgb/train/masks
Created 88 annotations for images in folder: /projects/PUCHALLA/LLP2024/tumor-segmentation/data/processed_data/rgb/val/masks
Created 89 annotations for images in folder: /projects/PUCHALLA/LLP2024/tumor-segmentation/data/processed_data/rgb/test/masks
Created 411 annotations for images in folder: /projects/PUCHALLA/LLP2024/tumor-segmentation/data/processed_data/depth/train/masks
Created 88 annotations for images in folder: /projects/PUCHALLA/LLP2024/tumor-segmentation/data/processed_data/depth/val/masks
Created 89 annotations for images in folder: /projects/PUCHALLA/LLP2024/tumor-segmentation/data/processed_data/depth/test/masks
Created 411 annotations for images in folder: /projects/PUCHALLA/LLP2024/tumor-segmentation/data/processed_data/rgd/train/masks
Created 88 annotations for images in folder: /projects/PUCHALLA/LLP2024/tumor-segmentation/data/processed_data/rgd/val/masks
Created 89 annotations for images in folder: /projects/PUCHALLA/LLP2024/tumor-segmentation/data/processed_data/rgd/test/masks
[08/05 13:18:49 d2.data.datasets.coco]: Loaded 411 images in COCO format from /projects/PUCHALLA/LLP2024/tumor-segmentation/data/processed_data/rgb/train/images/train.json
[08/05 13:18:49 d2.data.datasets.coco]: Loaded 88 images in COCO format from /projects/PUCHALLA/LLP2024/tumor-segmentation/data/processed_data/rgb/val/images/val.json
[08/05 13:18:49 d2.data.datasets.coco]: Loaded 89 images in COCO format from /projects/PUCHALLA/LLP2024/tumor-segmentation/data/processed_data/rgb/test/images/test.json
[08/05 13:18:49 d2.engine.defaults]: Model:
GeneralizedRCNN(
  (backbone): FPN(
    (fpn_lateral2): Conv2d(256, 256, kernel_size=(1, 1), stride=(1, 1))
    (fpn_output2): Conv2d(256, 256, kernel_size=(3, 3), stride=(1, 1), padding=(1, 1))
    (fpn_lateral3): Conv2d(512, 256, kernel_size=(1, 1), stride=(1, 1))
    (fpn_output3): Conv2d(256, 256, kernel_size=(3, 3), stride=(1, 1), padding=(1, 1))
    (fpn_lateral4): Conv2d(1024, 256, kernel_size=(1, 1), stride=(1, 1))
    (fpn_output4): Conv2d(256, 256, kernel_size=(3, 3), stride=(1, 1), padding=(1, 1))
    (fpn_lateral5): Conv2d(2048, 256, kernel_size=(1, 1), stride=(1, 1))
    (fpn_output5): Conv2d(256, 256, kernel_size=(3, 3), stride=(1, 1), padding=(1, 1))
    (top_block): LastLevelMaxPool()
    (bottom_up): ResNet(
      (stem): BasicStem(
        (conv1): Conv2d(
          3, 64, kernel_size=(7, 7), stride=(2, 2), padding=(3, 3), bias=False
          (norm): FrozenBatchNorm2d(num_features=64, eps=1e-05)
        )
      )
      (res2): Sequential(
        (0): BottleneckBlock(
          (shortcut): Conv2d(
            64, 256, kernel_size=(1, 1), stride=(1, 1), bias=False
            (norm): FrozenBatchNorm2d(num_features=256, eps=1e-05)
          )
          (conv1): Conv2d(
            64, 64, kernel_size=(1, 1), stride=(1, 1), bias=False
            (norm): FrozenBatchNorm2d(num_features=64, eps=1e-05)
          )
          (conv2): Conv2d(
            64, 64, kernel_size=(3, 3), stride=(1, 1), padding=(1, 1), bias=False
            (norm): FrozenBatchNorm2d(num_features=64, eps=1e-05)
          )
          (conv3): Conv2d(
            64, 256, kernel_size=(1, 1), stride=(1, 1), bias=False
            (norm): FrozenBatchNorm2d(num_features=256, eps=1e-05)
          )
        )
        (1): BottleneckBlock(
          (conv1): Conv2d(
            256, 64, kernel_size=(1, 1), stride=(1, 1), bias=False
            (norm): FrozenBatchNorm2d(num_features=64, eps=1e-05)
          )
          (conv2): Conv2d(
            64, 64, kernel_size=(3, 3), stride=(1, 1), padding=(1, 1), bias=False
            (norm): FrozenBatchNorm2d(num_features=64, eps=1e-05)
          )
          (conv3): Conv2d(
            64, 256, kernel_size=(1, 1), stride=(1, 1), bias=False
            (norm): FrozenBatchNorm2d(num_features=256, eps=1e-05)
          )
        )
        (2): BottleneckBlock(
          (conv1): Conv2d(
            256, 64, kernel_size=(1, 1), stride=(1, 1), bias=False
            (norm): FrozenBatchNorm2d(num_features=64, eps=1e-05)
          )
          (conv2): Conv2d(
            64, 64, kernel_size=(3, 3), stride=(1, 1), padding=(1, 1), bias=False
            (norm): FrozenBatchNorm2d(num_features=64, eps=1e-05)
          )
          (conv3): Conv2d(
            64, 256, kernel_size=(1, 1), stride=(1, 1), bias=False
            (norm): FrozenBatchNorm2d(num_features=256, eps=1e-05)
          )
        )
      )
      (res3): Sequential(
        (0): BottleneckBlock(
          (shortcut): Conv2d(
            256, 512, kernel_size=(1, 1), stride=(2, 2), bias=False
            (norm): FrozenBatchNorm2d(num_features=512, eps=1e-05)
          )
          (conv1): Conv2d(
            256, 128, kernel_size=(1, 1), stride=(2, 2), bias=False
            (norm): FrozenBatchNorm2d(num_features=128, eps=1e-05)
          )
          (conv2): Conv2d(
            128, 128, kernel_size=(3, 3), stride=(1, 1), padding=(1, 1), bias=False
            (norm): FrozenBatchNorm2d(num_features=128, eps=1e-05)
          )
          (conv3): Conv2d(
            128, 512, kernel_size=(1, 1), stride=(1, 1), bias=False
            (norm): FrozenBatchNorm2d(num_features=512, eps=1e-05)
          )
        )
        (1): BottleneckBlock(
          (conv1): Conv2d(
            512, 128, kernel_size=(1, 1), stride=(1, 1), bias=False
            (norm): FrozenBatchNorm2d(num_features=128, eps=1e-05)
          )
          (conv2): Conv2d(
            128, 128, kernel_size=(3, 3), stride=(1, 1), padding=(1, 1), bias=False
            (norm): FrozenBatchNorm2d(num_features=128, eps=1e-05)
          )
          (conv3): Conv2d(
            128, 512, kernel_size=(1, 1), stride=(1, 1), bias=False
            (norm): FrozenBatchNorm2d(num_features=512, eps=1e-05)
          )
        )
        (2): BottleneckBlock(
          (conv1): Conv2d(
            512, 128, kernel_size=(1, 1), stride=(1, 1), bias=False
            (norm): FrozenBatchNorm2d(num_features=128, eps=1e-05)
          )
          (conv2): Conv2d(
            128, 128, kernel_size=(3, 3), stride=(1, 1), padding=(1, 1), bias=False
            (norm): FrozenBatchNorm2d(num_features=128, eps=1e-05)
          )
          (conv3): Conv2d(
            128, 512, kernel_size=(1, 1), stride=(1, 1), bias=False
            (norm): FrozenBatchNorm2d(num_features=512, eps=1e-05)
          )
        )
        (3): BottleneckBlock(
          (conv1): Conv2d(
            512, 128, kernel_size=(1, 1), stride=(1, 1), bias=False
            (norm): FrozenBatchNorm2d(num_features=128, eps=1e-05)
          )
          (conv2): Conv2d(
            128, 128, kernel_size=(3, 3), stride=(1, 1), padding=(1, 1), bias=False
            (norm): FrozenBatchNorm2d(num_features=128, eps=1e-05)
          )
          (conv3): Conv2d(
            128, 512, kernel_size=(1, 1), stride=(1, 1), bias=False
            (norm): FrozenBatchNorm2d(num_features=512, eps=1e-05)
          )
        )
      )
      (res4): Sequential(
        (0): BottleneckBlock(
          (shortcut): Conv2d(
            512, 1024, kernel_size=(1, 1), stride=(2, 2), bias=False
            (norm): FrozenBatchNorm2d(num_features=1024, eps=1e-05)
          )
          (conv1): Conv2d(
            512, 256, kernel_size=(1, 1), stride=(2, 2), bias=False
            (norm): FrozenBatchNorm2d(num_features=256, eps=1e-05)
          )
          (conv2): Conv2d(
            256, 256, kernel_size=(3, 3), stride=(1, 1), padding=(1, 1), bias=False
            (norm): FrozenBatchNorm2d(num_features=256, eps=1e-05)
          )
          (conv3): Conv2d(
            256, 1024, kernel_size=(1, 1), stride=(1, 1), bias=False
            (norm): FrozenBatchNorm2d(num_features=1024, eps=1e-05)
          )
        )
        (1): BottleneckBlock(
          (conv1): Conv2d(
            1024, 256, kernel_size=(1, 1), stride=(1, 1), bias=False
            (norm): FrozenBatchNorm2d(num_features=256, eps=1e-05)
          )
          (conv2): Conv2d(
            256, 256, kernel_size=(3, 3), stride=(1, 1), padding=(1, 1), bias=False
            (norm): FrozenBatchNorm2d(num_features=256, eps=1e-05)
          )
          (conv3): Conv2d(
            256, 1024, kernel_size=(1, 1), stride=(1, 1), bias=False
            (norm): FrozenBatchNorm2d(num_features=1024, eps=1e-05)
          )
        )
        (2): BottleneckBlock(
          (conv1): Conv2d(
            1024, 256, kernel_size=(1, 1), stride=(1, 1), bias=False
            (norm): FrozenBatchNorm2d(num_features=256, eps=1e-05)
          )
          (conv2): Conv2d(
            256, 256, kernel_size=(3, 3), stride=(1, 1), padding=(1, 1), bias=False
            (norm): FrozenBatchNorm2d(num_features=256, eps=1e-05)
          )
          (conv3): Conv2d(
            256, 1024, kernel_size=(1, 1), stride=(1, 1), bias=False
            (norm): FrozenBatchNorm2d(num_features=1024, eps=1e-05)
          )
        )
        (3): BottleneckBlock(
          (conv1): Conv2d(
            1024, 256, kernel_size=(1, 1), stride=(1, 1), bias=False
            (norm): FrozenBatchNorm2d(num_features=256, eps=1e-05)
          )
          (conv2): Conv2d(
            256, 256, kernel_size=(3, 3), stride=(1, 1), padding=(1, 1), bias=False
            (norm): FrozenBatchNorm2d(num_features=256, eps=1e-05)
          )
          (conv3): Conv2d(
            256, 1024, kernel_size=(1, 1), stride=(1, 1), bias=False
            (norm): FrozenBatchNorm2d(num_features=1024, eps=1e-05)
          )
        )
        (4): BottleneckBlock(
          (conv1): Conv2d(
            1024, 256, kernel_size=(1, 1), stride=(1, 1), bias=False
            (norm): FrozenBatchNorm2d(num_features=256, eps=1e-05)
          )
          (conv2): Conv2d(
            256, 256, kernel_size=(3, 3), stride=(1, 1), padding=(1, 1), bias=False
            (norm): FrozenBatchNorm2d(num_features=256, eps=1e-05)
          )
          (conv3): Conv2d(
            256, 1024, kernel_size=(1, 1), stride=(1, 1), bias=False
            (norm): FrozenBatchNorm2d(num_features=1024, eps=1e-05)
          )
        )
        (5): BottleneckBlock(
          (conv1): Conv2d(
            1024, 256, kernel_size=(1, 1), stride=(1, 1), bias=False
            (norm): FrozenBatchNorm2d(num_features=256, eps=1e-05)
          )
          (conv2): Conv2d(
            256, 256, kernel_size=(3, 3), stride=(1, 1), padding=(1, 1), bias=False
            (norm): FrozenBatchNorm2d(num_features=256, eps=1e-05)
          )
          (conv3): Conv2d(
            256, 1024, kernel_size=(1, 1), stride=(1, 1), bias=False
            (norm): FrozenBatchNorm2d(num_features=1024, eps=1e-05)
          )
        )
      )
      (res5): Sequential(
        (0): BottleneckBlock(
          (shortcut): Conv2d(
            1024, 2048, kernel_size=(1, 1), stride=(2, 2), bias=False
            (norm): FrozenBatchNorm2d(num_features=2048, eps=1e-05)
          )
          (conv1): Conv2d(
            1024, 512, kernel_size=(1, 1), stride=(2, 2), bias=False
            (norm): FrozenBatchNorm2d(num_features=512, eps=1e-05)
          )
          (conv2): Conv2d(
            512, 512, kernel_size=(3, 3), stride=(1, 1), padding=(1, 1), bias=False
            (norm): FrozenBatchNorm2d(num_features=512, eps=1e-05)
          )
          (conv3): Conv2d(
            512, 2048, kernel_size=(1, 1), stride=(1, 1), bias=False
            (norm): FrozenBatchNorm2d(num_features=2048, eps=1e-05)
          )
        )
        (1): BottleneckBlock(
          (conv1): Conv2d(
            2048, 512, kernel_size=(1, 1), stride=(1, 1), bias=False
            (norm): FrozenBatchNorm2d(num_features=512, eps=1e-05)
          )
          (conv2): Conv2d(
            512, 512, kernel_size=(3, 3), stride=(1, 1), padding=(1, 1), bias=False
            (norm): FrozenBatchNorm2d(num_features=512, eps=1e-05)
          )
          (conv3): Conv2d(
            512, 2048, kernel_size=(1, 1), stride=(1, 1), bias=False
            (norm): FrozenBatchNorm2d(num_features=2048, eps=1e-05)
          )
        )
        (2): BottleneckBlock(
          (conv1): Conv2d(
            2048, 512, kernel_size=(1, 1), stride=(1, 1), bias=False
            (norm): FrozenBatchNorm2d(num_features=512, eps=1e-05)
          )
          (conv2): Conv2d(
            512, 512, kernel_size=(3, 3), stride=(1, 1), padding=(1, 1), bias=False
            (norm): FrozenBatchNorm2d(num_features=512, eps=1e-05)
          )
          (conv3): Conv2d(
            512, 2048, kernel_size=(1, 1), stride=(1, 1), bias=False
            (norm): FrozenBatchNorm2d(num_features=2048, eps=1e-05)
          )
        )
      )
    )
  )
  (proposal_generator): RPN(
    (rpn_head): StandardRPNHead(
      (conv): Conv2d(
        256, 256, kernel_size=(3, 3), stride=(1, 1), padding=(1, 1)
        (activation): ReLU()
      )
      (objectness_logits): Conv2d(256, 3, kernel_size=(1, 1), stride=(1, 1))
      (anchor_deltas): Conv2d(256, 12, kernel_size=(1, 1), stride=(1, 1))
    )
    (anchor_generator): DefaultAnchorGenerator(
      (cell_anchors): BufferList()
    )
  )
  (roi_heads): StandardROIHeads(
    (box_pooler): ROIPooler(
      (level_poolers): ModuleList(
        (0): ROIAlign(output_size=(7, 7), spatial_scale=0.25, sampling_ratio=0, aligned=True)
        (1): ROIAlign(output_size=(7, 7), spatial_scale=0.125, sampling_ratio=0, aligned=True)
        (2): ROIAlign(output_size=(7, 7), spatial_scale=0.0625, sampling_ratio=0, aligned=True)
        (3): ROIAlign(output_size=(7, 7), spatial_scale=0.03125, sampling_ratio=0, aligned=True)
      )
    )
    (box_head): FastRCNNConvFCHead(
      (flatten): Flatten(start_dim=1, end_dim=-1)
      (fc1): Linear(in_features=12544, out_features=1024, bias=True)
      (fc_relu1): ReLU()
      (fc2): Linear(in_features=1024, out_features=1024, bias=True)
      (fc_relu2): ReLU()
    )
    (box_predictor): FastRCNNOutputLayers(
      (cls_score): Linear(in_features=1024, out_features=2, bias=True)
      (bbox_pred): Linear(in_features=1024, out_features=4, bias=True)
    )
    (mask_pooler): ROIPooler(
      (level_poolers): ModuleList(
        (0): ROIAlign(output_size=(14, 14), spatial_scale=0.25, sampling_ratio=0, aligned=True)
        (1): ROIAlign(output_size=(14, 14), spatial_scale=0.125, sampling_ratio=0, aligned=True)
        (2): ROIAlign(output_size=(14, 14), spatial_scale=0.0625, sampling_ratio=0, aligned=True)
        (3): ROIAlign(output_size=(14, 14), spatial_scale=0.03125, sampling_ratio=0, aligned=True)
      )
    )
    (mask_head): MaskRCNNConvUpsampleHead(
      (mask_fcn1): Conv2d(
        256, 256, kernel_size=(3, 3), stride=(1, 1), padding=(1, 1)
        (activation): ReLU()
      )
      (mask_fcn2): Conv2d(
        256, 256, kernel_size=(3, 3), stride=(1, 1), padding=(1, 1)
        (activation): ReLU()
      )
      (mask_fcn3): Conv2d(
        256, 256, kernel_size=(3, 3), stride=(1, 1), padding=(1, 1)
        (activation): ReLU()
      )
      (mask_fcn4): Conv2d(
        256, 256, kernel_size=(3, 3), stride=(1, 1), padding=(1, 1)
        (activation): ReLU()
      )
      (deconv): ConvTranspose2d(256, 256, kernel_size=(2, 2), stride=(2, 2))
      (deconv_relu): ReLU()
      (predictor): Conv2d(256, 1, kernel_size=(1, 1), stride=(1, 1))
    )
  )
)
[08/05 13:18:49 d2.data.dataset_mapper]: [DatasetMapper] Augmentations used in training: [ResizeShortestEdge(short_edge_length=(640, 672, 704, 736, 768, 800), max_size=1333, sample_style='choice'), RandomFlip()]
[08/05 13:18:49 d2.data.datasets.coco]: Loaded 411 images in COCO format from /projects/PUCHALLA/LLP2024/tumor-segmentation/data/processed_data/rgb/train/images/train.json
[08/05 13:18:49 d2.data.datasets.coco]: Loaded 88 images in COCO format from /projects/PUCHALLA/LLP2024/tumor-segmentation/data/processed_data/rgb/val/images/val.json
[08/05 13:18:49 d2.data.build]: Distribution of instances among all 1 categories:
|  category  | #instances   |
|:----------:|:-------------|
|   Tumor    | 499          |
|            |              |
[08/05 13:18:49 d2.data.build]: Using training sampler TrainingSampler
[08/05 13:18:49 d2.data.common]: Serializing the dataset using: <class 'detectron2.data.common._TorchSerializedList'>
[08/05 13:18:49 d2.data.common]: Serializing 499 elements to byte tensors and concatenating them all ...
[08/05 13:18:49 d2.data.common]: Serialized dataset takes 0.36 MiB
[08/05 13:18:49 d2.data.build]: Making batched data loader with batch_size=2
[08/05 13:18:49 d2.data.dataset_mapper]: [DatasetMapper] Augmentations used in inference: [ResizeShortestEdge(short_edge_length=(800, 800), max_size=1333, sample_style='choice')]
[08/05 13:18:49 d2.data.datasets.coco]: Loaded 89 images in COCO format from /projects/PUCHALLA/LLP2024/tumor-segmentation/data/processed_data/rgb/test/images/test.json
[08/05 13:18:49 d2.data.build]: Distribution of instances among all 1 categories:
|  category  | #instances   |
|:----------:|:-------------|
|   Tumor    | 89           |
|            |              |
[08/05 13:18:49 d2.data.common]: Serializing the dataset using: <class 'detectron2.data.common._TorchSerializedList'>
[08/05 13:18:49 d2.data.common]: Serializing 89 elements to byte tensors and concatenating them all ...
[08/05 13:18:49 d2.data.common]: Serialized dataset takes 0.07 MiB
[08/05 13:18:49 d2.checkpoint.detection_checkpoint]: [DetectionCheckpointer] Loading from https://dl.fbaipublicfiles.com/detectron2/COCO-InstanceSegmentation/mask_rcnn_R_50_FPN_3x/137849600/model_final_f10217.pkl ...
[08/05 13:18:50 d2.engine.train_loop]: Starting training from iteration 0
[08/05 13:18:54 d2.utils.events]:  eta: 0:10:34  iter: 19  total_loss: 1.446  loss_cls: 0.5487  loss_box_reg: 0.1609  loss_mask: 0.6876  loss_rpn_cls: 0.005417  loss_rpn_loc: 0.008879    time: 0.1289  last_time: 0.1216  data_time: 0.0155  last_data_time: 0.0022   lr: 6.0688e-05  max_mem: 1586M
[08/05 13:18:57 d2.utils.events]:  eta: 0:10:25  iter: 39  total_loss: 0.9407  loss_cls: 0.1629  loss_box_reg: 0.1538  loss_mask: 0.6127  loss_rpn_cls: 0.003446  loss_rpn_loc: 0.008212    time: 0.1271  last_time: 0.1324  data_time: 0.0022  last_data_time: 0.0022   lr: 7.1938e-05  max_mem: 1607M
[08/05 13:19:00 d2.utils.events]:  eta: 0:10:12  iter: 59  total_loss: 0.8278  loss_cls: 0.116  loss_box_reg: 0.146  loss_mask: 0.5491  loss_rpn_cls: 0.008265  loss_rpn_loc: 0.006389    time: 0.1252  last_time: 0.1204  data_time: 0.0022  last_data_time: 0.0022   lr: 8.3187e-05  max_mem: 1607M
[08/05 13:19:02 d2.utils.events]:  eta: 0:10:12  iter: 79  total_loss: 0.7244  loss_cls: 0.1075  loss_box_reg: 0.1631  loss_mask: 0.4271  loss_rpn_cls: 0.001321  loss_rpn_loc: 0.005679    time: 0.1253  last_time: 0.1332  data_time: 0.0022  last_data_time: 0.0023   lr: 9.4438e-05  max_mem: 1607M
[08/05 13:19:05 d2.utils.events]:  eta: 0:10:10  iter: 99  total_loss: 0.6653  loss_cls: 0.0951  loss_box_reg: 0.1602  loss_mask: 0.3917  loss_rpn_cls: 0.001998  loss_rpn_loc: 0.004084    time: 0.1246  last_time: 0.1172  data_time: 0.0022  last_data_time: 0.0023   lr: 0.00010569  max_mem: 1607M
[08/05 13:19:05 d2.evaluation.coco_evaluation]: Fast COCO eval is not built. Falling back to official COCO eval.
[08/05 13:19:05 d2.data.datasets.coco]: Loaded 89 images in COCO format from /projects/PUCHALLA/LLP2024/tumor-segmentation/data/processed_data/rgb/test/images/test.json
[08/05 13:19:05 d2.data.dataset_mapper]: [DatasetMapper] Augmentations used in inference: [ResizeShortestEdge(short_edge_length=(800, 800), max_size=1333, sample_style='choice')]
[08/05 13:19:05 d2.data.common]: Serializing the dataset using: <class 'detectron2.data.common._TorchSerializedList'>
[08/05 13:19:05 d2.data.common]: Serializing 89 elements to byte tensors and concatenating them all ...
[08/05 13:19:05 d2.data.common]: Serialized dataset takes 0.07 MiB
[08/05 13:19:05 d2.evaluation.evaluator]: Start inference on 89 batches
[08/05 13:19:05 d2.evaluation.evaluator]: Inference done 11/89. Dataloading: 0.0006 s/iter. Inference: 0.0292 s/iter. Eval: 0.0002 s/iter. Total: 0.0300 s/iter. ETA=0:00:02
[08/05 13:19:08 d2.evaluation.evaluator]: Total inference time: 0:00:02.592198 (0.030860 s / iter per device, on 1 devices)
[08/05 13:19:08 d2.evaluation.evaluator]: Total inference pure compute time: 0:00:02 (0.029527 s / iter per device, on 1 devices)
[08/05 13:19:08 d2.evaluation.coco_evaluation]: Preparing results for COCO format ...
[08/05 13:19:08 d2.evaluation.coco_evaluation]: Saving results to ../../../../models/rgb-testing/AP-bug-fix-2-5000/coco_instances_results.json
[08/05 13:19:08 d2.evaluation.coco_evaluation]: Evaluating predictions with official COCO API...
Loading and preparing results...
DONE (t=0.00s)
creating index...
index created!
Running per image evaluation...
Evaluate annotation type *bbox*
DONE (t=0.01s).
Accumulating evaluation results...
DONE (t=0.01s).
 Average Precision  (AP) @[ IoU=0.50:0.95 | area=   all | maxDets=100 ] = 0.131
 Average Precision  (AP) @[ IoU=0.50      | area=   all | maxDets=100 ] = 0.494
 Average Precision  (AP) @[ IoU=0.75      | area=   all | maxDets=100 ] = 0.026
 Average Precision  (AP) @[ IoU=0.50:0.95 | area= small | maxDets=100 ] = -1.000
 Average Precision  (AP) @[ IoU=0.50:0.95 | area=medium | maxDets=100 ] = 0.157
 Average Precision  (AP) @[ IoU=0.50:0.95 | area= large | maxDets=100 ] = 0.131
 Average Recall     (AR) @[ IoU=0.50:0.95 | area=   all | maxDets=  1 ] = 0.201
 Average Recall     (AR) @[ IoU=0.50:0.95 | area=   all | maxDets= 10 ] = 0.203
 Average Recall     (AR) @[ IoU=0.50:0.95 | area=   all | maxDets=100 ] = 0.203
 Average Recall     (AR) @[ IoU=0.50:0.95 | area= small | maxDets=100 ] = -1.000
 Average Recall     (AR) @[ IoU=0.50:0.95 | area=medium | maxDets=100 ] = 0.180
 Average Recall     (AR) @[ IoU=0.50:0.95 | area= large | maxDets=100 ] = 0.206
[08/05 13:19:08 d2.evaluation.coco_evaluation]: Evaluation results for bbox: 
|   AP   |  AP50  |  AP75  |  APs  |  APm   |  APl   |
|:------:|:------:|:------:|:-----:|:------:|:------:|
| 13.145 | 49.430 | 2.579  |  nan  | 15.660 | 13.058 |
[08/05 13:19:08 d2.evaluation.coco_evaluation]: Some metrics cannot be computed and is shown as NaN.
Loading and preparing results...
DONE (t=0.00s)
creating index...
index created!
Running per image evaluation...
Evaluate annotation type *segm*
DONE (t=0.02s).
Accumulating evaluation results...
DONE (t=0.00s).
 Average Precision  (AP) @[ IoU=0.50:0.95 | area=   all | maxDets=100 ] = 0.279
 Average Precision  (AP) @[ IoU=0.50      | area=   all | maxDets=100 ] = 0.555
 Average Precision  (AP) @[ IoU=0.75      | area=   all | maxDets=100 ] = 0.200
 Average Precision  (AP) @[ IoU=0.50:0.95 | area= small | maxDets=100 ] = -1.000
 Average Precision  (AP) @[ IoU=0.50:0.95 | area=medium | maxDets=100 ] = 0.178
 Average Precision  (AP) @[ IoU=0.50:0.95 | area= large | maxDets=100 ] = 0.299
 Average Recall     (AR) @[ IoU=0.50:0.95 | area=   all | maxDets=  1 ] = 0.327
 Average Recall     (AR) @[ IoU=0.50:0.95 | area=   all | maxDets= 10 ] = 0.327
 Average Recall     (AR) @[ IoU=0.50:0.95 | area=   all | maxDets=100 ] = 0.327
 Average Recall     (AR) @[ IoU=0.50:0.95 | area= small | maxDets=100 ] = -1.000
 Average Recall     (AR) @[ IoU=0.50:0.95 | area=medium | maxDets=100 ] = 0.250
 Average Recall     (AR) @[ IoU=0.50:0.95 | area= large | maxDets=100 ] = 0.337
[08/05 13:19:08 d2.evaluation.coco_evaluation]: Evaluation results for segm: 
|   AP   |  AP50  |  AP75  |  APs  |  APm   |  APl   |
|:------:|:------:|:------:|:-----:|:------:|:------:|
| 27.898 | 55.516 | 20.002 |  nan  | 17.789 | 29.941 |
[08/05 13:19:08 d2.evaluation.coco_evaluation]: Some metrics cannot be computed and is shown as NaN.
[Iter 2 AP] → mAP@[.5:.95] = 27.898
[08/05 13:19:10 d2.utils.events]:  eta: 0:10:05  iter: 119  total_loss: 0.5506  loss_cls: 0.08912  loss_box_reg: 0.1635  loss_mask: 0.2898  loss_rpn_cls: 0.001172  loss_rpn_loc: 0.004057    time: 0.1246  last_time: 0.1110  data_time: 0.0023  last_data_time: 0.0022   lr: 0.00011694  max_mem: 1607M
[08/05 13:19:13 d2.utils.events]:  eta: 0:10:03  iter: 139  total_loss: 0.4822  loss_cls: 0.07127  loss_box_reg: 0.1526  loss_mask: 0.228  loss_rpn_cls: 0.0001302  loss_rpn_loc: 0.00334    time: 0.1254  last_time: 0.1294  data_time: 0.0022  last_data_time: 0.0021   lr: 0.00012819  max_mem: 1607M
[08/05 13:19:15 d2.utils.events]:  eta: 0:09:59  iter: 159  total_loss: 0.4786  loss_cls: 0.06544  loss_box_reg: 0.1653  loss_mask: 0.2209  loss_rpn_cls: 0.0002755  loss_rpn_loc: 0.004428    time: 0.1254  last_time: 0.1227  data_time: 0.0022  last_data_time: 0.0023   lr: 0.00013944  max_mem: 1629M
[08/05 13:19:18 d2.utils.events]:  eta: 0:09:59  iter: 179  total_loss: 0.4173  loss_cls: 0.05882  loss_box_reg: 0.1585  loss_mask: 0.1762  loss_rpn_cls: 0.0002162  loss_rpn_loc: 0.003553    time: 0.1254  last_time: 0.1057  data_time: 0.0023  last_data_time: 0.0023   lr: 0.00015069  max_mem: 1629M
[08/05 13:19:21 d2.utils.events]:  eta: 0:09:56  iter: 199  total_loss: 0.4118  loss_cls: 0.05247  loss_box_reg: 0.1329  loss_mask: 0.1769  loss_rpn_cls: 0.0001053  loss_rpn_loc: 0.004152    time: 0.1253  last_time: 0.1142  data_time: 0.0023  last_data_time: 0.0023   lr: 0.00016194  max_mem: 1635M
[08/05 13:19:21 d2.evaluation.coco_evaluation]: Fast COCO eval is not built. Falling back to official COCO eval.
[08/05 13:19:21 d2.data.datasets.coco]: Loaded 89 images in COCO format from /projects/PUCHALLA/LLP2024/tumor-segmentation/data/processed_data/rgb/test/images/test.json
[08/05 13:19:21 d2.data.dataset_mapper]: [DatasetMapper] Augmentations used in inference: [ResizeShortestEdge(short_edge_length=(800, 800), max_size=1333, sample_style='choice')]
[08/05 13:19:21 d2.data.common]: Serializing the dataset using: <class 'detectron2.data.common._TorchSerializedList'>
[08/05 13:19:21 d2.data.common]: Serializing 89 elements to byte tensors and concatenating them all ...
[08/05 13:19:21 d2.data.common]: Serialized dataset takes 0.07 MiB
[08/05 13:19:21 d2.evaluation.evaluator]: Start inference on 89 batches
[08/05 13:19:21 d2.evaluation.evaluator]: Inference done 11/89. Dataloading: 0.0006 s/iter. Inference: 0.0342 s/iter. Eval: 0.0004 s/iter. Total: 0.0353 s/iter. ETA=0:00:02
[08/05 13:19:24 d2.evaluation.evaluator]: Total inference time: 0:00:03.034829 (0.036129 s / iter per device, on 1 devices)
[08/05 13:19:24 d2.evaluation.evaluator]: Total inference pure compute time: 0:00:02 (0.034653 s / iter per device, on 1 devices)
[08/05 13:19:24 d2.evaluation.coco_evaluation]: Preparing results for COCO format ...
[08/05 13:19:24 d2.evaluation.coco_evaluation]: Saving results to ../../../../models/rgb-testing/AP-bug-fix-2-5000/coco_instances_results.json
[08/05 13:19:24 d2.evaluation.coco_evaluation]: Evaluating predictions with official COCO API...
Loading and preparing results...
DONE (t=0.00s)
creating index...
index created!
Running per image evaluation...
Evaluate annotation type *bbox*
DONE (t=0.02s).
Accumulating evaluation results...
DONE (t=0.01s).
 Average Precision  (AP) @[ IoU=0.50:0.95 | area=   all | maxDets=100 ] = 0.389
 Average Precision  (AP) @[ IoU=0.50      | area=   all | maxDets=100 ] = 0.869
 Average Precision  (AP) @[ IoU=0.75      | area=   all | maxDets=100 ] = 0.276
 Average Precision  (AP) @[ IoU=0.50:0.95 | area= small | maxDets=100 ] = -1.000
 Average Precision  (AP) @[ IoU=0.50:0.95 | area=medium | maxDets=100 ] = 0.329
 Average Precision  (AP) @[ IoU=0.50:0.95 | area= large | maxDets=100 ] = 0.401
 Average Recall     (AR) @[ IoU=0.50:0.95 | area=   all | maxDets=  1 ] = 0.500
 Average Recall     (AR) @[ IoU=0.50:0.95 | area=   all | maxDets= 10 ] = 0.515
 Average Recall     (AR) @[ IoU=0.50:0.95 | area=   all | maxDets=100 ] = 0.515
 Average Recall     (AR) @[ IoU=0.50:0.95 | area= small | maxDets=100 ] = -1.000
 Average Recall     (AR) @[ IoU=0.50:0.95 | area=medium | maxDets=100 ] = 0.360
 Average Recall     (AR) @[ IoU=0.50:0.95 | area= large | maxDets=100 ] = 0.534
[08/05 13:19:24 d2.evaluation.coco_evaluation]: Evaluation results for bbox: 
|   AP   |  AP50  |  AP75  |  APs  |  APm   |  APl   |
|:------:|:------:|:------:|:-----:|:------:|:------:|
| 38.949 | 86.851 | 27.630 |  nan  | 32.851 | 40.058 |
[08/05 13:19:24 d2.evaluation.coco_evaluation]: Some metrics cannot be computed and is shown as NaN.
Loading and preparing results...
DONE (t=0.00s)
creating index...
index created!
Running per image evaluation...
Evaluate annotation type *segm*
DONE (t=0.02s).
Accumulating evaluation results...
DONE (t=0.01s).
 Average Precision  (AP) @[ IoU=0.50:0.95 | area=   all | maxDets=100 ] = 0.587
 Average Precision  (AP) @[ IoU=0.50      | area=   all | maxDets=100 ] = 0.893
 Average Precision  (AP) @[ IoU=0.75      | area=   all | maxDets=100 ] = 0.761
 Average Precision  (AP) @[ IoU=0.50:0.95 | area= small | maxDets=100 ] = -1.000
 Average Precision  (AP) @[ IoU=0.50:0.95 | area=medium | maxDets=100 ] = 0.395
 Average Precision  (AP) @[ IoU=0.50:0.95 | area= large | maxDets=100 ] = 0.616
 Average Recall     (AR) @[ IoU=0.50:0.95 | area=   all | maxDets=  1 ] = 0.649
 Average Recall     (AR) @[ IoU=0.50:0.95 | area=   all | maxDets= 10 ] = 0.675
 Average Recall     (AR) @[ IoU=0.50:0.95 | area=   all | maxDets=100 ] = 0.675
 Average Recall     (AR) @[ IoU=0.50:0.95 | area= small | maxDets=100 ] = -1.000
 Average Recall     (AR) @[ IoU=0.50:0.95 | area=medium | maxDets=100 ] = 0.500
 Average Recall     (AR) @[ IoU=0.50:0.95 | area= large | maxDets=100 ] = 0.697
[08/05 13:19:24 d2.evaluation.coco_evaluation]: Evaluation results for segm: 
|   AP   |  AP50  |  AP75  |  APs  |  APm   |  APl   |
|:------:|:------:|:------:|:-----:|:------:|:------:|
| 58.738 | 89.297 | 76.134 |  nan  | 39.499 | 61.565 |
[08/05 13:19:24 d2.evaluation.coco_evaluation]: Some metrics cannot be computed and is shown as NaN.
[Iter 2 AP] → mAP@[.5:.95] = 58.738
[08/05 13:19:26 d2.utils.events]:  eta: 0:09:54  iter: 219  total_loss: 0.4076  loss_cls: 0.04721  loss_box_reg: 0.1507  loss_mask: 0.1975  loss_rpn_cls: 6.63e-05  loss_rpn_loc: 0.003125    time: 0.1251  last_time: 0.1203  data_time: 0.0023  last_data_time: 0.0022   lr: 0.00017319  max_mem: 1635M
[08/05 13:19:29 d2.utils.events]:  eta: 0:09:51  iter: 239  total_loss: 0.3382  loss_cls: 0.04044  loss_box_reg: 0.1396  loss_mask: 0.1619  loss_rpn_cls: 0.0001047  loss_rpn_loc: 0.002996    time: 0.1250  last_time: 0.1292  data_time: 0.0023  last_data_time: 0.0023   lr: 0.00018444  max_mem: 1635M
[08/05 13:19:31 d2.utils.events]:  eta: 0:09:49  iter: 259  total_loss: 0.3222  loss_cls: 0.03528  loss_box_reg: 0.1216  loss_mask: 0.1549  loss_rpn_cls: 7.221e-05  loss_rpn_loc: 0.004697    time: 0.1250  last_time: 0.1248  data_time: 0.0023  last_data_time: 0.0022   lr: 0.00019569  max_mem: 1635M
[08/05 13:19:34 d2.utils.events]:  eta: 0:09:47  iter: 279  total_loss: 0.3125  loss_cls: 0.03342  loss_box_reg: 0.09961  loss_mask: 0.1812  loss_rpn_cls: 0.0002688  loss_rpn_loc: 0.004541    time: 0.1249  last_time: 0.1198  data_time: 0.0025  last_data_time: 0.0026   lr: 0.00020694  max_mem: 1635M
[08/05 13:19:36 d2.utils.events]:  eta: 0:09:46  iter: 299  total_loss: 0.2944  loss_cls: 0.03838  loss_box_reg: 0.08657  loss_mask: 0.1671  loss_rpn_cls: 0.0001991  loss_rpn_loc: 0.003494    time: 0.1250  last_time: 0.1255  data_time: 0.0024  last_data_time: 0.0024   lr: 0.00021819  max_mem: 1635M
[08/05 13:19:36 d2.evaluation.coco_evaluation]: Fast COCO eval is not built. Falling back to official COCO eval.
[08/05 13:19:36 d2.data.datasets.coco]: Loaded 89 images in COCO format from /projects/PUCHALLA/LLP2024/tumor-segmentation/data/processed_data/rgb/test/images/test.json
[08/05 13:19:36 d2.data.dataset_mapper]: [DatasetMapper] Augmentations used in inference: [ResizeShortestEdge(short_edge_length=(800, 800), max_size=1333, sample_style='choice')]
[08/05 13:19:36 d2.data.common]: Serializing the dataset using: <class 'detectron2.data.common._TorchSerializedList'>
[08/05 13:19:36 d2.data.common]: Serializing 89 elements to byte tensors and concatenating them all ...
[08/05 13:19:36 d2.data.common]: Serialized dataset takes 0.07 MiB
[08/05 13:19:36 d2.evaluation.evaluator]: Start inference on 89 batches
[08/05 13:19:37 d2.evaluation.evaluator]: Inference done 11/89. Dataloading: 0.0006 s/iter. Inference: 0.0362 s/iter. Eval: 0.0004 s/iter. Total: 0.0372 s/iter. ETA=0:00:02
[08/05 13:19:40 d2.evaluation.evaluator]: Total inference time: 0:00:03.005668 (0.035782 s / iter per device, on 1 devices)
[08/05 13:19:40 d2.evaluation.evaluator]: Total inference pure compute time: 0:00:02 (0.034329 s / iter per device, on 1 devices)
[08/05 13:19:40 d2.evaluation.coco_evaluation]: Preparing results for COCO format ...
[08/05 13:19:40 d2.evaluation.coco_evaluation]: Saving results to ../../../../models/rgb-testing/AP-bug-fix-2-5000/coco_instances_results.json
[08/05 13:19:40 d2.evaluation.coco_evaluation]: Evaluating predictions with official COCO API...
Loading and preparing results...
DONE (t=0.00s)
creating index...
index created!
Running per image evaluation...
Evaluate annotation type *bbox*
DONE (t=0.01s).
Accumulating evaluation results...
DONE (t=0.01s).
 Average Precision  (AP) @[ IoU=0.50:0.95 | area=   all | maxDets=100 ] = 0.644
 Average Precision  (AP) @[ IoU=0.50      | area=   all | maxDets=100 ] = 0.931
 Average Precision  (AP) @[ IoU=0.75      | area=   all | maxDets=100 ] = 0.834
 Average Precision  (AP) @[ IoU=0.50:0.95 | area= small | maxDets=100 ] = -1.000
 Average Precision  (AP) @[ IoU=0.50:0.95 | area=medium | maxDets=100 ] = 0.525
 Average Precision  (AP) @[ IoU=0.50:0.95 | area= large | maxDets=100 ] = 0.662
 Average Recall     (AR) @[ IoU=0.50:0.95 | area=   all | maxDets=  1 ] = 0.707
 Average Recall     (AR) @[ IoU=0.50:0.95 | area=   all | maxDets= 10 ] = 0.709
 Average Recall     (AR) @[ IoU=0.50:0.95 | area=   all | maxDets=100 ] = 0.709
 Average Recall     (AR) @[ IoU=0.50:0.95 | area= small | maxDets=100 ] = -1.000
 Average Recall     (AR) @[ IoU=0.50:0.95 | area=medium | maxDets=100 ] = 0.530
 Average Recall     (AR) @[ IoU=0.50:0.95 | area= large | maxDets=100 ] = 0.732
[08/05 13:19:40 d2.evaluation.coco_evaluation]: Evaluation results for bbox: 
|   AP   |  AP50  |  AP75  |  APs  |  APm   |  APl   |
|:------:|:------:|:------:|:-----:|:------:|:------:|
| 64.420 | 93.125 | 83.395 |  nan  | 52.509 | 66.191 |
[08/05 13:19:40 d2.evaluation.coco_evaluation]: Some metrics cannot be computed and is shown as NaN.
Loading and preparing results...
DONE (t=0.00s)
creating index...
index created!
Running per image evaluation...
Evaluate annotation type *segm*
DONE (t=0.02s).
Accumulating evaluation results...
DONE (t=0.01s).
 Average Precision  (AP) @[ IoU=0.50:0.95 | area=   all | maxDets=100 ] = 0.685
 Average Precision  (AP) @[ IoU=0.50      | area=   all | maxDets=100 ] = 0.931
 Average Precision  (AP) @[ IoU=0.75      | area=   all | maxDets=100 ] = 0.885
 Average Precision  (AP) @[ IoU=0.50:0.95 | area= small | maxDets=100 ] = -1.000
 Average Precision  (AP) @[ IoU=0.50:0.95 | area=medium | maxDets=100 ] = 0.529
 Average Precision  (AP) @[ IoU=0.50:0.95 | area= large | maxDets=100 ] = 0.707
 Average Recall     (AR) @[ IoU=0.50:0.95 | area=   all | maxDets=  1 ] = 0.737
 Average Recall     (AR) @[ IoU=0.50:0.95 | area=   all | maxDets= 10 ] = 0.738
 Average Recall     (AR) @[ IoU=0.50:0.95 | area=   all | maxDets=100 ] = 0.738
 Average Recall     (AR) @[ IoU=0.50:0.95 | area= small | maxDets=100 ] = -1.000
 Average Recall     (AR) @[ IoU=0.50:0.95 | area=medium | maxDets=100 ] = 0.550
 Average Recall     (AR) @[ IoU=0.50:0.95 | area= large | maxDets=100 ] = 0.762
[08/05 13:19:40 d2.evaluation.coco_evaluation]: Evaluation results for segm: 
|   AP   |  AP50  |  AP75  |  APs  |  APm   |  APl   |
|:------:|:------:|:------:|:-----:|:------:|:------:|
| 68.465 | 93.125 | 88.532 |  nan  | 52.933 | 70.667 |
[08/05 13:19:40 d2.evaluation.coco_evaluation]: Some metrics cannot be computed and is shown as NaN.
[Iter 2 AP] → mAP@[.5:.95] = 68.465
[08/05 13:19:42 d2.utils.events]:  eta: 0:09:45  iter: 319  total_loss: 0.2604  loss_cls: 0.03025  loss_box_reg: 0.07362  loss_mask: 0.1564  loss_rpn_cls: 2.344e-05  loss_rpn_loc: 0.004785    time: 0.1252  last_time: 0.1360  data_time: 0.0026  last_data_time: 0.0022   lr: 0.00022944  max_mem: 1635M
[08/05 13:19:45 d2.utils.events]:  eta: 0:09:44  iter: 339  total_loss: 0.2681  loss_cls: 0.02897  loss_box_reg: 0.07023  loss_mask: 0.1704  loss_rpn_cls: 4.533e-05  loss_rpn_loc: 0.003062    time: 0.1253  last_time: 0.1273  data_time: 0.0026  last_data_time: 0.0024   lr: 0.00024069  max_mem: 1641M
[08/05 13:19:47 d2.utils.events]:  eta: 0:09:42  iter: 359  total_loss: 0.2414  loss_cls: 0.02689  loss_box_reg: 0.06033  loss_mask: 0.1502  loss_rpn_cls: 8.135e-06  loss_rpn_loc: 0.003291    time: 0.1253  last_time: 0.1166  data_time: 0.0026  last_data_time: 0.0024   lr: 0.00025194  max_mem: 1641M
[08/05 13:19:50 d2.utils.events]:  eta: 0:09:40  iter: 379  total_loss: 0.262  loss_cls: 0.02714  loss_box_reg: 0.0737  loss_mask: 0.1644  loss_rpn_cls: 1.836e-05  loss_rpn_loc: 0.003377    time: 0.1254  last_time: 0.1169  data_time: 0.0027  last_data_time: 0.0026   lr: 0.00026319  max_mem: 1641M
[08/05 13:19:52 d2.utils.events]:  eta: 0:09:37  iter: 399  total_loss: 0.2327  loss_cls: 0.02359  loss_box_reg: 0.05321  loss_mask: 0.1459  loss_rpn_cls: 3.726e-06  loss_rpn_loc: 0.003119    time: 0.1254  last_time: 0.1207  data_time: 0.0024  last_data_time: 0.0024   lr: 0.00027444  max_mem: 1644M
[08/05 13:19:53 d2.evaluation.coco_evaluation]: Fast COCO eval is not built. Falling back to official COCO eval.
[08/05 13:19:53 d2.data.datasets.coco]: Loaded 89 images in COCO format from /projects/PUCHALLA/LLP2024/tumor-segmentation/data/processed_data/rgb/test/images/test.json
[08/05 13:19:53 d2.data.dataset_mapper]: [DatasetMapper] Augmentations used in inference: [ResizeShortestEdge(short_edge_length=(800, 800), max_size=1333, sample_style='choice')]
[08/05 13:19:53 d2.data.common]: Serializing the dataset using: <class 'detectron2.data.common._TorchSerializedList'>
[08/05 13:19:53 d2.data.common]: Serializing 89 elements to byte tensors and concatenating them all ...
[08/05 13:19:53 d2.data.common]: Serialized dataset takes 0.07 MiB
[08/05 13:19:53 d2.evaluation.evaluator]: Start inference on 89 batches
[08/05 13:19:53 d2.evaluation.evaluator]: Inference done 11/89. Dataloading: 0.0006 s/iter. Inference: 0.0343 s/iter. Eval: 0.0004 s/iter. Total: 0.0353 s/iter. ETA=0:00:02
[08/05 13:19:56 d2.evaluation.evaluator]: Total inference time: 0:00:03.005115 (0.035775 s / iter per device, on 1 devices)
[08/05 13:19:56 d2.evaluation.evaluator]: Total inference pure compute time: 0:00:02 (0.034322 s / iter per device, on 1 devices)
[08/05 13:19:56 d2.evaluation.coco_evaluation]: Preparing results for COCO format ...
[08/05 13:19:56 d2.evaluation.coco_evaluation]: Saving results to ../../../../models/rgb-testing/AP-bug-fix-2-5000/coco_instances_results.json
[08/05 13:19:56 d2.evaluation.coco_evaluation]: Evaluating predictions with official COCO API...
Loading and preparing results...
DONE (t=0.00s)
creating index...
index created!
Running per image evaluation...
Evaluate annotation type *bbox*
DONE (t=0.02s).
Accumulating evaluation results...
DONE (t=0.01s).
 Average Precision  (AP) @[ IoU=0.50:0.95 | area=   all | maxDets=100 ] = 0.615
 Average Precision  (AP) @[ IoU=0.50      | area=   all | maxDets=100 ] = 0.905
 Average Precision  (AP) @[ IoU=0.75      | area=   all | maxDets=100 ] = 0.837
 Average Precision  (AP) @[ IoU=0.50:0.95 | area= small | maxDets=100 ] = -1.000
 Average Precision  (AP) @[ IoU=0.50:0.95 | area=medium | maxDets=100 ] = 0.555
 Average Precision  (AP) @[ IoU=0.50:0.95 | area= large | maxDets=100 ] = 0.625
 Average Recall     (AR) @[ IoU=0.50:0.95 | area=   all | maxDets=  1 ] = 0.675
 Average Recall     (AR) @[ IoU=0.50:0.95 | area=   all | maxDets= 10 ] = 0.685
 Average Recall     (AR) @[ IoU=0.50:0.95 | area=   all | maxDets=100 ] = 0.685
 Average Recall     (AR) @[ IoU=0.50:0.95 | area= small | maxDets=100 ] = -1.000
 Average Recall     (AR) @[ IoU=0.50:0.95 | area=medium | maxDets=100 ] = 0.560
 Average Recall     (AR) @[ IoU=0.50:0.95 | area= large | maxDets=100 ] = 0.701
[08/05 13:19:56 d2.evaluation.coco_evaluation]: Evaluation results for bbox: 
|   AP   |  AP50  |  AP75  |  APs  |  APm   |  APl   |
|:------:|:------:|:------:|:-----:|:------:|:------:|
| 61.498 | 90.483 | 83.741 |  nan  | 55.495 | 62.450 |
[08/05 13:19:56 d2.evaluation.coco_evaluation]: Some metrics cannot be computed and is shown as NaN.
Loading and preparing results...
DONE (t=0.00s)
creating index...
index created!
Running per image evaluation...
Evaluate annotation type *segm*
DONE (t=0.02s).
Accumulating evaluation results...
DONE (t=0.01s).
 Average Precision  (AP) @[ IoU=0.50:0.95 | area=   all | maxDets=100 ] = 0.660
 Average Precision  (AP) @[ IoU=0.50      | area=   all | maxDets=100 ] = 0.905
 Average Precision  (AP) @[ IoU=0.75      | area=   all | maxDets=100 ] = 0.818
 Average Precision  (AP) @[ IoU=0.50:0.95 | area= small | maxDets=100 ] = -1.000
 Average Precision  (AP) @[ IoU=0.50:0.95 | area=medium | maxDets=100 ] = 0.493
 Average Precision  (AP) @[ IoU=0.50:0.95 | area= large | maxDets=100 ] = 0.682
 Average Recall     (AR) @[ IoU=0.50:0.95 | area=   all | maxDets=  1 ] = 0.716
 Average Recall     (AR) @[ IoU=0.50:0.95 | area=   all | maxDets= 10 ] = 0.725
 Average Recall     (AR) @[ IoU=0.50:0.95 | area=   all | maxDets=100 ] = 0.725
 Average Recall     (AR) @[ IoU=0.50:0.95 | area= small | maxDets=100 ] = -1.000
 Average Recall     (AR) @[ IoU=0.50:0.95 | area=medium | maxDets=100 ] = 0.570
 Average Recall     (AR) @[ IoU=0.50:0.95 | area= large | maxDets=100 ] = 0.744
[08/05 13:19:56 d2.evaluation.coco_evaluation]: Evaluation results for segm: 
|   AP   |  AP50  |  AP75  |  APs  |  APm   |  APl   |
|:------:|:------:|:------:|:-----:|:------:|:------:|
| 66.044 | 90.483 | 81.785 |  nan  | 49.260 | 68.218 |
[08/05 13:19:56 d2.evaluation.coco_evaluation]: Some metrics cannot be computed and is shown as NaN.
[Iter 2 AP] → mAP@[.5:.95] = 66.044
[08/05 13:19:58 d2.utils.events]:  eta: 0:09:35  iter: 419  total_loss: 0.2471  loss_cls: 0.02185  loss_box_reg: 0.06124  loss_mask: 0.1566  loss_rpn_cls: 7.053e-06  loss_rpn_loc: 0.003267    time: 0.1255  last_time: 0.1203  data_time: 0.0025  last_data_time: 0.0023   lr: 0.00028569  max_mem: 1644M
[08/05 13:20:01 d2.utils.events]:  eta: 0:09:32  iter: 439  total_loss: 0.2248  loss_cls: 0.02543  loss_box_reg: 0.05916  loss_mask: 0.1328  loss_rpn_cls: 2.419e-05  loss_rpn_loc: 0.003261    time: 0.1254  last_time: 0.1333  data_time: 0.0025  last_data_time: 0.0023   lr: 0.00029694  max_mem: 1644M
[08/05 13:20:03 d2.utils.events]:  eta: 0:09:29  iter: 459  total_loss: 0.2533  loss_cls: 0.02533  loss_box_reg: 0.05698  loss_mask: 0.1571  loss_rpn_cls: 3.046e-06  loss_rpn_loc: 0.002905    time: 0.1255  last_time: 0.1217  data_time: 0.0026  last_data_time: 0.0023   lr: 0.00030819  max_mem: 1656M
[08/05 13:20:06 d2.utils.events]:  eta: 0:09:27  iter: 479  total_loss: 0.2547  loss_cls: 0.02556  loss_box_reg: 0.06087  loss_mask: 0.1488  loss_rpn_cls: 6.841e-06  loss_rpn_loc: 0.002954    time: 0.1255  last_time: 0.1373  data_time: 0.0026  last_data_time: 0.0035   lr: 0.00031944  max_mem: 1656M
[08/05 13:20:08 d2.utils.events]:  eta: 0:09:25  iter: 499  total_loss: 0.2568  loss_cls: 0.02482  loss_box_reg: 0.05648  loss_mask: 0.1682  loss_rpn_cls: 1.299e-05  loss_rpn_loc: 0.003833    time: 0.1255  last_time: 0.1247  data_time: 0.0026  last_data_time: 0.0035   lr: 0.00033069  max_mem: 1656M
[08/05 13:20:09 d2.evaluation.coco_evaluation]: Fast COCO eval is not built. Falling back to official COCO eval.
[08/05 13:20:09 d2.data.datasets.coco]: Loaded 89 images in COCO format from /projects/PUCHALLA/LLP2024/tumor-segmentation/data/processed_data/rgb/test/images/test.json
[08/05 13:20:09 d2.data.dataset_mapper]: [DatasetMapper] Augmentations used in inference: [ResizeShortestEdge(short_edge_length=(800, 800), max_size=1333, sample_style='choice')]
[08/05 13:20:09 d2.data.common]: Serializing the dataset using: <class 'detectron2.data.common._TorchSerializedList'>
[08/05 13:20:09 d2.data.common]: Serializing 89 elements to byte tensors and concatenating them all ...
[08/05 13:20:09 d2.data.common]: Serialized dataset takes 0.07 MiB
[08/05 13:20:09 d2.evaluation.evaluator]: Start inference on 89 batches
[08/05 13:20:09 d2.evaluation.evaluator]: Inference done 11/89. Dataloading: 0.0006 s/iter. Inference: 0.0339 s/iter. Eval: 0.0004 s/iter. Total: 0.0349 s/iter. ETA=0:00:02
[08/05 13:20:12 d2.evaluation.evaluator]: Total inference time: 0:00:02.992711 (0.035628 s / iter per device, on 1 devices)
[08/05 13:20:12 d2.evaluation.evaluator]: Total inference pure compute time: 0:00:02 (0.034157 s / iter per device, on 1 devices)
[08/05 13:20:12 d2.evaluation.coco_evaluation]: Preparing results for COCO format ...
[08/05 13:20:12 d2.evaluation.coco_evaluation]: Saving results to ../../../../models/rgb-testing/AP-bug-fix-2-5000/coco_instances_results.json
[08/05 13:20:12 d2.evaluation.coco_evaluation]: Evaluating predictions with official COCO API...
Loading and preparing results...
DONE (t=0.00s)
creating index...
index created!
Running per image evaluation...
Evaluate annotation type *bbox*
DONE (t=0.02s).
Accumulating evaluation results...
DONE (t=0.01s).
 Average Precision  (AP) @[ IoU=0.50:0.95 | area=   all | maxDets=100 ] = 0.685
 Average Precision  (AP) @[ IoU=0.50      | area=   all | maxDets=100 ] = 0.929
 Average Precision  (AP) @[ IoU=0.75      | area=   all | maxDets=100 ] = 0.869
 Average Precision  (AP) @[ IoU=0.50:0.95 | area= small | maxDets=100 ] = -1.000
 Average Precision  (AP) @[ IoU=0.50:0.95 | area=medium | maxDets=100 ] = 0.550
 Average Precision  (AP) @[ IoU=0.50:0.95 | area= large | maxDets=100 ] = 0.706
 Average Recall     (AR) @[ IoU=0.50:0.95 | area=   all | maxDets=  1 ] = 0.739
 Average Recall     (AR) @[ IoU=0.50:0.95 | area=   all | maxDets= 10 ] = 0.745
 Average Recall     (AR) @[ IoU=0.50:0.95 | area=   all | maxDets=100 ] = 0.745
 Average Recall     (AR) @[ IoU=0.50:0.95 | area= small | maxDets=100 ] = -1.000
 Average Recall     (AR) @[ IoU=0.50:0.95 | area=medium | maxDets=100 ] = 0.550
 Average Recall     (AR) @[ IoU=0.50:0.95 | area= large | maxDets=100 ] = 0.770
[08/05 13:20:12 d2.evaluation.coco_evaluation]: Evaluation results for bbox: 
|   AP   |  AP50  |  AP75  |  APs  |  APm   |  APl   |
|:------:|:------:|:------:|:-----:|:------:|:------:|
| 68.533 | 92.906 | 86.881 |  nan  | 55.050 | 70.558 |
[08/05 13:20:12 d2.evaluation.coco_evaluation]: Some metrics cannot be computed and is shown as NaN.
Loading and preparing results...
DONE (t=0.00s)
creating index...
index created!
Running per image evaluation...
Evaluate annotation type *segm*
DONE (t=0.02s).
Accumulating evaluation results...
DONE (t=0.01s).
 Average Precision  (AP) @[ IoU=0.50:0.95 | area=   all | maxDets=100 ] = 0.683
 Average Precision  (AP) @[ IoU=0.50      | area=   all | maxDets=100 ] = 0.919
 Average Precision  (AP) @[ IoU=0.75      | area=   all | maxDets=100 ] = 0.857
 Average Precision  (AP) @[ IoU=0.50:0.95 | area= small | maxDets=100 ] = -1.000
 Average Precision  (AP) @[ IoU=0.50:0.95 | area=medium | maxDets=100 ] = 0.532
 Average Precision  (AP) @[ IoU=0.50:0.95 | area= large | maxDets=100 ] = 0.704
 Average Recall     (AR) @[ IoU=0.50:0.95 | area=   all | maxDets=  1 ] = 0.738
 Average Recall     (AR) @[ IoU=0.50:0.95 | area=   all | maxDets= 10 ] = 0.742
 Average Recall     (AR) @[ IoU=0.50:0.95 | area=   all | maxDets=100 ] = 0.742
 Average Recall     (AR) @[ IoU=0.50:0.95 | area= small | maxDets=100 ] = -1.000
 Average Recall     (AR) @[ IoU=0.50:0.95 | area=medium | maxDets=100 ] = 0.560
 Average Recall     (AR) @[ IoU=0.50:0.95 | area= large | maxDets=100 ] = 0.765
[08/05 13:20:12 d2.evaluation.coco_evaluation]: Evaluation results for segm: 
|   AP   |  AP50  |  AP75  |  APs  |  APm   |  APl   |
|:------:|:------:|:------:|:-----:|:------:|:------:|
| 68.275 | 91.924 | 85.721 |  nan  | 53.225 | 70.354 |
[08/05 13:20:12 d2.evaluation.coco_evaluation]: Some metrics cannot be computed and is shown as NaN.
[Iter 2 AP] → mAP@[.5:.95] = 68.275
[08/05 13:20:14 d2.utils.events]:  eta: 0:09:23  iter: 519  total_loss: 0.2238  loss_cls: 0.02129  loss_box_reg: 0.0521  loss_mask: 0.1416  loss_rpn_cls: 1.389e-05  loss_rpn_loc: 0.003185    time: 0.1256  last_time: 0.1176  data_time: 0.0025  last_data_time: 0.0023   lr: 0.00034194  max_mem: 1656M
[08/05 13:20:17 d2.utils.events]:  eta: 0:09:20  iter: 539  total_loss: 0.241  loss_cls: 0.02437  loss_box_reg: 0.05969  loss_mask: 0.1581  loss_rpn_cls: 4.2e-06  loss_rpn_loc: 0.002444    time: 0.1255  last_time: 0.1359  data_time: 0.0025  last_data_time: 0.0023   lr: 0.00035319  max_mem: 1663M
[08/05 13:20:19 d2.utils.events]:  eta: 0:09:17  iter: 559  total_loss: 0.2436  loss_cls: 0.02278  loss_box_reg: 0.05885  loss_mask: 0.1516  loss_rpn_cls: 4.417e-06  loss_rpn_loc: 0.0032    time: 0.1257  last_time: 0.1274  data_time: 0.0024  last_data_time: 0.0023   lr: 0.00036444  max_mem: 1663M
[08/05 13:20:22 d2.utils.events]:  eta: 0:09:15  iter: 579  total_loss: 0.2564  loss_cls: 0.02885  loss_box_reg: 0.05543  loss_mask: 0.1684  loss_rpn_cls: 9.63e-06  loss_rpn_loc: 0.002949    time: 0.1256  last_time: 0.1234  data_time: 0.0024  last_data_time: 0.0023   lr: 0.00037569  max_mem: 1663M
[08/05 13:20:24 d2.utils.events]:  eta: 0:09:12  iter: 599  total_loss: 0.2192  loss_cls: 0.02331  loss_box_reg: 0.05653  loss_mask: 0.1496  loss_rpn_cls: 3.523e-06  loss_rpn_loc: 0.002832    time: 0.1256  last_time: 0.1323  data_time: 0.0025  last_data_time: 0.0034   lr: 0.00038694  max_mem: 1663M
[08/05 13:20:25 d2.evaluation.coco_evaluation]: Fast COCO eval is not built. Falling back to official COCO eval.
[08/05 13:20:25 d2.data.datasets.coco]: Loaded 89 images in COCO format from /projects/PUCHALLA/LLP2024/tumor-segmentation/data/processed_data/rgb/test/images/test.json
[08/05 13:20:25 d2.data.dataset_mapper]: [DatasetMapper] Augmentations used in inference: [ResizeShortestEdge(short_edge_length=(800, 800), max_size=1333, sample_style='choice')]
[08/05 13:20:25 d2.data.common]: Serializing the dataset using: <class 'detectron2.data.common._TorchSerializedList'>
[08/05 13:20:25 d2.data.common]: Serializing 89 elements to byte tensors and concatenating them all ...
[08/05 13:20:25 d2.data.common]: Serialized dataset takes 0.07 MiB
[08/05 13:20:25 d2.evaluation.evaluator]: Start inference on 89 batches
[08/05 13:20:25 d2.evaluation.evaluator]: Inference done 11/89. Dataloading: 0.0006 s/iter. Inference: 0.0335 s/iter. Eval: 0.0004 s/iter. Total: 0.0346 s/iter. ETA=0:00:02
[08/05 13:20:28 d2.evaluation.evaluator]: Total inference time: 0:00:02.987897 (0.035570 s / iter per device, on 1 devices)
[08/05 13:20:28 d2.evaluation.evaluator]: Total inference pure compute time: 0:00:02 (0.034111 s / iter per device, on 1 devices)
[08/05 13:20:28 d2.evaluation.coco_evaluation]: Preparing results for COCO format ...
[08/05 13:20:28 d2.evaluation.coco_evaluation]: Saving results to ../../../../models/rgb-testing/AP-bug-fix-2-5000/coco_instances_results.json
[08/05 13:20:28 d2.evaluation.coco_evaluation]: Evaluating predictions with official COCO API...
Loading and preparing results...
DONE (t=0.00s)
creating index...
index created!
Running per image evaluation...
Evaluate annotation type *bbox*
DONE (t=0.02s).
Accumulating evaluation results...
DONE (t=0.01s).
 Average Precision  (AP) @[ IoU=0.50:0.95 | area=   all | maxDets=100 ] = 0.639
 Average Precision  (AP) @[ IoU=0.50      | area=   all | maxDets=100 ] = 0.913
 Average Precision  (AP) @[ IoU=0.75      | area=   all | maxDets=100 ] = 0.805
 Average Precision  (AP) @[ IoU=0.50:0.95 | area= small | maxDets=100 ] = -1.000
 Average Precision  (AP) @[ IoU=0.50:0.95 | area=medium | maxDets=100 ] = 0.583
 Average Precision  (AP) @[ IoU=0.50:0.95 | area= large | maxDets=100 ] = 0.649
 Average Recall     (AR) @[ IoU=0.50:0.95 | area=   all | maxDets=  1 ] = 0.702
 Average Recall     (AR) @[ IoU=0.50:0.95 | area=   all | maxDets= 10 ] = 0.707
 Average Recall     (AR) @[ IoU=0.50:0.95 | area=   all | maxDets=100 ] = 0.707
 Average Recall     (AR) @[ IoU=0.50:0.95 | area= small | maxDets=100 ] = -1.000
 Average Recall     (AR) @[ IoU=0.50:0.95 | area=medium | maxDets=100 ] = 0.600
 Average Recall     (AR) @[ IoU=0.50:0.95 | area= large | maxDets=100 ] = 0.720
[08/05 13:20:28 d2.evaluation.coco_evaluation]: Evaluation results for bbox: 
|   AP   |  AP50  |  AP75  |  APs  |  APm   |  APl   |
|:------:|:------:|:------:|:-----:|:------:|:------:|
| 63.865 | 91.287 | 80.533 |  nan  | 58.345 | 64.935 |
[08/05 13:20:28 d2.evaluation.coco_evaluation]: Some metrics cannot be computed and is shown as NaN.
Loading and preparing results...
DONE (t=0.00s)
creating index...
index created!
Running per image evaluation...
Evaluate annotation type *segm*
DONE (t=0.02s).
Accumulating evaluation results...
DONE (t=0.01s).
 Average Precision  (AP) @[ IoU=0.50:0.95 | area=   all | maxDets=100 ] = 0.652
 Average Precision  (AP) @[ IoU=0.50      | area=   all | maxDets=100 ] = 0.903
 Average Precision  (AP) @[ IoU=0.75      | area=   all | maxDets=100 ] = 0.805
 Average Precision  (AP) @[ IoU=0.50:0.95 | area= small | maxDets=100 ] = -1.000
 Average Precision  (AP) @[ IoU=0.50:0.95 | area=medium | maxDets=100 ] = 0.547
 Average Precision  (AP) @[ IoU=0.50:0.95 | area= large | maxDets=100 ] = 0.666
 Average Recall     (AR) @[ IoU=0.50:0.95 | area=   all | maxDets=  1 ] = 0.707
 Average Recall     (AR) @[ IoU=0.50:0.95 | area=   all | maxDets= 10 ] = 0.708
 Average Recall     (AR) @[ IoU=0.50:0.95 | area=   all | maxDets=100 ] = 0.708
 Average Recall     (AR) @[ IoU=0.50:0.95 | area= small | maxDets=100 ] = -1.000
 Average Recall     (AR) @[ IoU=0.50:0.95 | area=medium | maxDets=100 ] = 0.590
 Average Recall     (AR) @[ IoU=0.50:0.95 | area= large | maxDets=100 ] = 0.723
[08/05 13:20:28 d2.evaluation.coco_evaluation]: Evaluation results for segm: 
|   AP   |  AP50  |  AP75  |  APs  |  APm   |  APl   |
|:------:|:------:|:------:|:-----:|:------:|:------:|
| 65.198 | 90.263 | 80.533 |  nan  | 54.744 | 66.600 |
[08/05 13:20:28 d2.evaluation.coco_evaluation]: Some metrics cannot be computed and is shown as NaN.
[Iter 2 AP] → mAP@[.5:.95] = 65.198
[08/05 13:20:30 d2.utils.events]:  eta: 0:09:10  iter: 619  total_loss: 0.2175  loss_cls: 0.0233  loss_box_reg: 0.05455  loss_mask: 0.1388  loss_rpn_cls: 1.979e-06  loss_rpn_loc: 0.002713    time: 0.1256  last_time: 0.1225  data_time: 0.0025  last_data_time: 0.0025   lr: 0.00039819  max_mem: 1663M
[08/05 13:20:33 d2.utils.events]:  eta: 0:09:07  iter: 639  total_loss: 0.2387  loss_cls: 0.02678  loss_box_reg: 0.05756  loss_mask: 0.1437  loss_rpn_cls: 1.128e-05  loss_rpn_loc: 0.002994    time: 0.1256  last_time: 0.1260  data_time: 0.0028  last_data_time: 0.0036   lr: 0.00040944  max_mem: 1663M
[08/05 13:20:35 d2.utils.events]:  eta: 0:09:04  iter: 659  total_loss: 0.2214  loss_cls: 0.02089  loss_box_reg: 0.05692  loss_mask: 0.1377  loss_rpn_cls: 3.432e-06  loss_rpn_loc: 0.003007    time: 0.1256  last_time: 0.1215  data_time: 0.0026  last_data_time: 0.0024   lr: 0.00042069  max_mem: 1663M
[08/05 13:20:38 d2.utils.events]:  eta: 0:09:01  iter: 679  total_loss: 0.2332  loss_cls: 0.02359  loss_box_reg: 0.06017  loss_mask: 0.1451  loss_rpn_cls: 3.537e-06  loss_rpn_loc: 0.002496    time: 0.1256  last_time: 0.1344  data_time: 0.0024  last_data_time: 0.0023   lr: 0.00043194  max_mem: 1663M
[08/05 13:20:40 d2.utils.events]:  eta: 0:08:59  iter: 699  total_loss: 0.2379  loss_cls: 0.0256  loss_box_reg: 0.0645  loss_mask: 0.1408  loss_rpn_cls: 9.021e-06  loss_rpn_loc: 0.002995    time: 0.1255  last_time: 0.1350  data_time: 0.0025  last_data_time: 0.0023   lr: 0.00044319  max_mem: 1663M
[08/05 13:20:40 d2.evaluation.coco_evaluation]: Fast COCO eval is not built. Falling back to official COCO eval.
[08/05 13:20:40 d2.data.datasets.coco]: Loaded 89 images in COCO format from /projects/PUCHALLA/LLP2024/tumor-segmentation/data/processed_data/rgb/test/images/test.json
[08/05 13:20:40 d2.data.dataset_mapper]: [DatasetMapper] Augmentations used in inference: [ResizeShortestEdge(short_edge_length=(800, 800), max_size=1333, sample_style='choice')]
[08/05 13:20:40 d2.data.common]: Serializing the dataset using: <class 'detectron2.data.common._TorchSerializedList'>
[08/05 13:20:40 d2.data.common]: Serializing 89 elements to byte tensors and concatenating them all ...
[08/05 13:20:40 d2.data.common]: Serialized dataset takes 0.07 MiB
[08/05 13:20:40 d2.evaluation.evaluator]: Start inference on 89 batches
[08/05 13:20:41 d2.evaluation.evaluator]: Inference done 11/89. Dataloading: 0.0006 s/iter. Inference: 0.0345 s/iter. Eval: 0.0004 s/iter. Total: 0.0355 s/iter. ETA=0:00:02
[08/05 13:20:44 d2.evaluation.evaluator]: Total inference time: 0:00:03.006021 (0.035786 s / iter per device, on 1 devices)
[08/05 13:20:44 d2.evaluation.evaluator]: Total inference pure compute time: 0:00:02 (0.034330 s / iter per device, on 1 devices)
[08/05 13:20:44 d2.evaluation.coco_evaluation]: Preparing results for COCO format ...
[08/05 13:20:44 d2.evaluation.coco_evaluation]: Saving results to ../../../../models/rgb-testing/AP-bug-fix-2-5000/coco_instances_results.json
[08/05 13:20:44 d2.evaluation.coco_evaluation]: Evaluating predictions with official COCO API...
Loading and preparing results...
DONE (t=0.00s)
creating index...
index created!
Running per image evaluation...
Evaluate annotation type *bbox*
DONE (t=0.01s).
Accumulating evaluation results...
DONE (t=0.01s).
 Average Precision  (AP) @[ IoU=0.50:0.95 | area=   all | maxDets=100 ] = 0.677
 Average Precision  (AP) @[ IoU=0.50      | area=   all | maxDets=100 ] = 0.933
 Average Precision  (AP) @[ IoU=0.75      | area=   all | maxDets=100 ] = 0.887
 Average Precision  (AP) @[ IoU=0.50:0.95 | area= small | maxDets=100 ] = -1.000
 Average Precision  (AP) @[ IoU=0.50:0.95 | area=medium | maxDets=100 ] = 0.532
 Average Precision  (AP) @[ IoU=0.50:0.95 | area= large | maxDets=100 ] = 0.695
 Average Recall     (AR) @[ IoU=0.50:0.95 | area=   all | maxDets=  1 ] = 0.730
 Average Recall     (AR) @[ IoU=0.50:0.95 | area=   all | maxDets= 10 ] = 0.735
 Average Recall     (AR) @[ IoU=0.50:0.95 | area=   all | maxDets=100 ] = 0.735
 Average Recall     (AR) @[ IoU=0.50:0.95 | area= small | maxDets=100 ] = -1.000
 Average Recall     (AR) @[ IoU=0.50:0.95 | area=medium | maxDets=100 ] = 0.560
 Average Recall     (AR) @[ IoU=0.50:0.95 | area= large | maxDets=100 ] = 0.757
[08/05 13:20:44 d2.evaluation.coco_evaluation]: Evaluation results for bbox: 
|   AP   |  AP50  |  AP75  |  APs  |  APm   |  APl   |
|:------:|:------:|:------:|:-----:|:------:|:------:|
| 67.681 | 93.260 | 88.686 |  nan  | 53.156 | 69.516 |
[08/05 13:20:44 d2.evaluation.coco_evaluation]: Some metrics cannot be computed and is shown as NaN.
Loading and preparing results...
DONE (t=0.00s)
creating index...
index created!
Running per image evaluation...
Evaluate annotation type *segm*
DONE (t=0.02s).
Accumulating evaluation results...
DONE (t=0.01s).
 Average Precision  (AP) @[ IoU=0.50:0.95 | area=   all | maxDets=100 ] = 0.705
 Average Precision  (AP) @[ IoU=0.50      | area=   all | maxDets=100 ] = 0.932
 Average Precision  (AP) @[ IoU=0.75      | area=   all | maxDets=100 ] = 0.866
 Average Precision  (AP) @[ IoU=0.50:0.95 | area= small | maxDets=100 ] = -1.000
 Average Precision  (AP) @[ IoU=0.50:0.95 | area=medium | maxDets=100 ] = 0.536
 Average Precision  (AP) @[ IoU=0.50:0.95 | area= large | maxDets=100 ] = 0.728
 Average Recall     (AR) @[ IoU=0.50:0.95 | area=   all | maxDets=  1 ] = 0.754
 Average Recall     (AR) @[ IoU=0.50:0.95 | area=   all | maxDets= 10 ] = 0.758
 Average Recall     (AR) @[ IoU=0.50:0.95 | area=   all | maxDets=100 ] = 0.758
 Average Recall     (AR) @[ IoU=0.50:0.95 | area= small | maxDets=100 ] = -1.000
 Average Recall     (AR) @[ IoU=0.50:0.95 | area=medium | maxDets=100 ] = 0.560
 Average Recall     (AR) @[ IoU=0.50:0.95 | area= large | maxDets=100 ] = 0.784
[08/05 13:20:44 d2.evaluation.coco_evaluation]: Evaluation results for segm: 
|   AP   |  AP50  |  AP75  |  APs  |  APm   |  APl   |
|:------:|:------:|:------:|:-----:|:------:|:------:|
| 70.517 | 93.242 | 86.628 |  nan  | 53.589 | 72.817 |
[08/05 13:20:44 d2.evaluation.coco_evaluation]: Some metrics cannot be computed and is shown as NaN.
[Iter 2 AP] → mAP@[.5:.95] = 70.517
[08/05 13:20:46 d2.utils.events]:  eta: 0:08:56  iter: 719  total_loss: 0.1859  loss_cls: 0.019  loss_box_reg: 0.05673  loss_mask: 0.1125  loss_rpn_cls: 6.965e-06  loss_rpn_loc: 0.002851    time: 0.1256  last_time: 0.1149  data_time: 0.0025  last_data_time: 0.0024   lr: 0.00045444  max_mem: 1663M
[08/05 13:20:49 d2.utils.events]:  eta: 0:08:54  iter: 739  total_loss: 0.2248  loss_cls: 0.02286  loss_box_reg: 0.06242  loss_mask: 0.144  loss_rpn_cls: 2.817e-06  loss_rpn_loc: 0.002779    time: 0.1256  last_time: 0.1346  data_time: 0.0025  last_data_time: 0.0024   lr: 0.00046569  max_mem: 1663M
[08/05 13:20:51 d2.utils.events]:  eta: 0:08:52  iter: 759  total_loss: 0.1915  loss_cls: 0.02087  loss_box_reg: 0.05136  loss_mask: 0.1263  loss_rpn_cls: 2.313e-06  loss_rpn_loc: 0.00231    time: 0.1256  last_time: 0.1224  data_time: 0.0024  last_data_time: 0.0023   lr: 0.00047694  max_mem: 1663M
[08/05 13:20:54 d2.utils.events]:  eta: 0:08:49  iter: 779  total_loss: 0.2419  loss_cls: 0.02596  loss_box_reg: 0.05101  loss_mask: 0.1503  loss_rpn_cls: 4.435e-06  loss_rpn_loc: 0.002636    time: 0.1255  last_time: 0.1364  data_time: 0.0024  last_data_time: 0.0023   lr: 0.00048819  max_mem: 1663M
[08/05 13:20:56 d2.utils.events]:  eta: 0:08:47  iter: 799  total_loss: 0.2258  loss_cls: 0.02064  loss_box_reg: 0.0596  loss_mask: 0.1417  loss_rpn_cls: 3.57e-06  loss_rpn_loc: 0.002696    time: 0.1256  last_time: 0.1259  data_time: 0.0025  last_data_time: 0.0023   lr: 0.00049944  max_mem: 1665M
[08/05 13:20:56 d2.evaluation.coco_evaluation]: Fast COCO eval is not built. Falling back to official COCO eval.
[08/05 13:20:56 d2.data.datasets.coco]: Loaded 89 images in COCO format from /projects/PUCHALLA/LLP2024/tumor-segmentation/data/processed_data/rgb/test/images/test.json
[08/05 13:20:56 d2.data.dataset_mapper]: [DatasetMapper] Augmentations used in inference: [ResizeShortestEdge(short_edge_length=(800, 800), max_size=1333, sample_style='choice')]
[08/05 13:20:56 d2.data.common]: Serializing the dataset using: <class 'detectron2.data.common._TorchSerializedList'>
[08/05 13:20:56 d2.data.common]: Serializing 89 elements to byte tensors and concatenating them all ...
[08/05 13:20:56 d2.data.common]: Serialized dataset takes 0.07 MiB
[08/05 13:20:56 d2.evaluation.evaluator]: Start inference on 89 batches
[08/05 13:20:57 d2.evaluation.evaluator]: Inference done 11/89. Dataloading: 0.0006 s/iter. Inference: 0.0348 s/iter. Eval: 0.0004 s/iter. Total: 0.0358 s/iter. ETA=0:00:02
[08/05 13:21:00 d2.evaluation.evaluator]: Total inference time: 0:00:03.031532 (0.036090 s / iter per device, on 1 devices)
[08/05 13:21:00 d2.evaluation.evaluator]: Total inference pure compute time: 0:00:02 (0.034619 s / iter per device, on 1 devices)
[08/05 13:21:00 d2.evaluation.coco_evaluation]: Preparing results for COCO format ...
[08/05 13:21:00 d2.evaluation.coco_evaluation]: Saving results to ../../../../models/rgb-testing/AP-bug-fix-2-5000/coco_instances_results.json
[08/05 13:21:00 d2.evaluation.coco_evaluation]: Evaluating predictions with official COCO API...
Loading and preparing results...
DONE (t=0.00s)
creating index...
index created!
Running per image evaluation...
Evaluate annotation type *bbox*
DONE (t=0.02s).
Accumulating evaluation results...
DONE (t=0.01s).
 Average Precision  (AP) @[ IoU=0.50:0.95 | area=   all | maxDets=100 ] = 0.686
 Average Precision  (AP) @[ IoU=0.50      | area=   all | maxDets=100 ] = 0.924
 Average Precision  (AP) @[ IoU=0.75      | area=   all | maxDets=100 ] = 0.861
 Average Precision  (AP) @[ IoU=0.50:0.95 | area= small | maxDets=100 ] = -1.000
 Average Precision  (AP) @[ IoU=0.50:0.95 | area=medium | maxDets=100 ] = 0.597
 Average Precision  (AP) @[ IoU=0.50:0.95 | area= large | maxDets=100 ] = 0.703
 Average Recall     (AR) @[ IoU=0.50:0.95 | area=   all | maxDets=  1 ] = 0.745
 Average Recall     (AR) @[ IoU=0.50:0.95 | area=   all | maxDets= 10 ] = 0.748
 Average Recall     (AR) @[ IoU=0.50:0.95 | area=   all | maxDets=100 ] = 0.748
 Average Recall     (AR) @[ IoU=0.50:0.95 | area= small | maxDets=100 ] = -1.000
 Average Recall     (AR) @[ IoU=0.50:0.95 | area=medium | maxDets=100 ] = 0.610
 Average Recall     (AR) @[ IoU=0.50:0.95 | area= large | maxDets=100 ] = 0.766
[08/05 13:21:00 d2.evaluation.coco_evaluation]: Evaluation results for bbox: 
|   AP   |  AP50  |  AP75  |  APs  |  APm   |  APl   |
|:------:|:------:|:------:|:-----:|:------:|:------:|
| 68.622 | 92.432 | 86.121 |  nan  | 59.674 | 70.284 |
[08/05 13:21:00 d2.evaluation.coco_evaluation]: Some metrics cannot be computed and is shown as NaN.
Loading and preparing results...
DONE (t=0.00s)
creating index...
index created!
Running per image evaluation...
Evaluate annotation type *segm*
DONE (t=0.02s).
Accumulating evaluation results...
DONE (t=0.01s).
 Average Precision  (AP) @[ IoU=0.50:0.95 | area=   all | maxDets=100 ] = 0.695
 Average Precision  (AP) @[ IoU=0.50      | area=   all | maxDets=100 ] = 0.924
 Average Precision  (AP) @[ IoU=0.75      | area=   all | maxDets=100 ] = 0.850
 Average Precision  (AP) @[ IoU=0.50:0.95 | area= small | maxDets=100 ] = -1.000
 Average Precision  (AP) @[ IoU=0.50:0.95 | area=medium | maxDets=100 ] = 0.567
 Average Precision  (AP) @[ IoU=0.50:0.95 | area= large | maxDets=100 ] = 0.715
 Average Recall     (AR) @[ IoU=0.50:0.95 | area=   all | maxDets=  1 ] = 0.754
 Average Recall     (AR) @[ IoU=0.50:0.95 | area=   all | maxDets= 10 ] = 0.755
 Average Recall     (AR) @[ IoU=0.50:0.95 | area=   all | maxDets=100 ] = 0.755
 Average Recall     (AR) @[ IoU=0.50:0.95 | area= small | maxDets=100 ] = -1.000
 Average Recall     (AR) @[ IoU=0.50:0.95 | area=medium | maxDets=100 ] = 0.590
 Average Recall     (AR) @[ IoU=0.50:0.95 | area= large | maxDets=100 ] = 0.776
[08/05 13:21:00 d2.evaluation.coco_evaluation]: Evaluation results for segm: 
|   AP   |  AP50  |  AP75  |  APs  |  APm   |  APl   |
|:------:|:------:|:------:|:-----:|:------:|:------:|
| 69.497 | 92.432 | 84.982 |  nan  | 56.686 | 71.485 |
[08/05 13:21:00 d2.evaluation.coco_evaluation]: Some metrics cannot be computed and is shown as NaN.
[Iter 2 AP] → mAP@[.5:.95] = 69.497
[08/05 13:21:02 d2.utils.events]:  eta: 0:08:44  iter: 819  total_loss: 0.2167  loss_cls: 0.0249  loss_box_reg: 0.05533  loss_mask: 0.1269  loss_rpn_cls: 5.423e-06  loss_rpn_loc: 0.002856    time: 0.1255  last_time: 0.1263  data_time: 0.0025  last_data_time: 0.0025   lr: 0.0005  max_mem: 1665M
[08/05 13:21:05 d2.utils.events]:  eta: 0:08:41  iter: 839  total_loss: 0.2049  loss_cls: 0.01808  loss_box_reg: 0.04612  loss_mask: 0.134  loss_rpn_cls: 5.154e-06  loss_rpn_loc: 0.002642    time: 0.1255  last_time: 0.1224  data_time: 0.0025  last_data_time: 0.0024   lr: 0.0005  max_mem: 1665M
[08/05 13:21:07 d2.utils.events]:  eta: 0:08:39  iter: 859  total_loss: 0.2298  loss_cls: 0.02001  loss_box_reg: 0.05609  loss_mask: 0.1449  loss_rpn_cls: 1.067e-05  loss_rpn_loc: 0.002237    time: 0.1255  last_time: 0.1283  data_time: 0.0025  last_data_time: 0.0023   lr: 0.0005  max_mem: 1665M
[08/05 13:21:10 d2.utils.events]:  eta: 0:08:37  iter: 879  total_loss: 0.2121  loss_cls: 0.02239  loss_box_reg: 0.05752  loss_mask: 0.1258  loss_rpn_cls: 8.268e-06  loss_rpn_loc: 0.002329    time: 0.1255  last_time: 0.1170  data_time: 0.0024  last_data_time: 0.0023   lr: 0.0005  max_mem: 1665M
[08/05 13:21:12 d2.utils.events]:  eta: 0:08:34  iter: 899  total_loss: 0.2071  loss_cls: 0.01992  loss_box_reg: 0.05515  loss_mask: 0.1253  loss_rpn_cls: 2.224e-05  loss_rpn_loc: 0.002387    time: 0.1255  last_time: 0.1247  data_time: 0.0024  last_data_time: 0.0022   lr: 0.0005  max_mem: 1665M
[08/05 13:21:12 d2.evaluation.coco_evaluation]: Fast COCO eval is not built. Falling back to official COCO eval.
[08/05 13:21:12 d2.data.datasets.coco]: Loaded 89 images in COCO format from /projects/PUCHALLA/LLP2024/tumor-segmentation/data/processed_data/rgb/test/images/test.json
[08/05 13:21:12 d2.data.dataset_mapper]: [DatasetMapper] Augmentations used in inference: [ResizeShortestEdge(short_edge_length=(800, 800), max_size=1333, sample_style='choice')]
[08/05 13:21:12 d2.data.common]: Serializing the dataset using: <class 'detectron2.data.common._TorchSerializedList'>
[08/05 13:21:12 d2.data.common]: Serializing 89 elements to byte tensors and concatenating them all ...
[08/05 13:21:12 d2.data.common]: Serialized dataset takes 0.07 MiB
[08/05 13:21:12 d2.evaluation.evaluator]: Start inference on 89 batches
[08/05 13:21:13 d2.evaluation.evaluator]: Inference done 11/89. Dataloading: 0.0006 s/iter. Inference: 0.0343 s/iter. Eval: 0.0004 s/iter. Total: 0.0353 s/iter. ETA=0:00:02
[08/05 13:21:15 d2.evaluation.evaluator]: Total inference time: 0:00:02.975768 (0.035426 s / iter per device, on 1 devices)
[08/05 13:21:15 d2.evaluation.evaluator]: Total inference pure compute time: 0:00:02 (0.033997 s / iter per device, on 1 devices)
[08/05 13:21:15 d2.evaluation.coco_evaluation]: Preparing results for COCO format ...
[08/05 13:21:15 d2.evaluation.coco_evaluation]: Saving results to ../../../../models/rgb-testing/AP-bug-fix-2-5000/coco_instances_results.json
[08/05 13:21:15 d2.evaluation.coco_evaluation]: Evaluating predictions with official COCO API...
Loading and preparing results...
DONE (t=0.00s)
creating index...
index created!
Running per image evaluation...
Evaluate annotation type *bbox*
DONE (t=0.02s).
Accumulating evaluation results...
DONE (t=0.01s).
 Average Precision  (AP) @[ IoU=0.50:0.95 | area=   all | maxDets=100 ] = 0.696
 Average Precision  (AP) @[ IoU=0.50      | area=   all | maxDets=100 ] = 0.934
 Average Precision  (AP) @[ IoU=0.75      | area=   all | maxDets=100 ] = 0.900
 Average Precision  (AP) @[ IoU=0.50:0.95 | area= small | maxDets=100 ] = -1.000
 Average Precision  (AP) @[ IoU=0.50:0.95 | area=medium | maxDets=100 ] = 0.560
 Average Precision  (AP) @[ IoU=0.50:0.95 | area= large | maxDets=100 ] = 0.714
 Average Recall     (AR) @[ IoU=0.50:0.95 | area=   all | maxDets=  1 ] = 0.751
 Average Recall     (AR) @[ IoU=0.50:0.95 | area=   all | maxDets= 10 ] = 0.756
 Average Recall     (AR) @[ IoU=0.50:0.95 | area=   all | maxDets=100 ] = 0.756
 Average Recall     (AR) @[ IoU=0.50:0.95 | area= small | maxDets=100 ] = -1.000
 Average Recall     (AR) @[ IoU=0.50:0.95 | area=medium | maxDets=100 ] = 0.560
 Average Recall     (AR) @[ IoU=0.50:0.95 | area= large | maxDets=100 ] = 0.781
[08/05 13:21:15 d2.evaluation.coco_evaluation]: Evaluation results for bbox: 
|   AP   |  AP50  |  AP75  |  APs  |  APm   |  APl   |
|:------:|:------:|:------:|:-----:|:------:|:------:|
| 69.608 | 93.381 | 90.029 |  nan  | 56.040 | 71.448 |
[08/05 13:21:15 d2.evaluation.coco_evaluation]: Some metrics cannot be computed and is shown as NaN.
Loading and preparing results...
DONE (t=0.00s)
creating index...
index created!
Running per image evaluation...
Evaluate annotation type *segm*
DONE (t=0.02s).
Accumulating evaluation results...
DONE (t=0.01s).
 Average Precision  (AP) @[ IoU=0.50:0.95 | area=   all | maxDets=100 ] = 0.726
 Average Precision  (AP) @[ IoU=0.50      | area=   all | maxDets=100 ] = 0.934
 Average Precision  (AP) @[ IoU=0.75      | area=   all | maxDets=100 ] = 0.900
 Average Precision  (AP) @[ IoU=0.50:0.95 | area= small | maxDets=100 ] = -1.000
 Average Precision  (AP) @[ IoU=0.50:0.95 | area=medium | maxDets=100 ] = 0.563
 Average Precision  (AP) @[ IoU=0.50:0.95 | area= large | maxDets=100 ] = 0.750
 Average Recall     (AR) @[ IoU=0.50:0.95 | area=   all | maxDets=  1 ] = 0.771
 Average Recall     (AR) @[ IoU=0.50:0.95 | area=   all | maxDets= 10 ] = 0.776
 Average Recall     (AR) @[ IoU=0.50:0.95 | area=   all | maxDets=100 ] = 0.776
 Average Recall     (AR) @[ IoU=0.50:0.95 | area= small | maxDets=100 ] = -1.000
 Average Recall     (AR) @[ IoU=0.50:0.95 | area=medium | maxDets=100 ] = 0.570
 Average Recall     (AR) @[ IoU=0.50:0.95 | area= large | maxDets=100 ] = 0.803
[08/05 13:21:16 d2.evaluation.coco_evaluation]: Evaluation results for segm: 
|   AP   |  AP50  |  AP75  |  APs  |  APm   |  APl   |
|:------:|:------:|:------:|:-----:|:------:|:------:|
| 72.628 | 93.381 | 90.029 |  nan  | 56.282 | 75.020 |
[08/05 13:21:16 d2.evaluation.coco_evaluation]: Some metrics cannot be computed and is shown as NaN.
[Iter 2 AP] → mAP@[.5:.95] = 72.628
[08/05 13:21:18 d2.utils.events]:  eta: 0:08:32  iter: 919  total_loss: 0.2071  loss_cls: 0.02182  loss_box_reg: 0.05303  loss_mask: 0.1255  loss_rpn_cls: 3.709e-06  loss_rpn_loc: 0.003307    time: 0.1256  last_time: 0.1372  data_time: 0.0025  last_data_time: 0.0024   lr: 0.0005  max_mem: 1665M
[08/05 13:21:20 d2.utils.events]:  eta: 0:08:29  iter: 939  total_loss: 0.2189  loss_cls: 0.02551  loss_box_reg: 0.05917  loss_mask: 0.1368  loss_rpn_cls: 3.134e-05  loss_rpn_loc: 0.00324    time: 0.1256  last_time: 0.1242  data_time: 0.0024  last_data_time: 0.0022   lr: 0.0005  max_mem: 1665M
[08/05 13:21:23 d2.utils.events]:  eta: 0:08:27  iter: 959  total_loss: 0.207  loss_cls: 0.02364  loss_box_reg: 0.05815  loss_mask: 0.1298  loss_rpn_cls: 5.606e-06  loss_rpn_loc: 0.002616    time: 0.1256  last_time: 0.1336  data_time: 0.0025  last_data_time: 0.0023   lr: 0.0005  max_mem: 1665M
[08/05 13:21:26 d2.utils.events]:  eta: 0:08:24  iter: 979  total_loss: 0.2664  loss_cls: 0.02103  loss_box_reg: 0.06517  loss_mask: 0.166  loss_rpn_cls: 2.007e-05  loss_rpn_loc: 0.003171    time: 0.1256  last_time: 0.1267  data_time: 0.0027  last_data_time: 0.0024   lr: 0.0005  max_mem: 1665M
[08/05 13:21:28 d2.utils.events]:  eta: 0:08:22  iter: 999  total_loss: 0.2091  loss_cls: 0.02398  loss_box_reg: 0.05315  loss_mask: 0.1269  loss_rpn_cls: 7.054e-06  loss_rpn_loc: 0.002045    time: 0.1257  last_time: 0.1253  data_time: 0.0026  last_data_time: 0.0034   lr: 0.0005  max_mem: 1665M
[08/05 13:21:28 d2.evaluation.coco_evaluation]: Fast COCO eval is not built. Falling back to official COCO eval.
[08/05 13:21:28 d2.data.datasets.coco]: Loaded 89 images in COCO format from /projects/PUCHALLA/LLP2024/tumor-segmentation/data/processed_data/rgb/test/images/test.json
[08/05 13:21:28 d2.data.dataset_mapper]: [DatasetMapper] Augmentations used in inference: [ResizeShortestEdge(short_edge_length=(800, 800), max_size=1333, sample_style='choice')]
[08/05 13:21:28 d2.data.common]: Serializing the dataset using: <class 'detectron2.data.common._TorchSerializedList'>
[08/05 13:21:28 d2.data.common]: Serializing 89 elements to byte tensors and concatenating them all ...
[08/05 13:21:28 d2.data.common]: Serialized dataset takes 0.07 MiB
[08/05 13:21:28 d2.evaluation.evaluator]: Start inference on 89 batches
[08/05 13:21:29 d2.evaluation.evaluator]: Inference done 11/89. Dataloading: 0.0007 s/iter. Inference: 0.0345 s/iter. Eval: 0.0004 s/iter. Total: 0.0356 s/iter. ETA=0:00:02
[08/05 13:21:32 d2.evaluation.evaluator]: Total inference time: 0:00:03.039379 (0.036183 s / iter per device, on 1 devices)
[08/05 13:21:32 d2.evaluation.evaluator]: Total inference pure compute time: 0:00:02 (0.034734 s / iter per device, on 1 devices)
[08/05 13:21:32 d2.evaluation.coco_evaluation]: Preparing results for COCO format ...
[08/05 13:21:32 d2.evaluation.coco_evaluation]: Saving results to ../../../../models/rgb-testing/AP-bug-fix-2-5000/coco_instances_results.json
[08/05 13:21:32 d2.evaluation.coco_evaluation]: Evaluating predictions with official COCO API...
Loading and preparing results...
DONE (t=0.00s)
creating index...
index created!
Running per image evaluation...
Evaluate annotation type *bbox*
DONE (t=0.02s).
Accumulating evaluation results...
DONE (t=0.01s).
 Average Precision  (AP) @[ IoU=0.50:0.95 | area=   all | maxDets=100 ] = 0.705
 Average Precision  (AP) @[ IoU=0.50      | area=   all | maxDets=100 ] = 0.945
 Average Precision  (AP) @[ IoU=0.75      | area=   all | maxDets=100 ] = 0.884
 Average Precision  (AP) @[ IoU=0.50:0.95 | area= small | maxDets=100 ] = -1.000
 Average Precision  (AP) @[ IoU=0.50:0.95 | area=medium | maxDets=100 ] = 0.531
 Average Precision  (AP) @[ IoU=0.50:0.95 | area= large | maxDets=100 ] = 0.726
 Average Recall     (AR) @[ IoU=0.50:0.95 | area=   all | maxDets=  1 ] = 0.758
 Average Recall     (AR) @[ IoU=0.50:0.95 | area=   all | maxDets= 10 ] = 0.760
 Average Recall     (AR) @[ IoU=0.50:0.95 | area=   all | maxDets=100 ] = 0.760
 Average Recall     (AR) @[ IoU=0.50:0.95 | area= small | maxDets=100 ] = -1.000
 Average Recall     (AR) @[ IoU=0.50:0.95 | area=medium | maxDets=100 ] = 0.540
 Average Recall     (AR) @[ IoU=0.50:0.95 | area= large | maxDets=100 ] = 0.787
[08/05 13:21:32 d2.evaluation.coco_evaluation]: Evaluation results for bbox: 
|   AP   |  AP50  |  AP75  |  APs  |  APm   |  APl   |
|:------:|:------:|:------:|:-----:|:------:|:------:|
| 70.474 | 94.501 | 88.369 |  nan  | 53.122 | 72.589 |
[08/05 13:21:32 d2.evaluation.coco_evaluation]: Some metrics cannot be computed and is shown as NaN.
Loading and preparing results...
DONE (t=0.00s)
creating index...
index created!
Running per image evaluation...
Evaluate annotation type *segm*
DONE (t=0.02s).
Accumulating evaluation results...
DONE (t=0.01s).
 Average Precision  (AP) @[ IoU=0.50:0.95 | area=   all | maxDets=100 ] = 0.717
 Average Precision  (AP) @[ IoU=0.50      | area=   all | maxDets=100 ] = 0.935
 Average Precision  (AP) @[ IoU=0.75      | area=   all | maxDets=100 ] = 0.904
 Average Precision  (AP) @[ IoU=0.50:0.95 | area= small | maxDets=100 ] = -1.000
 Average Precision  (AP) @[ IoU=0.50:0.95 | area=medium | maxDets=100 ] = 0.572
 Average Precision  (AP) @[ IoU=0.50:0.95 | area= large | maxDets=100 ] = 0.735
 Average Recall     (AR) @[ IoU=0.50:0.95 | area=   all | maxDets=  1 ] = 0.760
 Average Recall     (AR) @[ IoU=0.50:0.95 | area=   all | maxDets= 10 ] = 0.760
 Average Recall     (AR) @[ IoU=0.50:0.95 | area=   all | maxDets=100 ] = 0.760
 Average Recall     (AR) @[ IoU=0.50:0.95 | area= small | maxDets=100 ] = -1.000
 Average Recall     (AR) @[ IoU=0.50:0.95 | area=medium | maxDets=100 ] = 0.580
 Average Recall     (AR) @[ IoU=0.50:0.95 | area= large | maxDets=100 ] = 0.782
[08/05 13:21:32 d2.evaluation.coco_evaluation]: Evaluation results for segm: 
|   AP   |  AP50  |  AP75  |  APs  |  APm   |  APl   |
|:------:|:------:|:------:|:-----:|:------:|:------:|
| 71.734 | 93.477 | 90.401 |  nan  | 57.177 | 73.511 |
[08/05 13:21:32 d2.evaluation.coco_evaluation]: Some metrics cannot be computed and is shown as NaN.
[Iter 2 AP] → mAP@[.5:.95] = 71.734
[08/05 13:21:34 d2.utils.events]:  eta: 0:08:19  iter: 1019  total_loss: 0.1955  loss_cls: 0.02532  loss_box_reg: 0.05408  loss_mask: 0.128  loss_rpn_cls: 6.19e-06  loss_rpn_loc: 0.002522    time: 0.1258  last_time: 0.1221  data_time: 0.0026  last_data_time: 0.0024   lr: 0.0005  max_mem: 1665M
[08/05 13:21:37 d2.utils.events]:  eta: 0:08:17  iter: 1039  total_loss: 0.2104  loss_cls: 0.02347  loss_box_reg: 0.05837  loss_mask: 0.1279  loss_rpn_cls: 6.834e-06  loss_rpn_loc: 0.003011    time: 0.1258  last_time: 0.1357  data_time: 0.0025  last_data_time: 0.0024   lr: 0.0005  max_mem: 1665M
[08/05 13:21:39 d2.utils.events]:  eta: 0:08:15  iter: 1059  total_loss: 0.1942  loss_cls: 0.021  loss_box_reg: 0.05103  loss_mask: 0.1178  loss_rpn_cls: 7.297e-06  loss_rpn_loc: 0.002358    time: 0.1259  last_time: 0.1301  data_time: 0.0027  last_data_time: 0.0023   lr: 0.0005  max_mem: 1665M
[08/05 13:21:42 d2.utils.events]:  eta: 0:08:13  iter: 1079  total_loss: 0.2113  loss_cls: 0.02006  loss_box_reg: 0.05947  loss_mask: 0.1339  loss_rpn_cls: 3.224e-06  loss_rpn_loc: 0.002591    time: 0.1259  last_time: 0.1207  data_time: 0.0026  last_data_time: 0.0024   lr: 0.0005  max_mem: 1665M
[08/05 13:21:44 d2.utils.events]:  eta: 0:08:10  iter: 1099  total_loss: 0.2036  loss_cls: 0.02032  loss_box_reg: 0.05364  loss_mask: 0.1218  loss_rpn_cls: 1.53e-06  loss_rpn_loc: 0.002497    time: 0.1259  last_time: 0.1353  data_time: 0.0025  last_data_time: 0.0024   lr: 0.0005  max_mem: 1665M
[08/05 13:21:45 d2.evaluation.coco_evaluation]: Fast COCO eval is not built. Falling back to official COCO eval.
[08/05 13:21:45 d2.data.datasets.coco]: Loaded 89 images in COCO format from /projects/PUCHALLA/LLP2024/tumor-segmentation/data/processed_data/rgb/test/images/test.json
[08/05 13:21:45 d2.data.dataset_mapper]: [DatasetMapper] Augmentations used in inference: [ResizeShortestEdge(short_edge_length=(800, 800), max_size=1333, sample_style='choice')]
[08/05 13:21:45 d2.data.common]: Serializing the dataset using: <class 'detectron2.data.common._TorchSerializedList'>
[08/05 13:21:45 d2.data.common]: Serializing 89 elements to byte tensors and concatenating them all ...
[08/05 13:21:45 d2.data.common]: Serialized dataset takes 0.07 MiB
[08/05 13:21:45 d2.evaluation.evaluator]: Start inference on 89 batches
[08/05 13:21:45 d2.evaluation.evaluator]: Inference done 11/89. Dataloading: 0.0006 s/iter. Inference: 0.0352 s/iter. Eval: 0.0004 s/iter. Total: 0.0362 s/iter. ETA=0:00:02
[08/05 13:21:48 d2.evaluation.evaluator]: Total inference time: 0:00:03.009647 (0.035829 s / iter per device, on 1 devices)
[08/05 13:21:48 d2.evaluation.evaluator]: Total inference pure compute time: 0:00:02 (0.034368 s / iter per device, on 1 devices)
[08/05 13:21:48 d2.evaluation.coco_evaluation]: Preparing results for COCO format ...
[08/05 13:21:48 d2.evaluation.coco_evaluation]: Saving results to ../../../../models/rgb-testing/AP-bug-fix-2-5000/coco_instances_results.json
[08/05 13:21:48 d2.evaluation.coco_evaluation]: Evaluating predictions with official COCO API...
Loading and preparing results...
DONE (t=0.00s)
creating index...
index created!
Running per image evaluation...
Evaluate annotation type *bbox*
DONE (t=0.02s).
Accumulating evaluation results...
DONE (t=0.01s).
 Average Precision  (AP) @[ IoU=0.50:0.95 | area=   all | maxDets=100 ] = 0.701
 Average Precision  (AP) @[ IoU=0.50      | area=   all | maxDets=100 ] = 0.938
 Average Precision  (AP) @[ IoU=0.75      | area=   all | maxDets=100 ] = 0.907
 Average Precision  (AP) @[ IoU=0.50:0.95 | area= small | maxDets=100 ] = -1.000
 Average Precision  (AP) @[ IoU=0.50:0.95 | area=medium | maxDets=100 ] = 0.505
 Average Precision  (AP) @[ IoU=0.50:0.95 | area= large | maxDets=100 ] = 0.722
 Average Recall     (AR) @[ IoU=0.50:0.95 | area=   all | maxDets=  1 ] = 0.756
 Average Recall     (AR) @[ IoU=0.50:0.95 | area=   all | maxDets= 10 ] = 0.756
 Average Recall     (AR) @[ IoU=0.50:0.95 | area=   all | maxDets=100 ] = 0.756
 Average Recall     (AR) @[ IoU=0.50:0.95 | area= small | maxDets=100 ] = -1.000
 Average Recall     (AR) @[ IoU=0.50:0.95 | area=medium | maxDets=100 ] = 0.530
 Average Recall     (AR) @[ IoU=0.50:0.95 | area= large | maxDets=100 ] = 0.785
[08/05 13:21:48 d2.evaluation.coco_evaluation]: Evaluation results for bbox: 
|   AP   |  AP50  |  AP75  |  APs  |  APm   |  APl   |
|:------:|:------:|:------:|:-----:|:------:|:------:|
| 70.147 | 93.849 | 90.732 |  nan  | 50.532 | 72.189 |
[08/05 13:21:48 d2.evaluation.coco_evaluation]: Some metrics cannot be computed and is shown as NaN.
Loading and preparing results...
DONE (t=0.00s)
creating index...
index created!
Running per image evaluation...
Evaluate annotation type *segm*
DONE (t=0.02s).
Accumulating evaluation results...
DONE (t=0.01s).
 Average Precision  (AP) @[ IoU=0.50:0.95 | area=   all | maxDets=100 ] = 0.728
 Average Precision  (AP) @[ IoU=0.50      | area=   all | maxDets=100 ] = 0.929
 Average Precision  (AP) @[ IoU=0.75      | area=   all | maxDets=100 ] = 0.898
 Average Precision  (AP) @[ IoU=0.50:0.95 | area= small | maxDets=100 ] = -1.000
 Average Precision  (AP) @[ IoU=0.50:0.95 | area=medium | maxDets=100 ] = 0.538
 Average Precision  (AP) @[ IoU=0.50:0.95 | area= large | maxDets=100 ] = 0.750
 Average Recall     (AR) @[ IoU=0.50:0.95 | area=   all | maxDets=  1 ] = 0.770
 Average Recall     (AR) @[ IoU=0.50:0.95 | area=   all | maxDets= 10 ] = 0.770
 Average Recall     (AR) @[ IoU=0.50:0.95 | area=   all | maxDets=100 ] = 0.770
 Average Recall     (AR) @[ IoU=0.50:0.95 | area= small | maxDets=100 ] = -1.000
 Average Recall     (AR) @[ IoU=0.50:0.95 | area=medium | maxDets=100 ] = 0.560
 Average Recall     (AR) @[ IoU=0.50:0.95 | area= large | maxDets=100 ] = 0.796
[08/05 13:21:48 d2.evaluation.coco_evaluation]: Evaluation results for segm: 
|   AP   |  AP50  |  AP75  |  APs  |  APm   |  APl   |
|:------:|:------:|:------:|:-----:|:------:|:------:|
| 72.807 | 92.878 | 89.809 |  nan  | 53.837 | 75.025 |
[08/05 13:21:48 d2.evaluation.coco_evaluation]: Some metrics cannot be computed and is shown as NaN.
[Iter 2 AP] → mAP@[.5:.95] = 72.807
[08/05 13:21:50 d2.utils.events]:  eta: 0:08:08  iter: 1119  total_loss: 0.2244  loss_cls: 0.01939  loss_box_reg: 0.05394  loss_mask: 0.1331  loss_rpn_cls: 2.858e-06  loss_rpn_loc: 0.001999    time: 0.1259  last_time: 0.1239  data_time: 0.0026  last_data_time: 0.0023   lr: 0.0005  max_mem: 1665M
[08/05 13:21:53 d2.utils.events]:  eta: 0:08:05  iter: 1139  total_loss: 0.1993  loss_cls: 0.01834  loss_box_reg: 0.05065  loss_mask: 0.1272  loss_rpn_cls: 1.724e-05  loss_rpn_loc: 0.003029    time: 0.1259  last_time: 0.1171  data_time: 0.0026  last_data_time: 0.0024   lr: 0.0005  max_mem: 1665M
[08/05 13:21:55 d2.utils.events]:  eta: 0:08:03  iter: 1159  total_loss: 0.2278  loss_cls: 0.02147  loss_box_reg: 0.05643  loss_mask: 0.1468  loss_rpn_cls: 5.234e-06  loss_rpn_loc: 0.002067    time: 0.1259  last_time: 0.1348  data_time: 0.0024  last_data_time: 0.0023   lr: 0.0005  max_mem: 1665M
[08/05 13:21:58 d2.utils.events]:  eta: 0:08:00  iter: 1179  total_loss: 0.2109  loss_cls: 0.02153  loss_box_reg: 0.0525  loss_mask: 0.1293  loss_rpn_cls: 1.569e-05  loss_rpn_loc: 0.002696    time: 0.1259  last_time: 0.1134  data_time: 0.0024  last_data_time: 0.0023   lr: 0.0005  max_mem: 1665M
[08/05 13:22:00 d2.utils.events]:  eta: 0:07:58  iter: 1199  total_loss: 0.2317  loss_cls: 0.02525  loss_box_reg: 0.06498  loss_mask: 0.1419  loss_rpn_cls: 4.78e-06  loss_rpn_loc: 0.002736    time: 0.1260  last_time: 0.1245  data_time: 0.0025  last_data_time: 0.0036   lr: 0.0005  max_mem: 1665M
[08/05 13:22:01 d2.evaluation.coco_evaluation]: Fast COCO eval is not built. Falling back to official COCO eval.
[08/05 13:22:01 d2.data.datasets.coco]: Loaded 89 images in COCO format from /projects/PUCHALLA/LLP2024/tumor-segmentation/data/processed_data/rgb/test/images/test.json
[08/05 13:22:01 d2.data.dataset_mapper]: [DatasetMapper] Augmentations used in inference: [ResizeShortestEdge(short_edge_length=(800, 800), max_size=1333, sample_style='choice')]
[08/05 13:22:01 d2.data.common]: Serializing the dataset using: <class 'detectron2.data.common._TorchSerializedList'>
[08/05 13:22:01 d2.data.common]: Serializing 89 elements to byte tensors and concatenating them all ...
[08/05 13:22:01 d2.data.common]: Serialized dataset takes 0.07 MiB
[08/05 13:22:01 d2.evaluation.evaluator]: Start inference on 89 batches
[08/05 13:22:01 d2.evaluation.evaluator]: Inference done 11/89. Dataloading: 0.0006 s/iter. Inference: 0.0343 s/iter. Eval: 0.0004 s/iter. Total: 0.0353 s/iter. ETA=0:00:02
[08/05 13:22:04 d2.evaluation.evaluator]: Total inference time: 0:00:02.998882 (0.035701 s / iter per device, on 1 devices)
[08/05 13:22:04 d2.evaluation.evaluator]: Total inference pure compute time: 0:00:02 (0.034242 s / iter per device, on 1 devices)
[08/05 13:22:04 d2.evaluation.coco_evaluation]: Preparing results for COCO format ...
[08/05 13:22:04 d2.evaluation.coco_evaluation]: Saving results to ../../../../models/rgb-testing/AP-bug-fix-2-5000/coco_instances_results.json
[08/05 13:22:04 d2.evaluation.coco_evaluation]: Evaluating predictions with official COCO API...
Loading and preparing results...
DONE (t=0.00s)
creating index...
index created!
Running per image evaluation...
Evaluate annotation type *bbox*
DONE (t=0.01s).
Accumulating evaluation results...
DONE (t=0.01s).
 Average Precision  (AP) @[ IoU=0.50:0.95 | area=   all | maxDets=100 ] = 0.689
 Average Precision  (AP) @[ IoU=0.50      | area=   all | maxDets=100 ] = 0.937
 Average Precision  (AP) @[ IoU=0.75      | area=   all | maxDets=100 ] = 0.858
 Average Precision  (AP) @[ IoU=0.50:0.95 | area= small | maxDets=100 ] = -1.000
 Average Precision  (AP) @[ IoU=0.50:0.95 | area=medium | maxDets=100 ] = 0.561
 Average Precision  (AP) @[ IoU=0.50:0.95 | area= large | maxDets=100 ] = 0.706
 Average Recall     (AR) @[ IoU=0.50:0.95 | area=   all | maxDets=  1 ] = 0.747
 Average Recall     (AR) @[ IoU=0.50:0.95 | area=   all | maxDets= 10 ] = 0.749
 Average Recall     (AR) @[ IoU=0.50:0.95 | area=   all | maxDets=100 ] = 0.749
 Average Recall     (AR) @[ IoU=0.50:0.95 | area= small | maxDets=100 ] = -1.000
 Average Recall     (AR) @[ IoU=0.50:0.95 | area=medium | maxDets=100 ] = 0.560
 Average Recall     (AR) @[ IoU=0.50:0.95 | area= large | maxDets=100 ] = 0.773
[08/05 13:22:04 d2.evaluation.coco_evaluation]: Evaluation results for bbox: 
|   AP   |  AP50  |  AP75  |  APs  |  APm   |  APl   |
|:------:|:------:|:------:|:-----:|:------:|:------:|
| 68.876 | 93.698 | 85.805 |  nan  | 56.126 | 70.626 |
[08/05 13:22:04 d2.evaluation.coco_evaluation]: Some metrics cannot be computed and is shown as NaN.
Loading and preparing results...
DONE (t=0.00s)
creating index...
index created!
Running per image evaluation...
Evaluate annotation type *segm*
DONE (t=0.02s).
Accumulating evaluation results...
DONE (t=0.01s).
 Average Precision  (AP) @[ IoU=0.50:0.95 | area=   all | maxDets=100 ] = 0.715
 Average Precision  (AP) @[ IoU=0.50      | area=   all | maxDets=100 ] = 0.937
 Average Precision  (AP) @[ IoU=0.75      | area=   all | maxDets=100 ] = 0.878
 Average Precision  (AP) @[ IoU=0.50:0.95 | area= small | maxDets=100 ] = -1.000
 Average Precision  (AP) @[ IoU=0.50:0.95 | area=medium | maxDets=100 ] = 0.558
 Average Precision  (AP) @[ IoU=0.50:0.95 | area= large | maxDets=100 ] = 0.736
 Average Recall     (AR) @[ IoU=0.50:0.95 | area=   all | maxDets=  1 ] = 0.760
 Average Recall     (AR) @[ IoU=0.50:0.95 | area=   all | maxDets= 10 ] = 0.761
 Average Recall     (AR) @[ IoU=0.50:0.95 | area=   all | maxDets=100 ] = 0.761
 Average Recall     (AR) @[ IoU=0.50:0.95 | area= small | maxDets=100 ] = -1.000
 Average Recall     (AR) @[ IoU=0.50:0.95 | area=medium | maxDets=100 ] = 0.560
 Average Recall     (AR) @[ IoU=0.50:0.95 | area= large | maxDets=100 ] = 0.786
[08/05 13:22:04 d2.evaluation.coco_evaluation]: Evaluation results for segm: 
|   AP   |  AP50  |  AP75  |  APs  |  APm   |  APl   |
|:------:|:------:|:------:|:-----:|:------:|:------:|
| 71.472 | 93.698 | 87.804 |  nan  | 55.829 | 73.551 |
[08/05 13:22:04 d2.evaluation.coco_evaluation]: Some metrics cannot be computed and is shown as NaN.
[Iter 2 AP] → mAP@[.5:.95] = 71.472
[08/05 13:22:06 d2.utils.events]:  eta: 0:07:56  iter: 1219  total_loss: 0.2154  loss_cls: 0.02278  loss_box_reg: 0.05517  loss_mask: 0.1332  loss_rpn_cls: 2.356e-06  loss_rpn_loc: 0.002237    time: 0.1260  last_time: 0.1346  data_time: 0.0026  last_data_time: 0.0023   lr: 0.0005  max_mem: 1665M
[08/05 13:22:09 d2.utils.events]:  eta: 0:07:53  iter: 1239  total_loss: 0.1938  loss_cls: 0.02018  loss_box_reg: 0.04982  loss_mask: 0.1221  loss_rpn_cls: 2.79e-06  loss_rpn_loc: 0.002395    time: 0.1260  last_time: 0.1285  data_time: 0.0025  last_data_time: 0.0025   lr: 0.0005  max_mem: 1665M
[08/05 13:22:11 d2.utils.events]:  eta: 0:07:51  iter: 1259  total_loss: 0.1954  loss_cls: 0.01993  loss_box_reg: 0.05548  loss_mask: 0.1301  loss_rpn_cls: 2.549e-06  loss_rpn_loc: 0.002293    time: 0.1259  last_time: 0.1184  data_time: 0.0025  last_data_time: 0.0023   lr: 0.0005  max_mem: 1665M
[08/05 13:22:14 d2.utils.events]:  eta: 0:07:48  iter: 1279  total_loss: 0.2312  loss_cls: 0.0231  loss_box_reg: 0.05219  loss_mask: 0.1486  loss_rpn_cls: 6.024e-06  loss_rpn_loc: 0.002779    time: 0.1259  last_time: 0.1344  data_time: 0.0026  last_data_time: 0.0023   lr: 0.0005  max_mem: 1665M
[08/05 13:22:16 d2.utils.events]:  eta: 0:07:46  iter: 1299  total_loss: 0.1985  loss_cls: 0.01957  loss_box_reg: 0.05348  loss_mask: 0.1167  loss_rpn_cls: 3.585e-06  loss_rpn_loc: 0.002478    time: 0.1258  last_time: 0.1150  data_time: 0.0025  last_data_time: 0.0023   lr: 0.0005  max_mem: 1665M
[08/05 13:22:16 d2.evaluation.coco_evaluation]: Fast COCO eval is not built. Falling back to official COCO eval.
[08/05 13:22:16 d2.data.datasets.coco]: Loaded 89 images in COCO format from /projects/PUCHALLA/LLP2024/tumor-segmentation/data/processed_data/rgb/test/images/test.json
[08/05 13:22:16 d2.data.dataset_mapper]: [DatasetMapper] Augmentations used in inference: [ResizeShortestEdge(short_edge_length=(800, 800), max_size=1333, sample_style='choice')]
[08/05 13:22:16 d2.data.common]: Serializing the dataset using: <class 'detectron2.data.common._TorchSerializedList'>
[08/05 13:22:16 d2.data.common]: Serializing 89 elements to byte tensors and concatenating them all ...
[08/05 13:22:16 d2.data.common]: Serialized dataset takes 0.07 MiB
[08/05 13:22:16 d2.evaluation.evaluator]: Start inference on 89 batches
[08/05 13:22:17 d2.evaluation.evaluator]: Inference done 11/89. Dataloading: 0.0007 s/iter. Inference: 0.0339 s/iter. Eval: 0.0004 s/iter. Total: 0.0350 s/iter. ETA=0:00:02
[08/05 13:22:20 d2.evaluation.evaluator]: Total inference time: 0:00:03.005497 (0.035780 s / iter per device, on 1 devices)
[08/05 13:22:20 d2.evaluation.evaluator]: Total inference pure compute time: 0:00:02 (0.034293 s / iter per device, on 1 devices)
[08/05 13:22:20 d2.evaluation.coco_evaluation]: Preparing results for COCO format ...
[08/05 13:22:20 d2.evaluation.coco_evaluation]: Saving results to ../../../../models/rgb-testing/AP-bug-fix-2-5000/coco_instances_results.json
[08/05 13:22:20 d2.evaluation.coco_evaluation]: Evaluating predictions with official COCO API...
Loading and preparing results...
DONE (t=0.00s)
creating index...
index created!
Running per image evaluation...
Evaluate annotation type *bbox*
DONE (t=0.02s).
Accumulating evaluation results...
DONE (t=0.01s).
 Average Precision  (AP) @[ IoU=0.50:0.95 | area=   all | maxDets=100 ] = 0.705
 Average Precision  (AP) @[ IoU=0.50      | area=   all | maxDets=100 ] = 0.938
 Average Precision  (AP) @[ IoU=0.75      | area=   all | maxDets=100 ] = 0.898
 Average Precision  (AP) @[ IoU=0.50:0.95 | area= small | maxDets=100 ] = -1.000
 Average Precision  (AP) @[ IoU=0.50:0.95 | area=medium | maxDets=100 ] = 0.559
 Average Precision  (AP) @[ IoU=0.50:0.95 | area= large | maxDets=100 ] = 0.724
 Average Recall     (AR) @[ IoU=0.50:0.95 | area=   all | maxDets=  1 ] = 0.756
 Average Recall     (AR) @[ IoU=0.50:0.95 | area=   all | maxDets= 10 ] = 0.758
 Average Recall     (AR) @[ IoU=0.50:0.95 | area=   all | maxDets=100 ] = 0.758
 Average Recall     (AR) @[ IoU=0.50:0.95 | area= small | maxDets=100 ] = -1.000
 Average Recall     (AR) @[ IoU=0.50:0.95 | area=medium | maxDets=100 ] = 0.570
 Average Recall     (AR) @[ IoU=0.50:0.95 | area= large | maxDets=100 ] = 0.782
[08/05 13:22:20 d2.evaluation.coco_evaluation]: Evaluation results for bbox: 
|   AP   |  AP50  |  AP75  |  APs  |  APm   |  APl   |
|:------:|:------:|:------:|:-----:|:------:|:------:|
| 70.543 | 93.840 | 89.820 |  nan  | 55.876 | 72.402 |
[08/05 13:22:20 d2.evaluation.coco_evaluation]: Some metrics cannot be computed and is shown as NaN.
Loading and preparing results...
DONE (t=0.00s)
creating index...
index created!
Running per image evaluation...
Evaluate annotation type *segm*
DONE (t=0.02s).
Accumulating evaluation results...
DONE (t=0.01s).
 Average Precision  (AP) @[ IoU=0.50:0.95 | area=   all | maxDets=100 ] = 0.722
 Average Precision  (AP) @[ IoU=0.50      | area=   all | maxDets=100 ] = 0.938
 Average Precision  (AP) @[ IoU=0.75      | area=   all | maxDets=100 ] = 0.898
 Average Precision  (AP) @[ IoU=0.50:0.95 | area= small | maxDets=100 ] = -1.000
 Average Precision  (AP) @[ IoU=0.50:0.95 | area=medium | maxDets=100 ] = 0.559
 Average Precision  (AP) @[ IoU=0.50:0.95 | area= large | maxDets=100 ] = 0.742
 Average Recall     (AR) @[ IoU=0.50:0.95 | area=   all | maxDets=  1 ] = 0.763
 Average Recall     (AR) @[ IoU=0.50:0.95 | area=   all | maxDets= 10 ] = 0.764
 Average Recall     (AR) @[ IoU=0.50:0.95 | area=   all | maxDets=100 ] = 0.764
 Average Recall     (AR) @[ IoU=0.50:0.95 | area= small | maxDets=100 ] = -1.000
 Average Recall     (AR) @[ IoU=0.50:0.95 | area=medium | maxDets=100 ] = 0.570
 Average Recall     (AR) @[ IoU=0.50:0.95 | area= large | maxDets=100 ] = 0.789
[08/05 13:22:20 d2.evaluation.coco_evaluation]: Evaluation results for segm: 
|   AP   |  AP50  |  AP75  |  APs  |  APm   |  APl   |
|:------:|:------:|:------:|:-----:|:------:|:------:|
| 72.217 | 93.840 | 89.820 |  nan  | 55.900 | 74.206 |
[08/05 13:22:20 d2.evaluation.coco_evaluation]: Some metrics cannot be computed and is shown as NaN.
[Iter 2 AP] → mAP@[.5:.95] = 72.217
[08/05 13:22:22 d2.utils.events]:  eta: 0:07:43  iter: 1319  total_loss: 0.192  loss_cls: 0.02043  loss_box_reg: 0.04937  loss_mask: 0.1258  loss_rpn_cls: 1.419e-05  loss_rpn_loc: 0.002493    time: 0.1258  last_time: 0.1166  data_time: 0.0026  last_data_time: 0.0024   lr: 0.0005  max_mem: 1665M
[08/05 13:22:25 d2.utils.events]:  eta: 0:07:40  iter: 1339  total_loss: 0.2039  loss_cls: 0.02081  loss_box_reg: 0.05386  loss_mask: 0.1207  loss_rpn_cls: 1.263e-05  loss_rpn_loc: 0.002415    time: 0.1259  last_time: 0.1359  data_time: 0.0026  last_data_time: 0.0026   lr: 0.0005  max_mem: 1665M
[08/05 13:22:27 d2.utils.events]:  eta: 0:07:38  iter: 1359  total_loss: 0.1971  loss_cls: 0.02169  loss_box_reg: 0.05111  loss_mask: 0.1289  loss_rpn_cls: 7.963e-06  loss_rpn_loc: 0.00274    time: 0.1260  last_time: 0.1244  data_time: 0.0028  last_data_time: 0.0025   lr: 0.0005  max_mem: 1665M
[08/05 13:22:30 d2.utils.events]:  eta: 0:07:35  iter: 1379  total_loss: 0.1819  loss_cls: 0.01781  loss_box_reg: 0.0469  loss_mask: 0.1128  loss_rpn_cls: 1.403e-05  loss_rpn_loc: 0.002569    time: 0.1259  last_time: 0.1172  data_time: 0.0025  last_data_time: 0.0023   lr: 0.0005  max_mem: 1665M
[08/05 13:22:32 d2.utils.events]:  eta: 0:07:33  iter: 1399  total_loss: 0.2372  loss_cls: 0.0198  loss_box_reg: 0.04932  loss_mask: 0.1624  loss_rpn_cls: 2.88e-06  loss_rpn_loc: 0.002537    time: 0.1260  last_time: 0.1175  data_time: 0.0025  last_data_time: 0.0026   lr: 0.0005  max_mem: 1665M
[08/05 13:22:32 d2.evaluation.coco_evaluation]: Fast COCO eval is not built. Falling back to official COCO eval.
[08/05 13:22:32 d2.data.datasets.coco]: Loaded 89 images in COCO format from /projects/PUCHALLA/LLP2024/tumor-segmentation/data/processed_data/rgb/test/images/test.json
[08/05 13:22:32 d2.data.dataset_mapper]: [DatasetMapper] Augmentations used in inference: [ResizeShortestEdge(short_edge_length=(800, 800), max_size=1333, sample_style='choice')]
[08/05 13:22:32 d2.data.common]: Serializing the dataset using: <class 'detectron2.data.common._TorchSerializedList'>
[08/05 13:22:32 d2.data.common]: Serializing 89 elements to byte tensors and concatenating them all ...
[08/05 13:22:32 d2.data.common]: Serialized dataset takes 0.07 MiB
[08/05 13:22:32 d2.evaluation.evaluator]: Start inference on 89 batches
[08/05 13:22:33 d2.evaluation.evaluator]: Inference done 11/89. Dataloading: 0.0007 s/iter. Inference: 0.0356 s/iter. Eval: 0.0004 s/iter. Total: 0.0366 s/iter. ETA=0:00:02
[08/05 13:22:36 d2.evaluation.evaluator]: Total inference time: 0:00:03.018099 (0.035930 s / iter per device, on 1 devices)
[08/05 13:22:36 d2.evaluation.evaluator]: Total inference pure compute time: 0:00:02 (0.034456 s / iter per device, on 1 devices)
[08/05 13:22:36 d2.evaluation.coco_evaluation]: Preparing results for COCO format ...
[08/05 13:22:36 d2.evaluation.coco_evaluation]: Saving results to ../../../../models/rgb-testing/AP-bug-fix-2-5000/coco_instances_results.json
[08/05 13:22:36 d2.evaluation.coco_evaluation]: Evaluating predictions with official COCO API...
Loading and preparing results...
DONE (t=0.00s)
creating index...
index created!
Running per image evaluation...
Evaluate annotation type *bbox*
DONE (t=0.02s).
Accumulating evaluation results...
DONE (t=0.01s).
 Average Precision  (AP) @[ IoU=0.50:0.95 | area=   all | maxDets=100 ] = 0.693
 Average Precision  (AP) @[ IoU=0.50      | area=   all | maxDets=100 ] = 0.918
 Average Precision  (AP) @[ IoU=0.75      | area=   all | maxDets=100 ] = 0.858
 Average Precision  (AP) @[ IoU=0.50:0.95 | area= small | maxDets=100 ] = -1.000
 Average Precision  (AP) @[ IoU=0.50:0.95 | area=medium | maxDets=100 ] = 0.568
 Average Precision  (AP) @[ IoU=0.50:0.95 | area= large | maxDets=100 ] = 0.710
 Average Recall     (AR) @[ IoU=0.50:0.95 | area=   all | maxDets=  1 ] = 0.740
 Average Recall     (AR) @[ IoU=0.50:0.95 | area=   all | maxDets= 10 ] = 0.743
 Average Recall     (AR) @[ IoU=0.50:0.95 | area=   all | maxDets=100 ] = 0.743
 Average Recall     (AR) @[ IoU=0.50:0.95 | area= small | maxDets=100 ] = -1.000
 Average Recall     (AR) @[ IoU=0.50:0.95 | area=medium | maxDets=100 ] = 0.580
 Average Recall     (AR) @[ IoU=0.50:0.95 | area= large | maxDets=100 ] = 0.763
[08/05 13:22:36 d2.evaluation.coco_evaluation]: Evaluation results for bbox: 
|   AP   |  AP50  |  AP75  |  APs  |  APm   |  APl   |
|:------:|:------:|:------:|:-----:|:------:|:------:|
| 69.283 | 91.848 | 85.827 |  nan  | 56.777 | 71.037 |
[08/05 13:22:36 d2.evaluation.coco_evaluation]: Some metrics cannot be computed and is shown as NaN.
Loading and preparing results...
DONE (t=0.00s)
creating index...
index created!
Running per image evaluation...
Evaluate annotation type *segm*
DONE (t=0.02s).
Accumulating evaluation results...
DONE (t=0.01s).
 Average Precision  (AP) @[ IoU=0.50:0.95 | area=   all | maxDets=100 ] = 0.700
 Average Precision  (AP) @[ IoU=0.50      | area=   all | maxDets=100 ] = 0.918
 Average Precision  (AP) @[ IoU=0.75      | area=   all | maxDets=100 ] = 0.858
 Average Precision  (AP) @[ IoU=0.50:0.95 | area= small | maxDets=100 ] = -1.000
 Average Precision  (AP) @[ IoU=0.50:0.95 | area=medium | maxDets=100 ] = 0.540
 Average Precision  (AP) @[ IoU=0.50:0.95 | area= large | maxDets=100 ] = 0.720
 Average Recall     (AR) @[ IoU=0.50:0.95 | area=   all | maxDets=  1 ] = 0.743
 Average Recall     (AR) @[ IoU=0.50:0.95 | area=   all | maxDets= 10 ] = 0.744
 Average Recall     (AR) @[ IoU=0.50:0.95 | area=   all | maxDets=100 ] = 0.744
 Average Recall     (AR) @[ IoU=0.50:0.95 | area= small | maxDets=100 ] = -1.000
 Average Recall     (AR) @[ IoU=0.50:0.95 | area=medium | maxDets=100 ] = 0.570
 Average Recall     (AR) @[ IoU=0.50:0.95 | area= large | maxDets=100 ] = 0.766
[08/05 13:22:36 d2.evaluation.coco_evaluation]: Evaluation results for segm: 
|   AP   |  AP50  |  AP75  |  APs  |  APm   |  APl   |
|:------:|:------:|:------:|:-----:|:------:|:------:|
| 70.046 | 91.848 | 85.827 |  nan  | 53.965 | 71.996 |
[08/05 13:22:36 d2.evaluation.coco_evaluation]: Some metrics cannot be computed and is shown as NaN.
[Iter 2 AP] → mAP@[.5:.95] = 70.046
[08/05 13:22:38 d2.utils.events]:  eta: 0:07:31  iter: 1419  total_loss: 0.2112  loss_cls: 0.02055  loss_box_reg: 0.05199  loss_mask: 0.1312  loss_rpn_cls: 1.405e-05  loss_rpn_loc: 0.002312    time: 0.1261  last_time: 0.1250  data_time: 0.0027  last_data_time: 0.0024   lr: 0.0005  max_mem: 1665M
[08/05 13:22:41 d2.utils.events]:  eta: 0:07:28  iter: 1439  total_loss: 0.1852  loss_cls: 0.01661  loss_box_reg: 0.04959  loss_mask: 0.1168  loss_rpn_cls: 2.52e-06  loss_rpn_loc: 0.002081    time: 0.1260  last_time: 0.1172  data_time: 0.0024  last_data_time: 0.0023   lr: 0.0005  max_mem: 1665M
[08/05 13:22:43 d2.utils.events]:  eta: 0:07:26  iter: 1459  total_loss: 0.1858  loss_cls: 0.02039  loss_box_reg: 0.05525  loss_mask: 0.1148  loss_rpn_cls: 2.462e-06  loss_rpn_loc: 0.002033    time: 0.1260  last_time: 0.1175  data_time: 0.0025  last_data_time: 0.0025   lr: 0.0005  max_mem: 1665M
[08/05 13:22:46 d2.utils.events]:  eta: 0:07:23  iter: 1479  total_loss: 0.1887  loss_cls: 0.01747  loss_box_reg: 0.04492  loss_mask: 0.1209  loss_rpn_cls: 1.467e-05  loss_rpn_loc: 0.002558    time: 0.1260  last_time: 0.1351  data_time: 0.0025  last_data_time: 0.0023   lr: 0.0005  max_mem: 1665M
[08/05 13:22:48 d2.utils.events]:  eta: 0:07:20  iter: 1499  total_loss: 0.1925  loss_cls: 0.01784  loss_box_reg: 0.05156  loss_mask: 0.1205  loss_rpn_cls: 1.539e-06  loss_rpn_loc: 0.002005    time: 0.1260  last_time: 0.1435  data_time: 0.0026  last_data_time: 0.0035   lr: 0.0005  max_mem: 1681M
[08/05 13:22:49 d2.evaluation.coco_evaluation]: Fast COCO eval is not built. Falling back to official COCO eval.
[08/05 13:22:49 d2.data.datasets.coco]: Loaded 89 images in COCO format from /projects/PUCHALLA/LLP2024/tumor-segmentation/data/processed_data/rgb/test/images/test.json
[08/05 13:22:49 d2.data.dataset_mapper]: [DatasetMapper] Augmentations used in inference: [ResizeShortestEdge(short_edge_length=(800, 800), max_size=1333, sample_style='choice')]
[08/05 13:22:49 d2.data.common]: Serializing the dataset using: <class 'detectron2.data.common._TorchSerializedList'>
[08/05 13:22:49 d2.data.common]: Serializing 89 elements to byte tensors and concatenating them all ...
[08/05 13:22:49 d2.data.common]: Serialized dataset takes 0.07 MiB
[08/05 13:22:49 d2.evaluation.evaluator]: Start inference on 89 batches
[08/05 13:22:49 d2.evaluation.evaluator]: Inference done 11/89. Dataloading: 0.0006 s/iter. Inference: 0.0342 s/iter. Eval: 0.0004 s/iter. Total: 0.0352 s/iter. ETA=0:00:02
[08/05 13:22:52 d2.evaluation.evaluator]: Total inference time: 0:00:03.009132 (0.035823 s / iter per device, on 1 devices)
[08/05 13:22:52 d2.evaluation.evaluator]: Total inference pure compute time: 0:00:02 (0.034328 s / iter per device, on 1 devices)
[08/05 13:22:52 d2.evaluation.coco_evaluation]: Preparing results for COCO format ...
[08/05 13:22:52 d2.evaluation.coco_evaluation]: Saving results to ../../../../models/rgb-testing/AP-bug-fix-2-5000/coco_instances_results.json
[08/05 13:22:52 d2.evaluation.coco_evaluation]: Evaluating predictions with official COCO API...
Loading and preparing results...
DONE (t=0.00s)
creating index...
index created!
Running per image evaluation...
Evaluate annotation type *bbox*
DONE (t=0.02s).
Accumulating evaluation results...
DONE (t=0.01s).
 Average Precision  (AP) @[ IoU=0.50:0.95 | area=   all | maxDets=100 ] = 0.701
 Average Precision  (AP) @[ IoU=0.50      | area=   all | maxDets=100 ] = 0.941
 Average Precision  (AP) @[ IoU=0.75      | area=   all | maxDets=100 ] = 0.871
 Average Precision  (AP) @[ IoU=0.50:0.95 | area= small | maxDets=100 ] = -1.000
 Average Precision  (AP) @[ IoU=0.50:0.95 | area=medium | maxDets=100 ] = 0.538
 Average Precision  (AP) @[ IoU=0.50:0.95 | area= large | maxDets=100 ] = 0.722
 Average Recall     (AR) @[ IoU=0.50:0.95 | area=   all | maxDets=  1 ] = 0.746
 Average Recall     (AR) @[ IoU=0.50:0.95 | area=   all | maxDets= 10 ] = 0.747
 Average Recall     (AR) @[ IoU=0.50:0.95 | area=   all | maxDets=100 ] = 0.747
 Average Recall     (AR) @[ IoU=0.50:0.95 | area= small | maxDets=100 ] = -1.000
 Average Recall     (AR) @[ IoU=0.50:0.95 | area=medium | maxDets=100 ] = 0.560
 Average Recall     (AR) @[ IoU=0.50:0.95 | area= large | maxDets=100 ] = 0.771
[08/05 13:22:52 d2.evaluation.coco_evaluation]: Evaluation results for bbox: 
|   AP   |  AP50  |  AP75  |  APs  |  APm   |  APl   |
|:------:|:------:|:------:|:-----:|:------:|:------:|
| 70.131 | 94.091 | 87.050 |  nan  | 53.771 | 72.153 |
[08/05 13:22:52 d2.evaluation.coco_evaluation]: Some metrics cannot be computed and is shown as NaN.
Loading and preparing results...
DONE (t=0.00s)
creating index...
index created!
Running per image evaluation...
Evaluate annotation type *segm*
DONE (t=0.02s).
Accumulating evaluation results...
DONE (t=0.01s).
 Average Precision  (AP) @[ IoU=0.50:0.95 | area=   all | maxDets=100 ] = 0.722
 Average Precision  (AP) @[ IoU=0.50      | area=   all | maxDets=100 ] = 0.931
 Average Precision  (AP) @[ IoU=0.75      | area=   all | maxDets=100 ] = 0.871
 Average Precision  (AP) @[ IoU=0.50:0.95 | area= small | maxDets=100 ] = -1.000
 Average Precision  (AP) @[ IoU=0.50:0.95 | area=medium | maxDets=100 ] = 0.566
 Average Precision  (AP) @[ IoU=0.50:0.95 | area= large | maxDets=100 ] = 0.741
 Average Recall     (AR) @[ IoU=0.50:0.95 | area=   all | maxDets=  1 ] = 0.763
 Average Recall     (AR) @[ IoU=0.50:0.95 | area=   all | maxDets= 10 ] = 0.763
 Average Recall     (AR) @[ IoU=0.50:0.95 | area=   all | maxDets=100 ] = 0.763
 Average Recall     (AR) @[ IoU=0.50:0.95 | area= small | maxDets=100 ] = -1.000
 Average Recall     (AR) @[ IoU=0.50:0.95 | area=medium | maxDets=100 ] = 0.580
 Average Recall     (AR) @[ IoU=0.50:0.95 | area= large | maxDets=100 ] = 0.786
[08/05 13:22:52 d2.evaluation.coco_evaluation]: Evaluation results for segm: 
|   AP   |  AP50  |  AP75  |  APs  |  APm   |  APl   |
|:------:|:------:|:------:|:-----:|:------:|:------:|
| 72.175 | 93.145 | 87.137 |  nan  | 56.556 | 74.139 |
[08/05 13:22:52 d2.evaluation.coco_evaluation]: Some metrics cannot be computed and is shown as NaN.
[Iter 2 AP] → mAP@[.5:.95] = 72.175
[08/05 13:22:54 d2.utils.events]:  eta: 0:07:18  iter: 1519  total_loss: 0.1855  loss_cls: 0.02037  loss_box_reg: 0.0522  loss_mask: 0.1092  loss_rpn_cls: 1.519e-06  loss_rpn_loc: 0.002382    time: 0.1260  last_time: 0.1350  data_time: 0.0027  last_data_time: 0.0024   lr: 0.0005  max_mem: 1681M
[08/05 13:22:57 d2.utils.events]:  eta: 0:07:15  iter: 1539  total_loss: 0.185  loss_cls: 0.01777  loss_box_reg: 0.04248  loss_mask: 0.1158  loss_rpn_cls: 9.284e-06  loss_rpn_loc: 0.0021    time: 0.1260  last_time: 0.1161  data_time: 0.0027  last_data_time: 0.0025   lr: 0.0005  max_mem: 1681M
[08/05 13:22:59 d2.utils.events]:  eta: 0:07:13  iter: 1559  total_loss: 0.1994  loss_cls: 0.01985  loss_box_reg: 0.05777  loss_mask: 0.1296  loss_rpn_cls: 1.771e-05  loss_rpn_loc: 0.00219    time: 0.1260  last_time: 0.1272  data_time: 0.0025  last_data_time: 0.0024   lr: 0.0005  max_mem: 1681M
[08/05 13:23:02 d2.utils.events]:  eta: 0:07:11  iter: 1579  total_loss: 0.2101  loss_cls: 0.01974  loss_box_reg: 0.05915  loss_mask: 0.125  loss_rpn_cls: 1.046e-05  loss_rpn_loc: 0.003212    time: 0.1260  last_time: 0.1266  data_time: 0.0027  last_data_time: 0.0024   lr: 0.0005  max_mem: 1681M
[08/05 13:23:04 d2.utils.events]:  eta: 0:07:08  iter: 1599  total_loss: 0.2127  loss_cls: 0.0193  loss_box_reg: 0.05124  loss_mask: 0.1392  loss_rpn_cls: 1.169e-05  loss_rpn_loc: 0.002679    time: 0.1260  last_time: 0.1241  data_time: 0.0026  last_data_time: 0.0034   lr: 0.0005  max_mem: 1681M
[08/05 13:23:05 d2.evaluation.coco_evaluation]: Fast COCO eval is not built. Falling back to official COCO eval.
[08/05 13:23:05 d2.data.datasets.coco]: Loaded 89 images in COCO format from /projects/PUCHALLA/LLP2024/tumor-segmentation/data/processed_data/rgb/test/images/test.json
[08/05 13:23:05 d2.data.dataset_mapper]: [DatasetMapper] Augmentations used in inference: [ResizeShortestEdge(short_edge_length=(800, 800), max_size=1333, sample_style='choice')]
[08/05 13:23:05 d2.data.common]: Serializing the dataset using: <class 'detectron2.data.common._TorchSerializedList'>
[08/05 13:23:05 d2.data.common]: Serializing 89 elements to byte tensors and concatenating them all ...
[08/05 13:23:05 d2.data.common]: Serialized dataset takes 0.07 MiB
[08/05 13:23:05 d2.evaluation.evaluator]: Start inference on 89 batches
[08/05 13:23:05 d2.evaluation.evaluator]: Inference done 11/89. Dataloading: 0.0007 s/iter. Inference: 0.0343 s/iter. Eval: 0.0004 s/iter. Total: 0.0354 s/iter. ETA=0:00:02
[08/05 13:23:08 d2.evaluation.evaluator]: Total inference time: 0:00:02.997710 (0.035687 s / iter per device, on 1 devices)
[08/05 13:23:08 d2.evaluation.evaluator]: Total inference pure compute time: 0:00:02 (0.034200 s / iter per device, on 1 devices)
[08/05 13:23:08 d2.evaluation.coco_evaluation]: Preparing results for COCO format ...
[08/05 13:23:08 d2.evaluation.coco_evaluation]: Saving results to ../../../../models/rgb-testing/AP-bug-fix-2-5000/coco_instances_results.json
[08/05 13:23:08 d2.evaluation.coco_evaluation]: Evaluating predictions with official COCO API...
Loading and preparing results...
DONE (t=0.00s)
creating index...
index created!
Running per image evaluation...
Evaluate annotation type *bbox*
DONE (t=0.02s).
Accumulating evaluation results...
DONE (t=0.01s).
 Average Precision  (AP) @[ IoU=0.50:0.95 | area=   all | maxDets=100 ] = 0.698
 Average Precision  (AP) @[ IoU=0.50      | area=   all | maxDets=100 ] = 0.939
 Average Precision  (AP) @[ IoU=0.75      | area=   all | maxDets=100 ] = 0.880
 Average Precision  (AP) @[ IoU=0.50:0.95 | area= small | maxDets=100 ] = -1.000
 Average Precision  (AP) @[ IoU=0.50:0.95 | area=medium | maxDets=100 ] = 0.547
 Average Precision  (AP) @[ IoU=0.50:0.95 | area= large | maxDets=100 ] = 0.719
 Average Recall     (AR) @[ IoU=0.50:0.95 | area=   all | maxDets=  1 ] = 0.746
 Average Recall     (AR) @[ IoU=0.50:0.95 | area=   all | maxDets= 10 ] = 0.749
 Average Recall     (AR) @[ IoU=0.50:0.95 | area=   all | maxDets=100 ] = 0.749
 Average Recall     (AR) @[ IoU=0.50:0.95 | area= small | maxDets=100 ] = -1.000
 Average Recall     (AR) @[ IoU=0.50:0.95 | area=medium | maxDets=100 ] = 0.550
 Average Recall     (AR) @[ IoU=0.50:0.95 | area= large | maxDets=100 ] = 0.775
[08/05 13:23:08 d2.evaluation.coco_evaluation]: Evaluation results for bbox: 
|   AP   |  AP50  |  AP75  |  APs  |  APm   |  APl   |
|:------:|:------:|:------:|:-----:|:------:|:------:|
| 69.830 | 93.904 | 88.029 |  nan  | 54.715 | 71.912 |
[08/05 13:23:08 d2.evaluation.coco_evaluation]: Some metrics cannot be computed and is shown as NaN.
Loading and preparing results...
DONE (t=0.00s)
creating index...
index created!
Running per image evaluation...
Evaluate annotation type *segm*
DONE (t=0.02s).
Accumulating evaluation results...
DONE (t=0.01s).
 Average Precision  (AP) @[ IoU=0.50:0.95 | area=   all | maxDets=100 ] = 0.721
 Average Precision  (AP) @[ IoU=0.50      | area=   all | maxDets=100 ] = 0.939
 Average Precision  (AP) @[ IoU=0.75      | area=   all | maxDets=100 ] = 0.899
 Average Precision  (AP) @[ IoU=0.50:0.95 | area= small | maxDets=100 ] = -1.000
 Average Precision  (AP) @[ IoU=0.50:0.95 | area=medium | maxDets=100 ] = 0.589
 Average Precision  (AP) @[ IoU=0.50:0.95 | area= large | maxDets=100 ] = 0.739
 Average Recall     (AR) @[ IoU=0.50:0.95 | area=   all | maxDets=  1 ] = 0.762
 Average Recall     (AR) @[ IoU=0.50:0.95 | area=   all | maxDets= 10 ] = 0.764
 Average Recall     (AR) @[ IoU=0.50:0.95 | area=   all | maxDets=100 ] = 0.764
 Average Recall     (AR) @[ IoU=0.50:0.95 | area= small | maxDets=100 ] = -1.000
 Average Recall     (AR) @[ IoU=0.50:0.95 | area=medium | maxDets=100 ] = 0.590
 Average Recall     (AR) @[ IoU=0.50:0.95 | area= large | maxDets=100 ] = 0.786
[08/05 13:23:08 d2.evaluation.coco_evaluation]: Evaluation results for segm: 
|   AP   |  AP50  |  AP75  |  APs  |  APm   |  APl   |
|:------:|:------:|:------:|:-----:|:------:|:------:|
| 72.065 | 93.904 | 89.932 |  nan  | 58.886 | 73.872 |
[08/05 13:23:08 d2.evaluation.coco_evaluation]: Some metrics cannot be computed and is shown as NaN.
[Iter 2 AP] → mAP@[.5:.95] = 72.065
[08/05 13:23:10 d2.utils.events]:  eta: 0:07:06  iter: 1619  total_loss: 0.2391  loss_cls: 0.02427  loss_box_reg: 0.05537  loss_mask: 0.1547  loss_rpn_cls: 8.126e-06  loss_rpn_loc: 0.001954    time: 0.1260  last_time: 0.1270  data_time: 0.0025  last_data_time: 0.0025   lr: 0.0005  max_mem: 1681M
[08/05 13:23:13 d2.utils.events]:  eta: 0:07:03  iter: 1639  total_loss: 0.17  loss_cls: 0.01799  loss_box_reg: 0.04215  loss_mask: 0.1172  loss_rpn_cls: 9.522e-06  loss_rpn_loc: 0.001792    time: 0.1260  last_time: 0.1281  data_time: 0.0025  last_data_time: 0.0023   lr: 0.0005  max_mem: 1681M
[08/05 13:23:15 d2.utils.events]:  eta: 0:07:01  iter: 1659  total_loss: 0.1778  loss_cls: 0.01971  loss_box_reg: 0.04732  loss_mask: 0.1153  loss_rpn_cls: 1.547e-06  loss_rpn_loc: 0.002167    time: 0.1260  last_time: 0.1169  data_time: 0.0025  last_data_time: 0.0024   lr: 0.0005  max_mem: 1681M
[08/05 13:23:18 d2.utils.events]:  eta: 0:06:58  iter: 1679  total_loss: 0.1995  loss_cls: 0.01961  loss_box_reg: 0.0594  loss_mask: 0.113  loss_rpn_cls: 5.231e-06  loss_rpn_loc: 0.003019    time: 0.1260  last_time: 0.1225  data_time: 0.0025  last_data_time: 0.0025   lr: 0.0005  max_mem: 1681M
[08/05 13:23:20 d2.utils.events]:  eta: 0:06:56  iter: 1699  total_loss: 0.167  loss_cls: 0.01831  loss_box_reg: 0.04575  loss_mask: 0.1107  loss_rpn_cls: 1.213e-05  loss_rpn_loc: 0.002124    time: 0.1260  last_time: 0.1269  data_time: 0.0025  last_data_time: 0.0024   lr: 0.0005  max_mem: 1681M
[08/05 13:23:20 d2.evaluation.coco_evaluation]: Fast COCO eval is not built. Falling back to official COCO eval.
[08/05 13:23:20 d2.data.datasets.coco]: Loaded 89 images in COCO format from /projects/PUCHALLA/LLP2024/tumor-segmentation/data/processed_data/rgb/test/images/test.json
[08/05 13:23:20 d2.data.dataset_mapper]: [DatasetMapper] Augmentations used in inference: [ResizeShortestEdge(short_edge_length=(800, 800), max_size=1333, sample_style='choice')]
[08/05 13:23:20 d2.data.common]: Serializing the dataset using: <class 'detectron2.data.common._TorchSerializedList'>
[08/05 13:23:20 d2.data.common]: Serializing 89 elements to byte tensors and concatenating them all ...
[08/05 13:23:20 d2.data.common]: Serialized dataset takes 0.07 MiB
[08/05 13:23:20 d2.evaluation.evaluator]: Start inference on 89 batches
[08/05 13:23:21 d2.evaluation.evaluator]: Inference done 11/89. Dataloading: 0.0007 s/iter. Inference: 0.0345 s/iter. Eval: 0.0004 s/iter. Total: 0.0356 s/iter. ETA=0:00:02
[08/05 13:23:24 d2.evaluation.evaluator]: Total inference time: 0:00:03.035547 (0.036137 s / iter per device, on 1 devices)
[08/05 13:23:24 d2.evaluation.evaluator]: Total inference pure compute time: 0:00:02 (0.034645 s / iter per device, on 1 devices)
[08/05 13:23:24 d2.evaluation.coco_evaluation]: Preparing results for COCO format ...
[08/05 13:23:24 d2.evaluation.coco_evaluation]: Saving results to ../../../../models/rgb-testing/AP-bug-fix-2-5000/coco_instances_results.json
[08/05 13:23:24 d2.evaluation.coco_evaluation]: Evaluating predictions with official COCO API...
Loading and preparing results...
DONE (t=0.00s)
creating index...
index created!
Running per image evaluation...
Evaluate annotation type *bbox*
DONE (t=0.02s).
Accumulating evaluation results...
DONE (t=0.01s).
 Average Precision  (AP) @[ IoU=0.50:0.95 | area=   all | maxDets=100 ] = 0.683
 Average Precision  (AP) @[ IoU=0.50      | area=   all | maxDets=100 ] = 0.930
 Average Precision  (AP) @[ IoU=0.75      | area=   all | maxDets=100 ] = 0.869
 Average Precision  (AP) @[ IoU=0.50:0.95 | area= small | maxDets=100 ] = -1.000
 Average Precision  (AP) @[ IoU=0.50:0.95 | area=medium | maxDets=100 ] = 0.542
 Average Precision  (AP) @[ IoU=0.50:0.95 | area= large | maxDets=100 ] = 0.702
 Average Recall     (AR) @[ IoU=0.50:0.95 | area=   all | maxDets=  1 ] = 0.735
 Average Recall     (AR) @[ IoU=0.50:0.95 | area=   all | maxDets= 10 ] = 0.735
 Average Recall     (AR) @[ IoU=0.50:0.95 | area=   all | maxDets=100 ] = 0.735
 Average Recall     (AR) @[ IoU=0.50:0.95 | area= small | maxDets=100 ] = -1.000
 Average Recall     (AR) @[ IoU=0.50:0.95 | area=medium | maxDets=100 ] = 0.560
 Average Recall     (AR) @[ IoU=0.50:0.95 | area= large | maxDets=100 ] = 0.757
[08/05 13:23:24 d2.evaluation.coco_evaluation]: Evaluation results for bbox: 
|   AP   |  AP50  |  AP75  |  APs  |  APm   |  APl   |
|:------:|:------:|:------:|:-----:|:------:|:------:|
| 68.264 | 92.989 | 86.942 |  nan  | 54.220 | 70.237 |
[08/05 13:23:24 d2.evaluation.coco_evaluation]: Some metrics cannot be computed and is shown as NaN.
Loading and preparing results...
DONE (t=0.00s)
creating index...
index created!
Running per image evaluation...
Evaluate annotation type *segm*
DONE (t=0.02s).
Accumulating evaluation results...
DONE (t=0.01s).
 Average Precision  (AP) @[ IoU=0.50:0.95 | area=   all | maxDets=100 ] = 0.699
 Average Precision  (AP) @[ IoU=0.50      | area=   all | maxDets=100 ] = 0.911
 Average Precision  (AP) @[ IoU=0.75      | area=   all | maxDets=100 ] = 0.860
 Average Precision  (AP) @[ IoU=0.50:0.95 | area= small | maxDets=100 ] = -1.000
 Average Precision  (AP) @[ IoU=0.50:0.95 | area=medium | maxDets=100 ] = 0.572
 Average Precision  (AP) @[ IoU=0.50:0.95 | area= large | maxDets=100 ] = 0.717
 Average Recall     (AR) @[ IoU=0.50:0.95 | area=   all | maxDets=  1 ] = 0.746
 Average Recall     (AR) @[ IoU=0.50:0.95 | area=   all | maxDets= 10 ] = 0.746
 Average Recall     (AR) @[ IoU=0.50:0.95 | area=   all | maxDets=100 ] = 0.746
 Average Recall     (AR) @[ IoU=0.50:0.95 | area= small | maxDets=100 ] = -1.000
 Average Recall     (AR) @[ IoU=0.50:0.95 | area=medium | maxDets=100 ] = 0.590
 Average Recall     (AR) @[ IoU=0.50:0.95 | area= large | maxDets=100 ] = 0.766
[08/05 13:23:24 d2.evaluation.coco_evaluation]: Evaluation results for segm: 
|   AP   |  AP50  |  AP75  |  APs  |  APm   |  APl   |
|:------:|:------:|:------:|:-----:|:------:|:------:|
| 69.906 | 91.052 | 85.966 |  nan  | 57.199 | 71.671 |
[08/05 13:23:24 d2.evaluation.coco_evaluation]: Some metrics cannot be computed and is shown as NaN.
[Iter 2 AP] → mAP@[.5:.95] = 69.906
[08/05 13:23:26 d2.utils.events]:  eta: 0:06:54  iter: 1719  total_loss: 0.1769  loss_cls: 0.01968  loss_box_reg: 0.04404  loss_mask: 0.1119  loss_rpn_cls: 1.47e-05  loss_rpn_loc: 0.002396    time: 0.1260  last_time: 0.1185  data_time: 0.0027  last_data_time: 0.0036   lr: 0.0005  max_mem: 1681M
[08/05 13:23:29 d2.utils.events]:  eta: 0:06:51  iter: 1739  total_loss: 0.2113  loss_cls: 0.02135  loss_box_reg: 0.05329  loss_mask: 0.1316  loss_rpn_cls: 1.752e-05  loss_rpn_loc: 0.002441    time: 0.1260  last_time: 0.1332  data_time: 0.0025  last_data_time: 0.0025   lr: 0.0005  max_mem: 1681M
[08/05 13:23:31 d2.utils.events]:  eta: 0:06:49  iter: 1759  total_loss: 0.1774  loss_cls: 0.02153  loss_box_reg: 0.04698  loss_mask: 0.1021  loss_rpn_cls: 4.381e-06  loss_rpn_loc: 0.002059    time: 0.1260  last_time: 0.1386  data_time: 0.0026  last_data_time: 0.0024   lr: 0.0005  max_mem: 1681M
[08/05 13:23:34 d2.utils.events]:  eta: 0:06:46  iter: 1779  total_loss: 0.1885  loss_cls: 0.01836  loss_box_reg: 0.04595  loss_mask: 0.1202  loss_rpn_cls: 3.698e-06  loss_rpn_loc: 0.001933    time: 0.1261  last_time: 0.1229  data_time: 0.0026  last_data_time: 0.0027   lr: 0.0005  max_mem: 1681M
[08/05 13:23:36 d2.utils.events]:  eta: 0:06:44  iter: 1799  total_loss: 0.1765  loss_cls: 0.01963  loss_box_reg: 0.04441  loss_mask: 0.1124  loss_rpn_cls: 3.73e-06  loss_rpn_loc: 0.002103    time: 0.1261  last_time: 0.1318  data_time: 0.0025  last_data_time: 0.0023   lr: 0.0005  max_mem: 1681M
[08/05 13:23:37 d2.evaluation.coco_evaluation]: Fast COCO eval is not built. Falling back to official COCO eval.
[08/05 13:23:37 d2.data.datasets.coco]: Loaded 89 images in COCO format from /projects/PUCHALLA/LLP2024/tumor-segmentation/data/processed_data/rgb/test/images/test.json
[08/05 13:23:37 d2.data.dataset_mapper]: [DatasetMapper] Augmentations used in inference: [ResizeShortestEdge(short_edge_length=(800, 800), max_size=1333, sample_style='choice')]
[08/05 13:23:37 d2.data.common]: Serializing the dataset using: <class 'detectron2.data.common._TorchSerializedList'>
[08/05 13:23:37 d2.data.common]: Serializing 89 elements to byte tensors and concatenating them all ...
[08/05 13:23:37 d2.data.common]: Serialized dataset takes 0.07 MiB
[08/05 13:23:37 d2.evaluation.evaluator]: Start inference on 89 batches
[08/05 13:23:37 d2.evaluation.evaluator]: Inference done 11/89. Dataloading: 0.0006 s/iter. Inference: 0.0344 s/iter. Eval: 0.0004 s/iter. Total: 0.0354 s/iter. ETA=0:00:02
[08/05 13:23:40 d2.evaluation.evaluator]: Total inference time: 0:00:03.010210 (0.035836 s / iter per device, on 1 devices)
[08/05 13:23:40 d2.evaluation.evaluator]: Total inference pure compute time: 0:00:02 (0.034392 s / iter per device, on 1 devices)
[08/05 13:23:40 d2.evaluation.coco_evaluation]: Preparing results for COCO format ...
[08/05 13:23:40 d2.evaluation.coco_evaluation]: Saving results to ../../../../models/rgb-testing/AP-bug-fix-2-5000/coco_instances_results.json
[08/05 13:23:40 d2.evaluation.coco_evaluation]: Evaluating predictions with official COCO API...
Loading and preparing results...
DONE (t=0.00s)
creating index...
index created!
Running per image evaluation...
Evaluate annotation type *bbox*
DONE (t=0.01s).
Accumulating evaluation results...
DONE (t=0.01s).
 Average Precision  (AP) @[ IoU=0.50:0.95 | area=   all | maxDets=100 ] = 0.712
 Average Precision  (AP) @[ IoU=0.50      | area=   all | maxDets=100 ] = 0.943
 Average Precision  (AP) @[ IoU=0.75      | area=   all | maxDets=100 ] = 0.884
 Average Precision  (AP) @[ IoU=0.50:0.95 | area= small | maxDets=100 ] = -1.000
 Average Precision  (AP) @[ IoU=0.50:0.95 | area=medium | maxDets=100 ] = 0.536
 Average Precision  (AP) @[ IoU=0.50:0.95 | area= large | maxDets=100 ] = 0.736
 Average Recall     (AR) @[ IoU=0.50:0.95 | area=   all | maxDets=  1 ] = 0.760
 Average Recall     (AR) @[ IoU=0.50:0.95 | area=   all | maxDets= 10 ] = 0.760
 Average Recall     (AR) @[ IoU=0.50:0.95 | area=   all | maxDets=100 ] = 0.760
 Average Recall     (AR) @[ IoU=0.50:0.95 | area= small | maxDets=100 ] = -1.000
 Average Recall     (AR) @[ IoU=0.50:0.95 | area=medium | maxDets=100 ] = 0.550
 Average Recall     (AR) @[ IoU=0.50:0.95 | area= large | maxDets=100 ] = 0.786
[08/05 13:23:40 d2.evaluation.coco_evaluation]: Evaluation results for bbox: 
|   AP   |  AP50  |  AP75  |  APs  |  APm   |  APl   |
|:------:|:------:|:------:|:-----:|:------:|:------:|
| 71.241 | 94.348 | 88.380 |  nan  | 53.610 | 73.553 |
[08/05 13:23:40 d2.evaluation.coco_evaluation]: Some metrics cannot be computed and is shown as NaN.
Loading and preparing results...
DONE (t=0.00s)
creating index...
index created!
Running per image evaluation...
Evaluate annotation type *segm*
DONE (t=0.02s).
Accumulating evaluation results...
DONE (t=0.01s).
 Average Precision  (AP) @[ IoU=0.50:0.95 | area=   all | maxDets=100 ] = 0.733
 Average Precision  (AP) @[ IoU=0.50      | area=   all | maxDets=100 ] = 0.943
 Average Precision  (AP) @[ IoU=0.75      | area=   all | maxDets=100 ] = 0.875
 Average Precision  (AP) @[ IoU=0.50:0.95 | area= small | maxDets=100 ] = -1.000
 Average Precision  (AP) @[ IoU=0.50:0.95 | area=medium | maxDets=100 ] = 0.579
 Average Precision  (AP) @[ IoU=0.50:0.95 | area= large | maxDets=100 ] = 0.753
 Average Recall     (AR) @[ IoU=0.50:0.95 | area=   all | maxDets=  1 ] = 0.773
 Average Recall     (AR) @[ IoU=0.50:0.95 | area=   all | maxDets= 10 ] = 0.773
 Average Recall     (AR) @[ IoU=0.50:0.95 | area=   all | maxDets=100 ] = 0.773
 Average Recall     (AR) @[ IoU=0.50:0.95 | area= small | maxDets=100 ] = -1.000
 Average Recall     (AR) @[ IoU=0.50:0.95 | area=medium | maxDets=100 ] = 0.590
 Average Recall     (AR) @[ IoU=0.50:0.95 | area= large | maxDets=100 ] = 0.796
[08/05 13:23:40 d2.evaluation.coco_evaluation]: Evaluation results for segm: 
|   AP   |  AP50  |  AP75  |  APs  |  APm   |  APl   |
|:------:|:------:|:------:|:-----:|:------:|:------:|
| 73.293 | 94.348 | 87.458 |  nan  | 57.859 | 75.261 |
[08/05 13:23:40 d2.evaluation.coco_evaluation]: Some metrics cannot be computed and is shown as NaN.
[Iter 2 AP] → mAP@[.5:.95] = 73.293
[08/05 13:23:42 d2.utils.events]:  eta: 0:06:42  iter: 1819  total_loss: 0.2257  loss_cls: 0.02238  loss_box_reg: 0.06285  loss_mask: 0.1378  loss_rpn_cls: 4.142e-06  loss_rpn_loc: 0.002078    time: 0.1261  last_time: 0.1283  data_time: 0.0027  last_data_time: 0.0038   lr: 0.0005  max_mem: 1681M
[08/05 13:23:45 d2.utils.events]:  eta: 0:06:39  iter: 1839  total_loss: 0.1681  loss_cls: 0.01795  loss_box_reg: 0.04479  loss_mask: 0.1017  loss_rpn_cls: 1.356e-05  loss_rpn_loc: 0.002795    time: 0.1261  last_time: 0.1257  data_time: 0.0026  last_data_time: 0.0025   lr: 0.0005  max_mem: 1681M
[08/05 13:23:47 d2.utils.events]:  eta: 0:06:37  iter: 1859  total_loss: 0.1818  loss_cls: 0.01878  loss_box_reg: 0.04829  loss_mask: 0.1108  loss_rpn_cls: 2.997e-06  loss_rpn_loc: 0.002011    time: 0.1261  last_time: 0.1365  data_time: 0.0024  last_data_time: 0.0024   lr: 0.0005  max_mem: 1681M
[08/05 13:23:50 d2.utils.events]:  eta: 0:06:34  iter: 1879  total_loss: 0.1886  loss_cls: 0.01738  loss_box_reg: 0.04836  loss_mask: 0.1192  loss_rpn_cls: 2.029e-06  loss_rpn_loc: 0.002322    time: 0.1261  last_time: 0.1244  data_time: 0.0024  last_data_time: 0.0024   lr: 0.0005  max_mem: 1681M
[08/05 13:23:53 d2.utils.events]:  eta: 0:06:32  iter: 1899  total_loss: 0.2009  loss_cls: 0.02046  loss_box_reg: 0.05821  loss_mask: 0.1285  loss_rpn_cls: 1.57e-05  loss_rpn_loc: 0.002148    time: 0.1261  last_time: 0.1341  data_time: 0.0024  last_data_time: 0.0022   lr: 0.0005  max_mem: 1681M
[08/05 13:23:53 d2.evaluation.coco_evaluation]: Fast COCO eval is not built. Falling back to official COCO eval.
[08/05 13:23:53 d2.data.datasets.coco]: Loaded 89 images in COCO format from /projects/PUCHALLA/LLP2024/tumor-segmentation/data/processed_data/rgb/test/images/test.json
[08/05 13:23:53 d2.data.dataset_mapper]: [DatasetMapper] Augmentations used in inference: [ResizeShortestEdge(short_edge_length=(800, 800), max_size=1333, sample_style='choice')]
[08/05 13:23:53 d2.data.common]: Serializing the dataset using: <class 'detectron2.data.common._TorchSerializedList'>
[08/05 13:23:53 d2.data.common]: Serializing 89 elements to byte tensors and concatenating them all ...
[08/05 13:23:53 d2.data.common]: Serialized dataset takes 0.07 MiB
[08/05 13:23:53 d2.evaluation.evaluator]: Start inference on 89 batches
[08/05 13:23:53 d2.evaluation.evaluator]: Inference done 11/89. Dataloading: 0.0006 s/iter. Inference: 0.0349 s/iter. Eval: 0.0004 s/iter. Total: 0.0359 s/iter. ETA=0:00:02
[08/05 13:23:56 d2.evaluation.evaluator]: Total inference time: 0:00:03.003122 (0.035751 s / iter per device, on 1 devices)
[08/05 13:23:56 d2.evaluation.evaluator]: Total inference pure compute time: 0:00:02 (0.034300 s / iter per device, on 1 devices)
[08/05 13:23:56 d2.evaluation.coco_evaluation]: Preparing results for COCO format ...
[08/05 13:23:56 d2.evaluation.coco_evaluation]: Saving results to ../../../../models/rgb-testing/AP-bug-fix-2-5000/coco_instances_results.json
[08/05 13:23:56 d2.evaluation.coco_evaluation]: Evaluating predictions with official COCO API...
Loading and preparing results...
DONE (t=0.00s)
creating index...
index created!
Running per image evaluation...
Evaluate annotation type *bbox*
DONE (t=0.02s).
Accumulating evaluation results...
DONE (t=0.01s).
 Average Precision  (AP) @[ IoU=0.50:0.95 | area=   all | maxDets=100 ] = 0.725
 Average Precision  (AP) @[ IoU=0.50      | area=   all | maxDets=100 ] = 0.949
 Average Precision  (AP) @[ IoU=0.75      | area=   all | maxDets=100 ] = 0.909
 Average Precision  (AP) @[ IoU=0.50:0.95 | area= small | maxDets=100 ] = -1.000
 Average Precision  (AP) @[ IoU=0.50:0.95 | area=medium | maxDets=100 ] = 0.632
 Average Precision  (AP) @[ IoU=0.50:0.95 | area= large | maxDets=100 ] = 0.741
 Average Recall     (AR) @[ IoU=0.50:0.95 | area=   all | maxDets=  1 ] = 0.774
 Average Recall     (AR) @[ IoU=0.50:0.95 | area=   all | maxDets= 10 ] = 0.780
 Average Recall     (AR) @[ IoU=0.50:0.95 | area=   all | maxDets=100 ] = 0.780
 Average Recall     (AR) @[ IoU=0.50:0.95 | area= small | maxDets=100 ] = -1.000
 Average Recall     (AR) @[ IoU=0.50:0.95 | area=medium | maxDets=100 ] = 0.630
 Average Recall     (AR) @[ IoU=0.50:0.95 | area= large | maxDets=100 ] = 0.799
[08/05 13:23:56 d2.evaluation.coco_evaluation]: Evaluation results for bbox: 
|   AP   |  AP50  |  AP75  |  APs  |  APm   |  APl   |
|:------:|:------:|:------:|:-----:|:------:|:------:|
| 72.458 | 94.898 | 90.914 |  nan  | 63.168 | 74.095 |
[08/05 13:23:56 d2.evaluation.coco_evaluation]: Some metrics cannot be computed and is shown as NaN.
Loading and preparing results...
DONE (t=0.00s)
creating index...
index created!
Running per image evaluation...
Evaluate annotation type *segm*
DONE (t=0.02s).
Accumulating evaluation results...
DONE (t=0.01s).
 Average Precision  (AP) @[ IoU=0.50:0.95 | area=   all | maxDets=100 ] = 0.743
 Average Precision  (AP) @[ IoU=0.50      | area=   all | maxDets=100 ] = 0.949
 Average Precision  (AP) @[ IoU=0.75      | area=   all | maxDets=100 ] = 0.919
 Average Precision  (AP) @[ IoU=0.50:0.95 | area= small | maxDets=100 ] = -1.000
 Average Precision  (AP) @[ IoU=0.50:0.95 | area=medium | maxDets=100 ] = 0.661
 Average Precision  (AP) @[ IoU=0.50:0.95 | area= large | maxDets=100 ] = 0.757
 Average Recall     (AR) @[ IoU=0.50:0.95 | area=   all | maxDets=  1 ] = 0.784
 Average Recall     (AR) @[ IoU=0.50:0.95 | area=   all | maxDets= 10 ] = 0.791
 Average Recall     (AR) @[ IoU=0.50:0.95 | area=   all | maxDets=100 ] = 0.791
 Average Recall     (AR) @[ IoU=0.50:0.95 | area= small | maxDets=100 ] = -1.000
 Average Recall     (AR) @[ IoU=0.50:0.95 | area=medium | maxDets=100 ] = 0.670
 Average Recall     (AR) @[ IoU=0.50:0.95 | area= large | maxDets=100 ] = 0.806
[08/05 13:23:56 d2.evaluation.coco_evaluation]: Evaluation results for segm: 
|   AP   |  AP50  |  AP75  |  APs  |  APm   |  APl   |
|:------:|:------:|:------:|:-----:|:------:|:------:|
| 74.336 | 94.898 | 91.871 |  nan  | 66.092 | 75.729 |
[08/05 13:23:56 d2.evaluation.coco_evaluation]: Some metrics cannot be computed and is shown as NaN.
[Iter 2 AP] → mAP@[.5:.95] = 74.336
[08/05 13:23:58 d2.utils.events]:  eta: 0:06:29  iter: 1919  total_loss: 0.1993  loss_cls: 0.02033  loss_box_reg: 0.05347  loss_mask: 0.1266  loss_rpn_cls: 2.22e-05  loss_rpn_loc: 0.002527    time: 0.1261  last_time: 0.1238  data_time: 0.0024  last_data_time: 0.0023   lr: 0.0005  max_mem: 1681M
[08/05 13:24:01 d2.utils.events]:  eta: 0:06:27  iter: 1939  total_loss: 0.1772  loss_cls: 0.0199  loss_box_reg: 0.04123  loss_mask: 0.1105  loss_rpn_cls: 3.217e-06  loss_rpn_loc: 0.002245    time: 0.1261  last_time: 0.1335  data_time: 0.0024  last_data_time: 0.0023   lr: 0.0005  max_mem: 1681M
[08/05 13:24:03 d2.utils.events]:  eta: 0:06:24  iter: 1959  total_loss: 0.2009  loss_cls: 0.01923  loss_box_reg: 0.04905  loss_mask: 0.1224  loss_rpn_cls: 6.482e-06  loss_rpn_loc: 0.002605    time: 0.1261  last_time: 0.1248  data_time: 0.0025  last_data_time: 0.0026   lr: 0.0005  max_mem: 1681M
[08/05 13:24:06 d2.utils.events]:  eta: 0:06:22  iter: 1979  total_loss: 0.1871  loss_cls: 0.01978  loss_box_reg: 0.04761  loss_mask: 0.1174  loss_rpn_cls: 2.523e-06  loss_rpn_loc: 0.002057    time: 0.1261  last_time: 0.1364  data_time: 0.0025  last_data_time: 0.0024   lr: 0.0005  max_mem: 1681M
[08/05 13:24:09 d2.utils.events]:  eta: 0:06:19  iter: 1999  total_loss: 0.1864  loss_cls: 0.01953  loss_box_reg: 0.05376  loss_mask: 0.1203  loss_rpn_cls: 8.407e-06  loss_rpn_loc: 0.002316    time: 0.1261  last_time: 0.1278  data_time: 0.0027  last_data_time: 0.0025   lr: 0.0005  max_mem: 1681M
[08/05 13:24:09 d2.evaluation.coco_evaluation]: Fast COCO eval is not built. Falling back to official COCO eval.
[08/05 13:24:09 d2.data.datasets.coco]: Loaded 89 images in COCO format from /projects/PUCHALLA/LLP2024/tumor-segmentation/data/processed_data/rgb/test/images/test.json
[08/05 13:24:09 d2.data.dataset_mapper]: [DatasetMapper] Augmentations used in inference: [ResizeShortestEdge(short_edge_length=(800, 800), max_size=1333, sample_style='choice')]
[08/05 13:24:09 d2.data.common]: Serializing the dataset using: <class 'detectron2.data.common._TorchSerializedList'>
[08/05 13:24:09 d2.data.common]: Serializing 89 elements to byte tensors and concatenating them all ...
[08/05 13:24:09 d2.data.common]: Serialized dataset takes 0.07 MiB
[08/05 13:24:09 d2.evaluation.evaluator]: Start inference on 89 batches
[08/05 13:24:09 d2.evaluation.evaluator]: Inference done 11/89. Dataloading: 0.0006 s/iter. Inference: 0.0341 s/iter. Eval: 0.0004 s/iter. Total: 0.0351 s/iter. ETA=0:00:02
[08/05 13:24:12 d2.evaluation.evaluator]: Total inference time: 0:00:03.005923 (0.035785 s / iter per device, on 1 devices)
[08/05 13:24:12 d2.evaluation.evaluator]: Total inference pure compute time: 0:00:02 (0.034350 s / iter per device, on 1 devices)
[08/05 13:24:12 d2.evaluation.coco_evaluation]: Preparing results for COCO format ...
[08/05 13:24:12 d2.evaluation.coco_evaluation]: Saving results to ../../../../models/rgb-testing/AP-bug-fix-2-5000/coco_instances_results.json
[08/05 13:24:12 d2.evaluation.coco_evaluation]: Evaluating predictions with official COCO API...
Loading and preparing results...
DONE (t=0.00s)
creating index...
index created!
Running per image evaluation...
Evaluate annotation type *bbox*
DONE (t=0.01s).
Accumulating evaluation results...
DONE (t=0.01s).
 Average Precision  (AP) @[ IoU=0.50:0.95 | area=   all | maxDets=100 ] = 0.677
 Average Precision  (AP) @[ IoU=0.50      | area=   all | maxDets=100 ] = 0.939
 Average Precision  (AP) @[ IoU=0.75      | area=   all | maxDets=100 ] = 0.859
 Average Precision  (AP) @[ IoU=0.50:0.95 | area= small | maxDets=100 ] = -1.000
 Average Precision  (AP) @[ IoU=0.50:0.95 | area=medium | maxDets=100 ] = 0.580
 Average Precision  (AP) @[ IoU=0.50:0.95 | area= large | maxDets=100 ] = 0.696
 Average Recall     (AR) @[ IoU=0.50:0.95 | area=   all | maxDets=  1 ] = 0.727
 Average Recall     (AR) @[ IoU=0.50:0.95 | area=   all | maxDets= 10 ] = 0.733
 Average Recall     (AR) @[ IoU=0.50:0.95 | area=   all | maxDets=100 ] = 0.733
 Average Recall     (AR) @[ IoU=0.50:0.95 | area= small | maxDets=100 ] = -1.000
 Average Recall     (AR) @[ IoU=0.50:0.95 | area=medium | maxDets=100 ] = 0.580
 Average Recall     (AR) @[ IoU=0.50:0.95 | area= large | maxDets=100 ] = 0.752
[08/05 13:24:12 d2.evaluation.coco_evaluation]: Evaluation results for bbox: 
|   AP   |  AP50  |  AP75  |  APs  |  APm   |  APl   |
|:------:|:------:|:------:|:-----:|:------:|:------:|
| 67.732 | 93.913 | 85.888 |  nan  | 57.977 | 69.552 |
[08/05 13:24:12 d2.evaluation.coco_evaluation]: Some metrics cannot be computed and is shown as NaN.
Loading and preparing results...
DONE (t=0.00s)
creating index...
index created!
Running per image evaluation...
Evaluate annotation type *segm*
DONE (t=0.02s).
Accumulating evaluation results...
DONE (t=0.01s).
 Average Precision  (AP) @[ IoU=0.50:0.95 | area=   all | maxDets=100 ] = 0.715
 Average Precision  (AP) @[ IoU=0.50      | area=   all | maxDets=100 ] = 0.939
 Average Precision  (AP) @[ IoU=0.75      | area=   all | maxDets=100 ] = 0.907
 Average Precision  (AP) @[ IoU=0.50:0.95 | area= small | maxDets=100 ] = -1.000
 Average Precision  (AP) @[ IoU=0.50:0.95 | area=medium | maxDets=100 ] = 0.547
 Average Precision  (AP) @[ IoU=0.50:0.95 | area= large | maxDets=100 ] = 0.738
 Average Recall     (AR) @[ IoU=0.50:0.95 | area=   all | maxDets=  1 ] = 0.753
 Average Recall     (AR) @[ IoU=0.50:0.95 | area=   all | maxDets= 10 ] = 0.760
 Average Recall     (AR) @[ IoU=0.50:0.95 | area=   all | maxDets=100 ] = 0.760
 Average Recall     (AR) @[ IoU=0.50:0.95 | area= small | maxDets=100 ] = -1.000
 Average Recall     (AR) @[ IoU=0.50:0.95 | area=medium | maxDets=100 ] = 0.570
 Average Recall     (AR) @[ IoU=0.50:0.95 | area= large | maxDets=100 ] = 0.784
[08/05 13:24:12 d2.evaluation.coco_evaluation]: Evaluation results for segm: 
|   AP   |  AP50  |  AP75  |  APs  |  APm   |  APl   |
|:------:|:------:|:------:|:-----:|:------:|:------:|
| 71.480 | 93.913 | 90.695 |  nan  | 54.678 | 73.781 |
[08/05 13:24:12 d2.evaluation.coco_evaluation]: Some metrics cannot be computed and is shown as NaN.
[Iter 2 AP] → mAP@[.5:.95] = 71.480
[08/05 13:24:14 d2.utils.events]:  eta: 0:06:16  iter: 2019  total_loss: 0.2045  loss_cls: 0.01818  loss_box_reg: 0.05121  loss_mask: 0.1298  loss_rpn_cls: 4.182e-06  loss_rpn_loc: 0.002573    time: 0.1261  last_time: 0.1091  data_time: 0.0027  last_data_time: 0.0024   lr: 0.0005  max_mem: 1681M
[08/05 13:24:17 d2.utils.events]:  eta: 0:06:14  iter: 2039  total_loss: 0.1518  loss_cls: 0.0168  loss_box_reg: 0.03636  loss_mask: 0.09844  loss_rpn_cls: 6.907e-06  loss_rpn_loc: 0.002198    time: 0.1261  last_time: 0.1163  data_time: 0.0026  last_data_time: 0.0024   lr: 0.0005  max_mem: 1681M
[08/05 13:24:19 d2.utils.events]:  eta: 0:06:11  iter: 2059  total_loss: 0.1729  loss_cls: 0.01902  loss_box_reg: 0.0437  loss_mask: 0.104  loss_rpn_cls: 1.833e-05  loss_rpn_loc: 0.002837    time: 0.1261  last_time: 0.1178  data_time: 0.0026  last_data_time: 0.0024   lr: 0.0005  max_mem: 1681M
[08/05 13:24:22 d2.utils.events]:  eta: 0:06:09  iter: 2079  total_loss: 0.1755  loss_cls: 0.01788  loss_box_reg: 0.04568  loss_mask: 0.1079  loss_rpn_cls: 1.048e-05  loss_rpn_loc: 0.002213    time: 0.1261  last_time: 0.1209  data_time: 0.0025  last_data_time: 0.0025   lr: 0.0005  max_mem: 1681M
[08/05 13:24:25 d2.utils.events]:  eta: 0:06:06  iter: 2099  total_loss: 0.1787  loss_cls: 0.01863  loss_box_reg: 0.04855  loss_mask: 0.1106  loss_rpn_cls: 7.911e-06  loss_rpn_loc: 0.002085    time: 0.1261  last_time: 0.1271  data_time: 0.0025  last_data_time: 0.0023   lr: 0.0005  max_mem: 1681M
[08/05 13:24:25 d2.evaluation.coco_evaluation]: Fast COCO eval is not built. Falling back to official COCO eval.
[08/05 13:24:25 d2.data.datasets.coco]: Loaded 89 images in COCO format from /projects/PUCHALLA/LLP2024/tumor-segmentation/data/processed_data/rgb/test/images/test.json
[08/05 13:24:25 d2.data.dataset_mapper]: [DatasetMapper] Augmentations used in inference: [ResizeShortestEdge(short_edge_length=(800, 800), max_size=1333, sample_style='choice')]
[08/05 13:24:25 d2.data.common]: Serializing the dataset using: <class 'detectron2.data.common._TorchSerializedList'>
[08/05 13:24:25 d2.data.common]: Serializing 89 elements to byte tensors and concatenating them all ...
[08/05 13:24:25 d2.data.common]: Serialized dataset takes 0.07 MiB
[08/05 13:24:25 d2.evaluation.evaluator]: Start inference on 89 batches
[08/05 13:24:25 d2.evaluation.evaluator]: Inference done 11/89. Dataloading: 0.0007 s/iter. Inference: 0.0345 s/iter. Eval: 0.0004 s/iter. Total: 0.0356 s/iter. ETA=0:00:02
[08/05 13:24:28 d2.evaluation.evaluator]: Total inference time: 0:00:03.031520 (0.036090 s / iter per device, on 1 devices)
[08/05 13:24:28 d2.evaluation.evaluator]: Total inference pure compute time: 0:00:02 (0.034628 s / iter per device, on 1 devices)
[08/05 13:24:28 d2.evaluation.coco_evaluation]: Preparing results for COCO format ...
[08/05 13:24:28 d2.evaluation.coco_evaluation]: Saving results to ../../../../models/rgb-testing/AP-bug-fix-2-5000/coco_instances_results.json
[08/05 13:24:28 d2.evaluation.coco_evaluation]: Evaluating predictions with official COCO API...
Loading and preparing results...
DONE (t=0.00s)
creating index...
index created!
Running per image evaluation...
Evaluate annotation type *bbox*
DONE (t=0.02s).
Accumulating evaluation results...
DONE (t=0.01s).
 Average Precision  (AP) @[ IoU=0.50:0.95 | area=   all | maxDets=100 ] = 0.717
 Average Precision  (AP) @[ IoU=0.50      | area=   all | maxDets=100 ] = 0.948
 Average Precision  (AP) @[ IoU=0.75      | area=   all | maxDets=100 ] = 0.915
 Average Precision  (AP) @[ IoU=0.50:0.95 | area= small | maxDets=100 ] = -1.000
 Average Precision  (AP) @[ IoU=0.50:0.95 | area=medium | maxDets=100 ] = 0.513
 Average Precision  (AP) @[ IoU=0.50:0.95 | area= large | maxDets=100 ] = 0.741
 Average Recall     (AR) @[ IoU=0.50:0.95 | area=   all | maxDets=  1 ] = 0.771
 Average Recall     (AR) @[ IoU=0.50:0.95 | area=   all | maxDets= 10 ] = 0.774
 Average Recall     (AR) @[ IoU=0.50:0.95 | area=   all | maxDets=100 ] = 0.774
 Average Recall     (AR) @[ IoU=0.50:0.95 | area= small | maxDets=100 ] = -1.000
 Average Recall     (AR) @[ IoU=0.50:0.95 | area=medium | maxDets=100 ] = 0.550
 Average Recall     (AR) @[ IoU=0.50:0.95 | area= large | maxDets=100 ] = 0.803
[08/05 13:24:28 d2.evaluation.coco_evaluation]: Evaluation results for bbox: 
|   AP   |  AP50  |  AP75  |  APs  |  APm   |  APl   |
|:------:|:------:|:------:|:-----:|:------:|:------:|
| 71.676 | 94.834 | 91.538 |  nan  | 51.332 | 74.114 |
[08/05 13:24:28 d2.evaluation.coco_evaluation]: Some metrics cannot be computed and is shown as NaN.
Loading and preparing results...
DONE (t=0.00s)
creating index...
index created!
Running per image evaluation...
Evaluate annotation type *segm*
DONE (t=0.02s).
Accumulating evaluation results...
DONE (t=0.01s).
 Average Precision  (AP) @[ IoU=0.50:0.95 | area=   all | maxDets=100 ] = 0.743
 Average Precision  (AP) @[ IoU=0.50      | area=   all | maxDets=100 ] = 0.948
 Average Precision  (AP) @[ IoU=0.75      | area=   all | maxDets=100 ] = 0.905
 Average Precision  (AP) @[ IoU=0.50:0.95 | area= small | maxDets=100 ] = -1.000
 Average Precision  (AP) @[ IoU=0.50:0.95 | area=medium | maxDets=100 ] = 0.553
 Average Precision  (AP) @[ IoU=0.50:0.95 | area= large | maxDets=100 ] = 0.766
 Average Recall     (AR) @[ IoU=0.50:0.95 | area=   all | maxDets=  1 ] = 0.788
 Average Recall     (AR) @[ IoU=0.50:0.95 | area=   all | maxDets= 10 ] = 0.791
 Average Recall     (AR) @[ IoU=0.50:0.95 | area=   all | maxDets=100 ] = 0.791
 Average Recall     (AR) @[ IoU=0.50:0.95 | area= small | maxDets=100 ] = -1.000
 Average Recall     (AR) @[ IoU=0.50:0.95 | area=medium | maxDets=100 ] = 0.590
 Average Recall     (AR) @[ IoU=0.50:0.95 | area= large | maxDets=100 ] = 0.816
[08/05 13:24:28 d2.evaluation.coco_evaluation]: Evaluation results for segm: 
|   AP   |  AP50  |  AP75  |  APs  |  APm   |  APl   |
|:------:|:------:|:------:|:-----:|:------:|:------:|
| 74.335 | 94.834 | 90.545 |  nan  | 55.326 | 76.641 |
[08/05 13:24:28 d2.evaluation.coco_evaluation]: Some metrics cannot be computed and is shown as NaN.
[Iter 2 AP] → mAP@[.5:.95] = 74.335
[08/05 13:24:30 d2.utils.events]:  eta: 0:06:04  iter: 2119  total_loss: 0.1712  loss_cls: 0.02208  loss_box_reg: 0.0448  loss_mask: 0.1055  loss_rpn_cls: 2.91e-06  loss_rpn_loc: 0.001956    time: 0.1261  last_time: 0.1353  data_time: 0.0026  last_data_time: 0.0024   lr: 0.0005  max_mem: 1681M
[08/05 13:24:33 d2.utils.events]:  eta: 0:06:01  iter: 2139  total_loss: 0.1875  loss_cls: 0.01973  loss_box_reg: 0.04847  loss_mask: 0.1177  loss_rpn_cls: 1.066e-05  loss_rpn_loc: 0.002463    time: 0.1261  last_time: 0.1260  data_time: 0.0027  last_data_time: 0.0025   lr: 0.0005  max_mem: 1681M
[08/05 13:24:36 d2.utils.events]:  eta: 0:05:59  iter: 2159  total_loss: 0.1815  loss_cls: 0.01963  loss_box_reg: 0.0532  loss_mask: 0.1131  loss_rpn_cls: 1.514e-06  loss_rpn_loc: 0.001849    time: 0.1261  last_time: 0.1230  data_time: 0.0025  last_data_time: 0.0023   lr: 0.0005  max_mem: 1681M
[08/05 13:24:38 d2.utils.events]:  eta: 0:05:56  iter: 2179  total_loss: 0.2061  loss_cls: 0.02235  loss_box_reg: 0.04945  loss_mask: 0.1286  loss_rpn_cls: 4.559e-06  loss_rpn_loc: 0.002171    time: 0.1261  last_time: 0.1330  data_time: 0.0025  last_data_time: 0.0024   lr: 0.0005  max_mem: 1681M
[08/05 13:24:41 d2.utils.events]:  eta: 0:05:54  iter: 2199  total_loss: 0.1721  loss_cls: 0.01835  loss_box_reg: 0.04101  loss_mask: 0.1081  loss_rpn_cls: 7.549e-06  loss_rpn_loc: 0.001915    time: 0.1261  last_time: 0.1289  data_time: 0.0028  last_data_time: 0.0038   lr: 0.0005  max_mem: 1681M
[08/05 13:24:41 d2.evaluation.coco_evaluation]: Fast COCO eval is not built. Falling back to official COCO eval.
[08/05 13:24:41 d2.data.datasets.coco]: Loaded 89 images in COCO format from /projects/PUCHALLA/LLP2024/tumor-segmentation/data/processed_data/rgb/test/images/test.json
[08/05 13:24:41 d2.data.dataset_mapper]: [DatasetMapper] Augmentations used in inference: [ResizeShortestEdge(short_edge_length=(800, 800), max_size=1333, sample_style='choice')]
[08/05 13:24:41 d2.data.common]: Serializing the dataset using: <class 'detectron2.data.common._TorchSerializedList'>
[08/05 13:24:41 d2.data.common]: Serializing 89 elements to byte tensors and concatenating them all ...
[08/05 13:24:41 d2.data.common]: Serialized dataset takes 0.07 MiB
[08/05 13:24:41 d2.evaluation.evaluator]: Start inference on 89 batches
[08/05 13:24:41 d2.evaluation.evaluator]: Inference done 11/89. Dataloading: 0.0006 s/iter. Inference: 0.0346 s/iter. Eval: 0.0004 s/iter. Total: 0.0357 s/iter. ETA=0:00:02
[08/05 13:24:44 d2.evaluation.evaluator]: Total inference time: 0:00:03.034830 (0.036129 s / iter per device, on 1 devices)
[08/05 13:24:44 d2.evaluation.evaluator]: Total inference pure compute time: 0:00:02 (0.034659 s / iter per device, on 1 devices)
[08/05 13:24:44 d2.evaluation.coco_evaluation]: Preparing results for COCO format ...
[08/05 13:24:44 d2.evaluation.coco_evaluation]: Saving results to ../../../../models/rgb-testing/AP-bug-fix-2-5000/coco_instances_results.json
[08/05 13:24:44 d2.evaluation.coco_evaluation]: Evaluating predictions with official COCO API...
Loading and preparing results...
DONE (t=0.00s)
creating index...
index created!
Running per image evaluation...
Evaluate annotation type *bbox*
DONE (t=0.01s).
Accumulating evaluation results...
DONE (t=0.01s).
 Average Precision  (AP) @[ IoU=0.50:0.95 | area=   all | maxDets=100 ] = 0.736
 Average Precision  (AP) @[ IoU=0.50      | area=   all | maxDets=100 ] = 0.943
 Average Precision  (AP) @[ IoU=0.75      | area=   all | maxDets=100 ] = 0.882
 Average Precision  (AP) @[ IoU=0.50:0.95 | area= small | maxDets=100 ] = -1.000
 Average Precision  (AP) @[ IoU=0.50:0.95 | area=medium | maxDets=100 ] = 0.571
 Average Precision  (AP) @[ IoU=0.50:0.95 | area= large | maxDets=100 ] = 0.761
 Average Recall     (AR) @[ IoU=0.50:0.95 | area=   all | maxDets=  1 ] = 0.776
 Average Recall     (AR) @[ IoU=0.50:0.95 | area=   all | maxDets= 10 ] = 0.781
 Average Recall     (AR) @[ IoU=0.50:0.95 | area=   all | maxDets=100 ] = 0.781
 Average Recall     (AR) @[ IoU=0.50:0.95 | area= small | maxDets=100 ] = -1.000
 Average Recall     (AR) @[ IoU=0.50:0.95 | area=medium | maxDets=100 ] = 0.570
 Average Recall     (AR) @[ IoU=0.50:0.95 | area= large | maxDets=100 ] = 0.808
[08/05 13:24:44 d2.evaluation.coco_evaluation]: Evaluation results for bbox: 
|   AP   |  AP50  |  AP75  |  APs  |  APm   |  APl   |
|:------:|:------:|:------:|:-----:|:------:|:------:|
| 73.647 | 94.318 | 88.225 |  nan  | 57.129 | 76.087 |
[08/05 13:24:44 d2.evaluation.coco_evaluation]: Some metrics cannot be computed and is shown as NaN.
Loading and preparing results...
DONE (t=0.00s)
creating index...
index created!
Running per image evaluation...
Evaluate annotation type *segm*
DONE (t=0.02s).
Accumulating evaluation results...
DONE (t=0.01s).
 Average Precision  (AP) @[ IoU=0.50:0.95 | area=   all | maxDets=100 ] = 0.745
 Average Precision  (AP) @[ IoU=0.50      | area=   all | maxDets=100 ] = 0.943
 Average Precision  (AP) @[ IoU=0.75      | area=   all | maxDets=100 ] = 0.903
 Average Precision  (AP) @[ IoU=0.50:0.95 | area= small | maxDets=100 ] = -1.000
 Average Precision  (AP) @[ IoU=0.50:0.95 | area=medium | maxDets=100 ] = 0.552
 Average Precision  (AP) @[ IoU=0.50:0.95 | area= large | maxDets=100 ] = 0.769
 Average Recall     (AR) @[ IoU=0.50:0.95 | area=   all | maxDets=  1 ] = 0.779
 Average Recall     (AR) @[ IoU=0.50:0.95 | area=   all | maxDets= 10 ] = 0.781
 Average Recall     (AR) @[ IoU=0.50:0.95 | area=   all | maxDets=100 ] = 0.781
 Average Recall     (AR) @[ IoU=0.50:0.95 | area= small | maxDets=100 ] = -1.000
 Average Recall     (AR) @[ IoU=0.50:0.95 | area=medium | maxDets=100 ] = 0.570
 Average Recall     (AR) @[ IoU=0.50:0.95 | area= large | maxDets=100 ] = 0.808
[08/05 13:24:44 d2.evaluation.coco_evaluation]: Evaluation results for segm: 
|   AP   |  AP50  |  AP75  |  APs  |  APm   |  APl   |
|:------:|:------:|:------:|:-----:|:------:|:------:|
| 74.535 | 94.318 | 90.300 |  nan  | 55.170 | 76.858 |
[08/05 13:24:44 d2.evaluation.coco_evaluation]: Some metrics cannot be computed and is shown as NaN.
[Iter 2 AP] → mAP@[.5:.95] = 74.535
[08/05 13:24:46 d2.utils.events]:  eta: 0:05:51  iter: 2219  total_loss: 0.1708  loss_cls: 0.01935  loss_box_reg: 0.04398  loss_mask: 0.1113  loss_rpn_cls: 5.476e-06  loss_rpn_loc: 0.002278    time: 0.1261  last_time: 0.1336  data_time: 0.0026  last_data_time: 0.0023   lr: 0.0005  max_mem: 1681M
[08/05 13:24:49 d2.utils.events]:  eta: 0:05:49  iter: 2239  total_loss: 0.1852  loss_cls: 0.01872  loss_box_reg: 0.04276  loss_mask: 0.1182  loss_rpn_cls: 6.092e-06  loss_rpn_loc: 0.002048    time: 0.1262  last_time: 0.1354  data_time: 0.0026  last_data_time: 0.0024   lr: 0.0005  max_mem: 1681M
[08/05 13:24:52 d2.utils.events]:  eta: 0:05:46  iter: 2259  total_loss: 0.1772  loss_cls: 0.0178  loss_box_reg: 0.04566  loss_mask: 0.1158  loss_rpn_cls: 1.025e-05  loss_rpn_loc: 0.002127    time: 0.1262  last_time: 0.1290  data_time: 0.0026  last_data_time: 0.0035   lr: 0.0005  max_mem: 1681M
[08/05 13:24:54 d2.utils.events]:  eta: 0:05:44  iter: 2279  total_loss: 0.1663  loss_cls: 0.01849  loss_box_reg: 0.04083  loss_mask: 0.116  loss_rpn_cls: 1.417e-05  loss_rpn_loc: 0.00254    time: 0.1262  last_time: 0.1365  data_time: 0.0027  last_data_time: 0.0024   lr: 0.0005  max_mem: 1681M
[08/05 13:24:57 d2.utils.events]:  eta: 0:05:42  iter: 2299  total_loss: 0.1929  loss_cls: 0.01877  loss_box_reg: 0.04447  loss_mask: 0.117  loss_rpn_cls: 5.426e-06  loss_rpn_loc: 0.002348    time: 0.1262  last_time: 0.1374  data_time: 0.0025  last_data_time: 0.0023   lr: 0.0005  max_mem: 1681M
[08/05 13:24:57 d2.evaluation.coco_evaluation]: Fast COCO eval is not built. Falling back to official COCO eval.
[08/05 13:24:57 d2.data.datasets.coco]: Loaded 89 images in COCO format from /projects/PUCHALLA/LLP2024/tumor-segmentation/data/processed_data/rgb/test/images/test.json
[08/05 13:24:57 d2.data.dataset_mapper]: [DatasetMapper] Augmentations used in inference: [ResizeShortestEdge(short_edge_length=(800, 800), max_size=1333, sample_style='choice')]
[08/05 13:24:57 d2.data.common]: Serializing the dataset using: <class 'detectron2.data.common._TorchSerializedList'>
[08/05 13:24:57 d2.data.common]: Serializing 89 elements to byte tensors and concatenating them all ...
[08/05 13:24:57 d2.data.common]: Serialized dataset takes 0.07 MiB
[08/05 13:24:57 d2.evaluation.evaluator]: Start inference on 89 batches
[08/05 13:24:57 d2.evaluation.evaluator]: Inference done 11/89. Dataloading: 0.0006 s/iter. Inference: 0.0355 s/iter. Eval: 0.0004 s/iter. Total: 0.0365 s/iter. ETA=0:00:02
[08/05 13:25:00 d2.evaluation.evaluator]: Total inference time: 0:00:02.927647 (0.034853 s / iter per device, on 1 devices)
[08/05 13:25:00 d2.evaluation.evaluator]: Total inference pure compute time: 0:00:02 (0.033368 s / iter per device, on 1 devices)
[08/05 13:25:00 d2.evaluation.coco_evaluation]: Preparing results for COCO format ...
[08/05 13:25:00 d2.evaluation.coco_evaluation]: Saving results to ../../../../models/rgb-testing/AP-bug-fix-2-5000/coco_instances_results.json
[08/05 13:25:00 d2.evaluation.coco_evaluation]: Evaluating predictions with official COCO API...
Loading and preparing results...
DONE (t=0.00s)
creating index...
index created!
Running per image evaluation...
Evaluate annotation type *bbox*
DONE (t=0.02s).
Accumulating evaluation results...
DONE (t=0.01s).
 Average Precision  (AP) @[ IoU=0.50:0.95 | area=   all | maxDets=100 ] = 0.716
 Average Precision  (AP) @[ IoU=0.50      | area=   all | maxDets=100 ] = 0.941
 Average Precision  (AP) @[ IoU=0.75      | area=   all | maxDets=100 ] = 0.902
 Average Precision  (AP) @[ IoU=0.50:0.95 | area= small | maxDets=100 ] = -1.000
 Average Precision  (AP) @[ IoU=0.50:0.95 | area=medium | maxDets=100 ] = 0.578
 Average Precision  (AP) @[ IoU=0.50:0.95 | area= large | maxDets=100 ] = 0.737
 Average Recall     (AR) @[ IoU=0.50:0.95 | area=   all | maxDets=  1 ] = 0.761
 Average Recall     (AR) @[ IoU=0.50:0.95 | area=   all | maxDets= 10 ] = 0.765
 Average Recall     (AR) @[ IoU=0.50:0.95 | area=   all | maxDets=100 ] = 0.765
 Average Recall     (AR) @[ IoU=0.50:0.95 | area= small | maxDets=100 ] = -1.000
 Average Recall     (AR) @[ IoU=0.50:0.95 | area=medium | maxDets=100 ] = 0.580
 Average Recall     (AR) @[ IoU=0.50:0.95 | area= large | maxDets=100 ] = 0.789
[08/05 13:25:00 d2.evaluation.coco_evaluation]: Evaluation results for bbox: 
|   AP   |  AP50  |  AP75  |  APs  |  APm   |  APl   |
|:------:|:------:|:------:|:-----:|:------:|:------:|
| 71.640 | 94.121 | 90.154 |  nan  | 57.799 | 73.747 |
[08/05 13:25:00 d2.evaluation.coco_evaluation]: Some metrics cannot be computed and is shown as NaN.
Loading and preparing results...
DONE (t=0.00s)
creating index...
index created!
Running per image evaluation...
Evaluate annotation type *segm*
DONE (t=0.02s).
Accumulating evaluation results...
DONE (t=0.01s).
 Average Precision  (AP) @[ IoU=0.50:0.95 | area=   all | maxDets=100 ] = 0.737
 Average Precision  (AP) @[ IoU=0.50      | area=   all | maxDets=100 ] = 0.941
 Average Precision  (AP) @[ IoU=0.75      | area=   all | maxDets=100 ] = 0.883
 Average Precision  (AP) @[ IoU=0.50:0.95 | area= small | maxDets=100 ] = -1.000
 Average Precision  (AP) @[ IoU=0.50:0.95 | area=medium | maxDets=100 ] = 0.587
 Average Precision  (AP) @[ IoU=0.50:0.95 | area= large | maxDets=100 ] = 0.757
 Average Recall     (AR) @[ IoU=0.50:0.95 | area=   all | maxDets=  1 ] = 0.771
 Average Recall     (AR) @[ IoU=0.50:0.95 | area=   all | maxDets= 10 ] = 0.775
 Average Recall     (AR) @[ IoU=0.50:0.95 | area=   all | maxDets=100 ] = 0.775
 Average Recall     (AR) @[ IoU=0.50:0.95 | area= small | maxDets=100 ] = -1.000
 Average Recall     (AR) @[ IoU=0.50:0.95 | area=medium | maxDets=100 ] = 0.590
 Average Recall     (AR) @[ IoU=0.50:0.95 | area= large | maxDets=100 ] = 0.799
[08/05 13:25:00 d2.evaluation.coco_evaluation]: Evaluation results for segm: 
|   AP   |  AP50  |  AP75  |  APs  |  APm   |  APl   |
|:------:|:------:|:------:|:-----:|:------:|:------:|
| 73.740 | 94.121 | 88.267 |  nan  | 58.694 | 75.745 |
[08/05 13:25:00 d2.evaluation.coco_evaluation]: Some metrics cannot be computed and is shown as NaN.
[Iter 2 AP] → mAP@[.5:.95] = 73.740
[08/05 13:25:03 d2.utils.events]:  eta: 0:05:39  iter: 2319  total_loss: 0.1941  loss_cls: 0.01989  loss_box_reg: 0.04481  loss_mask: 0.1262  loss_rpn_cls: 9.114e-06  loss_rpn_loc: 0.002162    time: 0.1262  last_time: 0.1238  data_time: 0.0025  last_data_time: 0.0024   lr: 0.0005  max_mem: 1681M
[08/05 13:25:05 d2.utils.events]:  eta: 0:05:37  iter: 2339  total_loss: 0.164  loss_cls: 0.01722  loss_box_reg: 0.04196  loss_mask: 0.1002  loss_rpn_cls: 1.162e-05  loss_rpn_loc: 0.00169    time: 0.1263  last_time: 0.1332  data_time: 0.0026  last_data_time: 0.0025   lr: 0.0005  max_mem: 1681M
[08/05 13:25:08 d2.utils.events]:  eta: 0:05:34  iter: 2359  total_loss: 0.1803  loss_cls: 0.0181  loss_box_reg: 0.04662  loss_mask: 0.1062  loss_rpn_cls: 1.499e-05  loss_rpn_loc: 0.002397    time: 0.1263  last_time: 0.1285  data_time: 0.0025  last_data_time: 0.0034   lr: 0.0005  max_mem: 1681M
[08/05 13:25:10 d2.utils.events]:  eta: 0:05:31  iter: 2379  total_loss: 0.1755  loss_cls: 0.01771  loss_box_reg: 0.04262  loss_mask: 0.1091  loss_rpn_cls: 3.02e-06  loss_rpn_loc: 0.001726    time: 0.1263  last_time: 0.1336  data_time: 0.0025  last_data_time: 0.0025   lr: 0.0005  max_mem: 1681M
[08/05 13:25:13 d2.utils.events]:  eta: 0:05:29  iter: 2399  total_loss: 0.1643  loss_cls: 0.01623  loss_box_reg: 0.04338  loss_mask: 0.1059  loss_rpn_cls: 3.967e-06  loss_rpn_loc: 0.001987    time: 0.1263  last_time: 0.1272  data_time: 0.0025  last_data_time: 0.0025   lr: 0.0005  max_mem: 1681M
[08/05 13:25:13 d2.evaluation.coco_evaluation]: Fast COCO eval is not built. Falling back to official COCO eval.
[08/05 13:25:13 d2.data.datasets.coco]: Loaded 89 images in COCO format from /projects/PUCHALLA/LLP2024/tumor-segmentation/data/processed_data/rgb/test/images/test.json
[08/05 13:25:13 d2.data.dataset_mapper]: [DatasetMapper] Augmentations used in inference: [ResizeShortestEdge(short_edge_length=(800, 800), max_size=1333, sample_style='choice')]
[08/05 13:25:13 d2.data.common]: Serializing the dataset using: <class 'detectron2.data.common._TorchSerializedList'>
[08/05 13:25:13 d2.data.common]: Serializing 89 elements to byte tensors and concatenating them all ...
[08/05 13:25:13 d2.data.common]: Serialized dataset takes 0.07 MiB
[08/05 13:25:13 d2.evaluation.evaluator]: Start inference on 89 batches
[08/05 13:25:13 d2.evaluation.evaluator]: Inference done 11/89. Dataloading: 0.0007 s/iter. Inference: 0.0350 s/iter. Eval: 0.0004 s/iter. Total: 0.0361 s/iter. ETA=0:00:02
[08/05 13:25:16 d2.evaluation.evaluator]: Total inference time: 0:00:03.008579 (0.035816 s / iter per device, on 1 devices)
[08/05 13:25:16 d2.evaluation.evaluator]: Total inference pure compute time: 0:00:02 (0.034372 s / iter per device, on 1 devices)
[08/05 13:25:16 d2.evaluation.coco_evaluation]: Preparing results for COCO format ...
[08/05 13:25:16 d2.evaluation.coco_evaluation]: Saving results to ../../../../models/rgb-testing/AP-bug-fix-2-5000/coco_instances_results.json
[08/05 13:25:16 d2.evaluation.coco_evaluation]: Evaluating predictions with official COCO API...
Loading and preparing results...
DONE (t=0.00s)
creating index...
index created!
Running per image evaluation...
Evaluate annotation type *bbox*
DONE (t=0.01s).
Accumulating evaluation results...
DONE (t=0.01s).
 Average Precision  (AP) @[ IoU=0.50:0.95 | area=   all | maxDets=100 ] = 0.727
 Average Precision  (AP) @[ IoU=0.50      | area=   all | maxDets=100 ] = 0.942
 Average Precision  (AP) @[ IoU=0.75      | area=   all | maxDets=100 ] = 0.904
 Average Precision  (AP) @[ IoU=0.50:0.95 | area= small | maxDets=100 ] = -1.000
 Average Precision  (AP) @[ IoU=0.50:0.95 | area=medium | maxDets=100 ] = 0.572
 Average Precision  (AP) @[ IoU=0.50:0.95 | area= large | maxDets=100 ] = 0.749
 Average Recall     (AR) @[ IoU=0.50:0.95 | area=   all | maxDets=  1 ] = 0.763
 Average Recall     (AR) @[ IoU=0.50:0.95 | area=   all | maxDets= 10 ] = 0.766
 Average Recall     (AR) @[ IoU=0.50:0.95 | area=   all | maxDets=100 ] = 0.766
 Average Recall     (AR) @[ IoU=0.50:0.95 | area= small | maxDets=100 ] = -1.000
 Average Recall     (AR) @[ IoU=0.50:0.95 | area=medium | maxDets=100 ] = 0.570
 Average Recall     (AR) @[ IoU=0.50:0.95 | area= large | maxDets=100 ] = 0.791
[08/05 13:25:16 d2.evaluation.coco_evaluation]: Evaluation results for bbox: 
|   AP   |  AP50  |  AP75  |  APs  |  APm   |  APl   |
|:------:|:------:|:------:|:-----:|:------:|:------:|
| 72.695 | 94.216 | 90.380 |  nan  | 57.228 | 74.878 |
[08/05 13:25:16 d2.evaluation.coco_evaluation]: Some metrics cannot be computed and is shown as NaN.
Loading and preparing results...
DONE (t=0.00s)
creating index...
index created!
Running per image evaluation...
Evaluate annotation type *segm*
DONE (t=0.02s).
Accumulating evaluation results...
DONE (t=0.01s).
 Average Precision  (AP) @[ IoU=0.50:0.95 | area=   all | maxDets=100 ] = 0.737
 Average Precision  (AP) @[ IoU=0.50      | area=   all | maxDets=100 ] = 0.942
 Average Precision  (AP) @[ IoU=0.75      | area=   all | maxDets=100 ] = 0.884
 Average Precision  (AP) @[ IoU=0.50:0.95 | area= small | maxDets=100 ] = -1.000
 Average Precision  (AP) @[ IoU=0.50:0.95 | area=medium | maxDets=100 ] = 0.600
 Average Precision  (AP) @[ IoU=0.50:0.95 | area= large | maxDets=100 ] = 0.756
 Average Recall     (AR) @[ IoU=0.50:0.95 | area=   all | maxDets=  1 ] = 0.772
 Average Recall     (AR) @[ IoU=0.50:0.95 | area=   all | maxDets= 10 ] = 0.774
 Average Recall     (AR) @[ IoU=0.50:0.95 | area=   all | maxDets=100 ] = 0.774
 Average Recall     (AR) @[ IoU=0.50:0.95 | area= small | maxDets=100 ] = -1.000
 Average Recall     (AR) @[ IoU=0.50:0.95 | area=medium | maxDets=100 ] = 0.600
 Average Recall     (AR) @[ IoU=0.50:0.95 | area= large | maxDets=100 ] = 0.796
[08/05 13:25:16 d2.evaluation.coco_evaluation]: Evaluation results for segm: 
|   AP   |  AP50  |  AP75  |  APs  |  APm   |  APl   |
|:------:|:------:|:------:|:-----:|:------:|:------:|
| 73.718 | 94.216 | 88.435 |  nan  | 59.967 | 75.582 |
[08/05 13:25:16 d2.evaluation.coco_evaluation]: Some metrics cannot be computed and is shown as NaN.
[Iter 2 AP] → mAP@[.5:.95] = 73.718
[08/05 13:25:19 d2.utils.events]:  eta: 0:05:26  iter: 2419  total_loss: 0.1912  loss_cls: 0.0207  loss_box_reg: 0.0423  loss_mask: 0.1255  loss_rpn_cls: 7.178e-06  loss_rpn_loc: 0.002403    time: 0.1263  last_time: 0.1353  data_time: 0.0025  last_data_time: 0.0024   lr: 0.0005  max_mem: 1681M
[08/05 13:25:21 d2.utils.events]:  eta: 0:05:24  iter: 2439  total_loss: 0.1646  loss_cls: 0.01874  loss_box_reg: 0.0476  loss_mask: 0.1079  loss_rpn_cls: 4.23e-06  loss_rpn_loc: 0.002128    time: 0.1263  last_time: 0.1288  data_time: 0.0026  last_data_time: 0.0025   lr: 0.0005  max_mem: 1681M
[08/05 13:25:24 d2.utils.events]:  eta: 0:05:21  iter: 2459  total_loss: 0.1736  loss_cls: 0.01632  loss_box_reg: 0.0423  loss_mask: 0.1222  loss_rpn_cls: 6.459e-06  loss_rpn_loc: 0.002104    time: 0.1263  last_time: 0.1157  data_time: 0.0025  last_data_time: 0.0025   lr: 0.0005  max_mem: 1681M
[08/05 13:25:26 d2.utils.events]:  eta: 0:05:19  iter: 2479  total_loss: 0.1733  loss_cls: 0.01784  loss_box_reg: 0.04411  loss_mask: 0.1017  loss_rpn_cls: 4.132e-06  loss_rpn_loc: 0.002029    time: 0.1263  last_time: 0.1362  data_time: 0.0025  last_data_time: 0.0024   lr: 0.0005  max_mem: 1681M
[08/05 13:25:29 d2.utils.events]:  eta: 0:05:16  iter: 2499  total_loss: 0.19  loss_cls: 0.01907  loss_box_reg: 0.04637  loss_mask: 0.1184  loss_rpn_cls: 2.716e-05  loss_rpn_loc: 0.00247    time: 0.1263  last_time: 0.1349  data_time: 0.0025  last_data_time: 0.0025   lr: 0.0005  max_mem: 1681M
[08/05 13:25:29 d2.evaluation.coco_evaluation]: Fast COCO eval is not built. Falling back to official COCO eval.
[08/05 13:25:29 d2.data.datasets.coco]: Loaded 89 images in COCO format from /projects/PUCHALLA/LLP2024/tumor-segmentation/data/processed_data/rgb/test/images/test.json
[08/05 13:25:29 d2.data.dataset_mapper]: [DatasetMapper] Augmentations used in inference: [ResizeShortestEdge(short_edge_length=(800, 800), max_size=1333, sample_style='choice')]
[08/05 13:25:29 d2.data.common]: Serializing the dataset using: <class 'detectron2.data.common._TorchSerializedList'>
[08/05 13:25:29 d2.data.common]: Serializing 89 elements to byte tensors and concatenating them all ...
[08/05 13:25:29 d2.data.common]: Serialized dataset takes 0.07 MiB
[08/05 13:25:29 d2.evaluation.evaluator]: Start inference on 89 batches
[08/05 13:25:29 d2.evaluation.evaluator]: Inference done 11/89. Dataloading: 0.0007 s/iter. Inference: 0.0353 s/iter. Eval: 0.0004 s/iter. Total: 0.0364 s/iter. ETA=0:00:02
[08/05 13:25:32 d2.evaluation.evaluator]: Total inference time: 0:00:03.072787 (0.036581 s / iter per device, on 1 devices)
[08/05 13:25:32 d2.evaluation.evaluator]: Total inference pure compute time: 0:00:02 (0.035097 s / iter per device, on 1 devices)
[08/05 13:25:32 d2.evaluation.coco_evaluation]: Preparing results for COCO format ...
[08/05 13:25:32 d2.evaluation.coco_evaluation]: Saving results to ../../../../models/rgb-testing/AP-bug-fix-2-5000/coco_instances_results.json
[08/05 13:25:32 d2.evaluation.coco_evaluation]: Evaluating predictions with official COCO API...
Loading and preparing results...
DONE (t=0.00s)
creating index...
index created!
Running per image evaluation...
Evaluate annotation type *bbox*
DONE (t=0.01s).
Accumulating evaluation results...
DONE (t=0.01s).
 Average Precision  (AP) @[ IoU=0.50:0.95 | area=   all | maxDets=100 ] = 0.734
 Average Precision  (AP) @[ IoU=0.50      | area=   all | maxDets=100 ] = 0.943
 Average Precision  (AP) @[ IoU=0.75      | area=   all | maxDets=100 ] = 0.912
 Average Precision  (AP) @[ IoU=0.50:0.95 | area= small | maxDets=100 ] = -1.000
 Average Precision  (AP) @[ IoU=0.50:0.95 | area=medium | maxDets=100 ] = 0.594
 Average Precision  (AP) @[ IoU=0.50:0.95 | area= large | maxDets=100 ] = 0.754
 Average Recall     (AR) @[ IoU=0.50:0.95 | area=   all | maxDets=  1 ] = 0.779
 Average Recall     (AR) @[ IoU=0.50:0.95 | area=   all | maxDets= 10 ] = 0.782
 Average Recall     (AR) @[ IoU=0.50:0.95 | area=   all | maxDets=100 ] = 0.782
 Average Recall     (AR) @[ IoU=0.50:0.95 | area= small | maxDets=100 ] = -1.000
 Average Recall     (AR) @[ IoU=0.50:0.95 | area=medium | maxDets=100 ] = 0.600
 Average Recall     (AR) @[ IoU=0.50:0.95 | area= large | maxDets=100 ] = 0.805
[08/05 13:25:32 d2.evaluation.coco_evaluation]: Evaluation results for bbox: 
|   AP   |  AP50  |  AP75  |  APs  |  APm   |  APl   |
|:------:|:------:|:------:|:-----:|:------:|:------:|
| 73.366 | 94.279 | 91.226 |  nan  | 59.388 | 75.385 |
[08/05 13:25:32 d2.evaluation.coco_evaluation]: Some metrics cannot be computed and is shown as NaN.
Loading and preparing results...
DONE (t=0.00s)
creating index...
index created!
Running per image evaluation...
Evaluate annotation type *segm*
DONE (t=0.02s).
Accumulating evaluation results...
DONE (t=0.01s).
 Average Precision  (AP) @[ IoU=0.50:0.95 | area=   all | maxDets=100 ] = 0.748
 Average Precision  (AP) @[ IoU=0.50      | area=   all | maxDets=100 ] = 0.943
 Average Precision  (AP) @[ IoU=0.75      | area=   all | maxDets=100 ] = 0.902
 Average Precision  (AP) @[ IoU=0.50:0.95 | area= small | maxDets=100 ] = -1.000
 Average Precision  (AP) @[ IoU=0.50:0.95 | area=medium | maxDets=100 ] = 0.582
 Average Precision  (AP) @[ IoU=0.50:0.95 | area= large | maxDets=100 ] = 0.768
 Average Recall     (AR) @[ IoU=0.50:0.95 | area=   all | maxDets=  1 ] = 0.782
 Average Recall     (AR) @[ IoU=0.50:0.95 | area=   all | maxDets= 10 ] = 0.784
 Average Recall     (AR) @[ IoU=0.50:0.95 | area=   all | maxDets=100 ] = 0.784
 Average Recall     (AR) @[ IoU=0.50:0.95 | area= small | maxDets=100 ] = -1.000
 Average Recall     (AR) @[ IoU=0.50:0.95 | area=medium | maxDets=100 ] = 0.590
 Average Recall     (AR) @[ IoU=0.50:0.95 | area= large | maxDets=100 ] = 0.809
[08/05 13:25:32 d2.evaluation.coco_evaluation]: Evaluation results for segm: 
|   AP   |  AP50  |  AP75  |  APs  |  APm   |  APl   |
|:------:|:------:|:------:|:-----:|:------:|:------:|
| 74.832 | 94.279 | 90.227 |  nan  | 58.218 | 76.811 |
[08/05 13:25:32 d2.evaluation.coco_evaluation]: Some metrics cannot be computed and is shown as NaN.
[Iter 2 AP] → mAP@[.5:.95] = 74.832
[08/05 13:25:35 d2.utils.events]:  eta: 0:05:14  iter: 2519  total_loss: 0.1534  loss_cls: 0.01412  loss_box_reg: 0.03376  loss_mask: 0.1026  loss_rpn_cls: 9.235e-06  loss_rpn_loc: 0.002454    time: 0.1263  last_time: 0.1260  data_time: 0.0027  last_data_time: 0.0023   lr: 0.0005  max_mem: 1681M
[08/05 13:25:37 d2.utils.events]:  eta: 0:05:11  iter: 2539  total_loss: 0.1592  loss_cls: 0.01557  loss_box_reg: 0.04107  loss_mask: 0.09939  loss_rpn_cls: 1.201e-05  loss_rpn_loc: 0.002167    time: 0.1263  last_time: 0.1265  data_time: 0.0025  last_data_time: 0.0024   lr: 0.0005  max_mem: 1681M
[08/05 13:25:40 d2.utils.events]:  eta: 0:05:09  iter: 2559  total_loss: 0.1667  loss_cls: 0.0182  loss_box_reg: 0.03872  loss_mask: 0.1114  loss_rpn_cls: 4.834e-06  loss_rpn_loc: 0.001982    time: 0.1263  last_time: 0.1382  data_time: 0.0025  last_data_time: 0.0023   lr: 0.0005  max_mem: 1681M
[08/05 13:25:43 d2.utils.events]:  eta: 0:05:06  iter: 2579  total_loss: 0.1847  loss_cls: 0.01775  loss_box_reg: 0.04518  loss_mask: 0.1164  loss_rpn_cls: 3.292e-06  loss_rpn_loc: 0.002039    time: 0.1263  last_time: 0.1170  data_time: 0.0025  last_data_time: 0.0023   lr: 0.0005  max_mem: 1681M
[08/05 13:25:45 d2.utils.events]:  eta: 0:05:04  iter: 2599  total_loss: 0.1778  loss_cls: 0.0193  loss_box_reg: 0.04552  loss_mask: 0.1133  loss_rpn_cls: 2.569e-05  loss_rpn_loc: 0.002036    time: 0.1263  last_time: 0.1358  data_time: 0.0025  last_data_time: 0.0024   lr: 0.0005  max_mem: 1681M
[08/05 13:25:45 d2.evaluation.coco_evaluation]: Fast COCO eval is not built. Falling back to official COCO eval.
[08/05 13:25:45 d2.data.datasets.coco]: Loaded 89 images in COCO format from /projects/PUCHALLA/LLP2024/tumor-segmentation/data/processed_data/rgb/test/images/test.json
[08/05 13:25:45 d2.data.dataset_mapper]: [DatasetMapper] Augmentations used in inference: [ResizeShortestEdge(short_edge_length=(800, 800), max_size=1333, sample_style='choice')]
[08/05 13:25:45 d2.data.common]: Serializing the dataset using: <class 'detectron2.data.common._TorchSerializedList'>
[08/05 13:25:45 d2.data.common]: Serializing 89 elements to byte tensors and concatenating them all ...
[08/05 13:25:45 d2.data.common]: Serialized dataset takes 0.07 MiB
[08/05 13:25:45 d2.evaluation.evaluator]: Start inference on 89 batches
[08/05 13:25:46 d2.evaluation.evaluator]: Inference done 11/89. Dataloading: 0.0007 s/iter. Inference: 0.0341 s/iter. Eval: 0.0004 s/iter. Total: 0.0352 s/iter. ETA=0:00:02
[08/05 13:25:48 d2.evaluation.evaluator]: Total inference time: 0:00:02.938609 (0.034983 s / iter per device, on 1 devices)
[08/05 13:25:48 d2.evaluation.evaluator]: Total inference pure compute time: 0:00:02 (0.033477 s / iter per device, on 1 devices)
[08/05 13:25:48 d2.evaluation.coco_evaluation]: Preparing results for COCO format ...
[08/05 13:25:48 d2.evaluation.coco_evaluation]: Saving results to ../../../../models/rgb-testing/AP-bug-fix-2-5000/coco_instances_results.json
[08/05 13:25:48 d2.evaluation.coco_evaluation]: Evaluating predictions with official COCO API...
Loading and preparing results...
DONE (t=0.00s)
creating index...
index created!
Running per image evaluation...
Evaluate annotation type *bbox*
DONE (t=0.02s).
Accumulating evaluation results...
DONE (t=0.01s).
 Average Precision  (AP) @[ IoU=0.50:0.95 | area=   all | maxDets=100 ] = 0.724
 Average Precision  (AP) @[ IoU=0.50      | area=   all | maxDets=100 ] = 0.961
 Average Precision  (AP) @[ IoU=0.75      | area=   all | maxDets=100 ] = 0.921
 Average Precision  (AP) @[ IoU=0.50:0.95 | area= small | maxDets=100 ] = -1.000
 Average Precision  (AP) @[ IoU=0.50:0.95 | area=medium | maxDets=100 ] = 0.636
 Average Precision  (AP) @[ IoU=0.50:0.95 | area= large | maxDets=100 ] = 0.739
 Average Recall     (AR) @[ IoU=0.50:0.95 | area=   all | maxDets=  1 ] = 0.780
 Average Recall     (AR) @[ IoU=0.50:0.95 | area=   all | maxDets= 10 ] = 0.780
 Average Recall     (AR) @[ IoU=0.50:0.95 | area=   all | maxDets=100 ] = 0.780
 Average Recall     (AR) @[ IoU=0.50:0.95 | area= small | maxDets=100 ] = -1.000
 Average Recall     (AR) @[ IoU=0.50:0.95 | area=medium | maxDets=100 ] = 0.640
 Average Recall     (AR) @[ IoU=0.50:0.95 | area= large | maxDets=100 ] = 0.797
[08/05 13:25:48 d2.evaluation.coco_evaluation]: Evaluation results for bbox: 
|   AP   |  AP50  |  AP75  |  APs  |  APm   |  APl   |
|:------:|:------:|:------:|:-----:|:------:|:------:|
| 72.411 | 96.088 | 92.127 |  nan  | 63.604 | 73.857 |
[08/05 13:25:48 d2.evaluation.coco_evaluation]: Some metrics cannot be computed and is shown as NaN.
Loading and preparing results...
DONE (t=0.00s)
creating index...
index created!
Running per image evaluation...
Evaluate annotation type *segm*
DONE (t=0.02s).
Accumulating evaluation results...
DONE (t=0.01s).
 Average Precision  (AP) @[ IoU=0.50:0.95 | area=   all | maxDets=100 ] = 0.760
 Average Precision  (AP) @[ IoU=0.50      | area=   all | maxDets=100 ] = 0.961
 Average Precision  (AP) @[ IoU=0.75      | area=   all | maxDets=100 ] = 0.911
 Average Precision  (AP) @[ IoU=0.50:0.95 | area= small | maxDets=100 ] = -1.000
 Average Precision  (AP) @[ IoU=0.50:0.95 | area=medium | maxDets=100 ] = 0.622
 Average Precision  (AP) @[ IoU=0.50:0.95 | area= large | maxDets=100 ] = 0.779
 Average Recall     (AR) @[ IoU=0.50:0.95 | area=   all | maxDets=  1 ] = 0.799
 Average Recall     (AR) @[ IoU=0.50:0.95 | area=   all | maxDets= 10 ] = 0.799
 Average Recall     (AR) @[ IoU=0.50:0.95 | area=   all | maxDets=100 ] = 0.799
 Average Recall     (AR) @[ IoU=0.50:0.95 | area= small | maxDets=100 ] = -1.000
 Average Recall     (AR) @[ IoU=0.50:0.95 | area=medium | maxDets=100 ] = 0.630
 Average Recall     (AR) @[ IoU=0.50:0.95 | area= large | maxDets=100 ] = 0.820
[08/05 13:25:48 d2.evaluation.coco_evaluation]: Evaluation results for segm: 
|   AP   |  AP50  |  AP75  |  APs  |  APm   |  APl   |
|:------:|:------:|:------:|:-----:|:------:|:------:|
| 75.967 | 96.088 | 91.114 |  nan  | 62.195 | 77.874 |
[08/05 13:25:48 d2.evaluation.coco_evaluation]: Some metrics cannot be computed and is shown as NaN.
[Iter 2 AP] → mAP@[.5:.95] = 75.967
[08/05 13:25:51 d2.utils.events]:  eta: 0:05:01  iter: 2619  total_loss: 0.1794  loss_cls: 0.01692  loss_box_reg: 0.04695  loss_mask: 0.121  loss_rpn_cls: 4.217e-06  loss_rpn_loc: 0.002092    time: 0.1263  last_time: 0.1332  data_time: 0.0027  last_data_time: 0.0025   lr: 0.0005  max_mem: 1681M
[08/05 13:25:53 d2.utils.events]:  eta: 0:04:59  iter: 2639  total_loss: 0.1774  loss_cls: 0.01696  loss_box_reg: 0.04486  loss_mask: 0.1075  loss_rpn_cls: 1.627e-05  loss_rpn_loc: 0.001721    time: 0.1263  last_time: 0.1382  data_time: 0.0026  last_data_time: 0.0024   lr: 0.0005  max_mem: 1681M
[08/05 13:25:56 d2.utils.events]:  eta: 0:04:56  iter: 2659  total_loss: 0.1762  loss_cls: 0.0191  loss_box_reg: 0.04336  loss_mask: 0.1052  loss_rpn_cls: 4.431e-06  loss_rpn_loc: 0.001854    time: 0.1264  last_time: 0.1104  data_time: 0.0026  last_data_time: 0.0023   lr: 0.0005  max_mem: 1681M
[08/05 13:25:59 d2.utils.events]:  eta: 0:04:54  iter: 2679  total_loss: 0.1701  loss_cls: 0.01901  loss_box_reg: 0.04207  loss_mask: 0.1131  loss_rpn_cls: 2.952e-05  loss_rpn_loc: 0.002854    time: 0.1264  last_time: 0.1203  data_time: 0.0025  last_data_time: 0.0024   lr: 0.0005  max_mem: 1681M
[08/05 13:26:01 d2.utils.events]:  eta: 0:04:51  iter: 2699  total_loss: 0.1583  loss_cls: 0.01535  loss_box_reg: 0.03988  loss_mask: 0.09524  loss_rpn_cls: 2.67e-05  loss_rpn_loc: 0.002298    time: 0.1264  last_time: 0.1064  data_time: 0.0024  last_data_time: 0.0024   lr: 0.0005  max_mem: 1681M
[08/05 13:26:01 d2.evaluation.coco_evaluation]: Fast COCO eval is not built. Falling back to official COCO eval.
[08/05 13:26:01 d2.data.datasets.coco]: Loaded 89 images in COCO format from /projects/PUCHALLA/LLP2024/tumor-segmentation/data/processed_data/rgb/test/images/test.json
[08/05 13:26:01 d2.data.dataset_mapper]: [DatasetMapper] Augmentations used in inference: [ResizeShortestEdge(short_edge_length=(800, 800), max_size=1333, sample_style='choice')]
[08/05 13:26:01 d2.data.common]: Serializing the dataset using: <class 'detectron2.data.common._TorchSerializedList'>
[08/05 13:26:01 d2.data.common]: Serializing 89 elements to byte tensors and concatenating them all ...
[08/05 13:26:01 d2.data.common]: Serialized dataset takes 0.07 MiB
[08/05 13:26:01 d2.evaluation.evaluator]: Start inference on 89 batches
[08/05 13:26:02 d2.evaluation.evaluator]: Inference done 11/89. Dataloading: 0.0007 s/iter. Inference: 0.0352 s/iter. Eval: 0.0004 s/iter. Total: 0.0362 s/iter. ETA=0:00:02
[08/05 13:26:05 d2.evaluation.evaluator]: Total inference time: 0:00:03.042832 (0.036224 s / iter per device, on 1 devices)
[08/05 13:26:05 d2.evaluation.evaluator]: Total inference pure compute time: 0:00:02 (0.034753 s / iter per device, on 1 devices)
[08/05 13:26:05 d2.evaluation.coco_evaluation]: Preparing results for COCO format ...
[08/05 13:26:05 d2.evaluation.coco_evaluation]: Saving results to ../../../../models/rgb-testing/AP-bug-fix-2-5000/coco_instances_results.json
[08/05 13:26:05 d2.evaluation.coco_evaluation]: Evaluating predictions with official COCO API...
Loading and preparing results...
DONE (t=0.00s)
creating index...
index created!
Running per image evaluation...
Evaluate annotation type *bbox*
DONE (t=0.02s).
Accumulating evaluation results...
DONE (t=0.01s).
 Average Precision  (AP) @[ IoU=0.50:0.95 | area=   all | maxDets=100 ] = 0.721
 Average Precision  (AP) @[ IoU=0.50      | area=   all | maxDets=100 ] = 0.953
 Average Precision  (AP) @[ IoU=0.75      | area=   all | maxDets=100 ] = 0.883
 Average Precision  (AP) @[ IoU=0.50:0.95 | area= small | maxDets=100 ] = -1.000
 Average Precision  (AP) @[ IoU=0.50:0.95 | area=medium | maxDets=100 ] = 0.576
 Average Precision  (AP) @[ IoU=0.50:0.95 | area= large | maxDets=100 ] = 0.741
 Average Recall     (AR) @[ IoU=0.50:0.95 | area=   all | maxDets=  1 ] = 0.770
 Average Recall     (AR) @[ IoU=0.50:0.95 | area=   all | maxDets= 10 ] = 0.774
 Average Recall     (AR) @[ IoU=0.50:0.95 | area=   all | maxDets=100 ] = 0.774
 Average Recall     (AR) @[ IoU=0.50:0.95 | area= small | maxDets=100 ] = -1.000
 Average Recall     (AR) @[ IoU=0.50:0.95 | area=medium | maxDets=100 ] = 0.590
 Average Recall     (AR) @[ IoU=0.50:0.95 | area= large | maxDets=100 ] = 0.797
[08/05 13:26:05 d2.evaluation.coco_evaluation]: Evaluation results for bbox: 
|   AP   |  AP50  |  AP75  |  APs  |  APm   |  APl   |
|:------:|:------:|:------:|:-----:|:------:|:------:|
| 72.086 | 95.275 | 88.254 |  nan  | 57.642 | 74.061 |
[08/05 13:26:05 d2.evaluation.coco_evaluation]: Some metrics cannot be computed and is shown as NaN.
Loading and preparing results...
DONE (t=0.00s)
creating index...
index created!
Running per image evaluation...
Evaluate annotation type *segm*
DONE (t=0.02s).
Accumulating evaluation results...
DONE (t=0.01s).
 Average Precision  (AP) @[ IoU=0.50:0.95 | area=   all | maxDets=100 ] = 0.737
 Average Precision  (AP) @[ IoU=0.50      | area=   all | maxDets=100 ] = 0.953
 Average Precision  (AP) @[ IoU=0.75      | area=   all | maxDets=100 ] = 0.872
 Average Precision  (AP) @[ IoU=0.50:0.95 | area= small | maxDets=100 ] = -1.000
 Average Precision  (AP) @[ IoU=0.50:0.95 | area=medium | maxDets=100 ] = 0.558
 Average Precision  (AP) @[ IoU=0.50:0.95 | area= large | maxDets=100 ] = 0.759
 Average Recall     (AR) @[ IoU=0.50:0.95 | area=   all | maxDets=  1 ] = 0.778
 Average Recall     (AR) @[ IoU=0.50:0.95 | area=   all | maxDets= 10 ] = 0.780
 Average Recall     (AR) @[ IoU=0.50:0.95 | area=   all | maxDets=100 ] = 0.780
 Average Recall     (AR) @[ IoU=0.50:0.95 | area= small | maxDets=100 ] = -1.000
 Average Recall     (AR) @[ IoU=0.50:0.95 | area=medium | maxDets=100 ] = 0.580
 Average Recall     (AR) @[ IoU=0.50:0.95 | area= large | maxDets=100 ] = 0.805
[08/05 13:26:05 d2.evaluation.coco_evaluation]: Evaluation results for segm: 
|   AP   |  AP50  |  AP75  |  APs  |  APm   |  APl   |
|:------:|:------:|:------:|:-----:|:------:|:------:|
| 73.711 | 95.275 | 87.240 |  nan  | 55.831 | 75.869 |
[08/05 13:26:05 d2.evaluation.coco_evaluation]: Some metrics cannot be computed and is shown as NaN.
[Iter 2 AP] → mAP@[.5:.95] = 73.711
[08/05 13:26:07 d2.utils.events]:  eta: 0:04:49  iter: 2719  total_loss: 0.2019  loss_cls: 0.02009  loss_box_reg: 0.0507  loss_mask: 0.1207  loss_rpn_cls: 7.85e-06  loss_rpn_loc: 0.002881    time: 0.1264  last_time: 0.1343  data_time: 0.0026  last_data_time: 0.0024   lr: 0.0005  max_mem: 1681M
[08/05 13:26:10 d2.utils.events]:  eta: 0:04:46  iter: 2739  total_loss: 0.1794  loss_cls: 0.0178  loss_box_reg: 0.04536  loss_mask: 0.1095  loss_rpn_cls: 4.447e-06  loss_rpn_loc: 0.002344    time: 0.1264  last_time: 0.1267  data_time: 0.0025  last_data_time: 0.0023   lr: 0.0005  max_mem: 1681M
[08/05 13:26:12 d2.utils.events]:  eta: 0:04:44  iter: 2759  total_loss: 0.1653  loss_cls: 0.01762  loss_box_reg: 0.04319  loss_mask: 0.1033  loss_rpn_cls: 9.818e-06  loss_rpn_loc: 0.002178    time: 0.1264  last_time: 0.1238  data_time: 0.0024  last_data_time: 0.0025   lr: 0.0005  max_mem: 1681M
[08/05 13:26:15 d2.utils.events]:  eta: 0:04:41  iter: 2779  total_loss: 0.1689  loss_cls: 0.0147  loss_box_reg: 0.03986  loss_mask: 0.112  loss_rpn_cls: 1.025e-05  loss_rpn_loc: 0.002529    time: 0.1264  last_time: 0.1183  data_time: 0.0025  last_data_time: 0.0024   lr: 0.0005  max_mem: 1681M
[08/05 13:26:17 d2.utils.events]:  eta: 0:04:39  iter: 2799  total_loss: 0.1829  loss_cls: 0.01766  loss_box_reg: 0.04312  loss_mask: 0.1191  loss_rpn_cls: 1.407e-05  loss_rpn_loc: 0.002423    time: 0.1264  last_time: 0.1339  data_time: 0.0024  last_data_time: 0.0024   lr: 0.0005  max_mem: 1681M
[08/05 13:26:17 d2.evaluation.coco_evaluation]: Fast COCO eval is not built. Falling back to official COCO eval.
[08/05 13:26:17 d2.data.datasets.coco]: Loaded 89 images in COCO format from /projects/PUCHALLA/LLP2024/tumor-segmentation/data/processed_data/rgb/test/images/test.json
[08/05 13:26:17 d2.data.dataset_mapper]: [DatasetMapper] Augmentations used in inference: [ResizeShortestEdge(short_edge_length=(800, 800), max_size=1333, sample_style='choice')]
[08/05 13:26:17 d2.data.common]: Serializing the dataset using: <class 'detectron2.data.common._TorchSerializedList'>
[08/05 13:26:17 d2.data.common]: Serializing 89 elements to byte tensors and concatenating them all ...
[08/05 13:26:17 d2.data.common]: Serialized dataset takes 0.07 MiB
[08/05 13:26:17 d2.evaluation.evaluator]: Start inference on 89 batches
[08/05 13:26:18 d2.evaluation.evaluator]: Inference done 11/89. Dataloading: 0.0007 s/iter. Inference: 0.0341 s/iter. Eval: 0.0004 s/iter. Total: 0.0352 s/iter. ETA=0:00:02
[08/05 13:26:21 d2.evaluation.evaluator]: Total inference time: 0:00:03.028715 (0.036056 s / iter per device, on 1 devices)
[08/05 13:26:21 d2.evaluation.evaluator]: Total inference pure compute time: 0:00:02 (0.034592 s / iter per device, on 1 devices)
[08/05 13:26:21 d2.evaluation.coco_evaluation]: Preparing results for COCO format ...
[08/05 13:26:21 d2.evaluation.coco_evaluation]: Saving results to ../../../../models/rgb-testing/AP-bug-fix-2-5000/coco_instances_results.json
[08/05 13:26:21 d2.evaluation.coco_evaluation]: Evaluating predictions with official COCO API...
Loading and preparing results...
DONE (t=0.00s)
creating index...
index created!
Running per image evaluation...
Evaluate annotation type *bbox*
DONE (t=0.02s).
Accumulating evaluation results...
DONE (t=0.01s).
 Average Precision  (AP) @[ IoU=0.50:0.95 | area=   all | maxDets=100 ] = 0.742
 Average Precision  (AP) @[ IoU=0.50      | area=   all | maxDets=100 ] = 0.954
 Average Precision  (AP) @[ IoU=0.75      | area=   all | maxDets=100 ] = 0.884
 Average Precision  (AP) @[ IoU=0.50:0.95 | area= small | maxDets=100 ] = -1.000
 Average Precision  (AP) @[ IoU=0.50:0.95 | area=medium | maxDets=100 ] = 0.565
 Average Precision  (AP) @[ IoU=0.50:0.95 | area= large | maxDets=100 ] = 0.766
 Average Recall     (AR) @[ IoU=0.50:0.95 | area=   all | maxDets=  1 ] = 0.779
 Average Recall     (AR) @[ IoU=0.50:0.95 | area=   all | maxDets= 10 ] = 0.784
 Average Recall     (AR) @[ IoU=0.50:0.95 | area=   all | maxDets=100 ] = 0.784
 Average Recall     (AR) @[ IoU=0.50:0.95 | area= small | maxDets=100 ] = -1.000
 Average Recall     (AR) @[ IoU=0.50:0.95 | area=medium | maxDets=100 ] = 0.580
 Average Recall     (AR) @[ IoU=0.50:0.95 | area= large | maxDets=100 ] = 0.810
[08/05 13:26:21 d2.evaluation.coco_evaluation]: Evaluation results for bbox: 
|   AP   |  AP50  |  AP75  |  APs  |  APm   |  APl   |
|:------:|:------:|:------:|:-----:|:------:|:------:|
| 74.170 | 95.436 | 88.372 |  nan  | 56.506 | 76.611 |
[08/05 13:26:21 d2.evaluation.coco_evaluation]: Some metrics cannot be computed and is shown as NaN.
Loading and preparing results...
DONE (t=0.00s)
creating index...
index created!
Running per image evaluation...
Evaluate annotation type *segm*
DONE (t=0.02s).
Accumulating evaluation results...
DONE (t=0.01s).
 Average Precision  (AP) @[ IoU=0.50:0.95 | area=   all | maxDets=100 ] = 0.745
 Average Precision  (AP) @[ IoU=0.50      | area=   all | maxDets=100 ] = 0.954
 Average Precision  (AP) @[ IoU=0.75      | area=   all | maxDets=100 ] = 0.884
 Average Precision  (AP) @[ IoU=0.50:0.95 | area= small | maxDets=100 ] = -1.000
 Average Precision  (AP) @[ IoU=0.50:0.95 | area=medium | maxDets=100 ] = 0.550
 Average Precision  (AP) @[ IoU=0.50:0.95 | area= large | maxDets=100 ] = 0.770
 Average Recall     (AR) @[ IoU=0.50:0.95 | area=   all | maxDets=  1 ] = 0.776
 Average Recall     (AR) @[ IoU=0.50:0.95 | area=   all | maxDets= 10 ] = 0.781
 Average Recall     (AR) @[ IoU=0.50:0.95 | area=   all | maxDets=100 ] = 0.781
 Average Recall     (AR) @[ IoU=0.50:0.95 | area= small | maxDets=100 ] = -1.000
 Average Recall     (AR) @[ IoU=0.50:0.95 | area=medium | maxDets=100 ] = 0.580
 Average Recall     (AR) @[ IoU=0.50:0.95 | area= large | maxDets=100 ] = 0.806
[08/05 13:26:21 d2.evaluation.coco_evaluation]: Evaluation results for segm: 
|   AP   |  AP50  |  AP75  |  APs  |  APm   |  APl   |
|:------:|:------:|:------:|:-----:|:------:|:------:|
| 74.533 | 95.436 | 88.372 |  nan  | 54.986 | 76.964 |
[08/05 13:26:21 d2.evaluation.coco_evaluation]: Some metrics cannot be computed and is shown as NaN.
[Iter 2 AP] → mAP@[.5:.95] = 74.533
[08/05 13:26:23 d2.utils.events]:  eta: 0:04:36  iter: 2819  total_loss: 0.1831  loss_cls: 0.01806  loss_box_reg: 0.04063  loss_mask: 0.1226  loss_rpn_cls: 8.663e-06  loss_rpn_loc: 0.001556    time: 0.1264  last_time: 0.1220  data_time: 0.0024  last_data_time: 0.0036   lr: 0.0005  max_mem: 1681M
[08/05 13:26:26 d2.utils.events]:  eta: 0:04:33  iter: 2839  total_loss: 0.1779  loss_cls: 0.01838  loss_box_reg: 0.04408  loss_mask: 0.1167  loss_rpn_cls: 3.259e-06  loss_rpn_loc: 0.001883    time: 0.1264  last_time: 0.1237  data_time: 0.0025  last_data_time: 0.0024   lr: 0.0005  max_mem: 1681M
[08/05 13:26:28 d2.utils.events]:  eta: 0:04:31  iter: 2859  total_loss: 0.1708  loss_cls: 0.01664  loss_box_reg: 0.04015  loss_mask: 0.1185  loss_rpn_cls: 5.961e-06  loss_rpn_loc: 0.002173    time: 0.1264  last_time: 0.1185  data_time: 0.0026  last_data_time: 0.0035   lr: 0.0005  max_mem: 1681M
[08/05 13:26:31 d2.utils.events]:  eta: 0:04:28  iter: 2879  total_loss: 0.1656  loss_cls: 0.0162  loss_box_reg: 0.04018  loss_mask: 0.1041  loss_rpn_cls: 4.34e-06  loss_rpn_loc: 0.001747    time: 0.1264  last_time: 0.1262  data_time: 0.0026  last_data_time: 0.0023   lr: 0.0005  max_mem: 1681M
[08/05 13:26:33 d2.utils.events]:  eta: 0:04:26  iter: 2899  total_loss: 0.192  loss_cls: 0.01946  loss_box_reg: 0.04538  loss_mask: 0.1247  loss_rpn_cls: 1.067e-05  loss_rpn_loc: 0.001998    time: 0.1264  last_time: 0.1322  data_time: 0.0026  last_data_time: 0.0023   lr: 0.0005  max_mem: 1681M
[08/05 13:26:33 d2.evaluation.coco_evaluation]: Fast COCO eval is not built. Falling back to official COCO eval.
[08/05 13:26:33 d2.data.datasets.coco]: Loaded 89 images in COCO format from /projects/PUCHALLA/LLP2024/tumor-segmentation/data/processed_data/rgb/test/images/test.json
[08/05 13:26:33 d2.data.dataset_mapper]: [DatasetMapper] Augmentations used in inference: [ResizeShortestEdge(short_edge_length=(800, 800), max_size=1333, sample_style='choice')]
[08/05 13:26:33 d2.data.common]: Serializing the dataset using: <class 'detectron2.data.common._TorchSerializedList'>
[08/05 13:26:33 d2.data.common]: Serializing 89 elements to byte tensors and concatenating them all ...
[08/05 13:26:33 d2.data.common]: Serialized dataset takes 0.07 MiB
[08/05 13:26:33 d2.evaluation.evaluator]: Start inference on 89 batches
[08/05 13:26:34 d2.evaluation.evaluator]: Inference done 11/89. Dataloading: 0.0007 s/iter. Inference: 0.0347 s/iter. Eval: 0.0004 s/iter. Total: 0.0357 s/iter. ETA=0:00:02
[08/05 13:26:37 d2.evaluation.evaluator]: Total inference time: 0:00:02.997267 (0.035682 s / iter per device, on 1 devices)
[08/05 13:26:37 d2.evaluation.evaluator]: Total inference pure compute time: 0:00:02 (0.034240 s / iter per device, on 1 devices)
[08/05 13:26:37 d2.evaluation.coco_evaluation]: Preparing results for COCO format ...
[08/05 13:26:37 d2.evaluation.coco_evaluation]: Saving results to ../../../../models/rgb-testing/AP-bug-fix-2-5000/coco_instances_results.json
[08/05 13:26:37 d2.evaluation.coco_evaluation]: Evaluating predictions with official COCO API...
Loading and preparing results...
DONE (t=0.00s)
creating index...
index created!
Running per image evaluation...
Evaluate annotation type *bbox*
DONE (t=0.02s).
Accumulating evaluation results...
DONE (t=0.01s).
 Average Precision  (AP) @[ IoU=0.50:0.95 | area=   all | maxDets=100 ] = 0.724
 Average Precision  (AP) @[ IoU=0.50      | area=   all | maxDets=100 ] = 0.945
 Average Precision  (AP) @[ IoU=0.75      | area=   all | maxDets=100 ] = 0.904
 Average Precision  (AP) @[ IoU=0.50:0.95 | area= small | maxDets=100 ] = -1.000
 Average Precision  (AP) @[ IoU=0.50:0.95 | area=medium | maxDets=100 ] = 0.601
 Average Precision  (AP) @[ IoU=0.50:0.95 | area= large | maxDets=100 ] = 0.741
 Average Recall     (AR) @[ IoU=0.50:0.95 | area=   all | maxDets=  1 ] = 0.760
 Average Recall     (AR) @[ IoU=0.50:0.95 | area=   all | maxDets= 10 ] = 0.764
 Average Recall     (AR) @[ IoU=0.50:0.95 | area=   all | maxDets=100 ] = 0.764
 Average Recall     (AR) @[ IoU=0.50:0.95 | area= small | maxDets=100 ] = -1.000
 Average Recall     (AR) @[ IoU=0.50:0.95 | area=medium | maxDets=100 ] = 0.610
 Average Recall     (AR) @[ IoU=0.50:0.95 | area= large | maxDets=100 ] = 0.784
[08/05 13:26:37 d2.evaluation.coco_evaluation]: Evaluation results for bbox: 
|   AP   |  AP50  |  AP75  |  APs  |  APm   |  APl   |
|:------:|:------:|:------:|:-----:|:------:|:------:|
| 72.394 | 94.514 | 90.381 |  nan  | 60.128 | 74.104 |
[08/05 13:26:37 d2.evaluation.coco_evaluation]: Some metrics cannot be computed and is shown as NaN.
Loading and preparing results...
DONE (t=0.00s)
creating index...
index created!
Running per image evaluation...
Evaluate annotation type *segm*
DONE (t=0.02s).
Accumulating evaluation results...
DONE (t=0.01s).
 Average Precision  (AP) @[ IoU=0.50:0.95 | area=   all | maxDets=100 ] = 0.747
 Average Precision  (AP) @[ IoU=0.50      | area=   all | maxDets=100 ] = 0.945
 Average Precision  (AP) @[ IoU=0.75      | area=   all | maxDets=100 ] = 0.904
 Average Precision  (AP) @[ IoU=0.50:0.95 | area= small | maxDets=100 ] = -1.000
 Average Precision  (AP) @[ IoU=0.50:0.95 | area=medium | maxDets=100 ] = 0.584
 Average Precision  (AP) @[ IoU=0.50:0.95 | area= large | maxDets=100 ] = 0.768
 Average Recall     (AR) @[ IoU=0.50:0.95 | area=   all | maxDets=  1 ] = 0.778
 Average Recall     (AR) @[ IoU=0.50:0.95 | area=   all | maxDets= 10 ] = 0.781
 Average Recall     (AR) @[ IoU=0.50:0.95 | area=   all | maxDets=100 ] = 0.781
 Average Recall     (AR) @[ IoU=0.50:0.95 | area= small | maxDets=100 ] = -1.000
 Average Recall     (AR) @[ IoU=0.50:0.95 | area=medium | maxDets=100 ] = 0.590
 Average Recall     (AR) @[ IoU=0.50:0.95 | area= large | maxDets=100 ] = 0.805
[08/05 13:26:37 d2.evaluation.coco_evaluation]: Evaluation results for segm: 
|   AP   |  AP50  |  AP75  |  APs  |  APm   |  APl   |
|:------:|:------:|:------:|:-----:|:------:|:------:|
| 74.711 | 94.514 | 90.443 |  nan  | 58.399 | 76.759 |
[08/05 13:26:37 d2.evaluation.coco_evaluation]: Some metrics cannot be computed and is shown as NaN.
[Iter 2 AP] → mAP@[.5:.95] = 74.711
[08/05 13:26:39 d2.utils.events]:  eta: 0:04:23  iter: 2919  total_loss: 0.1446  loss_cls: 0.01514  loss_box_reg: 0.03708  loss_mask: 0.09449  loss_rpn_cls: 6.336e-06  loss_rpn_loc: 0.001906    time: 0.1264  last_time: 0.1169  data_time: 0.0027  last_data_time: 0.0034   lr: 0.0005  max_mem: 1681M
[08/05 13:26:42 d2.utils.events]:  eta: 0:04:21  iter: 2939  total_loss: 0.1672  loss_cls: 0.01403  loss_box_reg: 0.0399  loss_mask: 0.111  loss_rpn_cls: 9.809e-06  loss_rpn_loc: 0.002474    time: 0.1264  last_time: 0.1243  data_time: 0.0026  last_data_time: 0.0023   lr: 0.0005  max_mem: 1681M
[08/05 13:26:44 d2.utils.events]:  eta: 0:04:18  iter: 2959  total_loss: 0.1608  loss_cls: 0.017  loss_box_reg: 0.03885  loss_mask: 0.1061  loss_rpn_cls: 1.438e-06  loss_rpn_loc: 0.001791    time: 0.1263  last_time: 0.1331  data_time: 0.0026  last_data_time: 0.0025   lr: 0.0005  max_mem: 1681M
[08/05 13:26:47 d2.utils.events]:  eta: 0:04:16  iter: 2979  total_loss: 0.1451  loss_cls: 0.01588  loss_box_reg: 0.04001  loss_mask: 0.09745  loss_rpn_cls: 6.159e-06  loss_rpn_loc: 0.002348    time: 0.1264  last_time: 0.1241  data_time: 0.0026  last_data_time: 0.0024   lr: 0.0005  max_mem: 1681M
[08/05 13:26:49 d2.utils.events]:  eta: 0:04:13  iter: 2999  total_loss: 0.174  loss_cls: 0.01688  loss_box_reg: 0.03952  loss_mask: 0.1155  loss_rpn_cls: 7.629e-06  loss_rpn_loc: 0.002056    time: 0.1264  last_time: 0.1142  data_time: 0.0027  last_data_time: 0.0024   lr: 0.0005  max_mem: 1681M
[08/05 13:26:49 d2.evaluation.coco_evaluation]: Fast COCO eval is not built. Falling back to official COCO eval.
[08/05 13:26:49 d2.data.datasets.coco]: Loaded 89 images in COCO format from /projects/PUCHALLA/LLP2024/tumor-segmentation/data/processed_data/rgb/test/images/test.json
[08/05 13:26:49 d2.data.dataset_mapper]: [DatasetMapper] Augmentations used in inference: [ResizeShortestEdge(short_edge_length=(800, 800), max_size=1333, sample_style='choice')]
[08/05 13:26:49 d2.data.common]: Serializing the dataset using: <class 'detectron2.data.common._TorchSerializedList'>
[08/05 13:26:49 d2.data.common]: Serializing 89 elements to byte tensors and concatenating them all ...
[08/05 13:26:49 d2.data.common]: Serialized dataset takes 0.07 MiB
[08/05 13:26:49 d2.evaluation.evaluator]: Start inference on 89 batches
[08/05 13:26:50 d2.evaluation.evaluator]: Inference done 11/89. Dataloading: 0.0006 s/iter. Inference: 0.0348 s/iter. Eval: 0.0004 s/iter. Total: 0.0358 s/iter. ETA=0:00:02
[08/05 13:26:53 d2.evaluation.evaluator]: Total inference time: 0:00:03.026362 (0.036028 s / iter per device, on 1 devices)
[08/05 13:26:53 d2.evaluation.evaluator]: Total inference pure compute time: 0:00:02 (0.034583 s / iter per device, on 1 devices)
[08/05 13:26:53 d2.evaluation.coco_evaluation]: Preparing results for COCO format ...
[08/05 13:26:53 d2.evaluation.coco_evaluation]: Saving results to ../../../../models/rgb-testing/AP-bug-fix-2-5000/coco_instances_results.json
[08/05 13:26:53 d2.evaluation.coco_evaluation]: Evaluating predictions with official COCO API...
Loading and preparing results...
DONE (t=0.00s)
creating index...
index created!
Running per image evaluation...
Evaluate annotation type *bbox*
DONE (t=0.02s).
Accumulating evaluation results...
DONE (t=0.01s).
 Average Precision  (AP) @[ IoU=0.50:0.95 | area=   all | maxDets=100 ] = 0.724
 Average Precision  (AP) @[ IoU=0.50      | area=   all | maxDets=100 ] = 0.943
 Average Precision  (AP) @[ IoU=0.75      | area=   all | maxDets=100 ] = 0.884
 Average Precision  (AP) @[ IoU=0.50:0.95 | area= small | maxDets=100 ] = -1.000
 Average Precision  (AP) @[ IoU=0.50:0.95 | area=medium | maxDets=100 ] = 0.572
 Average Precision  (AP) @[ IoU=0.50:0.95 | area= large | maxDets=100 ] = 0.744
 Average Recall     (AR) @[ IoU=0.50:0.95 | area=   all | maxDets=  1 ] = 0.769
 Average Recall     (AR) @[ IoU=0.50:0.95 | area=   all | maxDets= 10 ] = 0.772
 Average Recall     (AR) @[ IoU=0.50:0.95 | area=   all | maxDets=100 ] = 0.772
 Average Recall     (AR) @[ IoU=0.50:0.95 | area= small | maxDets=100 ] = -1.000
 Average Recall     (AR) @[ IoU=0.50:0.95 | area=medium | maxDets=100 ] = 0.590
 Average Recall     (AR) @[ IoU=0.50:0.95 | area= large | maxDets=100 ] = 0.795
[08/05 13:26:53 d2.evaluation.coco_evaluation]: Evaluation results for bbox: 
|   AP   |  AP50  |  AP75  |  APs  |  APm   |  APl   |
|:------:|:------:|:------:|:-----:|:------:|:------:|
| 72.434 | 94.260 | 88.388 |  nan  | 57.240 | 74.396 |
[08/05 13:26:53 d2.evaluation.coco_evaluation]: Some metrics cannot be computed and is shown as NaN.
Loading and preparing results...
DONE (t=0.00s)
creating index...
index created!
Running per image evaluation...
Evaluate annotation type *segm*
DONE (t=0.02s).
Accumulating evaluation results...
DONE (t=0.01s).
 Average Precision  (AP) @[ IoU=0.50:0.95 | area=   all | maxDets=100 ] = 0.727
 Average Precision  (AP) @[ IoU=0.50      | area=   all | maxDets=100 ] = 0.942
 Average Precision  (AP) @[ IoU=0.75      | area=   all | maxDets=100 ] = 0.884
 Average Precision  (AP) @[ IoU=0.50:0.95 | area= small | maxDets=100 ] = -1.000
 Average Precision  (AP) @[ IoU=0.50:0.95 | area=medium | maxDets=100 ] = 0.532
 Average Precision  (AP) @[ IoU=0.50:0.95 | area= large | maxDets=100 ] = 0.751
 Average Recall     (AR) @[ IoU=0.50:0.95 | area=   all | maxDets=  1 ] = 0.758
 Average Recall     (AR) @[ IoU=0.50:0.95 | area=   all | maxDets= 10 ] = 0.763
 Average Recall     (AR) @[ IoU=0.50:0.95 | area=   all | maxDets=100 ] = 0.763
 Average Recall     (AR) @[ IoU=0.50:0.95 | area= small | maxDets=100 ] = -1.000
 Average Recall     (AR) @[ IoU=0.50:0.95 | area=medium | maxDets=100 ] = 0.560
 Average Recall     (AR) @[ IoU=0.50:0.95 | area= large | maxDets=100 ] = 0.789
[08/05 13:26:53 d2.evaluation.coco_evaluation]: Evaluation results for segm: 
|   AP   |  AP50  |  AP75  |  APs  |  APm   |  APl   |
|:------:|:------:|:------:|:-----:|:------:|:------:|
| 72.729 | 94.247 | 88.388 |  nan  | 53.240 | 75.146 |
[08/05 13:26:53 d2.evaluation.coco_evaluation]: Some metrics cannot be computed and is shown as NaN.
[Iter 2 AP] → mAP@[.5:.95] = 72.729
[08/05 13:26:55 d2.utils.events]:  eta: 0:04:11  iter: 3019  total_loss: 0.1643  loss_cls: 0.01534  loss_box_reg: 0.04176  loss_mask: 0.1065  loss_rpn_cls: 3.16e-06  loss_rpn_loc: 0.00197    time: 0.1264  last_time: 0.1133  data_time: 0.0026  last_data_time: 0.0022   lr: 0.00025  max_mem: 1681M
[08/05 13:26:58 d2.utils.events]:  eta: 0:04:08  iter: 3039  total_loss: 0.1561  loss_cls: 0.01666  loss_box_reg: 0.04366  loss_mask: 0.09392  loss_rpn_cls: 1.105e-05  loss_rpn_loc: 0.001978    time: 0.1264  last_time: 0.1325  data_time: 0.0026  last_data_time: 0.0036   lr: 0.00025  max_mem: 1681M
[08/05 13:27:00 d2.utils.events]:  eta: 0:04:06  iter: 3059  total_loss: 0.1751  loss_cls: 0.01441  loss_box_reg: 0.04521  loss_mask: 0.1128  loss_rpn_cls: 6.905e-06  loss_rpn_loc: 0.001828    time: 0.1264  last_time: 0.1096  data_time: 0.0025  last_data_time: 0.0024   lr: 0.00025  max_mem: 1681M
[08/05 13:27:03 d2.utils.events]:  eta: 0:04:03  iter: 3079  total_loss: 0.1584  loss_cls: 0.01632  loss_box_reg: 0.03714  loss_mask: 0.1006  loss_rpn_cls: 2.333e-06  loss_rpn_loc: 0.001871    time: 0.1264  last_time: 0.1234  data_time: 0.0025  last_data_time: 0.0023   lr: 0.00025  max_mem: 1681M
[08/05 13:27:06 d2.utils.events]:  eta: 0:04:01  iter: 3099  total_loss: 0.1686  loss_cls: 0.01388  loss_box_reg: 0.04068  loss_mask: 0.1095  loss_rpn_cls: 9.517e-07  loss_rpn_loc: 0.001727    time: 0.1264  last_time: 0.1337  data_time: 0.0024  last_data_time: 0.0023   lr: 0.00025  max_mem: 1681M
[08/05 13:27:06 d2.evaluation.coco_evaluation]: Fast COCO eval is not built. Falling back to official COCO eval.
[08/05 13:27:06 d2.data.datasets.coco]: Loaded 89 images in COCO format from /projects/PUCHALLA/LLP2024/tumor-segmentation/data/processed_data/rgb/test/images/test.json
[08/05 13:27:06 d2.data.dataset_mapper]: [DatasetMapper] Augmentations used in inference: [ResizeShortestEdge(short_edge_length=(800, 800), max_size=1333, sample_style='choice')]
[08/05 13:27:06 d2.data.common]: Serializing the dataset using: <class 'detectron2.data.common._TorchSerializedList'>
[08/05 13:27:06 d2.data.common]: Serializing 89 elements to byte tensors and concatenating them all ...
[08/05 13:27:06 d2.data.common]: Serialized dataset takes 0.07 MiB
[08/05 13:27:06 d2.evaluation.evaluator]: Start inference on 89 batches
[08/05 13:27:06 d2.evaluation.evaluator]: Inference done 11/89. Dataloading: 0.0006 s/iter. Inference: 0.0345 s/iter. Eval: 0.0004 s/iter. Total: 0.0355 s/iter. ETA=0:00:02
[08/05 13:27:09 d2.evaluation.evaluator]: Total inference time: 0:00:03.023907 (0.035999 s / iter per device, on 1 devices)
[08/05 13:27:09 d2.evaluation.evaluator]: Total inference pure compute time: 0:00:02 (0.034556 s / iter per device, on 1 devices)
[08/05 13:27:09 d2.evaluation.coco_evaluation]: Preparing results for COCO format ...
[08/05 13:27:09 d2.evaluation.coco_evaluation]: Saving results to ../../../../models/rgb-testing/AP-bug-fix-2-5000/coco_instances_results.json
[08/05 13:27:09 d2.evaluation.coco_evaluation]: Evaluating predictions with official COCO API...
Loading and preparing results...
DONE (t=0.00s)
creating index...
index created!
Running per image evaluation...
Evaluate annotation type *bbox*
DONE (t=0.02s).
Accumulating evaluation results...
DONE (t=0.01s).
 Average Precision  (AP) @[ IoU=0.50:0.95 | area=   all | maxDets=100 ] = 0.724
 Average Precision  (AP) @[ IoU=0.50      | area=   all | maxDets=100 ] = 0.950
 Average Precision  (AP) @[ IoU=0.75      | area=   all | maxDets=100 ] = 0.899
 Average Precision  (AP) @[ IoU=0.50:0.95 | area= small | maxDets=100 ] = -1.000
 Average Precision  (AP) @[ IoU=0.50:0.95 | area=medium | maxDets=100 ] = 0.558
 Average Precision  (AP) @[ IoU=0.50:0.95 | area= large | maxDets=100 ] = 0.746
 Average Recall     (AR) @[ IoU=0.50:0.95 | area=   all | maxDets=  1 ] = 0.772
 Average Recall     (AR) @[ IoU=0.50:0.95 | area=   all | maxDets= 10 ] = 0.775
 Average Recall     (AR) @[ IoU=0.50:0.95 | area=   all | maxDets=100 ] = 0.775
 Average Recall     (AR) @[ IoU=0.50:0.95 | area= small | maxDets=100 ] = -1.000
 Average Recall     (AR) @[ IoU=0.50:0.95 | area=medium | maxDets=100 ] = 0.570
 Average Recall     (AR) @[ IoU=0.50:0.95 | area= large | maxDets=100 ] = 0.801
[08/05 13:27:09 d2.evaluation.coco_evaluation]: Evaluation results for bbox: 
|   AP   |  AP50  |  AP75  |  APs  |  APm   |  APl   |
|:------:|:------:|:------:|:-----:|:------:|:------:|
| 72.405 | 95.018 | 89.915 |  nan  | 55.798 | 74.611 |
[08/05 13:27:09 d2.evaluation.coco_evaluation]: Some metrics cannot be computed and is shown as NaN.
Loading and preparing results...
DONE (t=0.00s)
creating index...
index created!
Running per image evaluation...
Evaluate annotation type *segm*
DONE (t=0.02s).
Accumulating evaluation results...
DONE (t=0.01s).
 Average Precision  (AP) @[ IoU=0.50:0.95 | area=   all | maxDets=100 ] = 0.741
 Average Precision  (AP) @[ IoU=0.50      | area=   all | maxDets=100 ] = 0.950
 Average Precision  (AP) @[ IoU=0.75      | area=   all | maxDets=100 ] = 0.899
 Average Precision  (AP) @[ IoU=0.50:0.95 | area= small | maxDets=100 ] = -1.000
 Average Precision  (AP) @[ IoU=0.50:0.95 | area=medium | maxDets=100 ] = 0.584
 Average Precision  (AP) @[ IoU=0.50:0.95 | area= large | maxDets=100 ] = 0.761
 Average Recall     (AR) @[ IoU=0.50:0.95 | area=   all | maxDets=  1 ] = 0.779
 Average Recall     (AR) @[ IoU=0.50:0.95 | area=   all | maxDets= 10 ] = 0.783
 Average Recall     (AR) @[ IoU=0.50:0.95 | area=   all | maxDets=100 ] = 0.783
 Average Recall     (AR) @[ IoU=0.50:0.95 | area= small | maxDets=100 ] = -1.000
 Average Recall     (AR) @[ IoU=0.50:0.95 | area=medium | maxDets=100 ] = 0.590
 Average Recall     (AR) @[ IoU=0.50:0.95 | area= large | maxDets=100 ] = 0.808
[08/05 13:27:09 d2.evaluation.coco_evaluation]: Evaluation results for segm: 
|   AP   |  AP50  |  AP75  |  APs  |  APm   |  APl   |
|:------:|:------:|:------:|:-----:|:------:|:------:|
| 74.123 | 95.018 | 89.915 |  nan  | 58.356 | 76.134 |
[08/05 13:27:09 d2.evaluation.coco_evaluation]: Some metrics cannot be computed and is shown as NaN.
[Iter 2 AP] → mAP@[.5:.95] = 74.123
[08/05 13:27:11 d2.utils.events]:  eta: 0:03:58  iter: 3119  total_loss: 0.1474  loss_cls: 0.01572  loss_box_reg: 0.03871  loss_mask: 0.09359  loss_rpn_cls: 1.028e-05  loss_rpn_loc: 0.002357    time: 0.1264  last_time: 0.1272  data_time: 0.0026  last_data_time: 0.0023   lr: 0.00025  max_mem: 1681M
[08/05 13:27:14 d2.utils.events]:  eta: 0:03:56  iter: 3139  total_loss: 0.1633  loss_cls: 0.01749  loss_box_reg: 0.03923  loss_mask: 0.108  loss_rpn_cls: 1.003e-05  loss_rpn_loc: 0.001984    time: 0.1264  last_time: 0.1163  data_time: 0.0026  last_data_time: 0.0023   lr: 0.00025  max_mem: 1681M
[08/05 13:27:16 d2.utils.events]:  eta: 0:03:53  iter: 3159  total_loss: 0.1566  loss_cls: 0.01524  loss_box_reg: 0.03842  loss_mask: 0.09438  loss_rpn_cls: 2.709e-06  loss_rpn_loc: 0.002019    time: 0.1264  last_time: 0.1256  data_time: 0.0026  last_data_time: 0.0024   lr: 0.00025  max_mem: 1681M
[08/05 13:27:19 d2.utils.events]:  eta: 0:03:50  iter: 3179  total_loss: 0.1569  loss_cls: 0.01541  loss_box_reg: 0.04075  loss_mask: 0.0927  loss_rpn_cls: 4.936e-06  loss_rpn_loc: 0.001812    time: 0.1264  last_time: 0.1168  data_time: 0.0025  last_data_time: 0.0024   lr: 0.00025  max_mem: 1681M
[08/05 13:27:22 d2.utils.events]:  eta: 0:03:48  iter: 3199  total_loss: 0.1616  loss_cls: 0.01596  loss_box_reg: 0.03782  loss_mask: 0.1066  loss_rpn_cls: 2.092e-06  loss_rpn_loc: 0.001826    time: 0.1264  last_time: 0.1347  data_time: 0.0026  last_data_time: 0.0024   lr: 0.00025  max_mem: 1681M
[08/05 13:27:22 d2.evaluation.coco_evaluation]: Fast COCO eval is not built. Falling back to official COCO eval.
[08/05 13:27:22 d2.data.datasets.coco]: Loaded 89 images in COCO format from /projects/PUCHALLA/LLP2024/tumor-segmentation/data/processed_data/rgb/test/images/test.json
[08/05 13:27:22 d2.data.dataset_mapper]: [DatasetMapper] Augmentations used in inference: [ResizeShortestEdge(short_edge_length=(800, 800), max_size=1333, sample_style='choice')]
[08/05 13:27:22 d2.data.common]: Serializing the dataset using: <class 'detectron2.data.common._TorchSerializedList'>
[08/05 13:27:22 d2.data.common]: Serializing 89 elements to byte tensors and concatenating them all ...
[08/05 13:27:22 d2.data.common]: Serialized dataset takes 0.07 MiB
[08/05 13:27:22 d2.evaluation.evaluator]: Start inference on 89 batches
[08/05 13:27:22 d2.evaluation.evaluator]: Inference done 11/89. Dataloading: 0.0007 s/iter. Inference: 0.0345 s/iter. Eval: 0.0004 s/iter. Total: 0.0355 s/iter. ETA=0:00:02
[08/05 13:27:25 d2.evaluation.evaluator]: Total inference time: 0:00:03.029377 (0.036064 s / iter per device, on 1 devices)
[08/05 13:27:25 d2.evaluation.evaluator]: Total inference pure compute time: 0:00:02 (0.034592 s / iter per device, on 1 devices)
[08/05 13:27:25 d2.evaluation.coco_evaluation]: Preparing results for COCO format ...
[08/05 13:27:25 d2.evaluation.coco_evaluation]: Saving results to ../../../../models/rgb-testing/AP-bug-fix-2-5000/coco_instances_results.json
[08/05 13:27:25 d2.evaluation.coco_evaluation]: Evaluating predictions with official COCO API...
Loading and preparing results...
DONE (t=0.00s)
creating index...
index created!
Running per image evaluation...
Evaluate annotation type *bbox*
DONE (t=0.02s).
Accumulating evaluation results...
DONE (t=0.01s).
 Average Precision  (AP) @[ IoU=0.50:0.95 | area=   all | maxDets=100 ] = 0.738
 Average Precision  (AP) @[ IoU=0.50      | area=   all | maxDets=100 ] = 0.945
 Average Precision  (AP) @[ IoU=0.75      | area=   all | maxDets=100 ] = 0.903
 Average Precision  (AP) @[ IoU=0.50:0.95 | area= small | maxDets=100 ] = -1.000
 Average Precision  (AP) @[ IoU=0.50:0.95 | area=medium | maxDets=100 ] = 0.551
 Average Precision  (AP) @[ IoU=0.50:0.95 | area= large | maxDets=100 ] = 0.761
 Average Recall     (AR) @[ IoU=0.50:0.95 | area=   all | maxDets=  1 ] = 0.775
 Average Recall     (AR) @[ IoU=0.50:0.95 | area=   all | maxDets= 10 ] = 0.780
 Average Recall     (AR) @[ IoU=0.50:0.95 | area=   all | maxDets=100 ] = 0.780
 Average Recall     (AR) @[ IoU=0.50:0.95 | area= small | maxDets=100 ] = -1.000
 Average Recall     (AR) @[ IoU=0.50:0.95 | area=medium | maxDets=100 ] = 0.580
 Average Recall     (AR) @[ IoU=0.50:0.95 | area= large | maxDets=100 ] = 0.805
[08/05 13:27:25 d2.evaluation.coco_evaluation]: Evaluation results for bbox: 
|   AP   |  AP50  |  AP75  |  APs  |  APm   |  APl   |
|:------:|:------:|:------:|:-----:|:------:|:------:|
| 73.816 | 94.496 | 90.330 |  nan  | 55.140 | 76.128 |
[08/05 13:27:25 d2.evaluation.coco_evaluation]: Some metrics cannot be computed and is shown as NaN.
Loading and preparing results...
DONE (t=0.00s)
creating index...
index created!
Running per image evaluation...
Evaluate annotation type *segm*
DONE (t=0.02s).
Accumulating evaluation results...
DONE (t=0.01s).
 Average Precision  (AP) @[ IoU=0.50:0.95 | area=   all | maxDets=100 ] = 0.752
 Average Precision  (AP) @[ IoU=0.50      | area=   all | maxDets=100 ] = 0.945
 Average Precision  (AP) @[ IoU=0.75      | area=   all | maxDets=100 ] = 0.884
 Average Precision  (AP) @[ IoU=0.50:0.95 | area= small | maxDets=100 ] = -1.000
 Average Precision  (AP) @[ IoU=0.50:0.95 | area=medium | maxDets=100 ] = 0.557
 Average Precision  (AP) @[ IoU=0.50:0.95 | area= large | maxDets=100 ] = 0.776
 Average Recall     (AR) @[ IoU=0.50:0.95 | area=   all | maxDets=  1 ] = 0.785
 Average Recall     (AR) @[ IoU=0.50:0.95 | area=   all | maxDets= 10 ] = 0.789
 Average Recall     (AR) @[ IoU=0.50:0.95 | area=   all | maxDets=100 ] = 0.789
 Average Recall     (AR) @[ IoU=0.50:0.95 | area= small | maxDets=100 ] = -1.000
 Average Recall     (AR) @[ IoU=0.50:0.95 | area=medium | maxDets=100 ] = 0.590
 Average Recall     (AR) @[ IoU=0.50:0.95 | area= large | maxDets=100 ] = 0.814
[08/05 13:27:25 d2.evaluation.coco_evaluation]: Evaluation results for segm: 
|   AP   |  AP50  |  AP75  |  APs  |  APm   |  APl   |
|:------:|:------:|:------:|:-----:|:------:|:------:|
| 75.161 | 94.496 | 88.406 |  nan  | 55.656 | 77.564 |
[08/05 13:27:25 d2.evaluation.coco_evaluation]: Some metrics cannot be computed and is shown as NaN.
[Iter 2 AP] → mAP@[.5:.95] = 75.161
[08/05 13:27:27 d2.utils.events]:  eta: 0:03:45  iter: 3219  total_loss: 0.1586  loss_cls: 0.01418  loss_box_reg: 0.03603  loss_mask: 0.09684  loss_rpn_cls: 2.09e-06  loss_rpn_loc: 0.002032    time: 0.1264  last_time: 0.1174  data_time: 0.0025  last_data_time: 0.0023   lr: 0.00025  max_mem: 1681M
[08/05 13:27:30 d2.utils.events]:  eta: 0:03:43  iter: 3239  total_loss: 0.1395  loss_cls: 0.0165  loss_box_reg: 0.04043  loss_mask: 0.08739  loss_rpn_cls: 3.54e-06  loss_rpn_loc: 0.00211    time: 0.1264  last_time: 0.1374  data_time: 0.0024  last_data_time: 0.0023   lr: 0.00025  max_mem: 1681M
[08/05 13:27:32 d2.utils.events]:  eta: 0:03:40  iter: 3259  total_loss: 0.1493  loss_cls: 0.01392  loss_box_reg: 0.03714  loss_mask: 0.09558  loss_rpn_cls: 1.118e-05  loss_rpn_loc: 0.001698    time: 0.1264  last_time: 0.1264  data_time: 0.0025  last_data_time: 0.0024   lr: 0.00025  max_mem: 1681M
[08/05 13:27:35 d2.utils.events]:  eta: 0:03:38  iter: 3279  total_loss: 0.1607  loss_cls: 0.01525  loss_box_reg: 0.03629  loss_mask: 0.1034  loss_rpn_cls: 4.872e-06  loss_rpn_loc: 0.001755    time: 0.1264  last_time: 0.1082  data_time: 0.0025  last_data_time: 0.0024   lr: 0.00025  max_mem: 1681M
[08/05 13:27:38 d2.utils.events]:  eta: 0:03:35  iter: 3299  total_loss: 0.1442  loss_cls: 0.01676  loss_box_reg: 0.03574  loss_mask: 0.1005  loss_rpn_cls: 1.089e-05  loss_rpn_loc: 0.001817    time: 0.1264  last_time: 0.1246  data_time: 0.0024  last_data_time: 0.0023   lr: 0.00025  max_mem: 1681M
[08/05 13:27:38 d2.evaluation.coco_evaluation]: Fast COCO eval is not built. Falling back to official COCO eval.
[08/05 13:27:38 d2.data.datasets.coco]: Loaded 89 images in COCO format from /projects/PUCHALLA/LLP2024/tumor-segmentation/data/processed_data/rgb/test/images/test.json
[08/05 13:27:38 d2.data.dataset_mapper]: [DatasetMapper] Augmentations used in inference: [ResizeShortestEdge(short_edge_length=(800, 800), max_size=1333, sample_style='choice')]
[08/05 13:27:38 d2.data.common]: Serializing the dataset using: <class 'detectron2.data.common._TorchSerializedList'>
[08/05 13:27:38 d2.data.common]: Serializing 89 elements to byte tensors and concatenating them all ...
[08/05 13:27:38 d2.data.common]: Serialized dataset takes 0.07 MiB
[08/05 13:27:38 d2.evaluation.evaluator]: Start inference on 89 batches
[08/05 13:27:38 d2.evaluation.evaluator]: Inference done 11/89. Dataloading: 0.0006 s/iter. Inference: 0.0349 s/iter. Eval: 0.0004 s/iter. Total: 0.0359 s/iter. ETA=0:00:02
[08/05 13:27:41 d2.evaluation.evaluator]: Total inference time: 0:00:03.074280 (0.036599 s / iter per device, on 1 devices)
[08/05 13:27:41 d2.evaluation.evaluator]: Total inference pure compute time: 0:00:02 (0.035125 s / iter per device, on 1 devices)
[08/05 13:27:41 d2.evaluation.coco_evaluation]: Preparing results for COCO format ...
[08/05 13:27:41 d2.evaluation.coco_evaluation]: Saving results to ../../../../models/rgb-testing/AP-bug-fix-2-5000/coco_instances_results.json
[08/05 13:27:41 d2.evaluation.coco_evaluation]: Evaluating predictions with official COCO API...
Loading and preparing results...
DONE (t=0.00s)
creating index...
index created!
Running per image evaluation...
Evaluate annotation type *bbox*
DONE (t=0.02s).
Accumulating evaluation results...
DONE (t=0.01s).
 Average Precision  (AP) @[ IoU=0.50:0.95 | area=   all | maxDets=100 ] = 0.755
 Average Precision  (AP) @[ IoU=0.50      | area=   all | maxDets=100 ] = 0.955
 Average Precision  (AP) @[ IoU=0.75      | area=   all | maxDets=100 ] = 0.913
 Average Precision  (AP) @[ IoU=0.50:0.95 | area= small | maxDets=100 ] = -1.000
 Average Precision  (AP) @[ IoU=0.50:0.95 | area=medium | maxDets=100 ] = 0.571
 Average Precision  (AP) @[ IoU=0.50:0.95 | area= large | maxDets=100 ] = 0.777
 Average Recall     (AR) @[ IoU=0.50:0.95 | area=   all | maxDets=  1 ] = 0.790
 Average Recall     (AR) @[ IoU=0.50:0.95 | area=   all | maxDets= 10 ] = 0.793
 Average Recall     (AR) @[ IoU=0.50:0.95 | area=   all | maxDets=100 ] = 0.793
 Average Recall     (AR) @[ IoU=0.50:0.95 | area= small | maxDets=100 ] = -1.000
 Average Recall     (AR) @[ IoU=0.50:0.95 | area=medium | maxDets=100 ] = 0.580
 Average Recall     (AR) @[ IoU=0.50:0.95 | area= large | maxDets=100 ] = 0.820
[08/05 13:27:41 d2.evaluation.coco_evaluation]: Evaluation results for bbox: 
|   AP   |  AP50  |  AP75  |  APs  |  APm   |  APl   |
|:------:|:------:|:------:|:-----:|:------:|:------:|
| 75.524 | 95.472 | 91.333 |  nan  | 57.067 | 77.736 |
[08/05 13:27:41 d2.evaluation.coco_evaluation]: Some metrics cannot be computed and is shown as NaN.
Loading and preparing results...
DONE (t=0.00s)
creating index...
index created!
Running per image evaluation...
Evaluate annotation type *segm*
DONE (t=0.02s).
Accumulating evaluation results...
DONE (t=0.01s).
 Average Precision  (AP) @[ IoU=0.50:0.95 | area=   all | maxDets=100 ] = 0.755
 Average Precision  (AP) @[ IoU=0.50      | area=   all | maxDets=100 ] = 0.955
 Average Precision  (AP) @[ IoU=0.75      | area=   all | maxDets=100 ] = 0.924
 Average Precision  (AP) @[ IoU=0.50:0.95 | area= small | maxDets=100 ] = -1.000
 Average Precision  (AP) @[ IoU=0.50:0.95 | area=medium | maxDets=100 ] = 0.581
 Average Precision  (AP) @[ IoU=0.50:0.95 | area= large | maxDets=100 ] = 0.778
 Average Recall     (AR) @[ IoU=0.50:0.95 | area=   all | maxDets=  1 ] = 0.791
 Average Recall     (AR) @[ IoU=0.50:0.95 | area=   all | maxDets= 10 ] = 0.794
 Average Recall     (AR) @[ IoU=0.50:0.95 | area=   all | maxDets=100 ] = 0.794
 Average Recall     (AR) @[ IoU=0.50:0.95 | area= small | maxDets=100 ] = -1.000
 Average Recall     (AR) @[ IoU=0.50:0.95 | area=medium | maxDets=100 ] = 0.590
 Average Recall     (AR) @[ IoU=0.50:0.95 | area= large | maxDets=100 ] = 0.820
[08/05 13:27:41 d2.evaluation.coco_evaluation]: Evaluation results for segm: 
|   AP   |  AP50  |  AP75  |  APs  |  APm   |  APl   |
|:------:|:------:|:------:|:-----:|:------:|:------:|
| 75.507 | 95.472 | 92.405 |  nan  | 58.144 | 77.820 |
[08/05 13:27:41 d2.evaluation.coco_evaluation]: Some metrics cannot be computed and is shown as NaN.
[Iter 2 AP] → mAP@[.5:.95] = 75.507
[08/05 13:27:43 d2.utils.events]:  eta: 0:03:32  iter: 3319  total_loss: 0.1857  loss_cls: 0.01819  loss_box_reg: 0.04551  loss_mask: 0.1154  loss_rpn_cls: 3.603e-06  loss_rpn_loc: 0.001791    time: 0.1264  last_time: 0.1261  data_time: 0.0026  last_data_time: 0.0024   lr: 0.00025  max_mem: 1681M
[08/05 13:27:46 d2.utils.events]:  eta: 0:03:30  iter: 3339  total_loss: 0.1671  loss_cls: 0.01704  loss_box_reg: 0.03908  loss_mask: 0.1065  loss_rpn_cls: 9.302e-06  loss_rpn_loc: 0.002192    time: 0.1264  last_time: 0.1364  data_time: 0.0025  last_data_time: 0.0024   lr: 0.00025  max_mem: 1681M
[08/05 13:27:49 d2.utils.events]:  eta: 0:03:27  iter: 3359  total_loss: 0.1573  loss_cls: 0.01861  loss_box_reg: 0.03878  loss_mask: 0.09745  loss_rpn_cls: 2.605e-06  loss_rpn_loc: 0.00164    time: 0.1264  last_time: 0.1259  data_time: 0.0027  last_data_time: 0.0022   lr: 0.00025  max_mem: 1681M
[08/05 13:27:51 d2.utils.events]:  eta: 0:03:25  iter: 3379  total_loss: 0.1435  loss_cls: 0.01453  loss_box_reg: 0.03526  loss_mask: 0.09182  loss_rpn_cls: 2.547e-05  loss_rpn_loc: 0.00197    time: 0.1264  last_time: 0.1257  data_time: 0.0026  last_data_time: 0.0023   lr: 0.00025  max_mem: 1681M
[08/05 13:27:54 d2.utils.events]:  eta: 0:03:22  iter: 3399  total_loss: 0.1539  loss_cls: 0.01506  loss_box_reg: 0.03851  loss_mask: 0.1002  loss_rpn_cls: 3.354e-06  loss_rpn_loc: 0.001681    time: 0.1264  last_time: 0.1248  data_time: 0.0027  last_data_time: 0.0025   lr: 0.00025  max_mem: 1681M
[08/05 13:27:54 d2.evaluation.coco_evaluation]: Fast COCO eval is not built. Falling back to official COCO eval.
[08/05 13:27:54 d2.data.datasets.coco]: Loaded 89 images in COCO format from /projects/PUCHALLA/LLP2024/tumor-segmentation/data/processed_data/rgb/test/images/test.json
[08/05 13:27:54 d2.data.dataset_mapper]: [DatasetMapper] Augmentations used in inference: [ResizeShortestEdge(short_edge_length=(800, 800), max_size=1333, sample_style='choice')]
[08/05 13:27:54 d2.data.common]: Serializing the dataset using: <class 'detectron2.data.common._TorchSerializedList'>
[08/05 13:27:54 d2.data.common]: Serializing 89 elements to byte tensors and concatenating them all ...
[08/05 13:27:54 d2.data.common]: Serialized dataset takes 0.07 MiB
[08/05 13:27:54 d2.evaluation.evaluator]: Start inference on 89 batches
[08/05 13:27:54 d2.evaluation.evaluator]: Inference done 11/89. Dataloading: 0.0007 s/iter. Inference: 0.0352 s/iter. Eval: 0.0004 s/iter. Total: 0.0362 s/iter. ETA=0:00:02
[08/05 13:27:57 d2.evaluation.evaluator]: Total inference time: 0:00:03.079364 (0.036659 s / iter per device, on 1 devices)
[08/05 13:27:57 d2.evaluation.evaluator]: Total inference pure compute time: 0:00:02 (0.035186 s / iter per device, on 1 devices)
[08/05 13:27:57 d2.evaluation.coco_evaluation]: Preparing results for COCO format ...
[08/05 13:27:57 d2.evaluation.coco_evaluation]: Saving results to ../../../../models/rgb-testing/AP-bug-fix-2-5000/coco_instances_results.json
[08/05 13:27:57 d2.evaluation.coco_evaluation]: Evaluating predictions with official COCO API...
Loading and preparing results...
DONE (t=0.00s)
creating index...
index created!
Running per image evaluation...
Evaluate annotation type *bbox*
DONE (t=0.02s).
Accumulating evaluation results...
DONE (t=0.01s).
 Average Precision  (AP) @[ IoU=0.50:0.95 | area=   all | maxDets=100 ] = 0.755
 Average Precision  (AP) @[ IoU=0.50      | area=   all | maxDets=100 ] = 0.956
 Average Precision  (AP) @[ IoU=0.75      | area=   all | maxDets=100 ] = 0.916
 Average Precision  (AP) @[ IoU=0.50:0.95 | area= small | maxDets=100 ] = -1.000
 Average Precision  (AP) @[ IoU=0.50:0.95 | area=medium | maxDets=100 ] = 0.569
 Average Precision  (AP) @[ IoU=0.50:0.95 | area= large | maxDets=100 ] = 0.777
 Average Recall     (AR) @[ IoU=0.50:0.95 | area=   all | maxDets=  1 ] = 0.791
 Average Recall     (AR) @[ IoU=0.50:0.95 | area=   all | maxDets= 10 ] = 0.794
 Average Recall     (AR) @[ IoU=0.50:0.95 | area=   all | maxDets=100 ] = 0.794
 Average Recall     (AR) @[ IoU=0.50:0.95 | area= small | maxDets=100 ] = -1.000
 Average Recall     (AR) @[ IoU=0.50:0.95 | area=medium | maxDets=100 ] = 0.580
 Average Recall     (AR) @[ IoU=0.50:0.95 | area= large | maxDets=100 ] = 0.822
[08/05 13:27:57 d2.evaluation.coco_evaluation]: Evaluation results for bbox: 
|   AP   |  AP50  |  AP75  |  APs  |  APm   |  APl   |
|:------:|:------:|:------:|:-----:|:------:|:------:|
| 75.484 | 95.552 | 91.573 |  nan  | 56.918 | 77.657 |
[08/05 13:27:57 d2.evaluation.coco_evaluation]: Some metrics cannot be computed and is shown as NaN.
Loading and preparing results...
DONE (t=0.00s)
creating index...
index created!
Running per image evaluation...
Evaluate annotation type *segm*
DONE (t=0.02s).
Accumulating evaluation results...
DONE (t=0.01s).
 Average Precision  (AP) @[ IoU=0.50:0.95 | area=   all | maxDets=100 ] = 0.761
 Average Precision  (AP) @[ IoU=0.50      | area=   all | maxDets=100 ] = 0.956
 Average Precision  (AP) @[ IoU=0.75      | area=   all | maxDets=100 ] = 0.905
 Average Precision  (AP) @[ IoU=0.50:0.95 | area= small | maxDets=100 ] = -1.000
 Average Precision  (AP) @[ IoU=0.50:0.95 | area=medium | maxDets=100 ] = 0.571
 Average Precision  (AP) @[ IoU=0.50:0.95 | area= large | maxDets=100 ] = 0.783
 Average Recall     (AR) @[ IoU=0.50:0.95 | area=   all | maxDets=  1 ] = 0.789
 Average Recall     (AR) @[ IoU=0.50:0.95 | area=   all | maxDets= 10 ] = 0.792
 Average Recall     (AR) @[ IoU=0.50:0.95 | area=   all | maxDets=100 ] = 0.792
 Average Recall     (AR) @[ IoU=0.50:0.95 | area= small | maxDets=100 ] = -1.000
 Average Recall     (AR) @[ IoU=0.50:0.95 | area=medium | maxDets=100 ] = 0.580
 Average Recall     (AR) @[ IoU=0.50:0.95 | area= large | maxDets=100 ] = 0.819
[08/05 13:27:57 d2.evaluation.coco_evaluation]: Evaluation results for segm: 
|   AP   |  AP50  |  AP75  |  APs  |  APm   |  APl   |
|:------:|:------:|:------:|:-----:|:------:|:------:|
| 76.076 | 95.552 | 90.548 |  nan  | 57.075 | 78.317 |
[08/05 13:27:57 d2.evaluation.coco_evaluation]: Some metrics cannot be computed and is shown as NaN.
[Iter 2 AP] → mAP@[.5:.95] = 76.076
[08/05 13:28:00 d2.utils.events]:  eta: 0:03:20  iter: 3419  total_loss: 0.1473  loss_cls: 0.01593  loss_box_reg: 0.03871  loss_mask: 0.08582  loss_rpn_cls: 1.843e-05  loss_rpn_loc: 0.00175    time: 0.1264  last_time: 0.1351  data_time: 0.0026  last_data_time: 0.0023   lr: 0.00025  max_mem: 1681M
[08/05 13:28:02 d2.utils.events]:  eta: 0:03:17  iter: 3439  total_loss: 0.1502  loss_cls: 0.01341  loss_box_reg: 0.03818  loss_mask: 0.09839  loss_rpn_cls: 6.445e-06  loss_rpn_loc: 0.002021    time: 0.1264  last_time: 0.1353  data_time: 0.0026  last_data_time: 0.0024   lr: 0.00025  max_mem: 1681M
[08/05 13:28:05 d2.utils.events]:  eta: 0:03:14  iter: 3459  total_loss: 0.1357  loss_cls: 0.01256  loss_box_reg: 0.03306  loss_mask: 0.09198  loss_rpn_cls: 2.516e-06  loss_rpn_loc: 0.00148    time: 0.1264  last_time: 0.1189  data_time: 0.0026  last_data_time: 0.0035   lr: 0.00025  max_mem: 1681M
[08/05 13:28:07 d2.utils.events]:  eta: 0:03:12  iter: 3479  total_loss: 0.1842  loss_cls: 0.01959  loss_box_reg: 0.04668  loss_mask: 0.1121  loss_rpn_cls: 2.851e-06  loss_rpn_loc: 0.002379    time: 0.1264  last_time: 0.1332  data_time: 0.0026  last_data_time: 0.0024   lr: 0.00025  max_mem: 1681M
[08/05 13:28:10 d2.utils.events]:  eta: 0:03:10  iter: 3499  total_loss: 0.1668  loss_cls: 0.01624  loss_box_reg: 0.04043  loss_mask: 0.1104  loss_rpn_cls: 1.117e-05  loss_rpn_loc: 0.001688    time: 0.1264  last_time: 0.1373  data_time: 0.0028  last_data_time: 0.0024   lr: 0.00025  max_mem: 1681M
[08/05 13:28:10 d2.evaluation.coco_evaluation]: Fast COCO eval is not built. Falling back to official COCO eval.
[08/05 13:28:10 d2.data.datasets.coco]: Loaded 89 images in COCO format from /projects/PUCHALLA/LLP2024/tumor-segmentation/data/processed_data/rgb/test/images/test.json
[08/05 13:28:10 d2.data.dataset_mapper]: [DatasetMapper] Augmentations used in inference: [ResizeShortestEdge(short_edge_length=(800, 800), max_size=1333, sample_style='choice')]
[08/05 13:28:10 d2.data.common]: Serializing the dataset using: <class 'detectron2.data.common._TorchSerializedList'>
[08/05 13:28:10 d2.data.common]: Serializing 89 elements to byte tensors and concatenating them all ...
[08/05 13:28:10 d2.data.common]: Serialized dataset takes 0.07 MiB
[08/05 13:28:10 d2.evaluation.evaluator]: Start inference on 89 batches
[08/05 13:28:10 d2.evaluation.evaluator]: Inference done 11/89. Dataloading: 0.0006 s/iter. Inference: 0.0347 s/iter. Eval: 0.0004 s/iter. Total: 0.0357 s/iter. ETA=0:00:02
[08/05 13:28:13 d2.evaluation.evaluator]: Total inference time: 0:00:03.025264 (0.036015 s / iter per device, on 1 devices)
[08/05 13:28:13 d2.evaluation.evaluator]: Total inference pure compute time: 0:00:02 (0.034560 s / iter per device, on 1 devices)
[08/05 13:28:13 d2.evaluation.coco_evaluation]: Preparing results for COCO format ...
[08/05 13:28:13 d2.evaluation.coco_evaluation]: Saving results to ../../../../models/rgb-testing/AP-bug-fix-2-5000/coco_instances_results.json
[08/05 13:28:13 d2.evaluation.coco_evaluation]: Evaluating predictions with official COCO API...
Loading and preparing results...
DONE (t=0.00s)
creating index...
index created!
Running per image evaluation...
Evaluate annotation type *bbox*
DONE (t=0.01s).
Accumulating evaluation results...
DONE (t=0.01s).
 Average Precision  (AP) @[ IoU=0.50:0.95 | area=   all | maxDets=100 ] = 0.731
 Average Precision  (AP) @[ IoU=0.50      | area=   all | maxDets=100 ] = 0.953
 Average Precision  (AP) @[ IoU=0.75      | area=   all | maxDets=100 ] = 0.912
 Average Precision  (AP) @[ IoU=0.50:0.95 | area= small | maxDets=100 ] = -1.000
 Average Precision  (AP) @[ IoU=0.50:0.95 | area=medium | maxDets=100 ] = 0.573
 Average Precision  (AP) @[ IoU=0.50:0.95 | area= large | maxDets=100 ] = 0.752
 Average Recall     (AR) @[ IoU=0.50:0.95 | area=   all | maxDets=  1 ] = 0.772
 Average Recall     (AR) @[ IoU=0.50:0.95 | area=   all | maxDets= 10 ] = 0.775
 Average Recall     (AR) @[ IoU=0.50:0.95 | area=   all | maxDets=100 ] = 0.775
 Average Recall     (AR) @[ IoU=0.50:0.95 | area= small | maxDets=100 ] = -1.000
 Average Recall     (AR) @[ IoU=0.50:0.95 | area=medium | maxDets=100 ] = 0.580
 Average Recall     (AR) @[ IoU=0.50:0.95 | area= large | maxDets=100 ] = 0.800
[08/05 13:28:13 d2.evaluation.coco_evaluation]: Evaluation results for bbox: 
|   AP   |  AP50  |  AP75  |  APs  |  APm   |  APl   |
|:------:|:------:|:------:|:-----:|:------:|:------:|
| 73.096 | 95.295 | 91.210 |  nan  | 57.309 | 75.235 |
[08/05 13:28:13 d2.evaluation.coco_evaluation]: Some metrics cannot be computed and is shown as NaN.
Loading and preparing results...
DONE (t=0.00s)
creating index...
index created!
Running per image evaluation...
Evaluate annotation type *segm*
DONE (t=0.02s).
Accumulating evaluation results...
DONE (t=0.01s).
 Average Precision  (AP) @[ IoU=0.50:0.95 | area=   all | maxDets=100 ] = 0.755
 Average Precision  (AP) @[ IoU=0.50      | area=   all | maxDets=100 ] = 0.953
 Average Precision  (AP) @[ IoU=0.75      | area=   all | maxDets=100 ] = 0.903
 Average Precision  (AP) @[ IoU=0.50:0.95 | area= small | maxDets=100 ] = -1.000
 Average Precision  (AP) @[ IoU=0.50:0.95 | area=medium | maxDets=100 ] = 0.584
 Average Precision  (AP) @[ IoU=0.50:0.95 | area= large | maxDets=100 ] = 0.778
 Average Recall     (AR) @[ IoU=0.50:0.95 | area=   all | maxDets=  1 ] = 0.789
 Average Recall     (AR) @[ IoU=0.50:0.95 | area=   all | maxDets= 10 ] = 0.792
 Average Recall     (AR) @[ IoU=0.50:0.95 | area=   all | maxDets=100 ] = 0.792
 Average Recall     (AR) @[ IoU=0.50:0.95 | area= small | maxDets=100 ] = -1.000
 Average Recall     (AR) @[ IoU=0.50:0.95 | area=medium | maxDets=100 ] = 0.590
 Average Recall     (AR) @[ IoU=0.50:0.95 | area= large | maxDets=100 ] = 0.818
[08/05 13:28:13 d2.evaluation.coco_evaluation]: Evaluation results for segm: 
|   AP   |  AP50  |  AP75  |  APs  |  APm   |  APl   |
|:------:|:------:|:------:|:-----:|:------:|:------:|
| 75.534 | 95.295 | 90.264 |  nan  | 58.399 | 77.841 |
[08/05 13:28:13 d2.evaluation.coco_evaluation]: Some metrics cannot be computed and is shown as NaN.
[Iter 2 AP] → mAP@[.5:.95] = 75.534
[08/05 13:28:16 d2.utils.events]:  eta: 0:03:07  iter: 3519  total_loss: 0.1698  loss_cls: 0.01466  loss_box_reg: 0.04204  loss_mask: 0.1073  loss_rpn_cls: 7.505e-06  loss_rpn_loc: 0.00201    time: 0.1265  last_time: 0.1210  data_time: 0.0026  last_data_time: 0.0024   lr: 0.00025  max_mem: 1681M
[08/05 13:28:18 d2.utils.events]:  eta: 0:03:04  iter: 3539  total_loss: 0.1487  loss_cls: 0.01508  loss_box_reg: 0.03392  loss_mask: 0.0929  loss_rpn_cls: 2.878e-05  loss_rpn_loc: 0.001762    time: 0.1265  last_time: 0.1350  data_time: 0.0027  last_data_time: 0.0024   lr: 0.00025  max_mem: 1681M
[08/05 13:28:21 d2.utils.events]:  eta: 0:03:02  iter: 3559  total_loss: 0.1395  loss_cls: 0.01327  loss_box_reg: 0.03304  loss_mask: 0.09104  loss_rpn_cls: 3.082e-06  loss_rpn_loc: 0.00206    time: 0.1265  last_time: 0.1359  data_time: 0.0025  last_data_time: 0.0035   lr: 0.00025  max_mem: 1681M
[08/05 13:28:23 d2.utils.events]:  eta: 0:02:59  iter: 3579  total_loss: 0.1579  loss_cls: 0.01626  loss_box_reg: 0.03859  loss_mask: 0.09455  loss_rpn_cls: 3.704e-06  loss_rpn_loc: 0.001755    time: 0.1265  last_time: 0.1342  data_time: 0.0024  last_data_time: 0.0024   lr: 0.00025  max_mem: 1681M
[08/05 13:28:26 d2.utils.events]:  eta: 0:02:57  iter: 3599  total_loss: 0.1499  loss_cls: 0.01379  loss_box_reg: 0.03694  loss_mask: 0.1005  loss_rpn_cls: 1.477e-06  loss_rpn_loc: 0.002307    time: 0.1265  last_time: 0.1252  data_time: 0.0028  last_data_time: 0.0034   lr: 0.00025  max_mem: 1681M
[08/05 13:28:26 d2.evaluation.coco_evaluation]: Fast COCO eval is not built. Falling back to official COCO eval.
[08/05 13:28:26 d2.data.datasets.coco]: Loaded 89 images in COCO format from /projects/PUCHALLA/LLP2024/tumor-segmentation/data/processed_data/rgb/test/images/test.json
[08/05 13:28:26 d2.data.dataset_mapper]: [DatasetMapper] Augmentations used in inference: [ResizeShortestEdge(short_edge_length=(800, 800), max_size=1333, sample_style='choice')]
[08/05 13:28:26 d2.data.common]: Serializing the dataset using: <class 'detectron2.data.common._TorchSerializedList'>
[08/05 13:28:26 d2.data.common]: Serializing 89 elements to byte tensors and concatenating them all ...
[08/05 13:28:26 d2.data.common]: Serialized dataset takes 0.07 MiB
[08/05 13:28:26 d2.evaluation.evaluator]: Start inference on 89 batches
[08/05 13:28:27 d2.evaluation.evaluator]: Inference done 11/89. Dataloading: 0.0007 s/iter. Inference: 0.0353 s/iter. Eval: 0.0004 s/iter. Total: 0.0364 s/iter. ETA=0:00:02
[08/05 13:28:29 d2.evaluation.evaluator]: Total inference time: 0:00:03.022425 (0.035981 s / iter per device, on 1 devices)
[08/05 13:28:29 d2.evaluation.evaluator]: Total inference pure compute time: 0:00:02 (0.034504 s / iter per device, on 1 devices)
[08/05 13:28:29 d2.evaluation.coco_evaluation]: Preparing results for COCO format ...
[08/05 13:28:29 d2.evaluation.coco_evaluation]: Saving results to ../../../../models/rgb-testing/AP-bug-fix-2-5000/coco_instances_results.json
[08/05 13:28:29 d2.evaluation.coco_evaluation]: Evaluating predictions with official COCO API...
Loading and preparing results...
DONE (t=0.00s)
creating index...
index created!
Running per image evaluation...
Evaluate annotation type *bbox*
DONE (t=0.02s).
Accumulating evaluation results...
DONE (t=0.01s).
 Average Precision  (AP) @[ IoU=0.50:0.95 | area=   all | maxDets=100 ] = 0.746
 Average Precision  (AP) @[ IoU=0.50      | area=   all | maxDets=100 ] = 0.952
 Average Precision  (AP) @[ IoU=0.75      | area=   all | maxDets=100 ] = 0.911
 Average Precision  (AP) @[ IoU=0.50:0.95 | area= small | maxDets=100 ] = -1.000
 Average Precision  (AP) @[ IoU=0.50:0.95 | area=medium | maxDets=100 ] = 0.601
 Average Precision  (AP) @[ IoU=0.50:0.95 | area= large | maxDets=100 ] = 0.765
 Average Recall     (AR) @[ IoU=0.50:0.95 | area=   all | maxDets=  1 ] = 0.785
 Average Recall     (AR) @[ IoU=0.50:0.95 | area=   all | maxDets= 10 ] = 0.790
 Average Recall     (AR) @[ IoU=0.50:0.95 | area=   all | maxDets=100 ] = 0.790
 Average Recall     (AR) @[ IoU=0.50:0.95 | area= small | maxDets=100 ] = -1.000
 Average Recall     (AR) @[ IoU=0.50:0.95 | area=medium | maxDets=100 ] = 0.610
 Average Recall     (AR) @[ IoU=0.50:0.95 | area= large | maxDets=100 ] = 0.813
[08/05 13:28:29 d2.evaluation.coco_evaluation]: Evaluation results for bbox: 
|   AP   |  AP50  |  AP75  |  APs  |  APm   |  APl   |
|:------:|:------:|:------:|:-----:|:------:|:------:|
| 74.610 | 95.231 | 91.123 |  nan  | 60.120 | 76.482 |
[08/05 13:28:29 d2.evaluation.coco_evaluation]: Some metrics cannot be computed and is shown as NaN.
Loading and preparing results...
DONE (t=0.00s)
creating index...
index created!
Running per image evaluation...
Evaluate annotation type *segm*
DONE (t=0.02s).
Accumulating evaluation results...
DONE (t=0.01s).
 Average Precision  (AP) @[ IoU=0.50:0.95 | area=   all | maxDets=100 ] = 0.755
 Average Precision  (AP) @[ IoU=0.50      | area=   all | maxDets=100 ] = 0.952
 Average Precision  (AP) @[ IoU=0.75      | area=   all | maxDets=100 ] = 0.922
 Average Precision  (AP) @[ IoU=0.50:0.95 | area= small | maxDets=100 ] = -1.000
 Average Precision  (AP) @[ IoU=0.50:0.95 | area=medium | maxDets=100 ] = 0.610
 Average Precision  (AP) @[ IoU=0.50:0.95 | area= large | maxDets=100 ] = 0.775
 Average Recall     (AR) @[ IoU=0.50:0.95 | area=   all | maxDets=  1 ] = 0.790
 Average Recall     (AR) @[ IoU=0.50:0.95 | area=   all | maxDets= 10 ] = 0.794
 Average Recall     (AR) @[ IoU=0.50:0.95 | area=   all | maxDets=100 ] = 0.794
 Average Recall     (AR) @[ IoU=0.50:0.95 | area= small | maxDets=100 ] = -1.000
 Average Recall     (AR) @[ IoU=0.50:0.95 | area=medium | maxDets=100 ] = 0.620
 Average Recall     (AR) @[ IoU=0.50:0.95 | area= large | maxDets=100 ] = 0.816
[08/05 13:28:29 d2.evaluation.coco_evaluation]: Evaluation results for segm: 
|   AP   |  AP50  |  AP75  |  APs  |  APm   |  APl   |
|:------:|:------:|:------:|:-----:|:------:|:------:|
| 75.530 | 95.231 | 92.181 |  nan  | 61.035 | 77.477 |
[08/05 13:28:29 d2.evaluation.coco_evaluation]: Some metrics cannot be computed and is shown as NaN.
[Iter 2 AP] → mAP@[.5:.95] = 75.530
[08/05 13:28:32 d2.utils.events]:  eta: 0:02:54  iter: 3619  total_loss: 0.1475  loss_cls: 0.01536  loss_box_reg: 0.03613  loss_mask: 0.09093  loss_rpn_cls: 2.121e-06  loss_rpn_loc: 0.002134    time: 0.1265  last_time: 0.1220  data_time: 0.0025  last_data_time: 0.0024   lr: 0.00025  max_mem: 1681M
[08/05 13:28:34 d2.utils.events]:  eta: 0:02:52  iter: 3639  total_loss: 0.1651  loss_cls: 0.01891  loss_box_reg: 0.03983  loss_mask: 0.1003  loss_rpn_cls: 3.448e-06  loss_rpn_loc: 0.002191    time: 0.1265  last_time: 0.1330  data_time: 0.0027  last_data_time: 0.0025   lr: 0.00025  max_mem: 1681M
[08/05 13:28:37 d2.utils.events]:  eta: 0:02:49  iter: 3659  total_loss: 0.1604  loss_cls: 0.01784  loss_box_reg: 0.03895  loss_mask: 0.09631  loss_rpn_cls: 4.426e-06  loss_rpn_loc: 0.00167    time: 0.1265  last_time: 0.1218  data_time: 0.0026  last_data_time: 0.0024   lr: 0.00025  max_mem: 1681M
[08/05 13:28:39 d2.utils.events]:  eta: 0:02:47  iter: 3679  total_loss: 0.1577  loss_cls: 0.01724  loss_box_reg: 0.04232  loss_mask: 0.09739  loss_rpn_cls: 2.633e-06  loss_rpn_loc: 0.001888    time: 0.1265  last_time: 0.1245  data_time: 0.0025  last_data_time: 0.0024   lr: 0.00025  max_mem: 1681M
[08/05 13:28:42 d2.utils.events]:  eta: 0:02:44  iter: 3699  total_loss: 0.1627  loss_cls: 0.01689  loss_box_reg: 0.04007  loss_mask: 0.1037  loss_rpn_cls: 8.961e-06  loss_rpn_loc: 0.001864    time: 0.1265  last_time: 0.1189  data_time: 0.0026  last_data_time: 0.0035   lr: 0.00025  max_mem: 1681M
[08/05 13:28:42 d2.evaluation.coco_evaluation]: Fast COCO eval is not built. Falling back to official COCO eval.
[08/05 13:28:42 d2.data.datasets.coco]: Loaded 89 images in COCO format from /projects/PUCHALLA/LLP2024/tumor-segmentation/data/processed_data/rgb/test/images/test.json
[08/05 13:28:42 d2.data.dataset_mapper]: [DatasetMapper] Augmentations used in inference: [ResizeShortestEdge(short_edge_length=(800, 800), max_size=1333, sample_style='choice')]
[08/05 13:28:42 d2.data.common]: Serializing the dataset using: <class 'detectron2.data.common._TorchSerializedList'>
[08/05 13:28:42 d2.data.common]: Serializing 89 elements to byte tensors and concatenating them all ...
[08/05 13:28:42 d2.data.common]: Serialized dataset takes 0.07 MiB
[08/05 13:28:42 d2.evaluation.evaluator]: Start inference on 89 batches
[08/05 13:28:43 d2.evaluation.evaluator]: Inference done 11/89. Dataloading: 0.0006 s/iter. Inference: 0.0348 s/iter. Eval: 0.0004 s/iter. Total: 0.0358 s/iter. ETA=0:00:02
[08/05 13:28:45 d2.evaluation.evaluator]: Total inference time: 0:00:03.007426 (0.035803 s / iter per device, on 1 devices)
[08/05 13:28:45 d2.evaluation.evaluator]: Total inference pure compute time: 0:00:02 (0.034329 s / iter per device, on 1 devices)
[08/05 13:28:45 d2.evaluation.coco_evaluation]: Preparing results for COCO format ...
[08/05 13:28:45 d2.evaluation.coco_evaluation]: Saving results to ../../../../models/rgb-testing/AP-bug-fix-2-5000/coco_instances_results.json
[08/05 13:28:45 d2.evaluation.coco_evaluation]: Evaluating predictions with official COCO API...
Loading and preparing results...
DONE (t=0.00s)
creating index...
index created!
Running per image evaluation...
Evaluate annotation type *bbox*
DONE (t=0.02s).
Accumulating evaluation results...
DONE (t=0.01s).
 Average Precision  (AP) @[ IoU=0.50:0.95 | area=   all | maxDets=100 ] = 0.753
 Average Precision  (AP) @[ IoU=0.50      | area=   all | maxDets=100 ] = 0.955
 Average Precision  (AP) @[ IoU=0.75      | area=   all | maxDets=100 ] = 0.925
 Average Precision  (AP) @[ IoU=0.50:0.95 | area= small | maxDets=100 ] = -1.000
 Average Precision  (AP) @[ IoU=0.50:0.95 | area=medium | maxDets=100 ] = 0.565
 Average Precision  (AP) @[ IoU=0.50:0.95 | area= large | maxDets=100 ] = 0.777
 Average Recall     (AR) @[ IoU=0.50:0.95 | area=   all | maxDets=  1 ] = 0.794
 Average Recall     (AR) @[ IoU=0.50:0.95 | area=   all | maxDets= 10 ] = 0.799
 Average Recall     (AR) @[ IoU=0.50:0.95 | area=   all | maxDets=100 ] = 0.799
 Average Recall     (AR) @[ IoU=0.50:0.95 | area= small | maxDets=100 ] = -1.000
 Average Recall     (AR) @[ IoU=0.50:0.95 | area=medium | maxDets=100 ] = 0.580
 Average Recall     (AR) @[ IoU=0.50:0.95 | area= large | maxDets=100 ] = 0.827
[08/05 13:28:45 d2.evaluation.coco_evaluation]: Evaluation results for bbox: 
|   AP   |  AP50  |  AP75  |  APs  |  APm   |  APl   |
|:------:|:------:|:------:|:-----:|:------:|:------:|
| 75.276 | 95.520 | 92.521 |  nan  | 56.454 | 77.717 |
[08/05 13:28:45 d2.evaluation.coco_evaluation]: Some metrics cannot be computed and is shown as NaN.
Loading and preparing results...
DONE (t=0.00s)
creating index...
index created!
Running per image evaluation...
Evaluate annotation type *segm*
DONE (t=0.02s).
Accumulating evaluation results...
DONE (t=0.01s).
 Average Precision  (AP) @[ IoU=0.50:0.95 | area=   all | maxDets=100 ] = 0.761
 Average Precision  (AP) @[ IoU=0.50      | area=   all | maxDets=100 ] = 0.955
 Average Precision  (AP) @[ IoU=0.75      | area=   all | maxDets=100 ] = 0.915
 Average Precision  (AP) @[ IoU=0.50:0.95 | area= small | maxDets=100 ] = -1.000
 Average Precision  (AP) @[ IoU=0.50:0.95 | area=medium | maxDets=100 ] = 0.576
 Average Precision  (AP) @[ IoU=0.50:0.95 | area= large | maxDets=100 ] = 0.784
 Average Recall     (AR) @[ IoU=0.50:0.95 | area=   all | maxDets=  1 ] = 0.791
 Average Recall     (AR) @[ IoU=0.50:0.95 | area=   all | maxDets= 10 ] = 0.797
 Average Recall     (AR) @[ IoU=0.50:0.95 | area=   all | maxDets=100 ] = 0.797
 Average Recall     (AR) @[ IoU=0.50:0.95 | area= small | maxDets=100 ] = -1.000
 Average Recall     (AR) @[ IoU=0.50:0.95 | area=medium | maxDets=100 ] = 0.590
 Average Recall     (AR) @[ IoU=0.50:0.95 | area= large | maxDets=100 ] = 0.823
[08/05 13:28:45 d2.evaluation.coco_evaluation]: Evaluation results for segm: 
|   AP   |  AP50  |  AP75  |  APs  |  APm   |  APl   |
|:------:|:------:|:------:|:-----:|:------:|:------:|
| 76.078 | 95.520 | 91.497 |  nan  | 57.570 | 78.434 |
[08/05 13:28:45 d2.evaluation.coco_evaluation]: Some metrics cannot be computed and is shown as NaN.
[Iter 2 AP] → mAP@[.5:.95] = 76.078
[08/05 13:28:48 d2.utils.events]:  eta: 0:02:42  iter: 3719  total_loss: 0.1653  loss_cls: 0.01509  loss_box_reg: 0.03915  loss_mask: 0.1075  loss_rpn_cls: 8.546e-06  loss_rpn_loc: 0.001896    time: 0.1265  last_time: 0.1269  data_time: 0.0027  last_data_time: 0.0025   lr: 0.00025  max_mem: 1681M
[08/05 13:28:50 d2.utils.events]:  eta: 0:02:39  iter: 3739  total_loss: 0.1593  loss_cls: 0.01597  loss_box_reg: 0.04034  loss_mask: 0.1059  loss_rpn_cls: 1.164e-05  loss_rpn_loc: 0.002261    time: 0.1265  last_time: 0.1161  data_time: 0.0025  last_data_time: 0.0024   lr: 0.00025  max_mem: 1681M
[08/05 13:28:53 d2.utils.events]:  eta: 0:02:36  iter: 3759  total_loss: 0.147  loss_cls: 0.01419  loss_box_reg: 0.0372  loss_mask: 0.0944  loss_rpn_cls: 1.4e-06  loss_rpn_loc: 0.002001    time: 0.1265  last_time: 0.1280  data_time: 0.0026  last_data_time: 0.0024   lr: 0.00025  max_mem: 1681M
[08/05 13:28:55 d2.utils.events]:  eta: 0:02:34  iter: 3779  total_loss: 0.1485  loss_cls: 0.01803  loss_box_reg: 0.04105  loss_mask: 0.09257  loss_rpn_cls: 5.351e-06  loss_rpn_loc: 0.001965    time: 0.1265  last_time: 0.1183  data_time: 0.0026  last_data_time: 0.0023   lr: 0.00025  max_mem: 1681M
[08/05 13:28:58 d2.utils.events]:  eta: 0:02:31  iter: 3799  total_loss: 0.1606  loss_cls: 0.0184  loss_box_reg: 0.04065  loss_mask: 0.1013  loss_rpn_cls: 4.412e-06  loss_rpn_loc: 0.002135    time: 0.1265  last_time: 0.1159  data_time: 0.0025  last_data_time: 0.0025   lr: 0.00025  max_mem: 1681M
[08/05 13:28:58 d2.evaluation.coco_evaluation]: Fast COCO eval is not built. Falling back to official COCO eval.
[08/05 13:28:58 d2.data.datasets.coco]: Loaded 89 images in COCO format from /projects/PUCHALLA/LLP2024/tumor-segmentation/data/processed_data/rgb/test/images/test.json
[08/05 13:28:58 d2.data.dataset_mapper]: [DatasetMapper] Augmentations used in inference: [ResizeShortestEdge(short_edge_length=(800, 800), max_size=1333, sample_style='choice')]
[08/05 13:28:58 d2.data.common]: Serializing the dataset using: <class 'detectron2.data.common._TorchSerializedList'>
[08/05 13:28:58 d2.data.common]: Serializing 89 elements to byte tensors and concatenating them all ...
[08/05 13:28:58 d2.data.common]: Serialized dataset takes 0.07 MiB
[08/05 13:28:58 d2.evaluation.evaluator]: Start inference on 89 batches
[08/05 13:28:59 d2.evaluation.evaluator]: Inference done 11/89. Dataloading: 0.0007 s/iter. Inference: 0.0358 s/iter. Eval: 0.0004 s/iter. Total: 0.0369 s/iter. ETA=0:00:02
[08/05 13:29:01 d2.evaluation.evaluator]: Total inference time: 0:00:03.022294 (0.035980 s / iter per device, on 1 devices)
[08/05 13:29:01 d2.evaluation.evaluator]: Total inference pure compute time: 0:00:02 (0.034552 s / iter per device, on 1 devices)
[08/05 13:29:01 d2.evaluation.coco_evaluation]: Preparing results for COCO format ...
[08/05 13:29:01 d2.evaluation.coco_evaluation]: Saving results to ../../../../models/rgb-testing/AP-bug-fix-2-5000/coco_instances_results.json
[08/05 13:29:01 d2.evaluation.coco_evaluation]: Evaluating predictions with official COCO API...
Loading and preparing results...
DONE (t=0.00s)
creating index...
index created!
Running per image evaluation...
Evaluate annotation type *bbox*
DONE (t=0.02s).
Accumulating evaluation results...
DONE (t=0.01s).
 Average Precision  (AP) @[ IoU=0.50:0.95 | area=   all | maxDets=100 ] = 0.751
 Average Precision  (AP) @[ IoU=0.50      | area=   all | maxDets=100 ] = 0.954
 Average Precision  (AP) @[ IoU=0.75      | area=   all | maxDets=100 ] = 0.933
 Average Precision  (AP) @[ IoU=0.50:0.95 | area= small | maxDets=100 ] = -1.000
 Average Precision  (AP) @[ IoU=0.50:0.95 | area=medium | maxDets=100 ] = 0.578
 Average Precision  (AP) @[ IoU=0.50:0.95 | area= large | maxDets=100 ] = 0.773
 Average Recall     (AR) @[ IoU=0.50:0.95 | area=   all | maxDets=  1 ] = 0.792
 Average Recall     (AR) @[ IoU=0.50:0.95 | area=   all | maxDets= 10 ] = 0.797
 Average Recall     (AR) @[ IoU=0.50:0.95 | area=   all | maxDets=100 ] = 0.797
 Average Recall     (AR) @[ IoU=0.50:0.95 | area= small | maxDets=100 ] = -1.000
 Average Recall     (AR) @[ IoU=0.50:0.95 | area=medium | maxDets=100 ] = 0.590
 Average Recall     (AR) @[ IoU=0.50:0.95 | area= large | maxDets=100 ] = 0.823
[08/05 13:29:01 d2.evaluation.coco_evaluation]: Evaluation results for bbox: 
|   AP   |  AP50  |  AP75  |  APs  |  APm   |  APl   |
|:------:|:------:|:------:|:-----:|:------:|:------:|
| 75.142 | 95.447 | 93.317 |  nan  | 57.809 | 77.329 |
[08/05 13:29:01 d2.evaluation.coco_evaluation]: Some metrics cannot be computed and is shown as NaN.
Loading and preparing results...
DONE (t=0.00s)
creating index...
index created!
Running per image evaluation...
Evaluate annotation type *segm*
DONE (t=0.02s).
Accumulating evaluation results...
DONE (t=0.01s).
 Average Precision  (AP) @[ IoU=0.50:0.95 | area=   all | maxDets=100 ] = 0.764
 Average Precision  (AP) @[ IoU=0.50      | area=   all | maxDets=100 ] = 0.954
 Average Precision  (AP) @[ IoU=0.75      | area=   all | maxDets=100 ] = 0.923
 Average Precision  (AP) @[ IoU=0.50:0.95 | area= small | maxDets=100 ] = -1.000
 Average Precision  (AP) @[ IoU=0.50:0.95 | area=medium | maxDets=100 ] = 0.580
 Average Precision  (AP) @[ IoU=0.50:0.95 | area= large | maxDets=100 ] = 0.787
 Average Recall     (AR) @[ IoU=0.50:0.95 | area=   all | maxDets=  1 ] = 0.797
 Average Recall     (AR) @[ IoU=0.50:0.95 | area=   all | maxDets= 10 ] = 0.802
 Average Recall     (AR) @[ IoU=0.50:0.95 | area=   all | maxDets=100 ] = 0.802
 Average Recall     (AR) @[ IoU=0.50:0.95 | area= small | maxDets=100 ] = -1.000
 Average Recall     (AR) @[ IoU=0.50:0.95 | area=medium | maxDets=100 ] = 0.590
 Average Recall     (AR) @[ IoU=0.50:0.95 | area= large | maxDets=100 ] = 0.829
[08/05 13:29:02 d2.evaluation.coco_evaluation]: Evaluation results for segm: 
|   AP   |  AP50  |  AP75  |  APs  |  APm   |  APl   |
|:------:|:------:|:------:|:-----:|:------:|:------:|
| 76.436 | 95.447 | 92.287 |  nan  | 57.979 | 78.723 |
[08/05 13:29:02 d2.evaluation.coco_evaluation]: Some metrics cannot be computed and is shown as NaN.
[Iter 2 AP] → mAP@[.5:.95] = 76.436
[08/05 13:29:04 d2.utils.events]:  eta: 0:02:29  iter: 3819  total_loss: 0.1778  loss_cls: 0.01689  loss_box_reg: 0.03997  loss_mask: 0.1061  loss_rpn_cls: 1.04e-05  loss_rpn_loc: 0.002084    time: 0.1265  last_time: 0.1326  data_time: 0.0025  last_data_time: 0.0023   lr: 0.00025  max_mem: 1681M
[08/05 13:29:06 d2.utils.events]:  eta: 0:02:26  iter: 3839  total_loss: 0.1571  loss_cls: 0.01548  loss_box_reg: 0.03665  loss_mask: 0.1046  loss_rpn_cls: 7.705e-06  loss_rpn_loc: 0.001917    time: 0.1265  last_time: 0.1353  data_time: 0.0024  last_data_time: 0.0024   lr: 0.00025  max_mem: 1681M
[08/05 13:29:09 d2.utils.events]:  eta: 0:02:24  iter: 3859  total_loss: 0.16  loss_cls: 0.01531  loss_box_reg: 0.03698  loss_mask: 0.09514  loss_rpn_cls: 2.825e-06  loss_rpn_loc: 0.001784    time: 0.1265  last_time: 0.1257  data_time: 0.0025  last_data_time: 0.0025   lr: 0.00025  max_mem: 1681M
[08/05 13:29:12 d2.utils.events]:  eta: 0:02:21  iter: 3879  total_loss: 0.1591  loss_cls: 0.01619  loss_box_reg: 0.03761  loss_mask: 0.0958  loss_rpn_cls: 1.692e-06  loss_rpn_loc: 0.00178    time: 0.1265  last_time: 0.1281  data_time: 0.0025  last_data_time: 0.0024   lr: 0.00025  max_mem: 1681M
[08/05 13:29:14 d2.utils.events]:  eta: 0:02:19  iter: 3899  total_loss: 0.1659  loss_cls: 0.01644  loss_box_reg: 0.03685  loss_mask: 0.1075  loss_rpn_cls: 2.735e-06  loss_rpn_loc: 0.001743    time: 0.1265  last_time: 0.1210  data_time: 0.0026  last_data_time: 0.0024   lr: 0.00025  max_mem: 1681M
[08/05 13:29:14 d2.evaluation.coco_evaluation]: Fast COCO eval is not built. Falling back to official COCO eval.
[08/05 13:29:14 d2.data.datasets.coco]: Loaded 89 images in COCO format from /projects/PUCHALLA/LLP2024/tumor-segmentation/data/processed_data/rgb/test/images/test.json
[08/05 13:29:14 d2.data.dataset_mapper]: [DatasetMapper] Augmentations used in inference: [ResizeShortestEdge(short_edge_length=(800, 800), max_size=1333, sample_style='choice')]
[08/05 13:29:14 d2.data.common]: Serializing the dataset using: <class 'detectron2.data.common._TorchSerializedList'>
[08/05 13:29:14 d2.data.common]: Serializing 89 elements to byte tensors and concatenating them all ...
[08/05 13:29:14 d2.data.common]: Serialized dataset takes 0.07 MiB
[08/05 13:29:14 d2.evaluation.evaluator]: Start inference on 89 batches
[08/05 13:29:15 d2.evaluation.evaluator]: Inference done 11/89. Dataloading: 0.0006 s/iter. Inference: 0.0351 s/iter. Eval: 0.0003 s/iter. Total: 0.0360 s/iter. ETA=0:00:02
[08/05 13:29:17 d2.evaluation.evaluator]: Total inference time: 0:00:02.965791 (0.035307 s / iter per device, on 1 devices)
[08/05 13:29:17 d2.evaluation.evaluator]: Total inference pure compute time: 0:00:02 (0.033918 s / iter per device, on 1 devices)
[08/05 13:29:17 d2.evaluation.coco_evaluation]: Preparing results for COCO format ...
[08/05 13:29:17 d2.evaluation.coco_evaluation]: Saving results to ../../../../models/rgb-testing/AP-bug-fix-2-5000/coco_instances_results.json
[08/05 13:29:17 d2.evaluation.coco_evaluation]: Evaluating predictions with official COCO API...
Loading and preparing results...
DONE (t=0.00s)
creating index...
index created!
Running per image evaluation...
Evaluate annotation type *bbox*
DONE (t=0.02s).
Accumulating evaluation results...
DONE (t=0.01s).
 Average Precision  (AP) @[ IoU=0.50:0.95 | area=   all | maxDets=100 ] = 0.760
 Average Precision  (AP) @[ IoU=0.50      | area=   all | maxDets=100 ] = 0.955
 Average Precision  (AP) @[ IoU=0.75      | area=   all | maxDets=100 ] = 0.925
 Average Precision  (AP) @[ IoU=0.50:0.95 | area= small | maxDets=100 ] = -1.000
 Average Precision  (AP) @[ IoU=0.50:0.95 | area=medium | maxDets=100 ] = 0.545
 Average Precision  (AP) @[ IoU=0.50:0.95 | area= large | maxDets=100 ] = 0.786
 Average Recall     (AR) @[ IoU=0.50:0.95 | area=   all | maxDets=  1 ] = 0.798
 Average Recall     (AR) @[ IoU=0.50:0.95 | area=   all | maxDets= 10 ] = 0.801
 Average Recall     (AR) @[ IoU=0.50:0.95 | area=   all | maxDets=100 ] = 0.801
 Average Recall     (AR) @[ IoU=0.50:0.95 | area= small | maxDets=100 ] = -1.000
 Average Recall     (AR) @[ IoU=0.50:0.95 | area=medium | maxDets=100 ] = 0.570
 Average Recall     (AR) @[ IoU=0.50:0.95 | area= large | maxDets=100 ] = 0.830
[08/05 13:29:17 d2.evaluation.coco_evaluation]: Evaluation results for bbox: 
|   AP   |  AP50  |  AP75  |  APs  |  APm   |  APl   |
|:------:|:------:|:------:|:-----:|:------:|:------:|
| 76.020 | 95.504 | 92.478 |  nan  | 54.468 | 78.626 |
[08/05 13:29:17 d2.evaluation.coco_evaluation]: Some metrics cannot be computed and is shown as NaN.
Loading and preparing results...
DONE (t=0.00s)
creating index...
index created!
Running per image evaluation...
Evaluate annotation type *segm*
DONE (t=0.02s).
Accumulating evaluation results...
DONE (t=0.01s).
 Average Precision  (AP) @[ IoU=0.50:0.95 | area=   all | maxDets=100 ] = 0.764
 Average Precision  (AP) @[ IoU=0.50      | area=   all | maxDets=100 ] = 0.955
 Average Precision  (AP) @[ IoU=0.75      | area=   all | maxDets=100 ] = 0.915
 Average Precision  (AP) @[ IoU=0.50:0.95 | area= small | maxDets=100 ] = -1.000
 Average Precision  (AP) @[ IoU=0.50:0.95 | area=medium | maxDets=100 ] = 0.569
 Average Precision  (AP) @[ IoU=0.50:0.95 | area= large | maxDets=100 ] = 0.788
 Average Recall     (AR) @[ IoU=0.50:0.95 | area=   all | maxDets=  1 ] = 0.793
 Average Recall     (AR) @[ IoU=0.50:0.95 | area=   all | maxDets= 10 ] = 0.797
 Average Recall     (AR) @[ IoU=0.50:0.95 | area=   all | maxDets=100 ] = 0.797
 Average Recall     (AR) @[ IoU=0.50:0.95 | area= small | maxDets=100 ] = -1.000
 Average Recall     (AR) @[ IoU=0.50:0.95 | area=medium | maxDets=100 ] = 0.590
 Average Recall     (AR) @[ IoU=0.50:0.95 | area= large | maxDets=100 ] = 0.823
[08/05 13:29:17 d2.evaluation.coco_evaluation]: Evaluation results for segm: 
|   AP   |  AP50  |  AP75  |  APs  |  APm   |  APl   |
|:------:|:------:|:------:|:-----:|:------:|:------:|
| 76.381 | 95.504 | 91.453 |  nan  | 56.852 | 78.807 |
[08/05 13:29:17 d2.evaluation.coco_evaluation]: Some metrics cannot be computed and is shown as NaN.
[Iter 2 AP] → mAP@[.5:.95] = 76.381
[08/05 13:29:20 d2.utils.events]:  eta: 0:02:16  iter: 3919  total_loss: 0.1407  loss_cls: 0.01449  loss_box_reg: 0.03317  loss_mask: 0.08903  loss_rpn_cls: 2.712e-05  loss_rpn_loc: 0.001924    time: 0.1265  last_time: 0.1165  data_time: 0.0025  last_data_time: 0.0023   lr: 0.00025  max_mem: 1681M
[08/05 13:29:22 d2.utils.events]:  eta: 0:02:14  iter: 3939  total_loss: 0.1472  loss_cls: 0.01387  loss_box_reg: 0.03674  loss_mask: 0.08831  loss_rpn_cls: 3.141e-06  loss_rpn_loc: 0.001728    time: 0.1265  last_time: 0.1254  data_time: 0.0025  last_data_time: 0.0024   lr: 0.00025  max_mem: 1681M
[08/05 13:29:25 d2.utils.events]:  eta: 0:02:11  iter: 3959  total_loss: 0.1368  loss_cls: 0.01316  loss_box_reg: 0.03267  loss_mask: 0.0894  loss_rpn_cls: 2.816e-06  loss_rpn_loc: 0.00176    time: 0.1265  last_time: 0.1200  data_time: 0.0024  last_data_time: 0.0023   lr: 0.00025  max_mem: 1681M
[08/05 13:29:28 d2.utils.events]:  eta: 0:02:08  iter: 3979  total_loss: 0.1535  loss_cls: 0.0148  loss_box_reg: 0.04075  loss_mask: 0.09836  loss_rpn_cls: 8.559e-06  loss_rpn_loc: 0.002102    time: 0.1265  last_time: 0.1257  data_time: 0.0026  last_data_time: 0.0025   lr: 0.00025  max_mem: 1681M
[08/05 13:29:30 d2.utils.events]:  eta: 0:02:06  iter: 3999  total_loss: 0.1516  loss_cls: 0.01235  loss_box_reg: 0.03441  loss_mask: 0.09924  loss_rpn_cls: 8.198e-06  loss_rpn_loc: 0.002027    time: 0.1265  last_time: 0.1338  data_time: 0.0025  last_data_time: 0.0024   lr: 0.00025  max_mem: 1681M
[08/05 13:29:30 d2.evaluation.coco_evaluation]: Fast COCO eval is not built. Falling back to official COCO eval.
[08/05 13:29:30 d2.data.datasets.coco]: Loaded 89 images in COCO format from /projects/PUCHALLA/LLP2024/tumor-segmentation/data/processed_data/rgb/test/images/test.json
[08/05 13:29:30 d2.data.dataset_mapper]: [DatasetMapper] Augmentations used in inference: [ResizeShortestEdge(short_edge_length=(800, 800), max_size=1333, sample_style='choice')]
[08/05 13:29:30 d2.data.common]: Serializing the dataset using: <class 'detectron2.data.common._TorchSerializedList'>
[08/05 13:29:30 d2.data.common]: Serializing 89 elements to byte tensors and concatenating them all ...
[08/05 13:29:30 d2.data.common]: Serialized dataset takes 0.07 MiB
[08/05 13:29:30 d2.evaluation.evaluator]: Start inference on 89 batches
[08/05 13:29:31 d2.evaluation.evaluator]: Inference done 11/89. Dataloading: 0.0006 s/iter. Inference: 0.0336 s/iter. Eval: 0.0004 s/iter. Total: 0.0346 s/iter. ETA=0:00:02
[08/05 13:29:33 d2.evaluation.evaluator]: Total inference time: 0:00:02.935520 (0.034947 s / iter per device, on 1 devices)
[08/05 13:29:33 d2.evaluation.evaluator]: Total inference pure compute time: 0:00:02 (0.033549 s / iter per device, on 1 devices)
[08/05 13:29:33 d2.evaluation.coco_evaluation]: Preparing results for COCO format ...
[08/05 13:29:33 d2.evaluation.coco_evaluation]: Saving results to ../../../../models/rgb-testing/AP-bug-fix-2-5000/coco_instances_results.json
[08/05 13:29:33 d2.evaluation.coco_evaluation]: Evaluating predictions with official COCO API...
Loading and preparing results...
DONE (t=0.00s)
creating index...
index created!
Running per image evaluation...
Evaluate annotation type *bbox*
DONE (t=0.01s).
Accumulating evaluation results...
DONE (t=0.01s).
 Average Precision  (AP) @[ IoU=0.50:0.95 | area=   all | maxDets=100 ] = 0.754
 Average Precision  (AP) @[ IoU=0.50      | area=   all | maxDets=100 ] = 0.954
 Average Precision  (AP) @[ IoU=0.75      | area=   all | maxDets=100 ] = 0.913
 Average Precision  (AP) @[ IoU=0.50:0.95 | area= small | maxDets=100 ] = -1.000
 Average Precision  (AP) @[ IoU=0.50:0.95 | area=medium | maxDets=100 ] = 0.585
 Average Precision  (AP) @[ IoU=0.50:0.95 | area= large | maxDets=100 ] = 0.777
 Average Recall     (AR) @[ IoU=0.50:0.95 | area=   all | maxDets=  1 ] = 0.797
 Average Recall     (AR) @[ IoU=0.50:0.95 | area=   all | maxDets= 10 ] = 0.800
 Average Recall     (AR) @[ IoU=0.50:0.95 | area=   all | maxDets=100 ] = 0.800
 Average Recall     (AR) @[ IoU=0.50:0.95 | area= small | maxDets=100 ] = -1.000
 Average Recall     (AR) @[ IoU=0.50:0.95 | area=medium | maxDets=100 ] = 0.590
 Average Recall     (AR) @[ IoU=0.50:0.95 | area= large | maxDets=100 ] = 0.827
[08/05 13:29:33 d2.evaluation.coco_evaluation]: Evaluation results for bbox: 
|   AP   |  AP50  |  AP75  |  APs  |  APm   |  APl   |
|:------:|:------:|:------:|:-----:|:------:|:------:|
| 75.366 | 95.365 | 91.265 |  nan  | 58.490 | 77.736 |
[08/05 13:29:33 d2.evaluation.coco_evaluation]: Some metrics cannot be computed and is shown as NaN.
Loading and preparing results...
DONE (t=0.00s)
creating index...
index created!
Running per image evaluation...
Evaluate annotation type *segm*
DONE (t=0.02s).
Accumulating evaluation results...
DONE (t=0.01s).
 Average Precision  (AP) @[ IoU=0.50:0.95 | area=   all | maxDets=100 ] = 0.751
 Average Precision  (AP) @[ IoU=0.50      | area=   all | maxDets=100 ] = 0.954
 Average Precision  (AP) @[ IoU=0.75      | area=   all | maxDets=100 ] = 0.902
 Average Precision  (AP) @[ IoU=0.50:0.95 | area= small | maxDets=100 ] = -1.000
 Average Precision  (AP) @[ IoU=0.50:0.95 | area=medium | maxDets=100 ] = 0.583
 Average Precision  (AP) @[ IoU=0.50:0.95 | area= large | maxDets=100 ] = 0.774
 Average Recall     (AR) @[ IoU=0.50:0.95 | area=   all | maxDets=  1 ] = 0.788
 Average Recall     (AR) @[ IoU=0.50:0.95 | area=   all | maxDets= 10 ] = 0.791
 Average Recall     (AR) @[ IoU=0.50:0.95 | area=   all | maxDets=100 ] = 0.791
 Average Recall     (AR) @[ IoU=0.50:0.95 | area= small | maxDets=100 ] = -1.000
 Average Recall     (AR) @[ IoU=0.50:0.95 | area=medium | maxDets=100 ] = 0.590
 Average Recall     (AR) @[ IoU=0.50:0.95 | area= large | maxDets=100 ] = 0.816
[08/05 13:29:33 d2.evaluation.coco_evaluation]: Evaluation results for segm: 
|   AP   |  AP50  |  AP75  |  APs  |  APm   |  APl   |
|:------:|:------:|:------:|:-----:|:------:|:------:|
| 75.103 | 95.365 | 90.243 |  nan  | 58.317 | 77.362 |
[08/05 13:29:33 d2.evaluation.coco_evaluation]: Some metrics cannot be computed and is shown as NaN.
[Iter 2 AP] → mAP@[.5:.95] = 75.103
[08/05 13:29:36 d2.utils.events]:  eta: 0:02:03  iter: 4019  total_loss: 0.151  loss_cls: 0.01509  loss_box_reg: 0.0364  loss_mask: 0.09389  loss_rpn_cls: 3.519e-06  loss_rpn_loc: 0.001893    time: 0.1265  last_time: 0.1159  data_time: 0.0026  last_data_time: 0.0023   lr: 0.000125  max_mem: 1681M
[08/05 13:29:38 d2.utils.events]:  eta: 0:02:01  iter: 4039  total_loss: 0.1539  loss_cls: 0.01458  loss_box_reg: 0.03458  loss_mask: 0.1032  loss_rpn_cls: 3.149e-06  loss_rpn_loc: 0.001878    time: 0.1265  last_time: 0.1327  data_time: 0.0025  last_data_time: 0.0024   lr: 0.000125  max_mem: 1681M
[08/05 13:29:41 d2.utils.events]:  eta: 0:01:58  iter: 4059  total_loss: 0.1381  loss_cls: 0.01684  loss_box_reg: 0.03483  loss_mask: 0.08616  loss_rpn_cls: 6.369e-06  loss_rpn_loc: 0.002734    time: 0.1264  last_time: 0.1252  data_time: 0.0025  last_data_time: 0.0024   lr: 0.000125  max_mem: 1681M
[08/05 13:29:43 d2.utils.events]:  eta: 0:01:56  iter: 4079  total_loss: 0.1401  loss_cls: 0.0132  loss_box_reg: 0.03059  loss_mask: 0.09271  loss_rpn_cls: 6.102e-06  loss_rpn_loc: 0.001887    time: 0.1264  last_time: 0.1217  data_time: 0.0024  last_data_time: 0.0023   lr: 0.000125  max_mem: 1681M
[08/05 13:29:46 d2.utils.events]:  eta: 0:01:53  iter: 4099  total_loss: 0.1431  loss_cls: 0.01476  loss_box_reg: 0.03464  loss_mask: 0.08689  loss_rpn_cls: 4.258e-06  loss_rpn_loc: 0.001595    time: 0.1264  last_time: 0.1325  data_time: 0.0025  last_data_time: 0.0034   lr: 0.000125  max_mem: 1681M
[08/05 13:29:46 d2.evaluation.coco_evaluation]: Fast COCO eval is not built. Falling back to official COCO eval.
[08/05 13:29:46 d2.data.datasets.coco]: Loaded 89 images in COCO format from /projects/PUCHALLA/LLP2024/tumor-segmentation/data/processed_data/rgb/test/images/test.json
[08/05 13:29:46 d2.data.dataset_mapper]: [DatasetMapper] Augmentations used in inference: [ResizeShortestEdge(short_edge_length=(800, 800), max_size=1333, sample_style='choice')]
[08/05 13:29:46 d2.data.common]: Serializing the dataset using: <class 'detectron2.data.common._TorchSerializedList'>
[08/05 13:29:46 d2.data.common]: Serializing 89 elements to byte tensors and concatenating them all ...
[08/05 13:29:46 d2.data.common]: Serialized dataset takes 0.07 MiB
[08/05 13:29:46 d2.evaluation.evaluator]: Start inference on 89 batches
[08/05 13:29:46 d2.evaluation.evaluator]: Inference done 11/89. Dataloading: 0.0006 s/iter. Inference: 0.0351 s/iter. Eval: 0.0003 s/iter. Total: 0.0361 s/iter. ETA=0:00:02
[08/05 13:29:49 d2.evaluation.evaluator]: Total inference time: 0:00:02.940353 (0.035004 s / iter per device, on 1 devices)
[08/05 13:29:49 d2.evaluation.evaluator]: Total inference pure compute time: 0:00:02 (0.033605 s / iter per device, on 1 devices)
[08/05 13:29:49 d2.evaluation.coco_evaluation]: Preparing results for COCO format ...
[08/05 13:29:49 d2.evaluation.coco_evaluation]: Saving results to ../../../../models/rgb-testing/AP-bug-fix-2-5000/coco_instances_results.json
[08/05 13:29:49 d2.evaluation.coco_evaluation]: Evaluating predictions with official COCO API...
Loading and preparing results...
DONE (t=0.00s)
creating index...
index created!
Running per image evaluation...
Evaluate annotation type *bbox*
DONE (t=0.02s).
Accumulating evaluation results...
DONE (t=0.01s).
 Average Precision  (AP) @[ IoU=0.50:0.95 | area=   all | maxDets=100 ] = 0.749
 Average Precision  (AP) @[ IoU=0.50      | area=   all | maxDets=100 ] = 0.953
 Average Precision  (AP) @[ IoU=0.75      | area=   all | maxDets=100 ] = 0.912
 Average Precision  (AP) @[ IoU=0.50:0.95 | area= small | maxDets=100 ] = -1.000
 Average Precision  (AP) @[ IoU=0.50:0.95 | area=medium | maxDets=100 ] = 0.578
 Average Precision  (AP) @[ IoU=0.50:0.95 | area= large | maxDets=100 ] = 0.772
 Average Recall     (AR) @[ IoU=0.50:0.95 | area=   all | maxDets=  1 ] = 0.789
 Average Recall     (AR) @[ IoU=0.50:0.95 | area=   all | maxDets= 10 ] = 0.792
 Average Recall     (AR) @[ IoU=0.50:0.95 | area=   all | maxDets=100 ] = 0.792
 Average Recall     (AR) @[ IoU=0.50:0.95 | area= small | maxDets=100 ] = -1.000
 Average Recall     (AR) @[ IoU=0.50:0.95 | area=medium | maxDets=100 ] = 0.590
 Average Recall     (AR) @[ IoU=0.50:0.95 | area= large | maxDets=100 ] = 0.818
[08/05 13:29:49 d2.evaluation.coco_evaluation]: Evaluation results for bbox: 
|   AP   |  AP50  |  AP75  |  APs  |  APm   |  APl   |
|:------:|:------:|:------:|:-----:|:------:|:------:|
| 74.884 | 95.308 | 91.179 |  nan  | 57.830 | 77.166 |
[08/05 13:29:49 d2.evaluation.coco_evaluation]: Some metrics cannot be computed and is shown as NaN.
Loading and preparing results...
DONE (t=0.00s)
creating index...
index created!
Running per image evaluation...
Evaluate annotation type *segm*
DONE (t=0.02s).
Accumulating evaluation results...
DONE (t=0.01s).
 Average Precision  (AP) @[ IoU=0.50:0.95 | area=   all | maxDets=100 ] = 0.761
 Average Precision  (AP) @[ IoU=0.50      | area=   all | maxDets=100 ] = 0.953
 Average Precision  (AP) @[ IoU=0.75      | area=   all | maxDets=100 ] = 0.912
 Average Precision  (AP) @[ IoU=0.50:0.95 | area= small | maxDets=100 ] = -1.000
 Average Precision  (AP) @[ IoU=0.50:0.95 | area=medium | maxDets=100 ] = 0.562
 Average Precision  (AP) @[ IoU=0.50:0.95 | area= large | maxDets=100 ] = 0.787
 Average Recall     (AR) @[ IoU=0.50:0.95 | area=   all | maxDets=  1 ] = 0.797
 Average Recall     (AR) @[ IoU=0.50:0.95 | area=   all | maxDets= 10 ] = 0.800
 Average Recall     (AR) @[ IoU=0.50:0.95 | area=   all | maxDets=100 ] = 0.800
 Average Recall     (AR) @[ IoU=0.50:0.95 | area= small | maxDets=100 ] = -1.000
 Average Recall     (AR) @[ IoU=0.50:0.95 | area=medium | maxDets=100 ] = 0.570
 Average Recall     (AR) @[ IoU=0.50:0.95 | area= large | maxDets=100 ] = 0.829
[08/05 13:29:49 d2.evaluation.coco_evaluation]: Evaluation results for segm: 
|   AP   |  AP50  |  AP75  |  APs  |  APm   |  APl   |
|:------:|:------:|:------:|:-----:|:------:|:------:|
| 76.069 | 95.308 | 91.242 |  nan  | 56.155 | 78.662 |
[08/05 13:29:49 d2.evaluation.coco_evaluation]: Some metrics cannot be computed and is shown as NaN.
[Iter 2 AP] → mAP@[.5:.95] = 76.069
[08/05 13:29:52 d2.utils.events]:  eta: 0:01:51  iter: 4119  total_loss: 0.1598  loss_cls: 0.01713  loss_box_reg: 0.03692  loss_mask: 0.1114  loss_rpn_cls: 1.402e-06  loss_rpn_loc: 0.001786    time: 0.1264  last_time: 0.1168  data_time: 0.0026  last_data_time: 0.0025   lr: 0.000125  max_mem: 1681M
[08/05 13:29:54 d2.utils.events]:  eta: 0:01:48  iter: 4139  total_loss: 0.1516  loss_cls: 0.01356  loss_box_reg: 0.03319  loss_mask: 0.1023  loss_rpn_cls: 2.746e-06  loss_rpn_loc: 0.001971    time: 0.1264  last_time: 0.1301  data_time: 0.0024  last_data_time: 0.0024   lr: 0.000125  max_mem: 1681M
[08/05 13:29:57 d2.utils.events]:  eta: 0:01:45  iter: 4159  total_loss: 0.1372  loss_cls: 0.01381  loss_box_reg: 0.03282  loss_mask: 0.08921  loss_rpn_cls: 1.844e-05  loss_rpn_loc: 0.002023    time: 0.1264  last_time: 0.1299  data_time: 0.0025  last_data_time: 0.0023   lr: 0.000125  max_mem: 1681M
[08/05 13:29:59 d2.utils.events]:  eta: 0:01:43  iter: 4179  total_loss: 0.1587  loss_cls: 0.01631  loss_box_reg: 0.03884  loss_mask: 0.09713  loss_rpn_cls: 3.709e-06  loss_rpn_loc: 0.002065    time: 0.1264  last_time: 0.1227  data_time: 0.0025  last_data_time: 0.0023   lr: 0.000125  max_mem: 1681M
[08/05 13:30:02 d2.utils.events]:  eta: 0:01:40  iter: 4199  total_loss: 0.1642  loss_cls: 0.01597  loss_box_reg: 0.03956  loss_mask: 0.09831  loss_rpn_cls: 6.542e-06  loss_rpn_loc: 0.002118    time: 0.1264  last_time: 0.1130  data_time: 0.0024  last_data_time: 0.0024   lr: 0.000125  max_mem: 1681M
[08/05 13:30:02 d2.evaluation.coco_evaluation]: Fast COCO eval is not built. Falling back to official COCO eval.
[08/05 13:30:02 d2.data.datasets.coco]: Loaded 89 images in COCO format from /projects/PUCHALLA/LLP2024/tumor-segmentation/data/processed_data/rgb/test/images/test.json
[08/05 13:30:02 d2.data.dataset_mapper]: [DatasetMapper] Augmentations used in inference: [ResizeShortestEdge(short_edge_length=(800, 800), max_size=1333, sample_style='choice')]
[08/05 13:30:02 d2.data.common]: Serializing the dataset using: <class 'detectron2.data.common._TorchSerializedList'>
[08/05 13:30:02 d2.data.common]: Serializing 89 elements to byte tensors and concatenating them all ...
[08/05 13:30:02 d2.data.common]: Serialized dataset takes 0.07 MiB
[08/05 13:30:02 d2.evaluation.evaluator]: Start inference on 89 batches
[08/05 13:30:02 d2.evaluation.evaluator]: Inference done 11/89. Dataloading: 0.0006 s/iter. Inference: 0.0337 s/iter. Eval: 0.0004 s/iter. Total: 0.0347 s/iter. ETA=0:00:02
[08/05 13:30:05 d2.evaluation.evaluator]: Total inference time: 0:00:02.939648 (0.034996 s / iter per device, on 1 devices)
[08/05 13:30:05 d2.evaluation.evaluator]: Total inference pure compute time: 0:00:02 (0.033584 s / iter per device, on 1 devices)
[08/05 13:30:05 d2.evaluation.coco_evaluation]: Preparing results for COCO format ...
[08/05 13:30:05 d2.evaluation.coco_evaluation]: Saving results to ../../../../models/rgb-testing/AP-bug-fix-2-5000/coco_instances_results.json
[08/05 13:30:05 d2.evaluation.coco_evaluation]: Evaluating predictions with official COCO API...
Loading and preparing results...
DONE (t=0.00s)
creating index...
index created!
Running per image evaluation...
Evaluate annotation type *bbox*
DONE (t=0.02s).
Accumulating evaluation results...
DONE (t=0.01s).
 Average Precision  (AP) @[ IoU=0.50:0.95 | area=   all | maxDets=100 ] = 0.755
 Average Precision  (AP) @[ IoU=0.50      | area=   all | maxDets=100 ] = 0.953
 Average Precision  (AP) @[ IoU=0.75      | area=   all | maxDets=100 ] = 0.920
 Average Precision  (AP) @[ IoU=0.50:0.95 | area= small | maxDets=100 ] = -1.000
 Average Precision  (AP) @[ IoU=0.50:0.95 | area=medium | maxDets=100 ] = 0.589
 Average Precision  (AP) @[ IoU=0.50:0.95 | area= large | maxDets=100 ] = 0.776
 Average Recall     (AR) @[ IoU=0.50:0.95 | area=   all | maxDets=  1 ] = 0.800
 Average Recall     (AR) @[ IoU=0.50:0.95 | area=   all | maxDets= 10 ] = 0.800
 Average Recall     (AR) @[ IoU=0.50:0.95 | area=   all | maxDets=100 ] = 0.800
 Average Recall     (AR) @[ IoU=0.50:0.95 | area= small | maxDets=100 ] = -1.000
 Average Recall     (AR) @[ IoU=0.50:0.95 | area=medium | maxDets=100 ] = 0.600
 Average Recall     (AR) @[ IoU=0.50:0.95 | area= large | maxDets=100 ] = 0.825
[08/05 13:30:05 d2.evaluation.coco_evaluation]: Evaluation results for bbox: 
|   AP   |  AP50  |  AP75  |  APs  |  APm   |  APl   |
|:------:|:------:|:------:|:-----:|:------:|:------:|
| 75.521 | 95.266 | 92.048 |  nan  | 58.940 | 77.637 |
[08/05 13:30:05 d2.evaluation.coco_evaluation]: Some metrics cannot be computed and is shown as NaN.
Loading and preparing results...
DONE (t=0.00s)
creating index...
index created!
Running per image evaluation...
Evaluate annotation type *segm*
DONE (t=0.02s).
Accumulating evaluation results...
DONE (t=0.01s).
 Average Precision  (AP) @[ IoU=0.50:0.95 | area=   all | maxDets=100 ] = 0.765
 Average Precision  (AP) @[ IoU=0.50      | area=   all | maxDets=100 ] = 0.953
 Average Precision  (AP) @[ IoU=0.75      | area=   all | maxDets=100 ] = 0.910
 Average Precision  (AP) @[ IoU=0.50:0.95 | area= small | maxDets=100 ] = -1.000
 Average Precision  (AP) @[ IoU=0.50:0.95 | area=medium | maxDets=100 ] = 0.583
 Average Precision  (AP) @[ IoU=0.50:0.95 | area= large | maxDets=100 ] = 0.787
 Average Recall     (AR) @[ IoU=0.50:0.95 | area=   all | maxDets=  1 ] = 0.800
 Average Recall     (AR) @[ IoU=0.50:0.95 | area=   all | maxDets= 10 ] = 0.800
 Average Recall     (AR) @[ IoU=0.50:0.95 | area=   all | maxDets=100 ] = 0.800
 Average Recall     (AR) @[ IoU=0.50:0.95 | area= small | maxDets=100 ] = -1.000
 Average Recall     (AR) @[ IoU=0.50:0.95 | area=medium | maxDets=100 ] = 0.590
 Average Recall     (AR) @[ IoU=0.50:0.95 | area= large | maxDets=100 ] = 0.827
[08/05 13:30:05 d2.evaluation.coco_evaluation]: Evaluation results for segm: 
|   AP   |  AP50  |  AP75  |  APs  |  APm   |  APl   |
|:------:|:------:|:------:|:-----:|:------:|:------:|
| 76.469 | 95.266 | 91.002 |  nan  | 58.317 | 78.741 |
[08/05 13:30:05 d2.evaluation.coco_evaluation]: Some metrics cannot be computed and is shown as NaN.
[Iter 2 AP] → mAP@[.5:.95] = 76.469
[08/05 13:30:07 d2.utils.events]:  eta: 0:01:38  iter: 4219  total_loss: 0.1431  loss_cls: 0.01509  loss_box_reg: 0.0365  loss_mask: 0.09442  loss_rpn_cls: 1.031e-05  loss_rpn_loc: 0.001801    time: 0.1264  last_time: 0.1241  data_time: 0.0024  last_data_time: 0.0024   lr: 0.000125  max_mem: 1681M
[08/05 13:30:10 d2.utils.events]:  eta: 0:01:35  iter: 4239  total_loss: 0.1441  loss_cls: 0.01541  loss_box_reg: 0.03031  loss_mask: 0.09353  loss_rpn_cls: 1.139e-05  loss_rpn_loc: 0.001888    time: 0.1264  last_time: 0.1337  data_time: 0.0024  last_data_time: 0.0023   lr: 0.000125  max_mem: 1681M
[08/05 13:30:12 d2.utils.events]:  eta: 0:01:33  iter: 4259  total_loss: 0.1349  loss_cls: 0.01522  loss_box_reg: 0.03174  loss_mask: 0.08768  loss_rpn_cls: 7.964e-06  loss_rpn_loc: 0.001948    time: 0.1264  last_time: 0.1338  data_time: 0.0024  last_data_time: 0.0025   lr: 0.000125  max_mem: 1681M
[08/05 13:30:15 d2.utils.events]:  eta: 0:01:30  iter: 4279  total_loss: 0.1386  loss_cls: 0.01372  loss_box_reg: 0.03355  loss_mask: 0.09082  loss_rpn_cls: 2.008e-05  loss_rpn_loc: 0.001937    time: 0.1264  last_time: 0.1349  data_time: 0.0024  last_data_time: 0.0024   lr: 0.000125  max_mem: 1681M
[08/05 13:30:17 d2.utils.events]:  eta: 0:01:28  iter: 4299  total_loss: 0.1544  loss_cls: 0.01692  loss_box_reg: 0.03465  loss_mask: 0.09994  loss_rpn_cls: 8.589e-06  loss_rpn_loc: 0.00198    time: 0.1264  last_time: 0.1243  data_time: 0.0024  last_data_time: 0.0024   lr: 0.000125  max_mem: 1681M
[08/05 13:30:18 d2.evaluation.coco_evaluation]: Fast COCO eval is not built. Falling back to official COCO eval.
[08/05 13:30:18 d2.data.datasets.coco]: Loaded 89 images in COCO format from /projects/PUCHALLA/LLP2024/tumor-segmentation/data/processed_data/rgb/test/images/test.json
[08/05 13:30:18 d2.data.dataset_mapper]: [DatasetMapper] Augmentations used in inference: [ResizeShortestEdge(short_edge_length=(800, 800), max_size=1333, sample_style='choice')]
[08/05 13:30:18 d2.data.common]: Serializing the dataset using: <class 'detectron2.data.common._TorchSerializedList'>
[08/05 13:30:18 d2.data.common]: Serializing 89 elements to byte tensors and concatenating them all ...
[08/05 13:30:18 d2.data.common]: Serialized dataset takes 0.07 MiB
[08/05 13:30:18 d2.evaluation.evaluator]: Start inference on 89 batches
[08/05 13:30:18 d2.evaluation.evaluator]: Inference done 11/89. Dataloading: 0.0006 s/iter. Inference: 0.0342 s/iter. Eval: 0.0004 s/iter. Total: 0.0352 s/iter. ETA=0:00:02
[08/05 13:30:21 d2.evaluation.evaluator]: Total inference time: 0:00:02.954907 (0.035177 s / iter per device, on 1 devices)
[08/05 13:30:21 d2.evaluation.evaluator]: Total inference pure compute time: 0:00:02 (0.033772 s / iter per device, on 1 devices)
[08/05 13:30:21 d2.evaluation.coco_evaluation]: Preparing results for COCO format ...
[08/05 13:30:21 d2.evaluation.coco_evaluation]: Saving results to ../../../../models/rgb-testing/AP-bug-fix-2-5000/coco_instances_results.json
[08/05 13:30:21 d2.evaluation.coco_evaluation]: Evaluating predictions with official COCO API...
Loading and preparing results...
DONE (t=0.00s)
creating index...
index created!
Running per image evaluation...
Evaluate annotation type *bbox*
DONE (t=0.01s).
Accumulating evaluation results...
DONE (t=0.01s).
 Average Precision  (AP) @[ IoU=0.50:0.95 | area=   all | maxDets=100 ] = 0.756
 Average Precision  (AP) @[ IoU=0.50      | area=   all | maxDets=100 ] = 0.953
 Average Precision  (AP) @[ IoU=0.75      | area=   all | maxDets=100 ] = 0.923
 Average Precision  (AP) @[ IoU=0.50:0.95 | area= small | maxDets=100 ] = -1.000
 Average Precision  (AP) @[ IoU=0.50:0.95 | area=medium | maxDets=100 ] = 0.582
 Average Precision  (AP) @[ IoU=0.50:0.95 | area= large | maxDets=100 ] = 0.779
 Average Recall     (AR) @[ IoU=0.50:0.95 | area=   all | maxDets=  1 ] = 0.797
 Average Recall     (AR) @[ IoU=0.50:0.95 | area=   all | maxDets= 10 ] = 0.800
 Average Recall     (AR) @[ IoU=0.50:0.95 | area=   all | maxDets=100 ] = 0.800
 Average Recall     (AR) @[ IoU=0.50:0.95 | area= small | maxDets=100 ] = -1.000
 Average Recall     (AR) @[ IoU=0.50:0.95 | area=medium | maxDets=100 ] = 0.590
 Average Recall     (AR) @[ IoU=0.50:0.95 | area= large | maxDets=100 ] = 0.827
[08/05 13:30:21 d2.evaluation.coco_evaluation]: Evaluation results for bbox: 
|   AP   |  AP50  |  AP75  |  APs  |  APm   |  APl   |
|:------:|:------:|:------:|:-----:|:------:|:------:|
| 75.587 | 95.266 | 92.267 |  nan  | 58.205 | 77.923 |
[08/05 13:30:21 d2.evaluation.coco_evaluation]: Some metrics cannot be computed and is shown as NaN.
Loading and preparing results...
DONE (t=0.00s)
creating index...
index created!
Running per image evaluation...
Evaluate annotation type *segm*
DONE (t=0.02s).
Accumulating evaluation results...
DONE (t=0.01s).
 Average Precision  (AP) @[ IoU=0.50:0.95 | area=   all | maxDets=100 ] = 0.765
 Average Precision  (AP) @[ IoU=0.50      | area=   all | maxDets=100 ] = 0.953
 Average Precision  (AP) @[ IoU=0.75      | area=   all | maxDets=100 ] = 0.923
 Average Precision  (AP) @[ IoU=0.50:0.95 | area= small | maxDets=100 ] = -1.000
 Average Precision  (AP) @[ IoU=0.50:0.95 | area=medium | maxDets=100 ] = 0.598
 Average Precision  (AP) @[ IoU=0.50:0.95 | area= large | maxDets=100 ] = 0.787
 Average Recall     (AR) @[ IoU=0.50:0.95 | area=   all | maxDets=  1 ] = 0.801
 Average Recall     (AR) @[ IoU=0.50:0.95 | area=   all | maxDets= 10 ] = 0.804
 Average Recall     (AR) @[ IoU=0.50:0.95 | area=   all | maxDets=100 ] = 0.804
 Average Recall     (AR) @[ IoU=0.50:0.95 | area= small | maxDets=100 ] = -1.000
 Average Recall     (AR) @[ IoU=0.50:0.95 | area=medium | maxDets=100 ] = 0.610
 Average Recall     (AR) @[ IoU=0.50:0.95 | area= large | maxDets=100 ] = 0.829
[08/05 13:30:21 d2.evaluation.coco_evaluation]: Evaluation results for segm: 
|   AP   |  AP50  |  AP75  |  APs  |  APm   |  APl   |
|:------:|:------:|:------:|:-----:|:------:|:------:|
| 76.466 | 95.266 | 92.267 |  nan  | 59.798 | 78.693 |
[08/05 13:30:21 d2.evaluation.coco_evaluation]: Some metrics cannot be computed and is shown as NaN.
[Iter 2 AP] → mAP@[.5:.95] = 76.466
[08/05 13:30:23 d2.utils.events]:  eta: 0:01:25  iter: 4319  total_loss: 0.1477  loss_cls: 0.01409  loss_box_reg: 0.03449  loss_mask: 0.09565  loss_rpn_cls: 7.736e-06  loss_rpn_loc: 0.001916    time: 0.1264  last_time: 0.1239  data_time: 0.0025  last_data_time: 0.0023   lr: 0.000125  max_mem: 1681M
[08/05 13:30:26 d2.utils.events]:  eta: 0:01:23  iter: 4339  total_loss: 0.1522  loss_cls: 0.01467  loss_box_reg: 0.0347  loss_mask: 0.1048  loss_rpn_cls: 6.062e-06  loss_rpn_loc: 0.001937    time: 0.1264  last_time: 0.1162  data_time: 0.0024  last_data_time: 0.0024   lr: 0.000125  max_mem: 1681M
[08/05 13:30:28 d2.utils.events]:  eta: 0:01:20  iter: 4359  total_loss: 0.1556  loss_cls: 0.0139  loss_box_reg: 0.03744  loss_mask: 0.09868  loss_rpn_cls: 4.471e-06  loss_rpn_loc: 0.002017    time: 0.1264  last_time: 0.1159  data_time: 0.0025  last_data_time: 0.0024   lr: 0.000125  max_mem: 1681M
[08/05 13:30:31 d2.utils.events]:  eta: 0:01:18  iter: 4379  total_loss: 0.1554  loss_cls: 0.01428  loss_box_reg: 0.03811  loss_mask: 0.09795  loss_rpn_cls: 3.947e-06  loss_rpn_loc: 0.001823    time: 0.1264  last_time: 0.1239  data_time: 0.0024  last_data_time: 0.0024   lr: 0.000125  max_mem: 1681M
[08/05 13:30:33 d2.utils.events]:  eta: 0:01:15  iter: 4399  total_loss: 0.146  loss_cls: 0.01383  loss_box_reg: 0.03706  loss_mask: 0.09768  loss_rpn_cls: 3.962e-06  loss_rpn_loc: 0.002187    time: 0.1264  last_time: 0.1314  data_time: 0.0025  last_data_time: 0.0024   lr: 0.000125  max_mem: 1681M
[08/05 13:30:34 d2.evaluation.coco_evaluation]: Fast COCO eval is not built. Falling back to official COCO eval.
[08/05 13:30:34 d2.data.datasets.coco]: Loaded 89 images in COCO format from /projects/PUCHALLA/LLP2024/tumor-segmentation/data/processed_data/rgb/test/images/test.json
[08/05 13:30:34 d2.data.dataset_mapper]: [DatasetMapper] Augmentations used in inference: [ResizeShortestEdge(short_edge_length=(800, 800), max_size=1333, sample_style='choice')]
[08/05 13:30:34 d2.data.common]: Serializing the dataset using: <class 'detectron2.data.common._TorchSerializedList'>
[08/05 13:30:34 d2.data.common]: Serializing 89 elements to byte tensors and concatenating them all ...
[08/05 13:30:34 d2.data.common]: Serialized dataset takes 0.07 MiB
[08/05 13:30:34 d2.evaluation.evaluator]: Start inference on 89 batches
[08/05 13:30:34 d2.evaluation.evaluator]: Inference done 11/89. Dataloading: 0.0006 s/iter. Inference: 0.0337 s/iter. Eval: 0.0004 s/iter. Total: 0.0346 s/iter. ETA=0:00:02
[08/05 13:30:37 d2.evaluation.evaluator]: Total inference time: 0:00:02.948075 (0.035096 s / iter per device, on 1 devices)
[08/05 13:30:37 d2.evaluation.evaluator]: Total inference pure compute time: 0:00:02 (0.033685 s / iter per device, on 1 devices)
[08/05 13:30:37 d2.evaluation.coco_evaluation]: Preparing results for COCO format ...
[08/05 13:30:37 d2.evaluation.coco_evaluation]: Saving results to ../../../../models/rgb-testing/AP-bug-fix-2-5000/coco_instances_results.json
[08/05 13:30:37 d2.evaluation.coco_evaluation]: Evaluating predictions with official COCO API...
Loading and preparing results...
DONE (t=0.00s)
creating index...
index created!
Running per image evaluation...
Evaluate annotation type *bbox*
DONE (t=0.01s).
Accumulating evaluation results...
DONE (t=0.01s).
 Average Precision  (AP) @[ IoU=0.50:0.95 | area=   all | maxDets=100 ] = 0.752
 Average Precision  (AP) @[ IoU=0.50      | area=   all | maxDets=100 ] = 0.953
 Average Precision  (AP) @[ IoU=0.75      | area=   all | maxDets=100 ] = 0.913
 Average Precision  (AP) @[ IoU=0.50:0.95 | area= small | maxDets=100 ] = -1.000
 Average Precision  (AP) @[ IoU=0.50:0.95 | area=medium | maxDets=100 ] = 0.591
 Average Precision  (AP) @[ IoU=0.50:0.95 | area= large | maxDets=100 ] = 0.774
 Average Recall     (AR) @[ IoU=0.50:0.95 | area=   all | maxDets=  1 ] = 0.791
 Average Recall     (AR) @[ IoU=0.50:0.95 | area=   all | maxDets= 10 ] = 0.794
 Average Recall     (AR) @[ IoU=0.50:0.95 | area=   all | maxDets=100 ] = 0.794
 Average Recall     (AR) @[ IoU=0.50:0.95 | area= small | maxDets=100 ] = -1.000
 Average Recall     (AR) @[ IoU=0.50:0.95 | area=medium | maxDets=100 ] = 0.600
 Average Recall     (AR) @[ IoU=0.50:0.95 | area= large | maxDets=100 ] = 0.819
[08/05 13:30:37 d2.evaluation.coco_evaluation]: Evaluation results for bbox: 
|   AP   |  AP50  |  AP75  |  APs  |  APm   |  APl   |
|:------:|:------:|:------:|:-----:|:------:|:------:|
| 75.177 | 95.341 | 91.304 |  nan  | 59.115 | 77.399 |
[08/05 13:30:37 d2.evaluation.coco_evaluation]: Some metrics cannot be computed and is shown as NaN.
Loading and preparing results...
DONE (t=0.00s)
creating index...
index created!
Running per image evaluation...
Evaluate annotation type *segm*
DONE (t=0.02s).
Accumulating evaluation results...
DONE (t=0.01s).
 Average Precision  (AP) @[ IoU=0.50:0.95 | area=   all | maxDets=100 ] = 0.764
 Average Precision  (AP) @[ IoU=0.50      | area=   all | maxDets=100 ] = 0.953
 Average Precision  (AP) @[ IoU=0.75      | area=   all | maxDets=100 ] = 0.913
 Average Precision  (AP) @[ IoU=0.50:0.95 | area= small | maxDets=100 ] = -1.000
 Average Precision  (AP) @[ IoU=0.50:0.95 | area=medium | maxDets=100 ] = 0.589
 Average Precision  (AP) @[ IoU=0.50:0.95 | area= large | maxDets=100 ] = 0.786
 Average Recall     (AR) @[ IoU=0.50:0.95 | area=   all | maxDets=  1 ] = 0.794
 Average Recall     (AR) @[ IoU=0.50:0.95 | area=   all | maxDets= 10 ] = 0.799
 Average Recall     (AR) @[ IoU=0.50:0.95 | area=   all | maxDets=100 ] = 0.799
 Average Recall     (AR) @[ IoU=0.50:0.95 | area= small | maxDets=100 ] = -1.000
 Average Recall     (AR) @[ IoU=0.50:0.95 | area=medium | maxDets=100 ] = 0.600
 Average Recall     (AR) @[ IoU=0.50:0.95 | area= large | maxDets=100 ] = 0.824
[08/05 13:30:37 d2.evaluation.coco_evaluation]: Evaluation results for segm: 
|   AP   |  AP50  |  AP75  |  APs  |  APm   |  APl   |
|:------:|:------:|:------:|:-----:|:------:|:------:|
| 76.398 | 95.341 | 91.324 |  nan  | 58.894 | 78.608 |
[08/05 13:30:37 d2.evaluation.coco_evaluation]: Some metrics cannot be computed and is shown as NaN.
[Iter 2 AP] → mAP@[.5:.95] = 76.398
[08/05 13:30:39 d2.utils.events]:  eta: 0:01:13  iter: 4419  total_loss: 0.137  loss_cls: 0.01527  loss_box_reg: 0.03289  loss_mask: 0.09476  loss_rpn_cls: 5.446e-06  loss_rpn_loc: 0.001685    time: 0.1264  last_time: 0.1339  data_time: 0.0025  last_data_time: 0.0024   lr: 0.000125  max_mem: 1681M
[08/05 13:30:42 d2.utils.events]:  eta: 0:01:10  iter: 4439  total_loss: 0.1568  loss_cls: 0.01546  loss_box_reg: 0.03246  loss_mask: 0.1023  loss_rpn_cls: 9.359e-06  loss_rpn_loc: 0.001742    time: 0.1264  last_time: 0.1147  data_time: 0.0024  last_data_time: 0.0023   lr: 0.000125  max_mem: 1681M
[08/05 13:30:44 d2.utils.events]:  eta: 0:01:07  iter: 4459  total_loss: 0.1416  loss_cls: 0.01617  loss_box_reg: 0.03411  loss_mask: 0.08725  loss_rpn_cls: 5.024e-06  loss_rpn_loc: 0.001756    time: 0.1264  last_time: 0.1241  data_time: 0.0024  last_data_time: 0.0024   lr: 0.000125  max_mem: 1681M
[08/05 13:30:47 d2.utils.events]:  eta: 0:01:05  iter: 4479  total_loss: 0.1481  loss_cls: 0.01576  loss_box_reg: 0.03427  loss_mask: 0.09333  loss_rpn_cls: 2.426e-06  loss_rpn_loc: 0.001782    time: 0.1263  last_time: 0.1236  data_time: 0.0025  last_data_time: 0.0024   lr: 0.000125  max_mem: 1681M
[08/05 13:30:49 d2.utils.events]:  eta: 0:01:02  iter: 4499  total_loss: 0.1377  loss_cls: 0.01356  loss_box_reg: 0.03057  loss_mask: 0.09157  loss_rpn_cls: 6.689e-06  loss_rpn_loc: 0.002224    time: 0.1263  last_time: 0.1358  data_time: 0.0025  last_data_time: 0.0024   lr: 0.000125  max_mem: 1681M
[08/05 13:30:49 d2.evaluation.coco_evaluation]: Fast COCO eval is not built. Falling back to official COCO eval.
[08/05 13:30:49 d2.data.datasets.coco]: Loaded 89 images in COCO format from /projects/PUCHALLA/LLP2024/tumor-segmentation/data/processed_data/rgb/test/images/test.json
[08/05 13:30:49 d2.data.dataset_mapper]: [DatasetMapper] Augmentations used in inference: [ResizeShortestEdge(short_edge_length=(800, 800), max_size=1333, sample_style='choice')]
[08/05 13:30:49 d2.data.common]: Serializing the dataset using: <class 'detectron2.data.common._TorchSerializedList'>
[08/05 13:30:49 d2.data.common]: Serializing 89 elements to byte tensors and concatenating them all ...
[08/05 13:30:49 d2.data.common]: Serialized dataset takes 0.07 MiB
[08/05 13:30:49 d2.evaluation.evaluator]: Start inference on 89 batches
[08/05 13:30:50 d2.evaluation.evaluator]: Inference done 11/89. Dataloading: 0.0006 s/iter. Inference: 0.0335 s/iter. Eval: 0.0004 s/iter. Total: 0.0345 s/iter. ETA=0:00:02
[08/05 13:30:52 d2.evaluation.evaluator]: Total inference time: 0:00:02.921324 (0.034778 s / iter per device, on 1 devices)
[08/05 13:30:52 d2.evaluation.evaluator]: Total inference pure compute time: 0:00:02 (0.033377 s / iter per device, on 1 devices)
[08/05 13:30:52 d2.evaluation.coco_evaluation]: Preparing results for COCO format ...
[08/05 13:30:52 d2.evaluation.coco_evaluation]: Saving results to ../../../../models/rgb-testing/AP-bug-fix-2-5000/coco_instances_results.json
[08/05 13:30:53 d2.evaluation.coco_evaluation]: Evaluating predictions with official COCO API...
Loading and preparing results...
DONE (t=0.00s)
creating index...
index created!
Running per image evaluation...
Evaluate annotation type *bbox*
DONE (t=0.02s).
Accumulating evaluation results...
DONE (t=0.01s).
 Average Precision  (AP) @[ IoU=0.50:0.95 | area=   all | maxDets=100 ] = 0.763
 Average Precision  (AP) @[ IoU=0.50      | area=   all | maxDets=100 ] = 0.954
 Average Precision  (AP) @[ IoU=0.75      | area=   all | maxDets=100 ] = 0.925
 Average Precision  (AP) @[ IoU=0.50:0.95 | area= small | maxDets=100 ] = -1.000
 Average Precision  (AP) @[ IoU=0.50:0.95 | area=medium | maxDets=100 ] = 0.594
 Average Precision  (AP) @[ IoU=0.50:0.95 | area= large | maxDets=100 ] = 0.785
 Average Recall     (AR) @[ IoU=0.50:0.95 | area=   all | maxDets=  1 ] = 0.799
 Average Recall     (AR) @[ IoU=0.50:0.95 | area=   all | maxDets= 10 ] = 0.803
 Average Recall     (AR) @[ IoU=0.50:0.95 | area=   all | maxDets=100 ] = 0.803
 Average Recall     (AR) @[ IoU=0.50:0.95 | area= small | maxDets=100 ] = -1.000
 Average Recall     (AR) @[ IoU=0.50:0.95 | area=medium | maxDets=100 ] = 0.600
 Average Recall     (AR) @[ IoU=0.50:0.95 | area= large | maxDets=100 ] = 0.829
[08/05 13:30:53 d2.evaluation.coco_evaluation]: Evaluation results for bbox: 
|   AP   |  AP50  |  AP75  |  APs  |  APm   |  APl   |
|:------:|:------:|:------:|:-----:|:------:|:------:|
| 76.257 | 95.437 | 92.464 |  nan  | 59.445 | 78.509 |
[08/05 13:30:53 d2.evaluation.coco_evaluation]: Some metrics cannot be computed and is shown as NaN.
Loading and preparing results...
DONE (t=0.00s)
creating index...
index created!
Running per image evaluation...
Evaluate annotation type *segm*
DONE (t=0.02s).
Accumulating evaluation results...
DONE (t=0.01s).
 Average Precision  (AP) @[ IoU=0.50:0.95 | area=   all | maxDets=100 ] = 0.762
 Average Precision  (AP) @[ IoU=0.50      | area=   all | maxDets=100 ] = 0.954
 Average Precision  (AP) @[ IoU=0.75      | area=   all | maxDets=100 ] = 0.924
 Average Precision  (AP) @[ IoU=0.50:0.95 | area= small | maxDets=100 ] = -1.000
 Average Precision  (AP) @[ IoU=0.50:0.95 | area=medium | maxDets=100 ] = 0.604
 Average Precision  (AP) @[ IoU=0.50:0.95 | area= large | maxDets=100 ] = 0.784
 Average Recall     (AR) @[ IoU=0.50:0.95 | area=   all | maxDets=  1 ] = 0.792
 Average Recall     (AR) @[ IoU=0.50:0.95 | area=   all | maxDets= 10 ] = 0.798
 Average Recall     (AR) @[ IoU=0.50:0.95 | area=   all | maxDets=100 ] = 0.798
 Average Recall     (AR) @[ IoU=0.50:0.95 | area= small | maxDets=100 ] = -1.000
 Average Recall     (AR) @[ IoU=0.50:0.95 | area=medium | maxDets=100 ] = 0.610
 Average Recall     (AR) @[ IoU=0.50:0.95 | area= large | maxDets=100 ] = 0.822
[08/05 13:30:53 d2.evaluation.coco_evaluation]: Evaluation results for segm: 
|   AP   |  AP50  |  AP75  |  APs  |  APm   |  APl   |
|:------:|:------:|:------:|:-----:|:------:|:------:|
| 76.249 | 95.437 | 92.446 |  nan  | 60.375 | 78.409 |
[08/05 13:30:53 d2.evaluation.coco_evaluation]: Some metrics cannot be computed and is shown as NaN.
[Iter 2 AP] → mAP@[.5:.95] = 76.249
[08/05 13:30:55 d2.utils.events]:  eta: 0:01:00  iter: 4519  total_loss: 0.1546  loss_cls: 0.01745  loss_box_reg: 0.03404  loss_mask: 0.09809  loss_rpn_cls: 8.726e-06  loss_rpn_loc: 0.00204    time: 0.1263  last_time: 0.1323  data_time: 0.0025  last_data_time: 0.0023   lr: 0.000125  max_mem: 1681M
[08/05 13:30:57 d2.utils.events]:  eta: 0:00:57  iter: 4539  total_loss: 0.1475  loss_cls: 0.01464  loss_box_reg: 0.03496  loss_mask: 0.08963  loss_rpn_cls: 5.689e-06  loss_rpn_loc: 0.002455    time: 0.1263  last_time: 0.1227  data_time: 0.0024  last_data_time: 0.0023   lr: 0.000125  max_mem: 1681M
[08/05 13:31:00 d2.utils.events]:  eta: 0:00:55  iter: 4559  total_loss: 0.1621  loss_cls: 0.01794  loss_box_reg: 0.0417  loss_mask: 0.1045  loss_rpn_cls: 3.002e-06  loss_rpn_loc: 0.001974    time: 0.1263  last_time: 0.1335  data_time: 0.0024  last_data_time: 0.0023   lr: 0.000125  max_mem: 1681M
[08/05 13:31:02 d2.utils.events]:  eta: 0:00:52  iter: 4579  total_loss: 0.1531  loss_cls: 0.01542  loss_box_reg: 0.03676  loss_mask: 0.09724  loss_rpn_cls: 3.091e-06  loss_rpn_loc: 0.0023    time: 0.1263  last_time: 0.1224  data_time: 0.0025  last_data_time: 0.0023   lr: 0.000125  max_mem: 1681M
[08/05 13:31:05 d2.utils.events]:  eta: 0:00:50  iter: 4599  total_loss: 0.152  loss_cls: 0.01615  loss_box_reg: 0.0377  loss_mask: 0.09904  loss_rpn_cls: 3.167e-06  loss_rpn_loc: 0.002081    time: 0.1263  last_time: 0.1167  data_time: 0.0024  last_data_time: 0.0024   lr: 0.000125  max_mem: 1681M
[08/05 13:31:05 d2.evaluation.coco_evaluation]: Fast COCO eval is not built. Falling back to official COCO eval.
[08/05 13:31:05 d2.data.datasets.coco]: Loaded 89 images in COCO format from /projects/PUCHALLA/LLP2024/tumor-segmentation/data/processed_data/rgb/test/images/test.json
[08/05 13:31:05 d2.data.dataset_mapper]: [DatasetMapper] Augmentations used in inference: [ResizeShortestEdge(short_edge_length=(800, 800), max_size=1333, sample_style='choice')]
[08/05 13:31:05 d2.data.common]: Serializing the dataset using: <class 'detectron2.data.common._TorchSerializedList'>
[08/05 13:31:05 d2.data.common]: Serializing 89 elements to byte tensors and concatenating them all ...
[08/05 13:31:05 d2.data.common]: Serialized dataset takes 0.07 MiB
[08/05 13:31:05 d2.evaluation.evaluator]: Start inference on 89 batches
[08/05 13:31:06 d2.evaluation.evaluator]: Inference done 11/89. Dataloading: 0.0006 s/iter. Inference: 0.0337 s/iter. Eval: 0.0004 s/iter. Total: 0.0347 s/iter. ETA=0:00:02
[08/05 13:31:08 d2.evaluation.evaluator]: Total inference time: 0:00:02.921676 (0.034782 s / iter per device, on 1 devices)
[08/05 13:31:08 d2.evaluation.evaluator]: Total inference pure compute time: 0:00:02 (0.033393 s / iter per device, on 1 devices)
[08/05 13:31:08 d2.evaluation.coco_evaluation]: Preparing results for COCO format ...
[08/05 13:31:08 d2.evaluation.coco_evaluation]: Saving results to ../../../../models/rgb-testing/AP-bug-fix-2-5000/coco_instances_results.json
[08/05 13:31:08 d2.evaluation.coco_evaluation]: Evaluating predictions with official COCO API...
Loading and preparing results...
DONE (t=0.00s)
creating index...
index created!
Running per image evaluation...
Evaluate annotation type *bbox*
DONE (t=0.02s).
Accumulating evaluation results...
DONE (t=0.01s).
 Average Precision  (AP) @[ IoU=0.50:0.95 | area=   all | maxDets=100 ] = 0.749
 Average Precision  (AP) @[ IoU=0.50      | area=   all | maxDets=100 ] = 0.954
 Average Precision  (AP) @[ IoU=0.75      | area=   all | maxDets=100 ] = 0.914
 Average Precision  (AP) @[ IoU=0.50:0.95 | area= small | maxDets=100 ] = -1.000
 Average Precision  (AP) @[ IoU=0.50:0.95 | area=medium | maxDets=100 ] = 0.610
 Average Precision  (AP) @[ IoU=0.50:0.95 | area= large | maxDets=100 ] = 0.769
 Average Recall     (AR) @[ IoU=0.50:0.95 | area=   all | maxDets=  1 ] = 0.792
 Average Recall     (AR) @[ IoU=0.50:0.95 | area=   all | maxDets= 10 ] = 0.796
 Average Recall     (AR) @[ IoU=0.50:0.95 | area=   all | maxDets=100 ] = 0.796
 Average Recall     (AR) @[ IoU=0.50:0.95 | area= small | maxDets=100 ] = -1.000
 Average Recall     (AR) @[ IoU=0.50:0.95 | area=medium | maxDets=100 ] = 0.620
 Average Recall     (AR) @[ IoU=0.50:0.95 | area= large | maxDets=100 ] = 0.818
[08/05 13:31:08 d2.evaluation.coco_evaluation]: Evaluation results for bbox: 
|   AP   |  AP50  |  AP75  |  APs  |  APm   |  APl   |
|:------:|:------:|:------:|:-----:|:------:|:------:|
| 74.893 | 95.396 | 91.431 |  nan  | 60.978 | 76.886 |
[08/05 13:31:08 d2.evaluation.coco_evaluation]: Some metrics cannot be computed and is shown as NaN.
Loading and preparing results...
DONE (t=0.00s)
creating index...
index created!
Running per image evaluation...
Evaluate annotation type *segm*
DONE (t=0.02s).
Accumulating evaluation results...
DONE (t=0.01s).
 Average Precision  (AP) @[ IoU=0.50:0.95 | area=   all | maxDets=100 ] = 0.762
 Average Precision  (AP) @[ IoU=0.50      | area=   all | maxDets=100 ] = 0.954
 Average Precision  (AP) @[ IoU=0.75      | area=   all | maxDets=100 ] = 0.914
 Average Precision  (AP) @[ IoU=0.50:0.95 | area= small | maxDets=100 ] = -1.000
 Average Precision  (AP) @[ IoU=0.50:0.95 | area=medium | maxDets=100 ] = 0.598
 Average Precision  (AP) @[ IoU=0.50:0.95 | area= large | maxDets=100 ] = 0.782
 Average Recall     (AR) @[ IoU=0.50:0.95 | area=   all | maxDets=  1 ] = 0.791
 Average Recall     (AR) @[ IoU=0.50:0.95 | area=   all | maxDets= 10 ] = 0.796
 Average Recall     (AR) @[ IoU=0.50:0.95 | area=   all | maxDets=100 ] = 0.796
 Average Recall     (AR) @[ IoU=0.50:0.95 | area= small | maxDets=100 ] = -1.000
 Average Recall     (AR) @[ IoU=0.50:0.95 | area=medium | maxDets=100 ] = 0.610
 Average Recall     (AR) @[ IoU=0.50:0.95 | area= large | maxDets=100 ] = 0.819
[08/05 13:31:08 d2.evaluation.coco_evaluation]: Evaluation results for segm: 
|   AP   |  AP50  |  AP75  |  APs  |  APm   |  APl   |
|:------:|:------:|:------:|:-----:|:------:|:------:|
| 76.187 | 95.396 | 91.431 |  nan  | 59.798 | 78.163 |
[08/05 13:31:08 d2.evaluation.coco_evaluation]: Some metrics cannot be computed and is shown as NaN.
[Iter 2 AP] → mAP@[.5:.95] = 76.187
[08/05 13:31:11 d2.utils.events]:  eta: 0:00:47  iter: 4619  total_loss: 0.1343  loss_cls: 0.0159  loss_box_reg: 0.03225  loss_mask: 0.08873  loss_rpn_cls: 3.134e-06  loss_rpn_loc: 0.001702    time: 0.1263  last_time: 0.1252  data_time: 0.0025  last_data_time: 0.0023   lr: 0.000125  max_mem: 1681M
[08/05 13:31:13 d2.utils.events]:  eta: 0:00:45  iter: 4639  total_loss: 0.1435  loss_cls: 0.01392  loss_box_reg: 0.03608  loss_mask: 0.08728  loss_rpn_cls: 3.562e-05  loss_rpn_loc: 0.002284    time: 0.1263  last_time: 0.1332  data_time: 0.0024  last_data_time: 0.0023   lr: 0.000125  max_mem: 1681M
[08/05 13:31:16 d2.utils.events]:  eta: 0:00:42  iter: 4659  total_loss: 0.1479  loss_cls: 0.01402  loss_box_reg: 0.03487  loss_mask: 0.09679  loss_rpn_cls: 2.896e-06  loss_rpn_loc: 0.001849    time: 0.1263  last_time: 0.1314  data_time: 0.0024  last_data_time: 0.0021   lr: 0.000125  max_mem: 1681M
[08/05 13:31:18 d2.utils.events]:  eta: 0:00:40  iter: 4679  total_loss: 0.1486  loss_cls: 0.01757  loss_box_reg: 0.03699  loss_mask: 0.0918  loss_rpn_cls: 1.58e-06  loss_rpn_loc: 0.001692    time: 0.1263  last_time: 0.1166  data_time: 0.0024  last_data_time: 0.0024   lr: 0.000125  max_mem: 1681M
[08/05 13:31:21 d2.utils.events]:  eta: 0:00:37  iter: 4699  total_loss: 0.1345  loss_cls: 0.01268  loss_box_reg: 0.03087  loss_mask: 0.09262  loss_rpn_cls: 1.296e-05  loss_rpn_loc: 0.001636    time: 0.1263  last_time: 0.1255  data_time: 0.0024  last_data_time: 0.0023   lr: 0.000125  max_mem: 1681M
[08/05 13:31:21 d2.evaluation.coco_evaluation]: Fast COCO eval is not built. Falling back to official COCO eval.
[08/05 13:31:21 d2.data.datasets.coco]: Loaded 89 images in COCO format from /projects/PUCHALLA/LLP2024/tumor-segmentation/data/processed_data/rgb/test/images/test.json
[08/05 13:31:21 d2.data.dataset_mapper]: [DatasetMapper] Augmentations used in inference: [ResizeShortestEdge(short_edge_length=(800, 800), max_size=1333, sample_style='choice')]
[08/05 13:31:21 d2.data.common]: Serializing the dataset using: <class 'detectron2.data.common._TorchSerializedList'>
[08/05 13:31:21 d2.data.common]: Serializing 89 elements to byte tensors and concatenating them all ...
[08/05 13:31:21 d2.data.common]: Serialized dataset takes 0.07 MiB
[08/05 13:31:21 d2.evaluation.evaluator]: Start inference on 89 batches
[08/05 13:31:21 d2.evaluation.evaluator]: Inference done 11/89. Dataloading: 0.0006 s/iter. Inference: 0.0334 s/iter. Eval: 0.0003 s/iter. Total: 0.0343 s/iter. ETA=0:00:02
[08/05 13:31:24 d2.evaluation.evaluator]: Total inference time: 0:00:02.910374 (0.034647 s / iter per device, on 1 devices)
[08/05 13:31:24 d2.evaluation.evaluator]: Total inference pure compute time: 0:00:02 (0.033294 s / iter per device, on 1 devices)
[08/05 13:31:24 d2.evaluation.coco_evaluation]: Preparing results for COCO format ...
[08/05 13:31:24 d2.evaluation.coco_evaluation]: Saving results to ../../../../models/rgb-testing/AP-bug-fix-2-5000/coco_instances_results.json
[08/05 13:31:24 d2.evaluation.coco_evaluation]: Evaluating predictions with official COCO API...
Loading and preparing results...
DONE (t=0.00s)
creating index...
index created!
Running per image evaluation...
Evaluate annotation type *bbox*
DONE (t=0.01s).
Accumulating evaluation results...
DONE (t=0.01s).
 Average Precision  (AP) @[ IoU=0.50:0.95 | area=   all | maxDets=100 ] = 0.751
 Average Precision  (AP) @[ IoU=0.50      | area=   all | maxDets=100 ] = 0.954
 Average Precision  (AP) @[ IoU=0.75      | area=   all | maxDets=100 ] = 0.924
 Average Precision  (AP) @[ IoU=0.50:0.95 | area= small | maxDets=100 ] = -1.000
 Average Precision  (AP) @[ IoU=0.50:0.95 | area=medium | maxDets=100 ] = 0.580
 Average Precision  (AP) @[ IoU=0.50:0.95 | area= large | maxDets=100 ] = 0.774
 Average Recall     (AR) @[ IoU=0.50:0.95 | area=   all | maxDets=  1 ] = 0.793
 Average Recall     (AR) @[ IoU=0.50:0.95 | area=   all | maxDets= 10 ] = 0.793
 Average Recall     (AR) @[ IoU=0.50:0.95 | area=   all | maxDets=100 ] = 0.793
 Average Recall     (AR) @[ IoU=0.50:0.95 | area= small | maxDets=100 ] = -1.000
 Average Recall     (AR) @[ IoU=0.50:0.95 | area=medium | maxDets=100 ] = 0.590
 Average Recall     (AR) @[ IoU=0.50:0.95 | area= large | maxDets=100 ] = 0.819
[08/05 13:31:24 d2.evaluation.coco_evaluation]: Evaluation results for bbox: 
|   AP   |  AP50  |  AP75  |  APs  |  APm   |  APl   |
|:------:|:------:|:------:|:-----:|:------:|:------:|
| 75.121 | 95.414 | 92.366 |  nan  | 57.983 | 77.405 |
[08/05 13:31:24 d2.evaluation.coco_evaluation]: Some metrics cannot be computed and is shown as NaN.
Loading and preparing results...
DONE (t=0.00s)
creating index...
index created!
Running per image evaluation...
Evaluate annotation type *segm*
DONE (t=0.02s).
Accumulating evaluation results...
DONE (t=0.01s).
 Average Precision  (AP) @[ IoU=0.50:0.95 | area=   all | maxDets=100 ] = 0.761
 Average Precision  (AP) @[ IoU=0.50      | area=   all | maxDets=100 ] = 0.954
 Average Precision  (AP) @[ IoU=0.75      | area=   all | maxDets=100 ] = 0.924
 Average Precision  (AP) @[ IoU=0.50:0.95 | area= small | maxDets=100 ] = -1.000
 Average Precision  (AP) @[ IoU=0.50:0.95 | area=medium | maxDets=100 ] = 0.599
 Average Precision  (AP) @[ IoU=0.50:0.95 | area= large | maxDets=100 ] = 0.782
 Average Recall     (AR) @[ IoU=0.50:0.95 | area=   all | maxDets=  1 ] = 0.799
 Average Recall     (AR) @[ IoU=0.50:0.95 | area=   all | maxDets= 10 ] = 0.799
 Average Recall     (AR) @[ IoU=0.50:0.95 | area=   all | maxDets=100 ] = 0.799
 Average Recall     (AR) @[ IoU=0.50:0.95 | area= small | maxDets=100 ] = -1.000
 Average Recall     (AR) @[ IoU=0.50:0.95 | area=medium | maxDets=100 ] = 0.610
 Average Recall     (AR) @[ IoU=0.50:0.95 | area= large | maxDets=100 ] = 0.823
[08/05 13:31:24 d2.evaluation.coco_evaluation]: Evaluation results for segm: 
|   AP   |  AP50  |  AP75  |  APs  |  APm   |  APl   |
|:------:|:------:|:------:|:-----:|:------:|:------:|
| 76.051 | 95.414 | 92.366 |  nan  | 59.922 | 78.225 |
[08/05 13:31:24 d2.evaluation.coco_evaluation]: Some metrics cannot be computed and is shown as NaN.
[Iter 2 AP] → mAP@[.5:.95] = 76.051
[08/05 13:31:26 d2.utils.events]:  eta: 0:00:35  iter: 4719  total_loss: 0.1543  loss_cls: 0.01675  loss_box_reg: 0.03802  loss_mask: 0.1031  loss_rpn_cls: 1.442e-05  loss_rpn_loc: 0.002175    time: 0.1263  last_time: 0.1131  data_time: 0.0025  last_data_time: 0.0025   lr: 0.000125  max_mem: 1681M
[08/05 13:31:29 d2.utils.events]:  eta: 0:00:32  iter: 4739  total_loss: 0.1424  loss_cls: 0.01464  loss_box_reg: 0.03322  loss_mask: 0.08824  loss_rpn_cls: 1.34e-05  loss_rpn_loc: 0.001869    time: 0.1263  last_time: 0.1264  data_time: 0.0025  last_data_time: 0.0025   lr: 0.000125  max_mem: 1681M
[08/05 13:31:31 d2.utils.events]:  eta: 0:00:30  iter: 4759  total_loss: 0.1481  loss_cls: 0.01366  loss_box_reg: 0.03473  loss_mask: 0.09403  loss_rpn_cls: 6.278e-06  loss_rpn_loc: 0.001564    time: 0.1262  last_time: 0.1157  data_time: 0.0024  last_data_time: 0.0023   lr: 0.000125  max_mem: 1681M
[08/05 13:31:34 d2.utils.events]:  eta: 0:00:27  iter: 4779  total_loss: 0.1366  loss_cls: 0.01398  loss_box_reg: 0.02917  loss_mask: 0.08747  loss_rpn_cls: 3.888e-06  loss_rpn_loc: 0.001633    time: 0.1262  last_time: 0.1247  data_time: 0.0024  last_data_time: 0.0023   lr: 0.000125  max_mem: 1681M
[08/05 13:31:36 d2.utils.events]:  eta: 0:00:25  iter: 4799  total_loss: 0.1428  loss_cls: 0.01635  loss_box_reg: 0.03385  loss_mask: 0.0937  loss_rpn_cls: 5.982e-06  loss_rpn_loc: 0.002002    time: 0.1262  last_time: 0.1219  data_time: 0.0025  last_data_time: 0.0023   lr: 0.000125  max_mem: 1681M
[08/05 13:31:37 d2.evaluation.coco_evaluation]: Fast COCO eval is not built. Falling back to official COCO eval.
[08/05 13:31:37 d2.data.datasets.coco]: Loaded 89 images in COCO format from /projects/PUCHALLA/LLP2024/tumor-segmentation/data/processed_data/rgb/test/images/test.json
[08/05 13:31:37 d2.data.dataset_mapper]: [DatasetMapper] Augmentations used in inference: [ResizeShortestEdge(short_edge_length=(800, 800), max_size=1333, sample_style='choice')]
[08/05 13:31:37 d2.data.common]: Serializing the dataset using: <class 'detectron2.data.common._TorchSerializedList'>
[08/05 13:31:37 d2.data.common]: Serializing 89 elements to byte tensors and concatenating them all ...
[08/05 13:31:37 d2.data.common]: Serialized dataset takes 0.07 MiB
[08/05 13:31:37 d2.evaluation.evaluator]: Start inference on 89 batches
[08/05 13:31:37 d2.evaluation.evaluator]: Inference done 11/89. Dataloading: 0.0006 s/iter. Inference: 0.0337 s/iter. Eval: 0.0004 s/iter. Total: 0.0346 s/iter. ETA=0:00:02
[08/05 13:31:40 d2.evaluation.evaluator]: Total inference time: 0:00:02.930996 (0.034893 s / iter per device, on 1 devices)
[08/05 13:31:40 d2.evaluation.evaluator]: Total inference pure compute time: 0:00:02 (0.033548 s / iter per device, on 1 devices)
[08/05 13:31:40 d2.evaluation.coco_evaluation]: Preparing results for COCO format ...
[08/05 13:31:40 d2.evaluation.coco_evaluation]: Saving results to ../../../../models/rgb-testing/AP-bug-fix-2-5000/coco_instances_results.json
[08/05 13:31:40 d2.evaluation.coco_evaluation]: Evaluating predictions with official COCO API...
Loading and preparing results...
DONE (t=0.00s)
creating index...
index created!
Running per image evaluation...
Evaluate annotation type *bbox*
DONE (t=0.13s).
Accumulating evaluation results...
DONE (t=0.01s).
 Average Precision  (AP) @[ IoU=0.50:0.95 | area=   all | maxDets=100 ] = 0.755
 Average Precision  (AP) @[ IoU=0.50      | area=   all | maxDets=100 ] = 0.954
 Average Precision  (AP) @[ IoU=0.75      | area=   all | maxDets=100 ] = 0.923
 Average Precision  (AP) @[ IoU=0.50:0.95 | area= small | maxDets=100 ] = -1.000
 Average Precision  (AP) @[ IoU=0.50:0.95 | area=medium | maxDets=100 ] = 0.594
 Average Precision  (AP) @[ IoU=0.50:0.95 | area= large | maxDets=100 ] = 0.777
 Average Recall     (AR) @[ IoU=0.50:0.95 | area=   all | maxDets=  1 ] = 0.799
 Average Recall     (AR) @[ IoU=0.50:0.95 | area=   all | maxDets= 10 ] = 0.799
 Average Recall     (AR) @[ IoU=0.50:0.95 | area=   all | maxDets=100 ] = 0.799
 Average Recall     (AR) @[ IoU=0.50:0.95 | area= small | maxDets=100 ] = -1.000
 Average Recall     (AR) @[ IoU=0.50:0.95 | area=medium | maxDets=100 ] = 0.600
 Average Recall     (AR) @[ IoU=0.50:0.95 | area= large | maxDets=100 ] = 0.824
[08/05 13:31:40 d2.evaluation.coco_evaluation]: Evaluation results for bbox: 
|   AP   |  AP50  |  AP75  |  APs  |  APm   |  APl   |
|:------:|:------:|:------:|:-----:|:------:|:------:|
| 75.541 | 95.436 | 92.292 |  nan  | 59.432 | 77.698 |
[08/05 13:31:40 d2.evaluation.coco_evaluation]: Some metrics cannot be computed and is shown as NaN.
Loading and preparing results...
DONE (t=0.00s)
creating index...
index created!
Running per image evaluation...
Evaluate annotation type *segm*
DONE (t=0.02s).
Accumulating evaluation results...
DONE (t=0.01s).
 Average Precision  (AP) @[ IoU=0.50:0.95 | area=   all | maxDets=100 ] = 0.767
 Average Precision  (AP) @[ IoU=0.50      | area=   all | maxDets=100 ] = 0.954
 Average Precision  (AP) @[ IoU=0.75      | area=   all | maxDets=100 ] = 0.923
 Average Precision  (AP) @[ IoU=0.50:0.95 | area= small | maxDets=100 ] = -1.000
 Average Precision  (AP) @[ IoU=0.50:0.95 | area=medium | maxDets=100 ] = 0.582
 Average Precision  (AP) @[ IoU=0.50:0.95 | area= large | maxDets=100 ] = 0.792
 Average Recall     (AR) @[ IoU=0.50:0.95 | area=   all | maxDets=  1 ] = 0.803
 Average Recall     (AR) @[ IoU=0.50:0.95 | area=   all | maxDets= 10 ] = 0.803
 Average Recall     (AR) @[ IoU=0.50:0.95 | area=   all | maxDets=100 ] = 0.803
 Average Recall     (AR) @[ IoU=0.50:0.95 | area= small | maxDets=100 ] = -1.000
 Average Recall     (AR) @[ IoU=0.50:0.95 | area=medium | maxDets=100 ] = 0.590
 Average Recall     (AR) @[ IoU=0.50:0.95 | area= large | maxDets=100 ] = 0.830
[08/05 13:31:40 d2.evaluation.coco_evaluation]: Evaluation results for segm: 
|   AP   |  AP50  |  AP75  |  APs  |  APm   |  APl   |
|:------:|:------:|:------:|:-----:|:------:|:------:|
| 76.733 | 95.436 | 92.340 |  nan  | 58.234 | 79.168 |
[08/05 13:31:40 d2.evaluation.coco_evaluation]: Some metrics cannot be computed and is shown as NaN.
[Iter 2 AP] → mAP@[.5:.95] = 76.733
[08/05 13:31:42 d2.utils.events]:  eta: 0:00:22  iter: 4819  total_loss: 0.1427  loss_cls: 0.01468  loss_box_reg: 0.03358  loss_mask: 0.09566  loss_rpn_cls: 2.478e-06  loss_rpn_loc: 0.001778    time: 0.1262  last_time: 0.1205  data_time: 0.0024  last_data_time: 0.0023   lr: 0.000125  max_mem: 1681M
[08/05 13:31:45 d2.utils.events]:  eta: 0:00:20  iter: 4839  total_loss: 0.1366  loss_cls: 0.01432  loss_box_reg: 0.03248  loss_mask: 0.08596  loss_rpn_cls: 1.573e-05  loss_rpn_loc: 0.001634    time: 0.1262  last_time: 0.1258  data_time: 0.0024  last_data_time: 0.0023   lr: 0.000125  max_mem: 1681M
[08/05 13:31:47 d2.utils.events]:  eta: 0:00:17  iter: 4859  total_loss: 0.1529  loss_cls: 0.014  loss_box_reg: 0.03663  loss_mask: 0.09598  loss_rpn_cls: 6.77e-06  loss_rpn_loc: 0.001854    time: 0.1262  last_time: 0.1101  data_time: 0.0024  last_data_time: 0.0024   lr: 0.000125  max_mem: 1681M
[08/05 13:31:50 d2.utils.events]:  eta: 0:00:15  iter: 4879  total_loss: 0.1351  loss_cls: 0.01228  loss_box_reg: 0.03539  loss_mask: 0.0852  loss_rpn_cls: 2.183e-05  loss_rpn_loc: 0.002049    time: 0.1262  last_time: 0.1246  data_time: 0.0024  last_data_time: 0.0024   lr: 0.000125  max_mem: 1681M
[08/05 13:31:52 d2.utils.events]:  eta: 0:00:12  iter: 4899  total_loss: 0.1613  loss_cls: 0.01655  loss_box_reg: 0.03948  loss_mask: 0.1014  loss_rpn_cls: 5.647e-06  loss_rpn_loc: 0.00197    time: 0.1262  last_time: 0.1159  data_time: 0.0025  last_data_time: 0.0024   lr: 0.000125  max_mem: 1681M
[08/05 13:31:53 d2.evaluation.coco_evaluation]: Fast COCO eval is not built. Falling back to official COCO eval.
[08/05 13:31:53 d2.data.datasets.coco]: Loaded 89 images in COCO format from /projects/PUCHALLA/LLP2024/tumor-segmentation/data/processed_data/rgb/test/images/test.json
[08/05 13:31:53 d2.data.dataset_mapper]: [DatasetMapper] Augmentations used in inference: [ResizeShortestEdge(short_edge_length=(800, 800), max_size=1333, sample_style='choice')]
[08/05 13:31:53 d2.data.common]: Serializing the dataset using: <class 'detectron2.data.common._TorchSerializedList'>
[08/05 13:31:53 d2.data.common]: Serializing 89 elements to byte tensors and concatenating them all ...
[08/05 13:31:53 d2.data.common]: Serialized dataset takes 0.07 MiB
[08/05 13:31:53 d2.evaluation.evaluator]: Start inference on 89 batches
[08/05 13:31:53 d2.evaluation.evaluator]: Inference done 11/89. Dataloading: 0.0006 s/iter. Inference: 0.0336 s/iter. Eval: 0.0004 s/iter. Total: 0.0346 s/iter. ETA=0:00:02
[08/05 13:31:56 d2.evaluation.evaluator]: Total inference time: 0:00:02.925993 (0.034833 s / iter per device, on 1 devices)
[08/05 13:31:56 d2.evaluation.evaluator]: Total inference pure compute time: 0:00:02 (0.033452 s / iter per device, on 1 devices)
[08/05 13:31:56 d2.evaluation.coco_evaluation]: Preparing results for COCO format ...
[08/05 13:31:56 d2.evaluation.coco_evaluation]: Saving results to ../../../../models/rgb-testing/AP-bug-fix-2-5000/coco_instances_results.json
[08/05 13:31:56 d2.evaluation.coco_evaluation]: Evaluating predictions with official COCO API...
Loading and preparing results...
DONE (t=0.00s)
creating index...
index created!
Running per image evaluation...
Evaluate annotation type *bbox*
DONE (t=0.01s).
Accumulating evaluation results...
DONE (t=0.01s).
 Average Precision  (AP) @[ IoU=0.50:0.95 | area=   all | maxDets=100 ] = 0.754
 Average Precision  (AP) @[ IoU=0.50      | area=   all | maxDets=100 ] = 0.953
 Average Precision  (AP) @[ IoU=0.75      | area=   all | maxDets=100 ] = 0.923
 Average Precision  (AP) @[ IoU=0.50:0.95 | area= small | maxDets=100 ] = -1.000
 Average Precision  (AP) @[ IoU=0.50:0.95 | area=medium | maxDets=100 ] = 0.601
 Average Precision  (AP) @[ IoU=0.50:0.95 | area= large | maxDets=100 ] = 0.774
 Average Recall     (AR) @[ IoU=0.50:0.95 | area=   all | maxDets=  1 ] = 0.793
 Average Recall     (AR) @[ IoU=0.50:0.95 | area=   all | maxDets= 10 ] = 0.797
 Average Recall     (AR) @[ IoU=0.50:0.95 | area=   all | maxDets=100 ] = 0.797
 Average Recall     (AR) @[ IoU=0.50:0.95 | area= small | maxDets=100 ] = -1.000
 Average Recall     (AR) @[ IoU=0.50:0.95 | area=medium | maxDets=100 ] = 0.610
 Average Recall     (AR) @[ IoU=0.50:0.95 | area= large | maxDets=100 ] = 0.820
[08/05 13:31:56 d2.evaluation.coco_evaluation]: Evaluation results for bbox: 
|   AP   |  AP50  |  AP75  |  APs  |  APm   |  APl   |
|:------:|:------:|:------:|:-----:|:------:|:------:|
| 75.402 | 95.336 | 92.334 |  nan  | 60.124 | 77.412 |
[08/05 13:31:56 d2.evaluation.coco_evaluation]: Some metrics cannot be computed and is shown as NaN.
Loading and preparing results...
DONE (t=0.00s)
creating index...
index created!
Running per image evaluation...
Evaluate annotation type *segm*
DONE (t=0.02s).
Accumulating evaluation results...
DONE (t=0.01s).
 Average Precision  (AP) @[ IoU=0.50:0.95 | area=   all | maxDets=100 ] = 0.761
 Average Precision  (AP) @[ IoU=0.50      | area=   all | maxDets=100 ] = 0.953
 Average Precision  (AP) @[ IoU=0.75      | area=   all | maxDets=100 ] = 0.924
 Average Precision  (AP) @[ IoU=0.50:0.95 | area= small | maxDets=100 ] = -1.000
 Average Precision  (AP) @[ IoU=0.50:0.95 | area=medium | maxDets=100 ] = 0.611
 Average Precision  (AP) @[ IoU=0.50:0.95 | area= large | maxDets=100 ] = 0.781
 Average Recall     (AR) @[ IoU=0.50:0.95 | area=   all | maxDets=  1 ] = 0.791
 Average Recall     (AR) @[ IoU=0.50:0.95 | area=   all | maxDets= 10 ] = 0.796
 Average Recall     (AR) @[ IoU=0.50:0.95 | area=   all | maxDets=100 ] = 0.796
 Average Recall     (AR) @[ IoU=0.50:0.95 | area= small | maxDets=100 ] = -1.000
 Average Recall     (AR) @[ IoU=0.50:0.95 | area=medium | maxDets=100 ] = 0.620
 Average Recall     (AR) @[ IoU=0.50:0.95 | area= large | maxDets=100 ] = 0.818
[08/05 13:31:56 d2.evaluation.coco_evaluation]: Evaluation results for segm: 
|   AP   |  AP50  |  AP75  |  APs  |  APm   |  APl   |
|:------:|:------:|:------:|:-----:|:------:|:------:|
| 76.052 | 95.336 | 92.353 |  nan  | 61.143 | 78.105 |
[08/05 13:31:56 d2.evaluation.coco_evaluation]: Some metrics cannot be computed and is shown as NaN.
[Iter 2 AP] → mAP@[.5:.95] = 76.052
[08/05 13:31:58 d2.utils.events]:  eta: 0:00:10  iter: 4919  total_loss: 0.1622  loss_cls: 0.01622  loss_box_reg: 0.03635  loss_mask: 0.1063  loss_rpn_cls: 6.594e-06  loss_rpn_loc: 0.002208    time: 0.1262  last_time: 0.1333  data_time: 0.0025  last_data_time: 0.0023   lr: 0.000125  max_mem: 1681M
[08/05 13:32:01 d2.utils.events]:  eta: 0:00:07  iter: 4939  total_loss: 0.1646  loss_cls: 0.01732  loss_box_reg: 0.03595  loss_mask: 0.1001  loss_rpn_cls: 9.836e-06  loss_rpn_loc: 0.002146    time: 0.1262  last_time: 0.1331  data_time: 0.0024  last_data_time: 0.0023   lr: 0.000125  max_mem: 1681M
[08/05 13:32:03 d2.utils.events]:  eta: 0:00:05  iter: 4959  total_loss: 0.1426  loss_cls: 0.01283  loss_box_reg: 0.03362  loss_mask: 0.09093  loss_rpn_cls: 4.539e-06  loss_rpn_loc: 0.001628    time: 0.1262  last_time: 0.1211  data_time: 0.0024  last_data_time: 0.0023   lr: 0.000125  max_mem: 1681M
[08/05 13:32:06 d2.utils.events]:  eta: 0:00:02  iter: 4979  total_loss: 0.1505  loss_cls: 0.01538  loss_box_reg: 0.0386  loss_mask: 0.1032  loss_rpn_cls: 3.438e-06  loss_rpn_loc: 0.002053    time: 0.1262  last_time: 0.1306  data_time: 0.0024  last_data_time: 0.0023   lr: 0.000125  max_mem: 1681M
[08/05 13:32:09 d2.utils.events]:  eta: 0:00:00  iter: 4999  total_loss: 0.1543  loss_cls: 0.01542  loss_box_reg: 0.0359  loss_mask: 0.1003  loss_rpn_cls: 1.923e-06  loss_rpn_loc: 0.001798    time: 0.1262  last_time: 0.1239  data_time: 0.0024  last_data_time: 0.0024   lr: 0.000125  max_mem: 1681M
[08/05 13:32:09 d2.engine.hooks]: Overall training speed: 4998 iterations in 0:10:30 (0.1262 s / it)
[08/05 13:32:09 d2.engine.hooks]: Total training time: 0:13:17 (0:02:47 on hooks)
[08/05 13:32:09 d2.data.dataset_mapper]: [DatasetMapper] Augmentations used in inference: [ResizeShortestEdge(short_edge_length=(800, 800), max_size=1333, sample_style='choice')]
[08/05 13:32:09 d2.data.datasets.coco]: Loaded 89 images in COCO format from /projects/PUCHALLA/LLP2024/tumor-segmentation/data/processed_data/rgb/test/images/test.json
[08/05 13:32:09 d2.data.common]: Serializing the dataset using: <class 'detectron2.data.common._TorchSerializedList'>
[08/05 13:32:09 d2.data.common]: Serializing 89 elements to byte tensors and concatenating them all ...
[08/05 13:32:09 d2.data.common]: Serialized dataset takes 0.07 MiB
[08/05 13:32:09 d2.evaluation.coco_evaluation]: Fast COCO eval is not built. Falling back to official COCO eval.
WARNING [08/05 13:32:09 d2.evaluation.coco_evaluation]: COCO Evaluator instantiated using config, this is deprecated behavior. Please pass in explicit arguments instead.
[08/05 13:32:09 d2.evaluation.evaluator]: Start inference on 89 batches
[08/05 13:32:10 d2.evaluation.evaluator]: Inference done 11/89. Dataloading: 0.0006 s/iter. Inference: 0.0351 s/iter. Eval: 0.0004 s/iter. Total: 0.0360 s/iter. ETA=0:00:02
[08/05 13:32:12 d2.evaluation.evaluator]: Total inference time: 0:00:02.961373 (0.035254 s / iter per device, on 1 devices)
[08/05 13:32:12 d2.evaluation.evaluator]: Total inference pure compute time: 0:00:02 (0.033922 s / iter per device, on 1 devices)
[08/05 13:32:12 d2.evaluation.coco_evaluation]: Preparing results for COCO format ...
[08/05 13:32:12 d2.evaluation.coco_evaluation]: Saving results to ../../../../models/rgb-testing/AP-bug-fix-2-5000/coco_instances_results.json
[08/05 13:32:12 d2.evaluation.coco_evaluation]: Evaluating predictions with official COCO API...
Loading and preparing results...
DONE (t=0.00s)
creating index...
index created!
Running per image evaluation...
Evaluate annotation type *bbox*
DONE (t=0.01s).
Accumulating evaluation results...
DONE (t=0.01s).
 Average Precision  (AP) @[ IoU=0.50:0.95 | area=   all | maxDets=100 ] = 0.758
 Average Precision  (AP) @[ IoU=0.50      | area=   all | maxDets=100 ] = 0.953
 Average Precision  (AP) @[ IoU=0.75      | area=   all | maxDets=100 ] = 0.933
 Average Precision  (AP) @[ IoU=0.50:0.95 | area= small | maxDets=100 ] = -1.000
 Average Precision  (AP) @[ IoU=0.50:0.95 | area=medium | maxDets=100 ] = 0.575
 Average Precision  (AP) @[ IoU=0.50:0.95 | area= large | maxDets=100 ] = 0.783
 Average Recall     (AR) @[ IoU=0.50:0.95 | area=   all | maxDets=  1 ] = 0.804
 Average Recall     (AR) @[ IoU=0.50:0.95 | area=   all | maxDets= 10 ] = 0.804
 Average Recall     (AR) @[ IoU=0.50:0.95 | area=   all | maxDets=100 ] = 0.804
 Average Recall     (AR) @[ IoU=0.50:0.95 | area= small | maxDets=100 ] = -1.000
 Average Recall     (AR) @[ IoU=0.50:0.95 | area=medium | maxDets=100 ] = 0.580
 Average Recall     (AR) @[ IoU=0.50:0.95 | area= large | maxDets=100 ] = 0.833
[08/05 13:32:12 d2.evaluation.coco_evaluation]: Evaluation results for bbox: 
|   AP   |  AP50  |  AP75  |  APs  |  APm   |  APl   |
|:------:|:------:|:------:|:-----:|:------:|:------:|
| 75.839 | 95.334 | 93.272 |  nan  | 57.488 | 78.265 |
[08/05 13:32:12 d2.evaluation.coco_evaluation]: Some metrics cannot be computed and is shown as NaN.
Loading and preparing results...
DONE (t=0.00s)
creating index...
index created!
Running per image evaluation...
Evaluate annotation type *segm*
DONE (t=0.02s).
Accumulating evaluation results...
DONE (t=0.01s).
 Average Precision  (AP) @[ IoU=0.50:0.95 | area=   all | maxDets=100 ] = 0.769
 Average Precision  (AP) @[ IoU=0.50      | area=   all | maxDets=100 ] = 0.953
 Average Precision  (AP) @[ IoU=0.75      | area=   all | maxDets=100 ] = 0.922
 Average Precision  (AP) @[ IoU=0.50:0.95 | area= small | maxDets=100 ] = -1.000
 Average Precision  (AP) @[ IoU=0.50:0.95 | area=medium | maxDets=100 ] = 0.590
 Average Precision  (AP) @[ IoU=0.50:0.95 | area= large | maxDets=100 ] = 0.792
 Average Recall     (AR) @[ IoU=0.50:0.95 | area=   all | maxDets=  1 ] = 0.804
 Average Recall     (AR) @[ IoU=0.50:0.95 | area=   all | maxDets= 10 ] = 0.804
 Average Recall     (AR) @[ IoU=0.50:0.95 | area=   all | maxDets=100 ] = 0.804
 Average Recall     (AR) @[ IoU=0.50:0.95 | area= small | maxDets=100 ] = -1.000
 Average Recall     (AR) @[ IoU=0.50:0.95 | area=medium | maxDets=100 ] = 0.600
 Average Recall     (AR) @[ IoU=0.50:0.95 | area= large | maxDets=100 ] = 0.830
[08/05 13:32:12 d2.evaluation.coco_evaluation]: Evaluation results for segm: 
|   AP   |  AP50  |  AP75  |  APs  |  APm   |  APl   |
|:------:|:------:|:------:|:-----:|:------:|:------:|
| 76.864 | 95.334 | 92.228 |  nan  | 58.977 | 79.187 |
[08/05 13:32:12 d2.evaluation.coco_evaluation]: Some metrics cannot be computed and is shown as NaN.
[08/05 13:32:12 d2.engine.defaults]: Evaluation results for my_dataset_test in csv format:
[08/05 13:32:12 d2.evaluation.testing]: copypaste: Task: bbox
[08/05 13:32:12 d2.evaluation.testing]: copypaste: AP,AP50,AP75,APs,APm,APl
[08/05 13:32:12 d2.evaluation.testing]: copypaste: 75.8390,95.3340,93.2720,nan,57.4876,78.2654
[08/05 13:32:12 d2.evaluation.testing]: copypaste: Task: segm
[08/05 13:32:12 d2.evaluation.testing]: copypaste: AP,AP50,AP75,APs,APm,APl
[08/05 13:32:12 d2.evaluation.testing]: copypaste: 76.8641,95.3340,92.2283,nan,58.9769,79.1874
Training Completed, now saving plots....
Saved loss curves to ./loss_plots/AP-bug-fix-2-5000_loss_plot.png
Saved AP curve to ./ap_fig/AP-bug-fix-2-5000_AP_plot.png
